<?xml version="1.0" encoding="UTF-8"?>
<kml xmlns="http://www.opengis.net/kml/2.2">
  <Document>
    <name>Line_2.1 Duong ranh</name>
    <description/>
    <Style id="icon-1899-0288D1-normal">
      <IconStyle>
        <color>ffd18802</color>
        <scale>1</scale>
        <Icon>
          <href>https://www.gstatic.com/mapspro/images/stock/503-wht-blank_maps.png</href>
        </Icon>
        <hotSpot x="32" xunits="pixels" y="64" yunits="insetPixels"/>
      </IconStyle>
      <LabelStyle>
        <scale>0</scale>
      </LabelStyle>
    </Style>
    <Style id="icon-1899-0288D1-highlight">
      <IconStyle>
        <color>ffd18802</color>
        <scale>1</scale>
        <Icon>
          <href>https://www.gstatic.com/mapspro/images/stock/503-wht-blank_maps.png</href>
        </Icon>
        <hotSpot x="32" xunits="pixels" y="64" yunits="insetPixels"/>
      </IconStyle>
      <LabelStyle>
        <scale>1</scale>
      </LabelStyle>
    </Style>
    <StyleMap id="icon-1899-0288D1">
      <Pair>
        <key>normal</key>
        <styleUrl>#icon-1899-0288D1-normal</styleUrl>
      </Pair>
      <Pair>
        <key>highlight</key>
        <styleUrl>#icon-1899-0288D1-highlight</styleUrl>
      </Pair>
    </StyleMap>
    <Style id="line-000000-1200-normal">
      <LineStyle>
        <color>ff000000</color>
        <width>1.2</width>
      </LineStyle>
    </Style>
    <Style id="line-000000-1200-highlight">
      <LineStyle>
        <color>ff000000</color>
        <width>1.8</width>
      </LineStyle>
    </Style>
    <StyleMap id="line-000000-1200">
      <Pair>
        <key>normal</key>
        <styleUrl>#line-000000-1200-normal</styleUrl>
      </Pair>
      <Pair>
        <key>highlight</key>
        <styleUrl>#line-000000-1200-highlight</styleUrl>
      </Pair>
    </StyleMap>
    <Style id="line-0000FF-1000-normal">
      <LineStyle>
        <color>ffff0000</color>
        <width>1</width>
      </LineStyle>
    </Style>
    <Style id="line-0000FF-1000-highlight">
      <LineStyle>
        <color>ffff0000</color>
        <width>1.5</width>
      </LineStyle>
    </Style>
    <StyleMap id="line-0000FF-1000">
      <Pair>
        <key>normal</key>
        <styleUrl>#line-0000FF-1000-normal</styleUrl>
      </Pair>
      <Pair>
        <key>highlight</key>
        <styleUrl>#line-0000FF-1000-highlight</styleUrl>
      </Pair>
    </StyleMap>
    <Style id="line-0000FF-4000-normal">
      <LineStyle>
        <color>ffff0000</color>
        <width>4</width>
      </LineStyle>
    </Style>
    <Style id="line-0000FF-4000-highlight">
      <LineStyle>
        <color>ffff0000</color>
        <width>6</width>
      </LineStyle>
    </Style>
    <StyleMap id="line-0000FF-4000">
      <Pair>
        <key>normal</key>
        <styleUrl>#line-0000FF-4000-normal</styleUrl>
      </Pair>
      <Pair>
        <key>highlight</key>
        <styleUrl>#line-0000FF-4000-highlight</styleUrl>
      </Pair>
    </StyleMap>
    <Style id="line-00FF00-1000-normal">
      <LineStyle>
        <color>ff00ff00</color>
        <width>1</width>
      </LineStyle>
    </Style>
    <Style id="line-00FF00-1000-highlight">
      <LineStyle>
        <color>ff00ff00</color>
        <width>1.5</width>
      </LineStyle>
    </Style>
    <StyleMap id="line-00FF00-1000">
      <Pair>
        <key>normal</key>
        <styleUrl>#line-00FF00-1000-normal</styleUrl>
      </Pair>
      <Pair>
        <key>highlight</key>
        <styleUrl>#line-00FF00-1000-highlight</styleUrl>
      </Pair>
    </StyleMap>
    <Style id="line-00FF00-4000-normal">
      <LineStyle>
        <color>ff00ff00</color>
        <width>4</width>
      </LineStyle>
    </Style>
    <Style id="line-00FF00-4000-highlight">
      <LineStyle>
        <color>ff00ff00</color>
        <width>6</width>
      </LineStyle>
    </Style>
    <StyleMap id="line-00FF00-4000">
      <Pair>
        <key>normal</key>
        <styleUrl>#line-00FF00-4000-normal</styleUrl>
      </Pair>
      <Pair>
        <key>highlight</key>
        <styleUrl>#line-00FF00-4000-highlight</styleUrl>
      </Pair>
    </StyleMap>
    <Style id="line-00FF00-4000-nodesc-normal">
      <LineStyle>
        <color>ff00ff00</color>
        <width>4</width>
      </LineStyle>
      <BalloonStyle>
        <text><![CDATA[<h3>$[name]</h3>]]></text>
      </BalloonStyle>
    </Style>
    <Style id="line-00FF00-4000-nodesc-highlight">
      <LineStyle>
        <color>ff00ff00</color>
        <width>6</width>
      </LineStyle>
      <BalloonStyle>
        <text><![CDATA[<h3>$[name]</h3>]]></text>
      </BalloonStyle>
    </Style>
    <StyleMap id="line-00FF00-4000-nodesc">
      <Pair>
        <key>normal</key>
        <styleUrl>#line-00FF00-4000-nodesc-normal</styleUrl>
      </Pair>
      <Pair>
        <key>highlight</key>
        <styleUrl>#line-00FF00-4000-nodesc-highlight</styleUrl>
      </Pair>
    </StyleMap>
    <Style id="line-C0C0C0-1000-normal">
      <LineStyle>
        <color>ffc0c0c0</color>
        <width>1</width>
      </LineStyle>
    </Style>
    <Style id="line-C0C0C0-1000-highlight">
      <LineStyle>
        <color>ffc0c0c0</color>
        <width>1.5</width>
      </LineStyle>
    </Style>
    <StyleMap id="line-C0C0C0-1000">
      <Pair>
        <key>normal</key>
        <styleUrl>#line-C0C0C0-1000-normal</styleUrl>
      </Pair>
      <Pair>
        <key>highlight</key>
        <styleUrl>#line-C0C0C0-1000-highlight</styleUrl>
      </Pair>
    </StyleMap>
    <Style id="line-FF0000-1000-normal">
      <LineStyle>
        <color>ff0000ff</color>
        <width>1</width>
      </LineStyle>
    </Style>
    <Style id="line-FF0000-1000-highlight">
      <LineStyle>
        <color>ff0000ff</color>
        <width>1.5</width>
      </LineStyle>
    </Style>
    <StyleMap id="line-FF0000-1000">
      <Pair>
        <key>normal</key>
        <styleUrl>#line-FF0000-1000-normal</styleUrl>
      </Pair>
      <Pair>
        <key>highlight</key>
        <styleUrl>#line-FF0000-1000-highlight</styleUrl>
      </Pair>
    </StyleMap>
    <Style id="line-FF00FF-1000-normal">
      <LineStyle>
        <color>ffff00ff</color>
        <width>1</width>
      </LineStyle>
    </Style>
    <Style id="line-FF00FF-1000-highlight">
      <LineStyle>
        <color>ffff00ff</color>
        <width>1.5</width>
      </LineStyle>
    </Style>
    <StyleMap id="line-FF00FF-1000">
      <Pair>
        <key>normal</key>
        <styleUrl>#line-FF00FF-1000-normal</styleUrl>
      </Pair>
      <Pair>
        <key>highlight</key>
        <styleUrl>#line-FF00FF-1000-highlight</styleUrl>
      </Pair>
    </StyleMap>
    <Folder>
      <name>Untitled layer</name>
    </Folder>
    <Folder>
      <name>Entity Features</name>
      <Placemark>
        <name>Polyline_001</name>
        <description>主线车站标注</description>
        <styleUrl>#line-000000-1200</styleUrl>
        <LineString>
          <tessellate>1</tessellate>
          <coordinates>
            106.664807,10.727186,0
            106.664221,10.726123,0
          </coordinates>
        </LineString>
      </Placemark>
      <Placemark>
        <name>Polyline_001</name>
        <description>主线车站标注</description>
        <styleUrl>#line-000000-1200</styleUrl>
        <LineString>
          <tessellate>1</tessellate>
          <coordinates>
            106.664558,10.725941,0
            106.663884,10.726304,0
          </coordinates>
        </LineString>
      </Placemark>
      <Placemark>
        <name>Polyline_001</name>
        <description>主线车站标注</description>
        <styleUrl>#line-000000-1200</styleUrl>
        <LineString>
          <tessellate>1</tessellate>
          <coordinates>
            106.664807,10.727186,0
            106.665512,10.727671,0
          </coordinates>
        </LineString>
      </Placemark>
      <Placemark>
        <name>Polyline_001</name>
        <description>主线车站标注</description>
        <styleUrl>#line-000000-1200</styleUrl>
        <LineString>
          <tessellate>1</tessellate>
          <coordinates>
            106.666106,10.72735,0
            106.665512,10.727671,0
          </coordinates>
        </LineString>
      </Placemark>
      <Placemark>
        <name>Polyline_001</name>
        <description>主线车站标注</description>
        <styleUrl>#line-000000-1200</styleUrl>
        <LineString>
          <tessellate>1</tessellate>
          <coordinates>
            106.664748,10.727078,0
            106.664717,10.72623,0
          </coordinates>
        </LineString>
      </Placemark>
      <Placemark>
        <name>Polyline_001</name>
        <description>主线车站标注</description>
        <styleUrl>#line-000000-1200</styleUrl>
        <LineString>
          <tessellate>1</tessellate>
          <coordinates>
            106.665311,10.725909,0
            106.664717,10.72623,0
          </coordinates>
        </LineString>
      </Placemark>
      <Placemark>
        <name>KM1+35.968</name>
        <description>主线车站标注</description>
        <styleUrl>#icon-1899-0288D1</styleUrl>
        <Point>
          <coordinates>
            106.664299,10.726225,0
          </coordinates>
        </Point>
      </Placemark>
      <Placemark>
        <name>X - 1191542.5184</name>
        <description>主线车站标注</description>
        <styleUrl>#icon-1899-0288D1</styleUrl>
        <Point>
          <coordinates>
            106.6658,10.727512,0
          </coordinates>
        </Point>
      </Placemark>
      <Placemark>
        <name>Y - 602616.9907</name>
        <description>主线车站标注</description>
        <styleUrl>#icon-1899-0288D1</styleUrl>
        <Point>
          <coordinates>
            106.665818,10.727509,0
          </coordinates>
        </Point>
      </Placemark>
      <Placemark>
        <name>X - 1191530.5598</name>
        <description>主线车站标注</description>
        <styleUrl>#icon-1899-0288D1</styleUrl>
        <Point>
          <coordinates>
            106.665005,10.726071,0
          </coordinates>
        </Point>
      </Placemark>
      <Placemark>
        <name>Y - 602610.5138</name>
        <description>主线车站标注</description>
        <styleUrl>#icon-1899-0288D1</styleUrl>
        <Point>
          <coordinates>
            106.665023,10.726068,0
          </coordinates>
        </Point>
      </Placemark>
      <Placemark>
        <name>ST02</name>
        <description>主线车站标注</description>
        <styleUrl>#icon-1899-0288D1</styleUrl>
        <Point>
          <coordinates>
            106.664159,10.726011,0
          </coordinates>
        </Point>
      </Placemark>
      <Placemark>
        <name>ST01</name>
        <description>主线车站标注</description>
        <styleUrl>#icon-1899-0288D1</styleUrl>
        <Point>
          <coordinates>
            106.664575,10.725932,0
          </coordinates>
        </Point>
      </Placemark>
      <Placemark>
        <name>ST03</name>
        <description>主线车站标注</description>
        <styleUrl>#icon-1899-0288D1</styleUrl>
        <Point>
          <coordinates>
            106.663882,10.726341,0
          </coordinates>
        </Point>
      </Placemark>
      <Placemark>
        <name>左916.404</name>
        <description>主线车站标注</description>
        <styleUrl>#icon-1899-0288D1</styleUrl>
        <Point>
          <coordinates>
            106.664228,10.726097,0
          </coordinates>
        </Point>
      </Placemark>
      <Placemark>
        <name>右910.968</name>
        <description>主线车站标注</description>
        <styleUrl>#icon-1899-0288D1</styleUrl>
        <Point>
          <coordinates>
            106.664247,10.72613,0
          </coordinates>
        </Point>
      </Placemark>
      <Placemark>
        <name>左1042.903</name>
        <description>主线车站标注</description>
        <styleUrl>#icon-1899-0288D1</styleUrl>
        <Point>
          <coordinates>
            106.664195,10.726115,0
          </coordinates>
        </Point>
      </Placemark>
      <Placemark>
        <name>右1042.903</name>
        <description>主线车站标注</description>
        <styleUrl>#icon-1899-0288D1</styleUrl>
        <Point>
          <coordinates>
            106.664244,10.726204,0
          </coordinates>
        </Point>
      </Placemark>
      <Placemark>
        <name>Polyline_001</name>
        <description>主线车站标注</description>
        <styleUrl>#line-000000-1200</styleUrl>
        <LineString>
          <tessellate>1</tessellate>
          <coordinates>
            106.648399,10.736007,0
            106.647817,10.734941,0
          </coordinates>
        </LineString>
      </Placemark>
      <Placemark>
        <name>Polyline_001</name>
        <description>主线车站标注</description>
        <styleUrl>#line-000000-1200</styleUrl>
        <LineString>
          <tessellate>1</tessellate>
          <coordinates>
            106.648154,10.734761,0
            106.647479,10.735122,0
          </coordinates>
        </LineString>
      </Placemark>
      <Placemark>
        <name>KM3+78.898</name>
        <description>主线车站标注</description>
        <styleUrl>#icon-1899-0288D1</styleUrl>
        <Point>
          <coordinates>
            106.647894,10.735044,0
          </coordinates>
        </Point>
      </Placemark>
      <Placemark>
        <name>ST04</name>
        <description>主线车站标注</description>
        <styleUrl>#icon-1899-0288D1</styleUrl>
        <Point>
          <coordinates>
            106.647756,10.73483,0
          </coordinates>
        </Point>
      </Placemark>
      <Placemark>
        <name>ST03</name>
        <description>主线车站标注</description>
        <styleUrl>#icon-1899-0288D1</styleUrl>
        <Point>
          <coordinates>
            106.648171,10.734752,0
          </coordinates>
        </Point>
      </Placemark>
      <Placemark>
        <name>ST05</name>
        <description>主线车站标注</description>
        <styleUrl>#icon-1899-0288D1</styleUrl>
        <Point>
          <coordinates>
            106.647477,10.735159,0
          </coordinates>
        </Point>
      </Placemark>
      <Placemark>
        <name>左999.960</name>
        <description>主线车站标注</description>
        <styleUrl>#icon-1899-0288D1</styleUrl>
        <Point>
          <coordinates>
            106.647824,10.734916,0
          </coordinates>
        </Point>
      </Placemark>
      <Placemark>
        <name>右1000.027</name>
        <description>主线车站标注</description>
        <styleUrl>#icon-1899-0288D1</styleUrl>
        <Point>
          <coordinates>
            106.647843,10.734949,0
          </coordinates>
        </Point>
      </Placemark>
      <Placemark>
        <name>左1011.254</name>
        <description>主线车站标注</description>
        <styleUrl>#icon-1899-0288D1</styleUrl>
        <Point>
          <coordinates>
            106.647791,10.734934,0
          </coordinates>
        </Point>
      </Placemark>
      <Placemark>
        <name>右1011.254</name>
        <description>主线车站标注</description>
        <styleUrl>#icon-1899-0288D1</styleUrl>
        <Point>
          <coordinates>
            106.647839,10.735023,0
          </coordinates>
        </Point>
      </Placemark>
      <Placemark>
        <name>Polyline_001</name>
        <description>主线车站标注</description>
        <styleUrl>#line-000000-1200</styleUrl>
        <LineString>
          <tessellate>1</tessellate>
          <coordinates>
            106.640267,10.740356,0
            106.639685,10.73929,0
          </coordinates>
        </LineString>
      </Placemark>
      <Placemark>
        <name>Polyline_001</name>
        <description>主线车站标注</description>
        <styleUrl>#line-000000-1200</styleUrl>
        <LineString>
          <tessellate>1</tessellate>
          <coordinates>
            106.640022,10.73911,0
            106.639347,10.739471,0
          </coordinates>
        </LineString>
      </Placemark>
      <Placemark>
        <name>KM4+90.152</name>
        <description>主线车站标注</description>
        <styleUrl>#icon-1899-0288D1</styleUrl>
        <Point>
          <coordinates>
            106.639762,10.739392,0
          </coordinates>
        </Point>
      </Placemark>
      <Placemark>
        <name>ST05</name>
        <description>主线车站标注</description>
        <styleUrl>#icon-1899-0288D1</styleUrl>
        <Point>
          <coordinates>
            106.639624,10.739179,0
          </coordinates>
        </Point>
      </Placemark>
      <Placemark>
        <name>ST04</name>
        <description>主线车站标注</description>
        <styleUrl>#icon-1899-0288D1</styleUrl>
        <Point>
          <coordinates>
            106.640039,10.7391,0
          </coordinates>
        </Point>
      </Placemark>
      <Placemark>
        <name>ST06</name>
        <description>主线车站标注</description>
        <styleUrl>#icon-1899-0288D1</styleUrl>
        <Point>
          <coordinates>
            106.639345,10.739508,0
          </coordinates>
        </Point>
      </Placemark>
      <Placemark>
        <name>左1011.254</name>
        <description>主线车站标注</description>
        <styleUrl>#icon-1899-0288D1</styleUrl>
        <Point>
          <coordinates>
            106.639692,10.739264,0
          </coordinates>
        </Point>
      </Placemark>
      <Placemark>
        <name>右1011.254</name>
        <description>主线车站标注</description>
        <styleUrl>#icon-1899-0288D1</styleUrl>
        <Point>
          <coordinates>
            106.639711,10.739298,0
          </coordinates>
        </Point>
      </Placemark>
      <Placemark>
        <name>左718.690</name>
        <description>主线车站标注</description>
        <styleUrl>#icon-1899-0288D1</styleUrl>
        <Point>
          <coordinates>
            106.639659,10.739282,0
          </coordinates>
        </Point>
      </Placemark>
      <Placemark>
        <name>右718.813</name>
        <description>主线车站标注</description>
        <styleUrl>#icon-1899-0288D1</styleUrl>
        <Point>
          <coordinates>
            106.639707,10.739372,0
          </coordinates>
        </Point>
      </Placemark>
      <Placemark>
        <name>Polyline_001</name>
        <description>主线车站标注</description>
        <styleUrl>#line-000000-1200</styleUrl>
        <LineString>
          <tessellate>1</tessellate>
          <coordinates>
            106.634481,10.743436,0
            106.633908,10.742366,0
          </coordinates>
        </LineString>
      </Placemark>
      <Placemark>
        <name>Polyline_001</name>
        <description>主线车站标注</description>
        <styleUrl>#line-000000-1200</styleUrl>
        <LineString>
          <tessellate>1</tessellate>
          <coordinates>
            106.634248,10.742188,0
            106.633569,10.742543,0
          </coordinates>
        </LineString>
      </Placemark>
      <Placemark>
        <name>KM4+808.964</name>
        <description>主线车站标注</description>
        <styleUrl>#icon-1899-0288D1</styleUrl>
        <Point>
          <coordinates>
            106.633985,10.742469,0
          </coordinates>
        </Point>
      </Placemark>
      <Placemark>
        <name>ST06</name>
        <description>主线车站标注</description>
        <styleUrl>#icon-1899-0288D1</styleUrl>
        <Point>
          <coordinates>
            106.633848,10.742254,0
          </coordinates>
        </Point>
      </Placemark>
      <Placemark>
        <name>ST05</name>
        <description>主线车站标注</description>
        <styleUrl>#icon-1899-0288D1</styleUrl>
        <Point>
          <coordinates>
            106.634265,10.742179,0
          </coordinates>
        </Point>
      </Placemark>
      <Placemark>
        <name>ST07</name>
        <description>主线车站标注</description>
        <styleUrl>#icon-1899-0288D1</styleUrl>
        <Point>
          <coordinates>
            106.633567,10.74258,0
          </coordinates>
        </Point>
      </Placemark>
      <Placemark>
        <name>左718.690</name>
        <description>主线车站标注</description>
        <styleUrl>#icon-1899-0288D1</styleUrl>
        <Point>
          <coordinates>
            106.633916,10.74234,0
          </coordinates>
        </Point>
      </Placemark>
      <Placemark>
        <name>右718.813</name>
        <description>主线车站标注</description>
        <styleUrl>#icon-1899-0288D1</styleUrl>
        <Point>
          <coordinates>
            106.633934,10.742374,0
          </coordinates>
        </Point>
      </Placemark>
      <Placemark>
        <name>左691.171</name>
        <description>主线车站标注</description>
        <styleUrl>#icon-1899-0288D1</styleUrl>
        <Point>
          <coordinates>
            106.633882,10.742358,0
          </coordinates>
        </Point>
      </Placemark>
      <Placemark>
        <name>右691.035</name>
        <description>主线车站标注</description>
        <styleUrl>#icon-1899-0288D1</styleUrl>
        <Point>
          <coordinates>
            106.63393,10.742447,0
          </coordinates>
        </Point>
      </Placemark>
      <Placemark>
        <name>Polyline_001</name>
        <description>主线车站标注</description>
        <styleUrl>#line-000000-1200</styleUrl>
        <LineString>
          <tessellate>1</tessellate>
          <coordinates>
            106.628916,10.746393,0
            106.628332,10.745328,0
          </coordinates>
        </LineString>
      </Placemark>
      <Placemark>
        <name>Polyline_001</name>
        <description>主线车站标注</description>
        <styleUrl>#line-000000-1200</styleUrl>
        <LineString>
          <tessellate>1</tessellate>
          <coordinates>
            106.62867,10.745147,0
            106.627995,10.745509,0
          </coordinates>
        </LineString>
      </Placemark>
      <Placemark>
        <name>KM5+500.000</name>
        <description>主线车站标注</description>
        <styleUrl>#icon-1899-0288D1</styleUrl>
        <Point>
          <coordinates>
            106.62841,10.74543,0
          </coordinates>
        </Point>
      </Placemark>
      <Placemark>
        <name>ST07</name>
        <description>主线车站标注</description>
        <styleUrl>#icon-1899-0288D1</styleUrl>
        <Point>
          <coordinates>
            106.628271,10.745217,0
          </coordinates>
        </Point>
      </Placemark>
      <Placemark>
        <name>ST06</name>
        <description>主线车站标注</description>
        <styleUrl>#icon-1899-0288D1</styleUrl>
        <Point>
          <coordinates>
            106.628687,10.745138,0
          </coordinates>
        </Point>
      </Placemark>
      <Placemark>
        <name>ST08</name>
        <description>主线车站标注</description>
        <styleUrl>#icon-1899-0288D1</styleUrl>
        <Point>
          <coordinates>
            106.627993,10.745546,0
          </coordinates>
        </Point>
      </Placemark>
      <Placemark>
        <name>左691.171</name>
        <description>主线车站标注</description>
        <styleUrl>#icon-1899-0288D1</styleUrl>
        <Point>
          <coordinates>
            106.62834,10.745302,0
          </coordinates>
        </Point>
      </Placemark>
      <Placemark>
        <name>右691.035</name>
        <description>主线车站标注</description>
        <styleUrl>#icon-1899-0288D1</styleUrl>
        <Point>
          <coordinates>
            106.628358,10.745336,0
          </coordinates>
        </Point>
      </Placemark>
      <Placemark>
        <name>左1370.892</name>
        <description>主线车站标注</description>
        <styleUrl>#icon-1899-0288D1</styleUrl>
        <Point>
          <coordinates>
            106.628306,10.74532,0
          </coordinates>
        </Point>
      </Placemark>
      <Placemark>
        <name>右1370.892</name>
        <description>主线车站标注</description>
        <styleUrl>#icon-1899-0288D1</styleUrl>
        <Point>
          <coordinates>
            106.628355,10.745409,0
          </coordinates>
        </Point>
      </Placemark>
      <Placemark>
        <name>Polyline_001</name>
        <description>主线车站标注</description>
        <styleUrl>#line-000000-1200</styleUrl>
        <LineString>
          <tessellate>1</tessellate>
          <coordinates>
            106.617896,10.752297,0
            106.617313,10.751232,0
          </coordinates>
        </LineString>
      </Placemark>
      <Placemark>
        <name>Polyline_001</name>
        <description>主线车站标注</description>
        <styleUrl>#line-000000-1200</styleUrl>
        <LineString>
          <tessellate>1</tessellate>
          <coordinates>
            106.61765,10.751051,0
            106.616975,10.751413,0
          </coordinates>
        </LineString>
      </Placemark>
      <Placemark>
        <name>KM6+870.892</name>
        <description>主线车站标注</description>
        <styleUrl>#icon-1899-0288D1</styleUrl>
        <Point>
          <coordinates>
            106.617391,10.751334,0
          </coordinates>
        </Point>
      </Placemark>
      <Placemark>
        <name>ST08</name>
        <description>主线车站标注</description>
        <styleUrl>#icon-1899-0288D1</styleUrl>
        <Point>
          <coordinates>
            106.617252,10.751121,0
          </coordinates>
        </Point>
      </Placemark>
      <Placemark>
        <name>ST07</name>
        <description>主线车站标注</description>
        <styleUrl>#icon-1899-0288D1</styleUrl>
        <Point>
          <coordinates>
            106.617667,10.751042,0
          </coordinates>
        </Point>
      </Placemark>
      <Placemark>
        <name>ST09</name>
        <description>主线车站标注</description>
        <styleUrl>#icon-1899-0288D1</styleUrl>
        <Point>
          <coordinates>
            106.616973,10.75145,0
          </coordinates>
        </Point>
      </Placemark>
      <Placemark>
        <name>左1370.892</name>
        <description>主线车站标注</description>
        <styleUrl>#icon-1899-0288D1</styleUrl>
        <Point>
          <coordinates>
            106.61732,10.751207,0
          </coordinates>
        </Point>
      </Placemark>
      <Placemark>
        <name>右1370.892</name>
        <description>主线车站标注</description>
        <styleUrl>#icon-1899-0288D1</styleUrl>
        <Point>
          <coordinates>
            106.617339,10.75124,0
          </coordinates>
        </Point>
      </Placemark>
      <Placemark>
        <name>左1303.322</name>
        <description>主线车站标注</description>
        <styleUrl>#icon-1899-0288D1</styleUrl>
        <Point>
          <coordinates>
            106.617287,10.751225,0
          </coordinates>
        </Point>
      </Placemark>
      <Placemark>
        <name>右1291.731</name>
        <description>主线车站标注</description>
        <styleUrl>#icon-1899-0288D1</styleUrl>
        <Point>
          <coordinates>
            106.617336,10.751314,0
          </coordinates>
        </Point>
      </Placemark>
      <Placemark>
        <name>Polyline_001</name>
        <description>主线车站标注</description>
        <styleUrl>#line-000000-1200</styleUrl>
        <LineString>
          <tessellate>1</tessellate>
          <coordinates>
            106.609942,10.759992,0
            106.60877,10.75964,0
          </coordinates>
        </LineString>
      </Placemark>
      <Placemark>
        <name>Polyline_001</name>
        <description>主线车站标注</description>
        <styleUrl>#line-000000-1200</styleUrl>
        <LineString>
          <tessellate>1</tessellate>
          <coordinates>
            106.608881,10.759277,0
            106.608658,10.760004,0
          </coordinates>
        </LineString>
      </Placemark>
      <Placemark>
        <name>KM8+162.623</name>
        <description>主线车站标注</description>
        <styleUrl>#icon-1899-0288D1</styleUrl>
        <Point>
          <coordinates>
            106.608898,10.759659,0
          </coordinates>
        </Point>
      </Placemark>
      <Placemark>
        <name>ST09</name>
        <description>主线车站标注</description>
        <styleUrl>#icon-1899-0288D1</styleUrl>
        <Point>
          <coordinates>
            106.608647,10.759604,0
          </coordinates>
        </Point>
      </Placemark>
      <Placemark>
        <name>ST08</name>
        <description>主线车站标注</description>
        <styleUrl>#icon-1899-0288D1</styleUrl>
        <Point>
          <coordinates>
            106.608887,10.759259,0
          </coordinates>
        </Point>
      </Placemark>
      <Placemark>
        <name>ST10</name>
        <description>主线车站标注</description>
        <styleUrl>#icon-1899-0288D1</styleUrl>
        <Point>
          <coordinates>
            106.608683,10.760031,0
          </coordinates>
        </Point>
      </Placemark>
      <Placemark>
        <name>左1303.322</name>
        <description>主线车站标注</description>
        <styleUrl>#icon-1899-0288D1</styleUrl>
        <Point>
          <coordinates>
            106.608757,10.759617,0
          </coordinates>
        </Point>
      </Placemark>
      <Placemark>
        <name>右1291.731</name>
        <description>主线车站标注</description>
        <styleUrl>#icon-1899-0288D1</styleUrl>
        <Point>
          <coordinates>
            106.608794,10.759628,0
          </coordinates>
        </Point>
      </Placemark>
      <Placemark>
        <name>左732.697</name>
        <description>主线车站标注</description>
        <styleUrl>#icon-1899-0288D1</styleUrl>
        <Point>
          <coordinates>
            106.608746,10.759653,0
          </coordinates>
        </Point>
      </Placemark>
      <Placemark>
        <name>右732.772</name>
        <description>主线车站标注</description>
        <styleUrl>#icon-1899-0288D1</styleUrl>
        <Point>
          <coordinates>
            106.608844,10.759682,0
          </coordinates>
        </Point>
      </Placemark>
      <Placemark>
        <name>Polyline_001</name>
        <description>主线车站标注</description>
        <styleUrl>#line-000000-1200</styleUrl>
        <LineString>
          <tessellate>1</tessellate>
          <coordinates>
            106.607912,10.766303,0
            106.60674,10.76595,0
          </coordinates>
        </LineString>
      </Placemark>
      <Placemark>
        <name>Polyline_001</name>
        <description>主线车站标注</description>
        <styleUrl>#line-000000-1200</styleUrl>
        <LineString>
          <tessellate>1</tessellate>
          <coordinates>
            106.606852,10.765587,0
            106.606628,10.766313,0
          </coordinates>
        </LineString>
      </Placemark>
      <Placemark>
        <name>KM8+895.395</name>
        <description>主线车站标注</description>
        <styleUrl>#icon-1899-0288D1</styleUrl>
        <Point>
          <coordinates>
            106.606868,10.765969,0
          </coordinates>
        </Point>
      </Placemark>
      <Placemark>
        <name>ST10</name>
        <description>主线车站标注</description>
        <styleUrl>#icon-1899-0288D1</styleUrl>
        <Point>
          <coordinates>
            106.606617,10.765913,0
          </coordinates>
        </Point>
      </Placemark>
      <Placemark>
        <name>ST09</name>
        <description>主线车站标注</description>
        <styleUrl>#icon-1899-0288D1</styleUrl>
        <Point>
          <coordinates>
            106.606857,10.765569,0
          </coordinates>
        </Point>
      </Placemark>
      <Placemark>
        <name>ST11</name>
        <description>主线车站标注</description>
        <styleUrl>#icon-1899-0288D1</styleUrl>
        <Point>
          <coordinates>
            106.606653,10.76634,0
          </coordinates>
        </Point>
      </Placemark>
      <Placemark>
        <name>左732.697</name>
        <description>主线车站标注</description>
        <styleUrl>#icon-1899-0288D1</styleUrl>
        <Point>
          <coordinates>
            106.606727,10.765926,0
          </coordinates>
        </Point>
      </Placemark>
      <Placemark>
        <name>右732.772</name>
        <description>主线车站标注</description>
        <styleUrl>#icon-1899-0288D1</styleUrl>
        <Point>
          <coordinates>
            106.606764,10.765937,0
          </coordinates>
        </Point>
      </Placemark>
      <Placemark>
        <name>左1019.597</name>
        <description>主线车站标注</description>
        <styleUrl>#icon-1899-0288D1</styleUrl>
        <Point>
          <coordinates>
            106.606716,10.765962,0
          </coordinates>
        </Point>
      </Placemark>
      <Placemark>
        <name>右1019.564</name>
        <description>主线车站标注</description>
        <styleUrl>#icon-1899-0288D1</styleUrl>
        <Point>
          <coordinates>
            106.606814,10.765992,0
          </coordinates>
        </Point>
      </Placemark>
      <Placemark>
        <name>Polyline_001</name>
        <description>主线车站标注</description>
        <styleUrl>#line-000000-1200</styleUrl>
        <LineString>
          <tessellate>1</tessellate>
          <coordinates>
            106.605167,10.775112,0
            106.603995,10.77476,0
          </coordinates>
        </LineString>
      </Placemark>
      <Placemark>
        <name>Polyline_001</name>
        <description>主线车站标注</description>
        <styleUrl>#line-000000-1200</styleUrl>
        <LineString>
          <tessellate>1</tessellate>
          <coordinates>
            106.604106,10.774397,0
            106.603884,10.775124,0
          </coordinates>
        </LineString>
      </Placemark>
      <Placemark>
        <name>KM9+914.958</name>
        <description>主线车站标注</description>
        <styleUrl>#icon-1899-0288D1</styleUrl>
        <Point>
          <coordinates>
            106.604123,10.774779,0
          </coordinates>
        </Point>
      </Placemark>
      <Placemark>
        <name>ST11</name>
        <description>主线车站标注</description>
        <styleUrl>#icon-1899-0288D1</styleUrl>
        <Point>
          <coordinates>
            106.603872,10.774724,0
          </coordinates>
        </Point>
      </Placemark>
      <Placemark>
        <name>ST10</name>
        <description>主线车站标注</description>
        <styleUrl>#icon-1899-0288D1</styleUrl>
        <Point>
          <coordinates>
            106.604112,10.774379,0
          </coordinates>
        </Point>
      </Placemark>
      <Placemark>
        <name>终点</name>
        <description>主线车站标注</description>
        <styleUrl>#icon-1899-0288D1</styleUrl>
        <Point>
          <coordinates>
            106.603909,10.775151,0
          </coordinates>
        </Point>
      </Placemark>
      <Placemark>
        <name>左1019.597</name>
        <description>主线车站标注</description>
        <styleUrl>#icon-1899-0288D1</styleUrl>
        <Point>
          <coordinates>
            106.603982,10.774737,0
          </coordinates>
        </Point>
      </Placemark>
      <Placemark>
        <name>右1019.564</name>
        <description>主线车站标注</description>
        <styleUrl>#icon-1899-0288D1</styleUrl>
        <Point>
          <coordinates>
            106.604019,10.774748,0
          </coordinates>
        </Point>
      </Placemark>
      <Placemark>
        <name>左1269.089</name>
        <description>主线车站标注</description>
        <styleUrl>#icon-1899-0288D1</styleUrl>
        <Point>
          <coordinates>
            106.603971,10.774773,0
          </coordinates>
        </Point>
      </Placemark>
      <Placemark>
        <name>右1269.870</name>
        <description>主线车站标注</description>
        <styleUrl>#icon-1899-0288D1</styleUrl>
        <Point>
          <coordinates>
            106.604069,10.774802,0
          </coordinates>
        </Point>
      </Placemark>
      <Placemark>
        <name>Polygon_001</name>
        <description>_outerline-DW</description>
        <styleUrl>#line-0000FF-1000</styleUrl>
        <LineString>
          <tessellate>1</tessellate>
          <coordinates>
            106.630488,10.822576,0
            106.630491,10.822568,0
            106.630495,10.822561,0
            106.630498,10.822553,0
            106.630502,10.822546,0
            106.630505,10.822538,0
            106.630509,10.822531,0
            106.630512,10.822523,0
            106.630515,10.822516,0
            106.630519,10.822508,0
            106.630522,10.822501,0
            106.630525,10.822493,0
            106.630529,10.822486,0
            106.630532,10.822478,0
            106.630535,10.82247,0
            106.630538,10.822463,0
            106.630542,10.822455,0
            106.630545,10.822448,0
            106.630548,10.82244,0
            106.630551,10.822432,0
            106.630554,10.822425,0
            106.630558,10.822417,0
            106.630561,10.822409,0
            106.630564,10.822402,0
            106.630567,10.822394,0
            106.63057,10.822386,0
            106.630573,10.822379,0
            106.630576,10.822371,0
            106.630579,10.822363,0
            106.630582,10.822356,0
            106.630585,10.822348,0
            106.630588,10.82234,0
            106.630591,10.822333,0
            106.630594,10.822325,0
            106.630597,10.822317,0
            106.6306,10.822309,0
            106.630603,10.822302,0
            106.630605,10.822294,0
            106.630608,10.822286,0
            106.630611,10.822278,0
            106.630614,10.822271,0
            106.630617,10.822263,0
            106.630619,10.822255,0
            106.630622,10.822247,0
            106.630625,10.822239,0
            106.630628,10.822232,0
            106.63063,10.822224,0
            106.630633,10.822216,0
            106.630636,10.822208,0
            106.630639,10.822199,0
            106.630642,10.822189,0
            106.630645,10.822179,0
            106.630648,10.82217,0
            106.630652,10.82216,0
            106.630655,10.822151,0
            106.630658,10.822141,0
            106.630661,10.822132,0
            106.630664,10.822122,0
            106.630667,10.822113,0
            106.630669,10.822104,0
            106.630672,10.822095,0
            106.630675,10.822086,0
            106.630678,10.822076,0
            106.630681,10.822067,0
            106.630683,10.822059,0
            106.630686,10.82205,0
            106.630689,10.822041,0
            106.630692,10.822032,0
            106.630694,10.822024,0
            106.631164,10.82049,0
            106.630254,10.820218,0
            106.629785,10.821749,0
            106.629782,10.821757,0
            106.629779,10.821766,0
            106.629777,10.821774,0
            106.629774,10.821783,0
            106.629772,10.821791,0
            106.629769,10.8218,0
            106.629767,10.821808,0
            106.629764,10.821816,0
            106.629762,10.821824,0
            106.629759,10.821832,0
            106.629756,10.82184,0
            106.629754,10.821848,0
            106.629751,10.821856,0
            106.629749,10.821863,0
            106.629746,10.821871,0
            106.629744,10.821879,0
            106.629742,10.821886,0
            106.629739,10.821894,0
            106.629737,10.821901,0
            106.629734,10.821909,0
            106.629732,10.821915,0
            106.62973,10.821921,0
            106.629728,10.821926,0
            106.629726,10.821932,0
            106.629724,10.821938,0
            106.629722,10.821944,0
            106.62972,10.821949,0
            106.629718,10.821955,0
            106.629716,10.821961,0
            106.629714,10.821967,0
            106.629712,10.821972,0
            106.629709,10.821978,0
            106.629707,10.821984,0
            106.629705,10.821989,0
            106.629703,10.821995,0
            106.629701,10.822001,0
            106.629699,10.822007,0
            106.629697,10.822012,0
            106.629694,10.822018,0
            106.629692,10.822024,0
            106.62969,10.822029,0
            106.629688,10.822035,0
            106.629685,10.822041,0
            106.629683,10.822046,0
            106.629681,10.822052,0
            106.629679,10.822058,0
            106.629676,10.822063,0
            106.629674,10.822069,0
            106.629672,10.822075,0
            106.629669,10.82208,0
            106.629667,10.822086,0
            106.629664,10.822091,0
            106.629662,10.822097,0
            106.62966,10.822103,0
            106.629657,10.822108,0
            106.629655,10.822114,0
            106.629652,10.822119,0
            106.62965,10.822125,0
            106.629647,10.822131,0
            106.629645,10.822136,0
            106.629642,10.822142,0
            106.62964,10.822147,0
            106.629637,10.822153,0
            106.629635,10.822158,0
            106.629632,10.822164,0
            106.62963,10.82217,0
            106.629627,10.822175,0
            106.629625,10.822181,0
            106.630488,10.822576,0
          </coordinates>
        </LineString>
      </Placemark>
      <Placemark>
        <name>Polyline_002</name>
        <description>_outerline-DW</description>
        <styleUrl>#line-FF0000-1000</styleUrl>
        <LineString>
          <tessellate>1</tessellate>
          <coordinates>
            106.633193,10.812454,0
            106.633228,10.812465,0
          </coordinates>
        </LineString>
      </Placemark>
      <Placemark>
        <name>Polyline_002</name>
        <description>_outerline-DW</description>
        <styleUrl>#line-FF0000-1000</styleUrl>
        <LineString>
          <tessellate>1</tessellate>
          <coordinates>
            106.633076,10.812419,0
            106.633041,10.812409,0
          </coordinates>
        </LineString>
      </Placemark>
      <Placemark>
        <name>Polyline_003</name>
        <description>_outerline-DW</description>
        <styleUrl>#line-C0C0C0-1000</styleUrl>
        <LineString>
          <tessellate>1</tessellate>
          <coordinates>
            106.673689,10.782143,0
            106.673289,10.781412,0
          </coordinates>
        </LineString>
      </Placemark>
      <Placemark>
        <name>Polyline_003</name>
        <description>_outerline-DW</description>
        <styleUrl>#line-C0C0C0-1000</styleUrl>
        <LineString>
          <tessellate>1</tessellate>
          <coordinates>
            106.67353,10.781283,0
            106.673048,10.781541,0
          </coordinates>
        </LineString>
      </Placemark>
      <Placemark>
        <name>Polyline_003</name>
        <description>_outerline-DW</description>
        <styleUrl>#line-C0C0C0-1000</styleUrl>
        <LineString>
          <tessellate>1</tessellate>
          <coordinates>
            106.665556,10.786492,0
            106.665143,10.785737,0
          </coordinates>
        </LineString>
      </Placemark>
      <Placemark>
        <name>Polyline_003</name>
        <description>_outerline-DW</description>
        <styleUrl>#line-C0C0C0-1000</styleUrl>
        <LineString>
          <tessellate>1</tessellate>
          <coordinates>
            106.665384,10.785608,0
            106.664902,10.785866,0
          </coordinates>
        </LineString>
      </Placemark>
      <Placemark>
        <name>Polyline_003</name>
        <description>_outerline-DW</description>
        <styleUrl>#line-C0C0C0-1000</styleUrl>
        <LineString>
          <tessellate>1</tessellate>
          <coordinates>
            106.659769,10.789573,0
            106.6594,10.788883,0
          </coordinates>
        </LineString>
      </Placemark>
      <Placemark>
        <name>Polyline_003</name>
        <description>_outerline-DW</description>
        <styleUrl>#line-C0C0C0-1000</styleUrl>
        <LineString>
          <tessellate>1</tessellate>
          <coordinates>
            106.659642,10.788756,0
            106.659158,10.78901,0
          </coordinates>
        </LineString>
      </Placemark>
      <Placemark>
        <name>Polyline_003</name>
        <description>_outerline-DW</description>
        <styleUrl>#line-C0C0C0-1000</styleUrl>
        <LineString>
          <tessellate>1</tessellate>
          <coordinates>
            106.643044,10.797612,0
            106.642561,10.797871,0
          </coordinates>
        </LineString>
      </Placemark>
      <Placemark>
        <name>Polyline_003</name>
        <description>_outerline-DW</description>
        <styleUrl>#line-C0C0C0-1000</styleUrl>
        <LineString>
          <tessellate>1</tessellate>
          <coordinates>
            106.635229,10.80613,0
            106.634362,10.80587,0
          </coordinates>
        </LineString>
      </Placemark>
      <Placemark>
        <name>Polyline_003</name>
        <description>_outerline-DW</description>
        <styleUrl>#line-C0C0C0-1000</styleUrl>
        <LineString>
          <tessellate>1</tessellate>
          <coordinates>
            106.634441,10.805611,0
            106.634282,10.80613,0
          </coordinates>
        </LineString>
      </Placemark>
      <Placemark>
        <name>Polyline_003</name>
        <description>_outerline-DW</description>
        <styleUrl>#line-C0C0C0-1000</styleUrl>
        <LineString>
          <tessellate>1</tessellate>
          <coordinates>
            106.63334,10.812484,0
            106.632377,10.812195,0
          </coordinates>
        </LineString>
      </Placemark>
      <Placemark>
        <name>Polyline_003</name>
        <description>_outerline-DW</description>
        <styleUrl>#line-C0C0C0-1000</styleUrl>
        <LineString>
          <tessellate>1</tessellate>
          <coordinates>
            106.632457,10.811936,0
            106.632298,10.812455,0
          </coordinates>
        </LineString>
      </Placemark>
      <Placemark>
        <name>Polyline_003</name>
        <description>_outerline-DW</description>
        <styleUrl>#line-C0C0C0-1000</styleUrl>
        <LineString>
          <tessellate>1</tessellate>
          <coordinates>
            106.633197,10.812441,0
            106.633802,10.812339,0
          </coordinates>
        </LineString>
      </Placemark>
      <Placemark>
        <name>Polyline_003</name>
        <description>_outerline-DW</description>
        <styleUrl>#line-C0C0C0-1000</styleUrl>
        <LineString>
          <tessellate>1</tessellate>
          <coordinates>
            106.633934,10.811906,0
            106.633802,10.812339,0
          </coordinates>
        </LineString>
      </Placemark>
      <Placemark>
        <name>Polyline_003</name>
        <description>_outerline-DW</description>
        <styleUrl>#line-C0C0C0-1000</styleUrl>
        <LineString>
          <tessellate>1</tessellate>
          <coordinates>
            106.63308,10.812406,0
            106.632634,10.811989,0
          </coordinates>
        </LineString>
      </Placemark>
      <Placemark>
        <name>Polyline_003</name>
        <description>_outerline-DW</description>
        <styleUrl>#line-C0C0C0-1000</styleUrl>
        <LineString>
          <tessellate>1</tessellate>
          <coordinates>
            106.632767,10.811556,0
            106.632634,10.811989,0
          </coordinates>
        </LineString>
      </Placemark>
      <Placemark>
        <name>KM9+878.536</name>
        <description>_outerline-DW</description>
        <styleUrl>#icon-1899-0288D1</styleUrl>
        <Point>
          <coordinates>
            106.673345,10.781485,0
          </coordinates>
        </Point>
      </Placemark>
      <Placemark>
        <name>ST03 Dan Chu</name>
        <description>_outerline-DW</description>
        <styleUrl>#icon-1899-0288D1</styleUrl>
        <Point>
          <coordinates>
            106.673542,10.781276,0
          </coordinates>
        </Point>
      </Placemark>
      <Placemark>
        <name>ST05 Le Thi Rieng</name>
        <description>_outerline-DW</description>
        <styleUrl>#icon-1899-0288D1</styleUrl>
        <Point>
          <coordinates>
            106.673043,10.781561,0
          </coordinates>
        </Point>
      </Placemark>
      <Placemark>
        <name>L999.996</name>
        <description>_outerline-DW</description>
        <styleUrl>#icon-1899-0288D1</styleUrl>
        <Point>
          <coordinates>
            106.673295,10.781394,0
          </coordinates>
        </Point>
      </Placemark>
      <Placemark>
        <name>R1000.027</name>
        <description>_outerline-DW</description>
        <styleUrl>#icon-1899-0288D1</styleUrl>
        <Point>
          <coordinates>
            106.673308,10.781417,0
          </coordinates>
        </Point>
      </Placemark>
      <Placemark>
        <name>L1011.264</name>
        <description>_outerline-DW</description>
        <styleUrl>#icon-1899-0288D1</styleUrl>
        <Point>
          <coordinates>
            106.673263,10.781394,0
          </coordinates>
        </Point>
      </Placemark>
      <Placemark>
        <name>R1011.279</name>
        <description>_outerline-DW</description>
        <styleUrl>#icon-1899-0288D1</styleUrl>
        <Point>
          <coordinates>
            106.673298,10.781457,0
          </coordinates>
        </Point>
      </Placemark>
      <Placemark>
        <name>KM10+889.815</name>
        <description>_outerline-DW</description>
        <styleUrl>#icon-1899-0288D1</styleUrl>
        <Point>
          <coordinates>
            106.665199,10.78581,0
          </coordinates>
        </Point>
      </Placemark>
      <Placemark>
        <name>ST04 Hoa Hung</name>
        <description>_outerline-DW</description>
        <styleUrl>#icon-1899-0288D1</styleUrl>
        <Point>
          <coordinates>
            106.665396,10.785602,0
          </coordinates>
        </Point>
      </Placemark>
      <Placemark>
        <name>ST06 Pham Van Hai</name>
        <description>_outerline-DW</description>
        <styleUrl>#icon-1899-0288D1</styleUrl>
        <Point>
          <coordinates>
            106.664897,10.785886,0
          </coordinates>
        </Point>
      </Placemark>
      <Placemark>
        <name>L1011.264</name>
        <description>_outerline-DW</description>
        <styleUrl>#icon-1899-0288D1</styleUrl>
        <Point>
          <coordinates>
            106.665149,10.785719,0
          </coordinates>
        </Point>
      </Placemark>
      <Placemark>
        <name>R1011.279</name>
        <description>_outerline-DW</description>
        <styleUrl>#icon-1899-0288D1</styleUrl>
        <Point>
          <coordinates>
            106.665162,10.785743,0
          </coordinates>
        </Point>
      </Placemark>
      <Placemark>
        <name>L718.701</name>
        <description>_outerline-DW</description>
        <styleUrl>#icon-1899-0288D1</styleUrl>
        <Point>
          <coordinates>
            106.665118,10.785719,0
          </coordinates>
        </Point>
      </Placemark>
      <Placemark>
        <name>R718.838</name>
        <description>_outerline-DW</description>
        <styleUrl>#icon-1899-0288D1</styleUrl>
        <Point>
          <coordinates>
            106.665152,10.785783,0
          </coordinates>
        </Point>
      </Placemark>
      <Placemark>
        <name>KM11+608.652</name>
        <description>_outerline-DW</description>
        <styleUrl>#icon-1899-0288D1</styleUrl>
        <Point>
          <coordinates>
            106.659455,10.788957,0
          </coordinates>
        </Point>
      </Placemark>
      <Placemark>
        <name>ST05 Le Thi Rieng</name>
        <description>_outerline-DW</description>
        <styleUrl>#icon-1899-0288D1</styleUrl>
        <Point>
          <coordinates>
            106.659655,10.78875,0
          </coordinates>
        </Point>
      </Placemark>
      <Placemark>
        <name>ST07 Bay Hien</name>
        <description>_outerline-DW</description>
        <styleUrl>#icon-1899-0288D1</styleUrl>
        <Point>
          <coordinates>
            106.659153,10.78903,0
          </coordinates>
        </Point>
      </Placemark>
      <Placemark>
        <name>L718.701</name>
        <description>_outerline-DW</description>
        <styleUrl>#icon-1899-0288D1</styleUrl>
        <Point>
          <coordinates>
            106.659406,10.788865,0
          </coordinates>
        </Point>
      </Placemark>
      <Placemark>
        <name>R718.838</name>
        <description>_outerline-DW</description>
        <styleUrl>#icon-1899-0288D1</styleUrl>
        <Point>
          <coordinates>
            106.659418,10.788889,0
          </coordinates>
        </Point>
      </Placemark>
      <Placemark>
        <name>L788.762</name>
        <description>_outerline-DW</description>
        <styleUrl>#icon-1899-0288D1</styleUrl>
        <Point>
          <coordinates>
            106.659375,10.788865,0
          </coordinates>
        </Point>
      </Placemark>
      <Placemark>
        <name>R788.648</name>
        <description>_outerline-DW</description>
        <styleUrl>#icon-1899-0288D1</styleUrl>
        <Point>
          <coordinates>
            106.659409,10.788929,0
          </coordinates>
        </Point>
      </Placemark>
      <Placemark>
        <name>KM13+670.622</name>
        <description>_outerline-DW</description>
        <styleUrl>#icon-1899-0288D1</styleUrl>
        <Point>
          <coordinates>
            106.642858,10.797815,0
          </coordinates>
        </Point>
      </Placemark>
      <Placemark>
        <name>ST07 Bay Hien</name>
        <description>_outerline-DW</description>
        <styleUrl>#icon-1899-0288D1</styleUrl>
        <Point>
          <coordinates>
            106.643056,10.797606,0
          </coordinates>
        </Point>
      </Placemark>
      <Placemark>
        <name>ST09 Ba Queo</name>
        <description>_outerline-DW</description>
        <styleUrl>#icon-1899-0288D1</styleUrl>
        <Point>
          <coordinates>
            106.642557,10.797891,0
          </coordinates>
        </Point>
      </Placemark>
      <Placemark>
        <name>L1273.307</name>
        <description>_outerline-DW</description>
        <styleUrl>#icon-1899-0288D1</styleUrl>
        <Point>
          <coordinates>
            106.642808,10.797723,0
          </coordinates>
        </Point>
      </Placemark>
      <Placemark>
        <name>R1273.322</name>
        <description>_outerline-DW</description>
        <styleUrl>#icon-1899-0288D1</styleUrl>
        <Point>
          <coordinates>
            106.642821,10.797747,0
          </coordinates>
        </Point>
      </Placemark>
      <Placemark>
        <name>L1305.589</name>
        <description>_outerline-DW</description>
        <styleUrl>#icon-1899-0288D1</styleUrl>
        <Point>
          <coordinates>
            106.642777,10.797723,0
          </coordinates>
        </Point>
      </Placemark>
      <Placemark>
        <name>R1295.009</name>
        <description>_outerline-DW</description>
        <styleUrl>#icon-1899-0288D1</styleUrl>
        <Point>
          <coordinates>
            106.642812,10.797787,0
          </coordinates>
        </Point>
      </Placemark>
      <Placemark>
        <name>KM14+965.631</name>
        <description>_outerline-DW</description>
        <styleUrl>#icon-1899-0288D1</styleUrl>
        <Point>
          <coordinates>
            106.634453,10.805883,0
          </coordinates>
        </Point>
      </Placemark>
      <Placemark>
        <name>ST08 Nguyen Hong Dao</name>
        <description>_outerline-DW</description>
        <styleUrl>#icon-1899-0288D1</styleUrl>
        <Point>
          <coordinates>
            106.634445,10.805598,0
          </coordinates>
        </Point>
      </Placemark>
      <Placemark>
        <name>ST10 Pham Van Bach</name>
        <description>_outerline-DW</description>
        <styleUrl>#icon-1899-0288D1</styleUrl>
        <Point>
          <coordinates>
            106.634293,10.806147,0
          </coordinates>
        </Point>
      </Placemark>
      <Placemark>
        <name>L1305.589</name>
        <description>_outerline-DW</description>
        <styleUrl>#icon-1899-0288D1</styleUrl>
        <Point>
          <coordinates>
            106.634352,10.805853,0
          </coordinates>
        </Point>
      </Placemark>
      <Placemark>
        <name>R1295.009</name>
        <description>_outerline-DW</description>
        <styleUrl>#icon-1899-0288D1</styleUrl>
        <Point>
          <coordinates>
            106.634379,10.805861,0
          </coordinates>
        </Point>
      </Placemark>
      <Placemark>
        <name>L732.791</name>
        <description>_outerline-DW</description>
        <styleUrl>#icon-1899-0288D1</styleUrl>
        <Point>
          <coordinates>
            106.63433,10.805875,0
          </coordinates>
        </Point>
      </Placemark>
      <Placemark>
        <name>R732.831</name>
        <description>_outerline-DW</description>
        <styleUrl>#icon-1899-0288D1</styleUrl>
        <Point>
          <coordinates>
            106.6344,10.805896,0
          </coordinates>
        </Point>
      </Placemark>
      <Placemark>
        <name>KM15+698.462</name>
        <description>_outerline-DW</description>
        <styleUrl>#icon-1899-0288D1</styleUrl>
        <Point>
          <coordinates>
            106.632469,10.812209,0
          </coordinates>
        </Point>
      </Placemark>
      <Placemark>
        <name>X - 1195851.4828</name>
        <description>_outerline-DW</description>
        <styleUrl>#icon-1899-0288D1</styleUrl>
        <Point>
          <coordinates>
            106.633855,10.812136,0
          </coordinates>
        </Point>
      </Placemark>
      <Placemark>
        <name>Y - 596381.1915</name>
        <description>_outerline-DW</description>
        <styleUrl>#icon-1899-0288D1</styleUrl>
        <Point>
          <coordinates>
            106.633881,10.812108,0
          </coordinates>
        </Point>
      </Placemark>
      <Placemark>
        <name>X - 1195847.5613</name>
        <description>_outerline-DW</description>
        <styleUrl>#icon-1899-0288D1</styleUrl>
        <Point>
          <coordinates>
            106.632688,10.811787,0
          </coordinates>
        </Point>
      </Placemark>
      <Placemark>
        <name>Y - 596368.3781</name>
        <description>_outerline-DW</description>
        <styleUrl>#icon-1899-0288D1</styleUrl>
        <Point>
          <coordinates>
            106.632714,10.811759,0
          </coordinates>
        </Point>
      </Placemark>
      <Placemark>
        <name>ST09 Ba Queo</name>
        <description>_outerline-DW</description>
        <styleUrl>#icon-1899-0288D1</styleUrl>
        <Point>
          <coordinates>
            106.632461,10.811923,0
          </coordinates>
        </Point>
      </Placemark>
      <Placemark>
        <name>ST11 Tan Binh</name>
        <description>_outerline-DW</description>
        <styleUrl>#icon-1899-0288D1</styleUrl>
        <Point>
          <coordinates>
            106.632309,10.812472,0
          </coordinates>
        </Point>
      </Placemark>
      <Placemark>
        <name>L732.791</name>
        <description>_outerline-DW</description>
        <styleUrl>#icon-1899-0288D1</styleUrl>
        <Point>
          <coordinates>
            106.632368,10.812179,0
          </coordinates>
        </Point>
      </Placemark>
      <Placemark>
        <name>R732.831</name>
        <description>_outerline-DW</description>
        <styleUrl>#icon-1899-0288D1</styleUrl>
        <Point>
          <coordinates>
            106.632394,10.812186,0
          </coordinates>
        </Point>
      </Placemark>
      <Placemark>
        <name>L1034.148</name>
        <description>_outerline-DW</description>
        <styleUrl>#icon-1899-0288D1</styleUrl>
        <Point>
          <coordinates>
            106.632346,10.8122,0
          </coordinates>
        </Point>
      </Placemark>
      <Placemark>
        <name>R1034.148</name>
        <description>_outerline-DW</description>
        <styleUrl>#icon-1899-0288D1</styleUrl>
        <Point>
          <coordinates>
            106.632416,10.812221,0
          </coordinates>
        </Point>
      </Placemark>
      <Placemark>
        <name>GA PHẠM VĂN BẠCH</name>
        <description>_outerline-DW</description>
        <styleUrl>#icon-1899-0288D1</styleUrl>
        <Point>
          <coordinates>
            106.632279,10.811886,0
          </coordinates>
        </Point>
      </Placemark>
      <Placemark>
        <name>GA BÀ QUẸO</name>
        <description>_outerline-DW</description>
        <styleUrl>#icon-1899-0288D1</styleUrl>
        <Point>
          <coordinates>
            106.634248,10.805663,0
          </coordinates>
        </Point>
      </Placemark>
      <Placemark>
        <name>GA NGUYỄN HỒNG ĐÀO</name>
        <description>_outerline-DW</description>
        <styleUrl>#icon-1899-0288D1</styleUrl>
        <Point>
          <coordinates>
            106.642985,10.797456,0
          </coordinates>
        </Point>
      </Placemark>
      <Placemark>
        <name>GA PHẠM VĂN HAI</name>
        <description>_outerline-DW</description>
        <styleUrl>#icon-1899-0288D1</styleUrl>
        <Point>
          <coordinates>
            106.659504,10.78864,0
          </coordinates>
        </Point>
      </Placemark>
      <Placemark>
        <name>GA LÊ THỊ RIÊNG</name>
        <description>_outerline-DW</description>
        <styleUrl>#icon-1899-0288D1</styleUrl>
        <Point>
          <coordinates>
            106.665242,10.785508,0
          </coordinates>
        </Point>
      </Placemark>
      <Placemark>
        <name>GA HÒA HƯNG</name>
        <description>_outerline-DW</description>
        <styleUrl>#icon-1899-0288D1</styleUrl>
        <Point>
          <coordinates>
            106.67337,10.781186,0
          </coordinates>
        </Point>
      </Placemark>
      <Placemark>
        <name>ST10 Pham Van Bach</name>
        <description>_outerline-DW</description>
        <styleUrl>#icon-1899-0288D1</styleUrl>
        <Point>
          <coordinates>
            106.63229,10.812169,0
          </coordinates>
        </Point>
      </Placemark>
      <Placemark>
        <name>ST09 Ba Queo</name>
        <description>_outerline-DW</description>
        <styleUrl>#icon-1899-0288D1</styleUrl>
        <Point>
          <coordinates>
            106.634274,10.805844,0
          </coordinates>
        </Point>
      </Placemark>
      <Placemark>
        <name>ST08 Nguyen Hong Dao</name>
        <description>_outerline-DW</description>
        <styleUrl>#icon-1899-0288D1</styleUrl>
        <Point>
          <coordinates>
            106.642759,10.797662,0
          </coordinates>
        </Point>
      </Placemark>
      <Placemark>
        <name>ST06 Pham Van Hai</name>
        <description>_outerline-DW</description>
        <styleUrl>#icon-1899-0288D1</styleUrl>
        <Point>
          <coordinates>
            106.659341,10.788812,0
          </coordinates>
        </Point>
      </Placemark>
      <Placemark>
        <name>ST05 Le Thi Rieng</name>
        <description>_outerline-DW</description>
        <styleUrl>#icon-1899-0288D1</styleUrl>
        <Point>
          <coordinates>
            106.6651,10.785658,0
          </coordinates>
        </Point>
      </Placemark>
      <Placemark>
        <name>ST04 Hoa Hung</name>
        <description>_outerline-DW</description>
        <styleUrl>#icon-1899-0288D1</styleUrl>
        <Point>
          <coordinates>
            106.673246,10.781332,0
          </coordinates>
        </Point>
      </Placemark>
      <Placemark>
        <name>Polyline_001</name>
        <description>_outerline-DW</description>
        <styleUrl>#line-000000-1200</styleUrl>
        <LineString>
          <tessellate>1</tessellate>
          <coordinates>
            106.65773,10.788938,0
            106.657785,10.788938,0
          </coordinates>
        </LineString>
      </Placemark>
      <Placemark>
        <name>Polyline_001</name>
        <description>_outerline-DW</description>
        <styleUrl>#line-000000-1200</styleUrl>
        <LineString>
          <tessellate>1</tessellate>
          <coordinates>
            106.65773,10.788938,0
            106.657735,10.788934,0
            106.65779,10.788933,0
          </coordinates>
        </LineString>
      </Placemark>
      <Placemark>
        <name>Polyline_001</name>
        <description>_outerline-DW</description>
        <styleUrl>#line-000000-1200</styleUrl>
        <LineString>
          <tessellate>1</tessellate>
          <coordinates>
            106.65779,10.788933,0
            106.657784,10.78901,0
          </coordinates>
        </LineString>
      </Placemark>
      <Placemark>
        <name>Polyline_001</name>
        <description>_outerline-DW</description>
        <styleUrl>#line-000000-1200</styleUrl>
        <LineString>
          <tessellate>1</tessellate>
          <coordinates>
            106.657736,10.78901,0
            106.65773,10.788938,0
          </coordinates>
        </LineString>
      </Placemark>
      <Placemark>
        <name>Polyline_001</name>
        <description>_outerline-DW</description>
        <styleUrl>#line-000000-1200</styleUrl>
        <LineString>
          <tessellate>1</tessellate>
          <coordinates>
            106.657785,10.788938,0
            106.65778,10.78901,0
          </coordinates>
        </LineString>
      </Placemark>
      <Placemark>
        <name>Polyline_001</name>
        <description>_outerline-DW</description>
        <styleUrl>#line-000000-1200</styleUrl>
        <LineString>
          <tessellate>1</tessellate>
          <coordinates>
            106.657775,10.789074,0
            106.657759,10.7893,0
          </coordinates>
        </LineString>
      </Placemark>
      <Placemark>
        <name>Polyline_001</name>
        <description>_outerline-DW</description>
        <styleUrl>#line-000000-1200</styleUrl>
        <LineString>
          <tessellate>1</tessellate>
          <coordinates>
            106.657676,10.789042,0
            106.657703,10.789042,0
          </coordinates>
        </LineString>
      </Placemark>
      <Placemark>
        <name>Polyline_001</name>
        <description>_outerline-DW</description>
        <styleUrl>#line-000000-1200</styleUrl>
        <LineString>
          <tessellate>1</tessellate>
          <coordinates>
            106.657813,10.789042,0
            106.65784,10.789042,0
          </coordinates>
        </LineString>
      </Placemark>
      <Placemark>
        <name>Polyline_001</name>
        <description>_outerline-DW</description>
        <styleUrl>#line-000000-1200</styleUrl>
        <LineString>
          <tessellate>1</tessellate>
          <coordinates>
            106.657726,10.78901,0
            106.657726,10.789074,0
          </coordinates>
        </LineString>
      </Placemark>
      <Placemark>
        <name>Polyline_001</name>
        <description>_outerline-DW</description>
        <styleUrl>#line-000000-1200</styleUrl>
        <LineString>
          <tessellate>1</tessellate>
          <coordinates>
            106.657726,10.789074,0
            106.657749,10.789074,0
          </coordinates>
        </LineString>
      </Placemark>
      <Placemark>
        <name>Polyline_001</name>
        <description>_outerline-DW</description>
        <styleUrl>#line-000000-1200</styleUrl>
        <LineString>
          <tessellate>1</tessellate>
          <coordinates>
            106.657772,10.789033,0
            106.657749,10.789074,0
          </coordinates>
        </LineString>
      </Placemark>
      <Placemark>
        <name>Polyline_001</name>
        <description>_outerline-DW</description>
        <styleUrl>#line-000000-1200</styleUrl>
        <LineString>
          <tessellate>1</tessellate>
          <coordinates>
            106.657772,10.789033,0
            106.657772,10.789074,0
          </coordinates>
        </LineString>
      </Placemark>
      <Placemark>
        <name>Polyline_001</name>
        <description>_outerline-DW</description>
        <styleUrl>#line-000000-1200</styleUrl>
        <LineString>
          <tessellate>1</tessellate>
          <coordinates>
            106.65779,10.789074,0
            106.657772,10.789074,0
          </coordinates>
        </LineString>
      </Placemark>
      <Placemark>
        <name>Polyline_001</name>
        <description>_outerline-DW</description>
        <styleUrl>#line-000000-1200</styleUrl>
        <LineString>
          <tessellate>1</tessellate>
          <coordinates>
            106.65779,10.789074,0
            106.65779,10.78901,0
          </coordinates>
        </LineString>
      </Placemark>
      <Placemark>
        <name>Polyline_001</name>
        <description>_outerline-DW</description>
        <styleUrl>#line-000000-1200</styleUrl>
        <LineString>
          <tessellate>1</tessellate>
          <coordinates>
            106.65779,10.78901,0
            106.657766,10.78901,0
          </coordinates>
        </LineString>
      </Placemark>
      <Placemark>
        <name>Polyline_001</name>
        <description>_outerline-DW</description>
        <styleUrl>#line-000000-1200</styleUrl>
        <LineString>
          <tessellate>1</tessellate>
          <coordinates>
            106.657766,10.78901,0
            106.657744,10.789051,0
          </coordinates>
        </LineString>
      </Placemark>
      <Placemark>
        <name>Polyline_001</name>
        <description>_outerline-DW</description>
        <styleUrl>#line-000000-1200</styleUrl>
        <LineString>
          <tessellate>1</tessellate>
          <coordinates>
            106.657744,10.789051,0
            106.657744,10.78901,0
          </coordinates>
        </LineString>
      </Placemark>
      <Placemark>
        <name>Polyline_001</name>
        <description>_outerline-DW</description>
        <styleUrl>#line-000000-1200</styleUrl>
        <LineString>
          <tessellate>1</tessellate>
          <coordinates>
            106.657744,10.78901,0
            106.657726,10.78901,0
          </coordinates>
        </LineString>
      </Placemark>
      <Placemark>
        <name>Polyline_001</name>
        <description>_outerline-DW</description>
        <styleUrl>#line-000000-1200</styleUrl>
        <LineString>
          <tessellate>1</tessellate>
          <coordinates>
            106.657733,10.788979,0
            106.657725,10.788983,0
            106.657717,10.788988,0
            106.65771,10.788993,0
            106.657704,10.789,0
            106.657699,10.789008,0
            106.657695,10.789016,0
            106.657692,10.789025,0
            106.65769,10.789034,0
            106.657689,10.789043,0
            106.65769,10.789052,0
            106.657692,10.789061,0
            106.657695,10.789069,0
            106.657699,10.789078,0
            106.657705,10.789085,0
            106.657711,10.789092,0
            106.657718,10.789098,0
            106.657726,10.789102,0
            106.657735,10.789106,0
            106.657743,10.789109,0
          </coordinates>
        </LineString>
      </Placemark>
      <Placemark>
        <name>Polyline_001</name>
        <description>_outerline-DW</description>
        <styleUrl>#line-000000-1200</styleUrl>
        <LineString>
          <tessellate>1</tessellate>
          <coordinates>
            106.657777,10.789107,0
            106.657786,10.789104,0
            106.657794,10.7891,0
            106.657802,10.789094,0
            106.657808,10.789088,0
            106.657814,10.789081,0
            106.657819,10.789073,0
            106.657822,10.789065,0
            106.657825,10.789056,0
            106.657826,10.789047,0
            106.657826,10.789038,0
            106.657825,10.789029,0
            106.657823,10.78902,0
            106.657819,10.789012,0
            106.657814,10.789004,0
            106.657809,10.788997,0
            106.657802,10.78899,0
            106.657795,10.788985,0
            106.657786,10.78898,0
          </coordinates>
        </LineString>
      </Placemark>
      <Placemark>
        <name>Polyline_001</name>
        <description>_outerline-DW</description>
        <styleUrl>#line-000000-1200</styleUrl>
        <LineString>
          <tessellate>1</tessellate>
          <coordinates>
            106.657741,10.789074,0
            106.657761,10.78933,0
          </coordinates>
        </LineString>
      </Placemark>
      <Placemark>
        <name>Polyline_001</name>
        <description>_outerline-DW</description>
        <styleUrl>#line-000000-1200</styleUrl>
        <LineString>
          <tessellate>1</tessellate>
          <coordinates>
            106.657761,10.78933,0
            106.65778,10.789074,0
          </coordinates>
        </LineString>
      </Placemark>
      <Placemark>
        <name>Polyline_001</name>
        <description>_outerline-DW</description>
        <styleUrl>#line-000000-1200</styleUrl>
        <LineString>
          <tessellate>1</tessellate>
          <coordinates>
            106.657731,10.788938,0
            106.657785,10.788938,0
          </coordinates>
        </LineString>
      </Placemark>
      <Placemark>
        <name>Polyline_001</name>
        <description>_outerline-DW</description>
        <styleUrl>#line-000000-1200</styleUrl>
        <LineString>
          <tessellate>1</tessellate>
          <coordinates>
            106.657785,10.788938,0
            106.65778,10.78901,0
          </coordinates>
        </LineString>
      </Placemark>
      <Placemark>
        <name>Polyline_001</name>
        <description>_outerline-DW</description>
        <styleUrl>#line-000000-1200</styleUrl>
        <LineString>
          <tessellate>1</tessellate>
          <coordinates>
            106.657731,10.788937,0
            106.657786,10.788937,0
            106.657781,10.78901,0
          </coordinates>
        </LineString>
      </Placemark>
      <Placemark>
        <name>Polyline_001</name>
        <description>_outerline-DW</description>
        <styleUrl>#line-000000-1200</styleUrl>
        <LineString>
          <tessellate>1</tessellate>
          <coordinates>
            106.657731,10.788937,0
            106.657786,10.788937,0
            106.657781,10.78901,0
          </coordinates>
        </LineString>
      </Placemark>
      <Placemark>
        <name>Polyline_001</name>
        <description>_outerline-DW</description>
        <styleUrl>#line-000000-1200</styleUrl>
        <LineString>
          <tessellate>1</tessellate>
          <coordinates>
            106.657732,10.788936,0
            106.657787,10.788936,0
            106.657782,10.78901,0
          </coordinates>
        </LineString>
      </Placemark>
      <Placemark>
        <name>Polyline_001</name>
        <description>_outerline-DW</description>
        <styleUrl>#line-000000-1200</styleUrl>
        <LineString>
          <tessellate>1</tessellate>
          <coordinates>
            106.657732,10.788936,0
            106.657787,10.788936,0
            106.657782,10.78901,0
          </coordinates>
        </LineString>
      </Placemark>
      <Placemark>
        <name>Polyline_001</name>
        <description>_outerline-DW</description>
        <styleUrl>#line-000000-1200</styleUrl>
        <LineString>
          <tessellate>1</tessellate>
          <coordinates>
            106.657733,10.788935,0
            106.657788,10.788935,0
            106.657782,10.78901,0
          </coordinates>
        </LineString>
      </Placemark>
      <Placemark>
        <name>Polyline_001</name>
        <description>_outerline-DW</description>
        <styleUrl>#line-000000-1200</styleUrl>
        <LineString>
          <tessellate>1</tessellate>
          <coordinates>
            106.657733,10.788935,0
            106.657788,10.788935,0
            106.657783,10.78901,0
          </coordinates>
        </LineString>
      </Placemark>
      <Placemark>
        <name>Polyline_001</name>
        <description>_outerline-DW</description>
        <styleUrl>#line-000000-1200</styleUrl>
        <LineString>
          <tessellate>1</tessellate>
          <coordinates>
            106.657734,10.788935,0
            106.657789,10.788934,0
            106.657783,10.78901,0
          </coordinates>
        </LineString>
      </Placemark>
      <Placemark>
        <name>Polyline_001</name>
        <description>_outerline-DW</description>
        <styleUrl>#line-000000-1200</styleUrl>
        <LineString>
          <tessellate>1</tessellate>
          <coordinates>
            106.657734,10.788934,0
            106.657789,10.788934,0
            106.657784,10.78901,0
          </coordinates>
        </LineString>
      </Placemark>
      <Placemark>
        <name>Polyline_001</name>
        <description>_outerline-DW</description>
        <styleUrl>#line-000000-1200</styleUrl>
        <LineString>
          <tessellate>1</tessellate>
          <coordinates>
            106.657776,10.789074,0
            106.657759,10.789303,0
          </coordinates>
        </LineString>
      </Placemark>
      <Placemark>
        <name>Polyline_001</name>
        <description>_outerline-DW</description>
        <styleUrl>#line-000000-1200</styleUrl>
        <LineString>
          <tessellate>1</tessellate>
          <coordinates>
            106.657776,10.789074,0
            106.657759,10.789306,0
          </coordinates>
        </LineString>
      </Placemark>
      <Placemark>
        <name>Polyline_001</name>
        <description>_outerline-DW</description>
        <styleUrl>#line-000000-1200</styleUrl>
        <LineString>
          <tessellate>1</tessellate>
          <coordinates>
            106.657777,10.789074,0
            106.657759,10.789309,0
          </coordinates>
        </LineString>
      </Placemark>
      <Placemark>
        <name>Polyline_001</name>
        <description>_outerline-DW</description>
        <styleUrl>#line-000000-1200</styleUrl>
        <LineString>
          <tessellate>1</tessellate>
          <coordinates>
            106.657777,10.789074,0
            106.65776,10.789312,0
          </coordinates>
        </LineString>
      </Placemark>
      <Placemark>
        <name>Polyline_001</name>
        <description>_outerline-DW</description>
        <styleUrl>#line-000000-1200</styleUrl>
        <LineString>
          <tessellate>1</tessellate>
          <coordinates>
            106.657778,10.789074,0
            106.65776,10.789315,0
          </coordinates>
        </LineString>
      </Placemark>
      <Placemark>
        <name>Polyline_001</name>
        <description>_outerline-DW</description>
        <styleUrl>#line-000000-1200</styleUrl>
        <LineString>
          <tessellate>1</tessellate>
          <coordinates>
            106.657778,10.789074,0
            106.65776,10.789318,0
          </coordinates>
        </LineString>
      </Placemark>
      <Placemark>
        <name>Polyline_001</name>
        <description>_outerline-DW</description>
        <styleUrl>#line-000000-1200</styleUrl>
        <LineString>
          <tessellate>1</tessellate>
          <coordinates>
            106.657779,10.789074,0
            106.65776,10.789321,0
          </coordinates>
        </LineString>
      </Placemark>
      <Placemark>
        <name>Polyline_001</name>
        <description>_outerline-DW</description>
        <styleUrl>#line-000000-1200</styleUrl>
        <LineString>
          <tessellate>1</tessellate>
          <coordinates>
            106.657779,10.789074,0
            106.657761,10.789324,0
          </coordinates>
        </LineString>
      </Placemark>
      <Placemark>
        <name>Polyline_001</name>
        <description>_outerline-DW</description>
        <styleUrl>#line-000000-1200</styleUrl>
        <LineString>
          <tessellate>1</tessellate>
          <coordinates>
            106.657779,10.789074,0
            106.657761,10.789327,0
          </coordinates>
        </LineString>
      </Placemark>
      <Placemark>
        <name>Polyline_001</name>
        <description>_outerline-DW</description>
        <styleUrl>#line-000000-1200</styleUrl>
        <LineString>
          <tessellate>1</tessellate>
          <coordinates>
            106.657734,10.788934,0
            106.65779,10.788934,0
            106.657784,10.78901,0
          </coordinates>
        </LineString>
      </Placemark>
      <Placemark>
        <name>Polyline_001</name>
        <description>_outerline-DW</description>
        <styleUrl>#line-000000-1200</styleUrl>
        <LineString>
          <tessellate>1</tessellate>
          <coordinates>
            106.662087,10.786452,0
            106.662142,10.786452,0
          </coordinates>
        </LineString>
      </Placemark>
      <Placemark>
        <name>Polyline_001</name>
        <description>_outerline-DW</description>
        <styleUrl>#line-000000-1200</styleUrl>
        <LineString>
          <tessellate>1</tessellate>
          <coordinates>
            106.662087,10.786452,0
            106.662092,10.786448,0
            106.662147,10.786448,0
          </coordinates>
        </LineString>
      </Placemark>
      <Placemark>
        <name>Polyline_001</name>
        <description>_outerline-DW</description>
        <styleUrl>#line-000000-1200</styleUrl>
        <LineString>
          <tessellate>1</tessellate>
          <coordinates>
            106.662147,10.786448,0
            106.662141,10.786525,0
          </coordinates>
        </LineString>
      </Placemark>
      <Placemark>
        <name>Polyline_001</name>
        <description>_outerline-DW</description>
        <styleUrl>#line-000000-1200</styleUrl>
        <LineString>
          <tessellate>1</tessellate>
          <coordinates>
            106.662093,10.786525,0
            106.662087,10.786452,0
          </coordinates>
        </LineString>
      </Placemark>
      <Placemark>
        <name>Polyline_001</name>
        <description>_outerline-DW</description>
        <styleUrl>#line-000000-1200</styleUrl>
        <LineString>
          <tessellate>1</tessellate>
          <coordinates>
            106.662142,10.786452,0
            106.662137,10.786525,0
          </coordinates>
        </LineString>
      </Placemark>
      <Placemark>
        <name>Polyline_001</name>
        <description>_outerline-DW</description>
        <styleUrl>#line-000000-1200</styleUrl>
        <LineString>
          <tessellate>1</tessellate>
          <coordinates>
            106.662132,10.786588,0
            106.662115,10.786814,0
          </coordinates>
        </LineString>
      </Placemark>
      <Placemark>
        <name>Polyline_001</name>
        <description>_outerline-DW</description>
        <styleUrl>#line-000000-1200</styleUrl>
        <LineString>
          <tessellate>1</tessellate>
          <coordinates>
            106.662032,10.786557,0
            106.66206,10.786556,0
          </coordinates>
        </LineString>
      </Placemark>
      <Placemark>
        <name>Polyline_001</name>
        <description>_outerline-DW</description>
        <styleUrl>#line-000000-1200</styleUrl>
        <LineString>
          <tessellate>1</tessellate>
          <coordinates>
            106.66217,10.786556,0
            106.662197,10.786556,0
          </coordinates>
        </LineString>
      </Placemark>
      <Placemark>
        <name>Polyline_001</name>
        <description>_outerline-DW</description>
        <styleUrl>#line-000000-1200</styleUrl>
        <LineString>
          <tessellate>1</tessellate>
          <coordinates>
            106.662083,10.786525,0
            106.662083,10.786588,0
          </coordinates>
        </LineString>
      </Placemark>
      <Placemark>
        <name>Polyline_001</name>
        <description>_outerline-DW</description>
        <styleUrl>#line-000000-1200</styleUrl>
        <LineString>
          <tessellate>1</tessellate>
          <coordinates>
            106.662083,10.786588,0
            106.662106,10.786588,0
          </coordinates>
        </LineString>
      </Placemark>
      <Placemark>
        <name>Polyline_001</name>
        <description>_outerline-DW</description>
        <styleUrl>#line-000000-1200</styleUrl>
        <LineString>
          <tessellate>1</tessellate>
          <coordinates>
            106.662128,10.786548,0
            106.662106,10.786588,0
          </coordinates>
        </LineString>
      </Placemark>
      <Placemark>
        <name>Polyline_001</name>
        <description>_outerline-DW</description>
        <styleUrl>#line-000000-1200</styleUrl>
        <LineString>
          <tessellate>1</tessellate>
          <coordinates>
            106.662128,10.786548,0
            106.662129,10.786588,0
          </coordinates>
        </LineString>
      </Placemark>
      <Placemark>
        <name>Polyline_001</name>
        <description>_outerline-DW</description>
        <styleUrl>#line-000000-1200</styleUrl>
        <LineString>
          <tessellate>1</tessellate>
          <coordinates>
            106.662147,10.786588,0
            106.662129,10.786588,0
          </coordinates>
        </LineString>
      </Placemark>
      <Placemark>
        <name>Polyline_001</name>
        <description>_outerline-DW</description>
        <styleUrl>#line-000000-1200</styleUrl>
        <LineString>
          <tessellate>1</tessellate>
          <coordinates>
            106.662147,10.786588,0
            106.662147,10.786525,0
          </coordinates>
        </LineString>
      </Placemark>
      <Placemark>
        <name>Polyline_001</name>
        <description>_outerline-DW</description>
        <styleUrl>#line-000000-1200</styleUrl>
        <LineString>
          <tessellate>1</tessellate>
          <coordinates>
            106.662147,10.786525,0
            106.662123,10.786525,0
          </coordinates>
        </LineString>
      </Placemark>
      <Placemark>
        <name>Polyline_001</name>
        <description>_outerline-DW</description>
        <styleUrl>#line-000000-1200</styleUrl>
        <LineString>
          <tessellate>1</tessellate>
          <coordinates>
            106.662123,10.786525,0
            106.662101,10.786565,0
          </coordinates>
        </LineString>
      </Placemark>
      <Placemark>
        <name>Polyline_001</name>
        <description>_outerline-DW</description>
        <styleUrl>#line-000000-1200</styleUrl>
        <LineString>
          <tessellate>1</tessellate>
          <coordinates>
            106.662101,10.786565,0
            106.662101,10.786525,0
          </coordinates>
        </LineString>
      </Placemark>
      <Placemark>
        <name>Polyline_001</name>
        <description>_outerline-DW</description>
        <styleUrl>#line-000000-1200</styleUrl>
        <LineString>
          <tessellate>1</tessellate>
          <coordinates>
            106.662101,10.786525,0
            106.662083,10.786525,0
          </coordinates>
        </LineString>
      </Placemark>
      <Placemark>
        <name>Polyline_001</name>
        <description>_outerline-DW</description>
        <styleUrl>#line-000000-1200</styleUrl>
        <LineString>
          <tessellate>1</tessellate>
          <coordinates>
            106.66209,10.786493,0
            106.662082,10.786497,0
            106.662074,10.786502,0
            106.662067,10.786508,0
            106.662061,10.786515,0
            106.662056,10.786522,0
            106.662051,10.78653,0
            106.662048,10.786539,0
            106.662047,10.786548,0
            106.662046,10.786557,0
            106.662047,10.786566,0
            106.662049,10.786575,0
            106.662052,10.786584,0
            106.662056,10.786592,0
            106.662062,10.786599,0
            106.662068,10.786606,0
            106.662075,10.786612,0
            106.662083,10.786617,0
            106.662091,10.78662,0
            106.6621,10.786623,0
          </coordinates>
        </LineString>
      </Placemark>
      <Placemark>
        <name>Polyline_001</name>
        <description>_outerline-DW</description>
        <styleUrl>#line-000000-1200</styleUrl>
        <LineString>
          <tessellate>1</tessellate>
          <coordinates>
            106.662134,10.786621,0
            106.662143,10.786618,0
            106.662151,10.786614,0
            106.662158,10.786609,0
            106.662165,10.786602,0
            106.662171,10.786595,0
            106.662176,10.786587,0
            106.662179,10.786579,0
            106.662182,10.78657,0
            106.662183,10.786561,0
            106.662183,10.786552,0
            106.662182,10.786543,0
            106.66218,10.786534,0
            106.662176,10.786526,0
            106.662171,10.786518,0
            106.662166,10.786511,0
            106.662159,10.786504,0
            106.662151,10.786499,0
            106.662143,10.786495,0
          </coordinates>
        </LineString>
      </Placemark>
      <Placemark>
        <name>Polyline_001</name>
        <description>_outerline-DW</description>
        <styleUrl>#line-000000-1200</styleUrl>
        <LineString>
          <tessellate>1</tessellate>
          <coordinates>
            106.662098,10.786588,0
            106.662118,10.786844,0
          </coordinates>
        </LineString>
      </Placemark>
      <Placemark>
        <name>Polyline_001</name>
        <description>_outerline-DW</description>
        <styleUrl>#line-000000-1200</styleUrl>
        <LineString>
          <tessellate>1</tessellate>
          <coordinates>
            106.662118,10.786844,0
            106.662137,10.786588,0
          </coordinates>
        </LineString>
      </Placemark>
      <Placemark>
        <name>Polyline_001</name>
        <description>_outerline-DW</description>
        <styleUrl>#line-000000-1200</styleUrl>
        <LineString>
          <tessellate>1</tessellate>
          <coordinates>
            106.662087,10.786452,0
            106.662142,10.786452,0
          </coordinates>
        </LineString>
      </Placemark>
      <Placemark>
        <name>Polyline_001</name>
        <description>_outerline-DW</description>
        <styleUrl>#line-000000-1200</styleUrl>
        <LineString>
          <tessellate>1</tessellate>
          <coordinates>
            106.662142,10.786452,0
            106.662137,10.786525,0
          </coordinates>
        </LineString>
      </Placemark>
      <Placemark>
        <name>Polyline_001</name>
        <description>_outerline-DW</description>
        <styleUrl>#line-000000-1200</styleUrl>
        <LineString>
          <tessellate>1</tessellate>
          <coordinates>
            106.662088,10.786452,0
            106.662143,10.786451,0
            106.662137,10.786525,0
          </coordinates>
        </LineString>
      </Placemark>
      <Placemark>
        <name>Polyline_001</name>
        <description>_outerline-DW</description>
        <styleUrl>#line-000000-1200</styleUrl>
        <LineString>
          <tessellate>1</tessellate>
          <coordinates>
            106.662088,10.786451,0
            106.662143,10.786451,0
            106.662138,10.786525,0
          </coordinates>
        </LineString>
      </Placemark>
      <Placemark>
        <name>Polyline_001</name>
        <description>_outerline-DW</description>
        <styleUrl>#line-000000-1200</styleUrl>
        <LineString>
          <tessellate>1</tessellate>
          <coordinates>
            106.662089,10.786451,0
            106.662144,10.78645,0
            106.662138,10.786525,0
          </coordinates>
        </LineString>
      </Placemark>
      <Placemark>
        <name>Polyline_001</name>
        <description>_outerline-DW</description>
        <styleUrl>#line-000000-1200</styleUrl>
        <LineString>
          <tessellate>1</tessellate>
          <coordinates>
            106.662089,10.78645,0
            106.662144,10.78645,0
            106.662139,10.786525,0
          </coordinates>
        </LineString>
      </Placemark>
      <Placemark>
        <name>Polyline_001</name>
        <description>_outerline-DW</description>
        <styleUrl>#line-000000-1200</styleUrl>
        <LineString>
          <tessellate>1</tessellate>
          <coordinates>
            106.66209,10.78645,0
            106.662145,10.78645,0
            106.662139,10.786525,0
          </coordinates>
        </LineString>
      </Placemark>
      <Placemark>
        <name>Polyline_001</name>
        <description>_outerline-DW</description>
        <styleUrl>#line-000000-1200</styleUrl>
        <LineString>
          <tessellate>1</tessellate>
          <coordinates>
            106.66209,10.786449,0
            106.662145,10.786449,0
            106.66214,10.786525,0
          </coordinates>
        </LineString>
      </Placemark>
      <Placemark>
        <name>Polyline_001</name>
        <description>_outerline-DW</description>
        <styleUrl>#line-000000-1200</styleUrl>
        <LineString>
          <tessellate>1</tessellate>
          <coordinates>
            106.662091,10.786449,0
            106.662145,10.786449,0
            106.66214,10.786525,0
          </coordinates>
        </LineString>
      </Placemark>
      <Placemark>
        <name>Polyline_001</name>
        <description>_outerline-DW</description>
        <styleUrl>#line-000000-1200</styleUrl>
        <LineString>
          <tessellate>1</tessellate>
          <coordinates>
            106.662091,10.786448,0
            106.662146,10.786448,0
            106.662141,10.786525,0
          </coordinates>
        </LineString>
      </Placemark>
      <Placemark>
        <name>Polyline_001</name>
        <description>_outerline-DW</description>
        <styleUrl>#line-000000-1200</styleUrl>
        <LineString>
          <tessellate>1</tessellate>
          <coordinates>
            106.662133,10.786588,0
            106.662116,10.786817,0
          </coordinates>
        </LineString>
      </Placemark>
      <Placemark>
        <name>Polyline_001</name>
        <description>_outerline-DW</description>
        <styleUrl>#line-000000-1200</styleUrl>
        <LineString>
          <tessellate>1</tessellate>
          <coordinates>
            106.662133,10.786588,0
            106.662116,10.78682,0
          </coordinates>
        </LineString>
      </Placemark>
      <Placemark>
        <name>Polyline_001</name>
        <description>_outerline-DW</description>
        <styleUrl>#line-000000-1200</styleUrl>
        <LineString>
          <tessellate>1</tessellate>
          <coordinates>
            106.662134,10.786588,0
            106.662116,10.786823,0
          </coordinates>
        </LineString>
      </Placemark>
      <Placemark>
        <name>Polyline_001</name>
        <description>_outerline-DW</description>
        <styleUrl>#line-000000-1200</styleUrl>
        <LineString>
          <tessellate>1</tessellate>
          <coordinates>
            106.662134,10.786588,0
            106.662116,10.786826,0
          </coordinates>
        </LineString>
      </Placemark>
      <Placemark>
        <name>Polyline_001</name>
        <description>_outerline-DW</description>
        <styleUrl>#line-000000-1200</styleUrl>
        <LineString>
          <tessellate>1</tessellate>
          <coordinates>
            106.662134,10.786588,0
            106.662117,10.786829,0
          </coordinates>
        </LineString>
      </Placemark>
      <Placemark>
        <name>Polyline_001</name>
        <description>_outerline-DW</description>
        <styleUrl>#line-000000-1200</styleUrl>
        <LineString>
          <tessellate>1</tessellate>
          <coordinates>
            106.662135,10.786588,0
            106.662117,10.786832,0
          </coordinates>
        </LineString>
      </Placemark>
      <Placemark>
        <name>Polyline_001</name>
        <description>_outerline-DW</description>
        <styleUrl>#line-000000-1200</styleUrl>
        <LineString>
          <tessellate>1</tessellate>
          <coordinates>
            106.662135,10.786588,0
            106.662117,10.786835,0
          </coordinates>
        </LineString>
      </Placemark>
      <Placemark>
        <name>Polyline_001</name>
        <description>_outerline-DW</description>
        <styleUrl>#line-000000-1200</styleUrl>
        <LineString>
          <tessellate>1</tessellate>
          <coordinates>
            106.662136,10.786588,0
            106.662117,10.786838,0
          </coordinates>
        </LineString>
      </Placemark>
      <Placemark>
        <name>Polyline_001</name>
        <description>_outerline-DW</description>
        <styleUrl>#line-000000-1200</styleUrl>
        <LineString>
          <tessellate>1</tessellate>
          <coordinates>
            106.662136,10.786588,0
            106.662118,10.786841,0
          </coordinates>
        </LineString>
      </Placemark>
      <Placemark>
        <name>Polyline_001</name>
        <description>_outerline-DW</description>
        <styleUrl>#line-000000-1200</styleUrl>
        <LineString>
          <tessellate>1</tessellate>
          <coordinates>
            106.662091,10.786448,0
            106.662146,10.786448,0
            106.662141,10.786525,0
          </coordinates>
        </LineString>
      </Placemark>
      <Placemark>
        <name>Polygon_001</name>
        <description>_outerline-DW</description>
        <styleUrl>#line-0000FF-1000</styleUrl>
        <LineString>
          <tessellate>1</tessellate>
          <coordinates>
            106.672906,10.781948,0
            106.673822,10.781458,0
            106.673895,10.781374,0
            106.674373,10.781118,0
            106.674379,10.781129,0
            106.674708,10.780954,0
            106.67518,10.781816,0
            106.675089,10.781864,0
            106.675102,10.781888,0
            106.674166,10.782389,0
            106.674153,10.782365,0
            106.673623,10.782648,0
            106.673636,10.782672,0
            106.67273,10.783157,0
            106.672717,10.783133,0
            106.672596,10.783197,0
            106.672138,10.782359,0
            106.672593,10.782115,0
            106.672865,10.781899,0
            106.672906,10.781948,0
          </coordinates>
        </LineString>
      </Placemark>
      <Placemark>
        <name>Polygon_001</name>
        <description>_outerline-DW</description>
        <styleUrl>#line-0000FF-1000</styleUrl>
        <LineString>
          <tessellate>1</tessellate>
          <coordinates>
            106.666011,10.785463,0
            106.666319,10.785298,0
            106.666392,10.785432,0
            106.666498,10.785375,0
            106.666969,10.786237,0
            106.666033,10.786738,0
            106.66602,10.786714,0
            106.665535,10.786973,0
            106.665548,10.786997,0
            106.66467,10.787467,0
            106.664657,10.787443,0
            106.664554,10.787498,0
            106.664095,10.78666,0
            106.665325,10.786003,0
            106.665346,10.78583,0
            106.665415,10.785793,0
            106.66541,10.785784,0
            106.665565,10.785702,0
            106.665592,10.78567,0
            106.665726,10.785598,0
            106.666004,10.785449,0
            106.666011,10.785463,0
          </coordinates>
        </LineString>
      </Placemark>
      <Placemark>
        <name>Polygon_001</name>
        <description>_outerline-DW</description>
        <styleUrl>#line-0000FF-1000</styleUrl>
        <LineString>
          <tessellate>1</tessellate>
          <coordinates>
            106.660052,10.789887,0
            106.659995,10.790069,0
            106.659579,10.790287,0
            106.659528,10.790192,0
            106.658857,10.790543,0
            106.658844,10.790519,0
            106.658668,10.790611,0
            106.658209,10.789753,0
            106.659095,10.789289,0
            106.659108,10.789313,0
            106.659968,10.788863,0
            106.660195,10.788744,0
            106.660608,10.788528,0
            106.66081,10.788422,0
            106.661269,10.789281,0
            106.660269,10.789804,0
            106.660256,10.78978,0
            106.660052,10.789887,0
          </coordinates>
        </LineString>
      </Placemark>
      <Placemark>
        <name>Polyline_004</name>
        <description>_outerline-DW</description>
        <styleUrl>#line-FF00FF-1000</styleUrl>
        <LineString>
          <tessellate>1</tessellate>
          <coordinates>
            106.644566,10.797945,5.28
            106.644648,10.798094,5.28
          </coordinates>
        </LineString>
      </Placemark>
      <Placemark>
        <name>Polygon_001</name>
        <description>_outerline-DW</description>
        <styleUrl>#line-0000FF-1000</styleUrl>
        <LineString>
          <tessellate>1</tessellate>
          <coordinates>
            106.643483,10.798994,5.28
            106.643401,10.799227,5.28
            106.643045,10.799388,5.28
            106.642816,10.799427,5.28
            106.642665,10.799156,5.28
            106.64205,10.799486,5.28
            106.641605,10.798675,5.28
            106.643295,10.79777,5.28
            106.643282,10.797746,5.28
            106.644191,10.797259,5.28
            106.644648,10.798094,5.28
            106.64339,10.798768,5.28
            106.643483,10.798994,5.28
          </coordinates>
        </LineString>
      </Placemark>
      <Placemark>
        <name>Polygon_001</name>
        <description>_outerline-DW</description>
        <styleUrl>#line-0000FF-1000</styleUrl>
        <LineString>
          <tessellate>1</tessellate>
          <coordinates>
            106.636049,10.804935,5.28
            106.635194,10.807599,5.28
            106.634971,10.807532,5.28
            106.634528,10.807399,5.28
            106.6343,10.807331,5.28
            106.63432,10.807269,5.28
            106.634266,10.807253,5.28
            106.634572,10.806256,5.28
            106.634625,10.806272,5.28
            106.63512,10.804657,5.28
            106.63586,10.804879,5.28
            106.636049,10.804935,5.28
          </coordinates>
        </LineString>
      </Placemark>
      <Placemark>
        <name>Polyline_005</name>
        <description>_outerline-DW</description>
        <styleUrl>#line-0000FF-1000</styleUrl>
        <LineString>
          <tessellate>1</tessellate>
          <coordinates>
            106.63233,10.813669,5.28
            106.633142,10.810979,5.28
            106.633954,10.811224,5.28
            106.633588,10.812384,5.28
            106.633622,10.812563,5.28
            106.633493,10.813018,5.28
            106.633397,10.812989,5.28
            106.633108,10.813904,5.28
            106.63233,10.813669,5.28
          </coordinates>
        </LineString>
      </Placemark>
      <Placemark>
        <name>Polyline_006</name>
        <description>主线xlPolygon</description>
        <styleUrl>#line-00FF00-1000</styleUrl>
        <LineString>
          <tessellate>1</tessellate>
          <coordinates>
            106.633108,10.813904,5.28
          </coordinates>
        </LineString>
      </Placemark>
      <Placemark>
        <name>Polyline_004</name>
        <description>_outerline-DW</description>
        <styleUrl>#line-FF00FF-1000</styleUrl>
        <LineString>
          <tessellate>1</tessellate>
          <coordinates>
            106.63233,10.813669,5.28
          </coordinates>
        </LineString>
      </Placemark>
      <Placemark>
        <name>Polyline_002</name>
        <description>主线xlPolygon</description>
        <styleUrl>#line-FF0000-1000</styleUrl>
        <LineString>
          <tessellate>1</tessellate>
          <coordinates>
            106.69925,10.771096,0
            106.696385,10.771212,0
            106.696379,10.771213,0
            106.696373,10.771213,0
            106.696367,10.771213,0
            106.696361,10.771213,0
            106.696354,10.771214,0
            106.696348,10.771214,0
            106.696342,10.771214,0
            106.696336,10.771214,0
            106.69633,10.771215,0
            106.696324,10.771215,0
            106.696318,10.771215,0
            106.696312,10.771215,0
            106.696306,10.771216,0
            106.696299,10.771216,0
            106.696293,10.771216,0
            106.696287,10.771217,0
            106.696281,10.771217,0
            106.696275,10.771217,0
            106.696269,10.771217,0
            106.696263,10.771218,0
            106.696257,10.771218,0
            106.69625,10.771218,0
            106.696244,10.771218,0
            106.696238,10.771219,0
            106.696232,10.771219,0
            106.696226,10.771219,0
            106.69622,10.771219,0
            106.696214,10.77122,0
            106.696208,10.77122,0
            106.696202,10.77122,0
            106.696195,10.771221,0
            106.696189,10.771221,0
            106.696183,10.771221,0
            106.696177,10.771221,0
            106.696171,10.771222,0
            106.696165,10.771222,0
            106.696159,10.771222,0
            106.696153,10.771222,0
            106.696147,10.771223,0
            106.69614,10.771223,0
            106.696134,10.771223,0
            106.696128,10.771224,0
            106.696122,10.771224,0
            106.696116,10.771224,0
            106.69611,10.771224,0
            106.696104,10.771225,0
            106.696098,10.771225,0
            106.696092,10.771225,0
            106.694696,10.771291,0
            106.694687,10.771291,0
            106.694678,10.771292,0
            106.694669,10.771292,0
            106.69466,10.771293,0
            106.694651,10.771293,0
            106.694641,10.771294,0
            106.694632,10.771294,0
            106.694623,10.771295,0
            106.694614,10.771295,0
            106.694605,10.771295,0
            106.694596,10.771296,0
            106.694587,10.771296,0
            106.694577,10.771297,0
            106.694568,10.771297,0
            106.694559,10.771298,0
            106.69455,10.771298,0
            106.694541,10.771299,0
            106.694532,10.771299,0
            106.694523,10.7713,0
            106.694514,10.7713,0
            106.694504,10.771301,0
            106.694495,10.771301,0
            106.694486,10.771302,0
            106.694477,10.771302,0
            106.694468,10.771303,0
            106.694459,10.771304,0
            106.69445,10.771304,0
            106.694441,10.771305,0
            106.694431,10.771305,0
            106.694422,10.771306,0
            106.694413,10.771307,0
            106.694404,10.771307,0
            106.694395,10.771308,0
            106.694386,10.771309,0
            106.694377,10.77131,0
            106.694368,10.77131,0
            106.694359,10.771311,0
            106.694349,10.771312,0
            106.69434,10.771313,0
            106.694331,10.771313,0
            106.694322,10.771314,0
            106.694313,10.771315,0
            106.694304,10.771316,0
            106.694295,10.771317,0
            106.694286,10.771318,0
            106.694277,10.771319,0
            106.694267,10.77132,0
            106.694258,10.771321,0
            106.694249,10.771322,0
            106.69424,10.771323,0
            106.694231,10.771324,0
            106.694222,10.771325,0
            106.694213,10.771326,0
            106.694204,10.771327,0
            106.694195,10.771328,0
            106.694186,10.771329,0
            106.694177,10.771331,0
            106.694168,10.771332,0
            106.694159,10.771333,0
            106.69415,10.771334,0
            106.694141,10.771336,0
            106.694128,10.771337,0
            106.694114,10.77134,0
            106.6941,10.771342,0
            106.694086,10.771344,0
            106.694073,10.771346,0
            106.694059,10.771349,0
            106.694045,10.771351,0
            106.694031,10.771354,0
            106.694017,10.771356,0
            106.694004,10.771359,0
            106.69399,10.771362,0
            106.693976,10.771365,0
            106.693963,10.771368,0
            106.693949,10.771371,0
            106.693935,10.771374,0
            106.693922,10.771377,0
            106.693908,10.77138,0
            106.693894,10.771383,0
            106.693881,10.771386,0
            106.693867,10.77139,0
            106.693854,10.771393,0
            106.69384,10.771397,0
            106.693826,10.7714,0
            106.693813,10.771404,0
            106.693799,10.771408,0
            106.693786,10.771412,0
            106.693773,10.771415,0
            106.693759,10.771419,0
            106.693746,10.771423,0
            106.693732,10.771427,0
            106.693719,10.771431,0
            106.693706,10.771436,0
            106.693692,10.77144,0
            106.693679,10.771444,0
            106.693666,10.771449,0
            106.693652,10.771453,0
            106.693639,10.771458,0
            106.693626,10.771462,0
            106.693613,10.771467,0
            106.6936,10.771472,0
            106.693586,10.771476,0
            106.693573,10.771481,0
            106.69356,10.771486,0
            106.693547,10.771491,0
            106.693534,10.771496,0
            106.693521,10.771501,0
            106.693508,10.771506,0
            106.693495,10.771512,0
            106.693482,10.771517,0
            106.693474,10.771521,0
            106.693465,10.771524,0
            106.693457,10.771528,0
            106.693449,10.771531,0
            106.69344,10.771535,0
            106.693432,10.771538,0
            106.693423,10.771542,0
            106.693415,10.771546,0
            106.693407,10.77155,0
            106.693398,10.771553,0
            106.69339,10.771557,0
            106.693382,10.771561,0
            106.693373,10.771565,0
            106.693365,10.771568,0
            106.693357,10.771572,0
            106.693349,10.771576,0
            106.69334,10.77158,0
            106.693332,10.771584,0
            106.693324,10.771588,0
            106.693316,10.771592,0
            106.693307,10.771596,0
            106.693299,10.7716,0
            106.693291,10.771604,0
            106.693283,10.771608,0
            106.693275,10.771612,0
            106.693266,10.771616,0
            106.693258,10.77162,0
            106.69325,10.771624,0
            106.693242,10.771628,0
            106.693234,10.771632,0
            106.693226,10.771636,0
            106.693218,10.77164,0
            106.693209,10.771644,0
            106.693201,10.771649,0
            106.693193,10.771653,0
            106.693185,10.771657,0
            106.693177,10.771661,0
            106.693169,10.771665,0
            106.693161,10.77167,0
            106.693153,10.771674,0
            106.693145,10.771678,0
            106.693137,10.771682,0
            106.693128,10.771686,0
            106.69312,10.771691,0
            106.693112,10.771695,0
            106.693104,10.771699,0
            106.693096,10.771704,0
            106.693088,10.771708,0
            106.69308,10.771712,0
            106.693072,10.771716,0
            106.693064,10.771721,0
            106.693056,10.771725,0
            106.693048,10.771729,0
            106.69304,10.771734,0
            106.693032,10.771738,0
            106.693024,10.771742,0
            106.693016,10.771747,0
            106.693008,10.771751,0
            106.693,10.771755,0
            106.692992,10.77176,0
            106.692984,10.771764,0
            106.692976,10.771768,0
            106.689309,10.773746,0
            106.689301,10.773751,0
            106.689293,10.773755,0
            106.689285,10.773759,0
            106.689277,10.773764,0
            106.689269,10.773768,0
            106.689261,10.773772,0
            106.689252,10.773777,0
            106.689244,10.773781,0
            106.689236,10.773785,0
            106.689228,10.77379,0
            106.68922,10.773794,0
            106.689212,10.773798,0
            106.689204,10.773803,0
            106.689196,10.773807,0
            106.689188,10.773811,0
            106.68918,10.773816,0
            106.689172,10.77382,0
            106.689164,10.773824,0
            106.689156,10.773828,0
            106.689148,10.773833,0
            106.689142,10.773836,0
            106.689135,10.77384,0
            106.689129,10.773843,0
            106.689122,10.773846,0
            106.689116,10.77385,0
            106.68911,10.773853,0
            106.689103,10.773857,0
            106.689097,10.77386,0
            106.68909,10.773863,0
            106.689084,10.773867,0
            106.689077,10.77387,0
            106.689071,10.773874,0
            106.689065,10.773877,0
            106.689058,10.77388,0
            106.689052,10.773884,0
            106.689045,10.773887,0
            106.689039,10.773891,0
            106.689033,10.773894,0
            106.689026,10.773897,0
            106.68902,10.773901,0
            106.689013,10.773904,0
            106.689007,10.773908,0
            106.689,10.773911,0
            106.688994,10.773914,0
            106.688987,10.773918,0
            106.688981,10.773921,0
            106.688975,10.773924,0
            106.688968,10.773928,0
            106.688962,10.773931,0
            106.688955,10.773935,0
            106.688949,10.773938,0
            106.688942,10.773941,0
            106.688936,10.773945,0
            106.68893,10.773948,0
            106.688923,10.773951,0
            106.688917,10.773955,0
            106.68891,10.773958,0
            106.688904,10.773961,0
            106.688897,10.773965,0
            106.688891,10.773968,0
            106.688884,10.773972,0
            106.688878,10.773975,0
            106.688871,10.773978,0
            106.688865,10.773982,0
            106.688859,10.773985,0
            106.688852,10.773988,0
            106.688846,10.773992,0
            106.688839,10.773995,0
            106.688831,10.773999,0
            106.688823,10.774003,0
            106.688815,10.774007,0
            106.688807,10.774012,0
            106.688799,10.774016,0
            106.688791,10.77402,0
            106.688782,10.774024,0
            106.688774,10.774028,0
            106.688766,10.774032,0
            106.688758,10.774037,0
            106.68875,10.774041,0
            106.688742,10.774045,0
            106.688734,10.774049,0
            106.688726,10.774053,0
            106.688717,10.774057,0
            106.688709,10.774062,0
            106.688701,10.774066,0
            106.688693,10.77407,0
            106.688685,10.774074,0
            106.688677,10.774078,0
            106.688297,10.774272,0
            106.688289,10.774276,0
            106.688281,10.77428,0
            106.688273,10.774285,0
            106.688265,10.774289,0
            106.688257,10.774293,0
            106.688248,10.774297,0
            106.68824,10.774301,0
            106.688232,10.774305,0
            106.688224,10.77431,0
            106.688216,10.774314,0
            106.688208,10.774318,0
            106.6882,10.774322,0
            106.688192,10.774326,0
            106.688183,10.77433,0
            106.688175,10.774334,0
            106.688167,10.774339,0
            106.688159,10.774343,0
            106.688151,10.774347,0
            106.688143,10.774351,0
            106.688135,10.774355,0
            106.688128,10.774359,0
            106.688122,10.774362,0
            106.688115,10.774365,0
            106.688109,10.774369,0
            106.688103,10.774372,0
            106.688096,10.774375,0
            106.68809,10.774379,0
            106.688083,10.774382,0
            106.688077,10.774385,0
            106.68807,10.774389,0
            106.688064,10.774392,0
            106.688057,10.774395,0
            106.688051,10.774399,0
            106.688044,10.774402,0
            106.688038,10.774406,0
            106.688032,10.774409,0
            106.688025,10.774412,0
            106.688019,10.774416,0
            106.688012,10.774419,0
            106.688006,10.774422,0
            106.687999,10.774426,0
            106.687993,10.774429,0
            106.687987,10.774433,0
            106.68798,10.774436,0
            106.687974,10.774439,0
            106.687967,10.774443,0
            106.687961,10.774446,0
            106.687954,10.774449,0
            106.687948,10.774453,0
            106.687942,10.774456,0
            106.687935,10.77446,0
            106.687929,10.774463,0
            106.687922,10.774466,0
            106.687916,10.77447,0
            106.687909,10.774473,0
            106.687903,10.774477,0
            106.687897,10.77448,0
            106.68789,10.774483,0
            106.687884,10.774487,0
            106.687877,10.77449,0
            106.687871,10.774494,0
            106.687864,10.774497,0
            106.687858,10.7745,0
            106.687852,10.774504,0
            106.687845,10.774507,0
            106.687839,10.774511,0
            106.687832,10.774514,0
            106.687826,10.774518,0
            106.687818,10.774522,0
            106.68781,10.774526,0
            106.687802,10.77453,0
            106.687794,10.774535,0
            106.687786,10.774539,0
            106.687778,10.774543,0
            106.68777,10.774548,0
            106.687762,10.774552,0
            106.687754,10.774556,0
            106.687746,10.774561,0
            106.687738,10.774565,0
            106.68773,10.774569,0
            106.687722,10.774574,0
            106.687714,10.774578,0
            106.687705,10.774582,0
            106.687697,10.774587,0
            106.687689,10.774591,0
            106.687681,10.774595,0
            106.687673,10.7746,0
            106.687665,10.774604,0
            106.684372,10.77638,0
            106.684364,10.776384,0
            106.684356,10.776389,0
            106.684348,10.776393,0
            106.68434,10.776397,0
            106.684332,10.776402,0
            106.684324,10.776406,0
            106.684316,10.77641,0
            106.684308,10.776415,0
            106.6843,10.776419,0
            106.684292,10.776423,0
            106.684284,10.776428,0
            106.684276,10.776432,0
            106.684268,10.776436,0
            106.68426,10.776441,0
            106.684252,10.776445,0
            106.684244,10.77645,0
            106.684236,10.776454,0
            106.684228,10.776458,0
            106.68422,10.776463,0
            106.684212,10.776467,0
            106.684205,10.776471,0
            106.684199,10.776474,0
            106.684192,10.776478,0
            106.684185,10.776481,0
            106.684179,10.776485,0
            106.684172,10.776489,0
            106.684165,10.776492,0
            106.684159,10.776496,0
            106.684152,10.7765,0
            106.684146,10.776503,0
            106.684139,10.776507,0
            106.684132,10.77651,0
            106.684126,10.776514,0
            106.684119,10.776518,0
            106.684112,10.776521,0
            106.684106,10.776525,0
            106.684099,10.776529,0
            106.684092,10.776532,0
            106.684086,10.776536,0
            106.684079,10.77654,0
            106.684073,10.776543,0
            106.684066,10.776547,0
            106.684059,10.776551,0
            106.684053,10.776554,0
            106.684046,10.776558,0
            106.68404,10.776562,0
            106.684033,10.776565,0
            106.684026,10.776569,0
            106.68402,10.776573,0
            106.684013,10.776576,0
            106.684006,10.77658,0
            106.684,10.776584,0
            106.683993,10.776587,0
            106.683987,10.776591,0
            106.68398,10.776595,0
            106.683973,10.776599,0
            106.683967,10.776602,0
            106.68396,10.776606,0
            106.683954,10.77661,0
            106.683947,10.776613,0
            106.68394,10.776617,0
            106.683934,10.776621,0
            106.683927,10.776624,0
            106.683921,10.776628,0
            106.683914,10.776632,0
            106.683907,10.776636,0
            106.683901,10.776639,0
            106.683894,10.776643,0
            106.683886,10.776647,0
            106.683878,10.776652,0
            106.68387,10.776656,0
            106.683863,10.776661,0
            106.683855,10.776665,0
            106.683847,10.77667,0
            106.683839,10.776674,0
            106.683831,10.776679,0
            106.683823,10.776683,0
            106.683815,10.776688,0
            106.683807,10.776692,0
            106.683799,10.776697,0
            106.683791,10.776701,0
            106.683783,10.776706,0
            106.683775,10.77671,0
            106.683767,10.776715,0
            106.683759,10.776719,0
            106.683752,10.776724,0
            106.683744,10.776728,0
            106.683736,10.776733,0
            106.683443,10.7769,0
            106.683435,10.776904,0
            106.683427,10.776909,0
            106.683419,10.776913,0
            106.683411,10.776918,0
            106.683403,10.776922,0
            106.683395,10.776927,0
            106.683388,10.776931,0
            106.68338,10.776936,0
            106.683372,10.77694,0
            106.683364,10.776945,0
            106.683356,10.776949,0
            106.683348,10.776954,0
            106.68334,10.776958,0
            106.683335,10.776963,0
            106.683324,10.776967,0
            106.683316,10.776972,0
            106.683308,10.776976,0
            106.6833,10.776981,0
            106.683292,10.776985,0
            106.683284,10.77699,0
            106.683277,10.776994,0
            106.68327,10.776998,0
            106.683262,10.777002,0
            106.683255,10.777006,0
            106.683248,10.77701,0
            106.68324,10.777014,0
            106.683233,10.777019,0
            106.683226,10.777023,0
            106.683218,10.777027,0
            106.683211,10.777031,0
            106.683204,10.777035,0
            106.683196,10.777039,0
            106.683189,10.777043,0
            106.683182,10.777047,0
            106.683174,10.777051,0
            106.683167,10.777055,0
            106.68316,10.77706,0
            106.683152,10.777064,0
            106.683145,10.777068,0
            106.683138,10.777072,0
            106.68313,10.777076,0
            106.683123,10.77708,0
            106.683115,10.777084,0
            106.683108,10.777088,0
            106.683101,10.777092,0
            106.683093,10.777096,0
            106.683086,10.7771,0
            106.683079,10.777104,0
            106.683071,10.777108,0
            106.683064,10.777113,0
            106.683056,10.777117,0
            106.683049,10.777121,0
            106.683042,10.777125,0
            106.683034,10.777129,0
            106.683027,10.777133,0
            106.68302,10.777137,0
            106.683012,10.777141,0
            106.683005,10.777145,0
            106.682997,10.777149,0
            106.68299,10.777153,0
            106.682983,10.777157,0
            106.682975,10.777161,0
            106.682968,10.777165,0
            106.68296,10.777169,0
            106.682953,10.777173,0
            106.682946,10.777177,0
            106.682938,10.777181,0
            106.682931,10.777185,0
            106.682923,10.77719,0
            106.682915,10.777194,0
            106.682907,10.777198,0
            106.682899,10.777203,0
            106.682891,10.777207,0
            106.682883,10.777211,0
            106.682875,10.777216,0
            106.682867,10.77722,0
            106.682859,10.777224,0
            106.682851,10.777229,0
            106.682843,10.777233,0
            106.682835,10.777237,0
            106.682827,10.777241,0
            106.682819,10.777246,0
            106.682811,10.77725,0
            106.682802,10.777254,0
            106.682794,10.777259,0
            106.682786,10.777263,0
            106.682778,10.777267,0
            106.68277,10.777272,0
            106.680717,10.778375,0
            106.680709,10.778379,0
            106.680701,10.778383,0
            106.680693,10.778388,0
            106.680685,10.778392,0
            106.680677,10.778396,0
            106.680669,10.778401,0
            106.680661,10.778405,0
            106.680653,10.778409,0
            106.680645,10.778413,0
            106.680637,10.778418,0
            106.680629,10.778422,0
            106.680621,10.778426,0
            106.680613,10.778431,0
            106.680605,10.778435,0
            106.680596,10.778439,0
            106.680588,10.778444,0
            106.68058,10.778448,0
            106.680572,10.778452,0
            106.680564,10.778456,0
            106.680556,10.778461,0
            106.680551,10.778464,0
            106.680546,10.778466,0
            106.680541,10.778469,0
            106.680536,10.778472,0
            106.680531,10.778474,0
            106.680525,10.778477,0
            106.68052,10.77848,0
            106.680515,10.778483,0
            106.68051,10.778485,0
            106.680505,10.778488,0
            106.6805,10.778491,0
            106.680495,10.778494,0
            106.680489,10.778496,0
            106.680484,10.778499,0
            106.680479,10.778502,0
            106.680474,10.778504,0
            106.680469,10.778507,0
            106.680464,10.77851,0
            106.680458,10.778513,0
            106.680453,10.778515,0
            106.680448,10.778518,0
            106.680443,10.778521,0
            106.680438,10.778524,0
            106.680433,10.778526,0
            106.680428,10.778529,0
            106.680422,10.778532,0
            106.680417,10.778534,0
            106.680412,10.778537,0
            106.680407,10.77854,0
            106.680402,10.778542,0
            106.680397,10.778545,0
            106.680391,10.778548,0
            106.680386,10.778551,0
            106.680381,10.778553,0
            106.680376,10.778556,0
            106.680371,10.778559,0
            106.680366,10.778561,0
            106.68036,10.778564,0
            106.680355,10.778567,0
            106.68035,10.77857,0
            106.680345,10.778572,0
            106.68034,10.778575,0
            106.680335,10.778578,0
            106.680329,10.77858,0
            106.680324,10.778583,0
            106.680319,10.778586,0
            106.680314,10.778588,0
            106.680309,10.778591,0
            106.680301,10.778595,0
            106.680293,10.778599,0
            106.680285,10.778604,0
            106.680276,10.778608,0
            106.680268,10.778612,0
            106.68026,10.778616,0
            106.680252,10.77862,0
            106.680244,10.778625,0
            106.680236,10.778629,0
            106.680228,10.778633,0
            106.68022,10.778637,0
            106.680212,10.778641,0
            106.680203,10.778646,0
            106.680195,10.77865,0
            106.680187,10.778654,0
            106.680179,10.778658,0
            106.680171,10.778662,0
            106.680163,10.778666,0
            106.680155,10.778671,0
            106.680147,10.778675,0
            106.67988,10.778813,0
            106.679871,10.778817,0
            106.679863,10.778821,0
            106.679855,10.778825,0
            106.679847,10.778829,0
            106.679839,10.778834,0
            106.679831,10.778838,0
            106.679823,10.778842,0
            106.679815,10.778846,0
            106.679807,10.77885,0
            106.679798,10.778855,0
            106.67979,10.778859,0
            106.679782,10.778863,0
            106.679774,10.778867,0
            106.679766,10.778871,0
            106.679758,10.778875,0
            106.67975,10.77888,0
            106.679742,10.778884,0
            106.679734,10.778888,0
            106.679726,10.778892,0
            106.679717,10.778896,0
            106.679712,10.778899,0
            106.679707,10.778902,0
            106.679702,10.778905,0
            106.679697,10.778907,0
            106.679692,10.77891,0
            106.679686,10.778913,0
            106.679681,10.778915,0
            106.679676,10.778918,0
            106.679671,10.778921,0
            106.679666,10.778923,0
            106.679661,10.778926,0
            106.679655,10.778929,0
            106.67965,10.778932,0
            106.679645,10.778934,0
            106.67964,10.778937,0
            106.679635,10.77894,0
            106.67963,10.778942,0
            106.679625,10.778945,0
            106.679619,10.778948,0
            106.679614,10.77895,0
            106.679609,10.778953,0
            106.679604,10.778956,0
            106.679599,10.778959,0
            106.679594,10.778961,0
            106.679588,10.778964,0
            106.679583,10.778967,0
            106.679578,10.778969,0
            106.679573,10.778972,0
            106.679568,10.778975,0
            106.679563,10.778978,0
            106.679557,10.77898,0
            106.679552,10.778983,0
            106.679547,10.778986,0
            106.679542,10.778988,0
            106.679537,10.778991,0
            106.679532,10.778994,0
            106.679527,10.778997,0
            106.679521,10.778999,0
            106.679516,10.779002,0
            106.679511,10.779005,0
            106.679506,10.779008,0
            106.679501,10.77901,0
            106.679496,10.779013,0
            106.679491,10.779016,0
            106.679485,10.779019,0
            106.67948,10.779021,0
            106.679475,10.779024,0
            106.67947,10.779027,0
            106.679462,10.779031,0
            106.679454,10.779035,0
            106.679446,10.77904,0
            106.679438,10.779044,0
            106.67943,10.779048,0
            106.679422,10.779053,0
            106.679414,10.779057,0
            106.679406,10.779061,0
            106.679398,10.779065,0
            106.67939,10.77907,0
            106.679382,10.779074,0
            106.679373,10.779078,0
            106.679365,10.779083,0
            106.679357,10.779087,0
            106.679349,10.779091,0
            106.679341,10.779096,0
            106.679333,10.7791,0
            106.679325,10.779104,0
            106.679317,10.779109,0
            106.679309,10.779113,0
            106.676043,10.780867,0
            106.676035,10.780872,0
            106.676027,10.780876,0
            106.676019,10.78088,0
            106.676011,10.780884,0
            106.676003,10.780889,0
            106.675995,10.780893,0
            106.675987,10.780897,0
            106.675979,10.780902,0
            106.675971,10.780906,0
            106.675963,10.78091,0
            106.675955,10.780915,0
            106.675947,10.780919,0
            106.675939,10.780923,0
            106.675931,10.780928,0
            106.675923,10.780932,0
            106.675915,10.780936,0
            106.675907,10.780941,0
            106.675899,10.780945,0
            106.675891,10.780949,0
            106.675883,10.780954,0
            106.675878,10.780956,0
            106.675873,10.780959,0
            106.675868,10.780962,0
            106.675863,10.780964,0
            106.675858,10.780967,0
            106.675854,10.780969,0
            106.675849,10.780972,0
            106.675844,10.780975,0
            106.675839,10.780977,0
            106.675834,10.78098,0
            106.67583,10.780982,0
            106.675825,10.780985,0
            106.67582,10.780988,0
            106.675815,10.78099,0
            106.67581,10.780993,0
            106.675805,10.780996,0
            106.675801,10.780998,0
            106.675796,10.781001,0
            106.675791,10.781003,0
            106.675786,10.781006,0
            106.675781,10.781009,0
            106.675777,10.781011,0
            106.675772,10.781014,0
            106.675767,10.781017,0
            106.675762,10.781019,0
            106.675757,10.781022,0
            106.675753,10.781024,0
            106.675748,10.781027,0
            106.675743,10.78103,0
            106.675738,10.781032,0
            106.675733,10.781035,0
            106.675728,10.781038,0
            106.675724,10.78104,0
            106.675719,10.781043,0
            106.675714,10.781045,0
            106.675709,10.781048,0
            106.675704,10.781051,0
            106.6757,10.781053,0
            106.675695,10.781056,0
            106.67569,10.781059,0
            106.675685,10.781061,0
            106.67568,10.781064,0
            106.675676,10.781067,0
            106.675671,10.781069,0
            106.675666,10.781072,0
            106.675661,10.781075,0
            106.675656,10.781077,0
            106.675652,10.78108,0
            106.675644,10.781084,0
            106.675636,10.781089,0
            106.675628,10.781093,0
            106.67562,10.781097,0
            106.675612,10.781102,0
            106.675604,10.781106,0
            106.675596,10.781111,0
            106.675588,10.781115,0
            106.67558,10.78112,0
            106.675572,10.781124,0
            106.675564,10.781128,0
            106.675556,10.781133,0
            106.675548,10.781137,0
            106.67554,10.781142,0
            106.675532,10.781146,0
            106.675524,10.78115,0
            106.675516,10.781155,0
            106.675508,10.781159,0
            106.6755,10.781164,0
            106.675492,10.781168,0
            106.67528,10.781286,0
            106.675272,10.78129,0
            106.675264,10.781295,0
            106.675256,10.781299,0
            106.675248,10.781303,0
            106.67524,10.781308,0
            106.675232,10.781312,0
            106.675224,10.781317,0
            106.675216,10.781321,0
            106.675209,10.781326,0
            106.675201,10.78133,0
            106.675193,10.781334,0
            106.675185,10.781339,0
            106.675177,10.781343,0
            106.675169,10.781348,0
            106.675161,10.781352,0
            106.675153,10.781356,0
            106.675145,10.781361,0
            106.675137,10.781365,0
            106.675129,10.78137,0
            106.675121,10.781374,0
            106.675115,10.781377,0
            106.675109,10.781381,0
            106.675103,10.781384,0
            106.675097,10.781387,0
            106.675091,10.78139,0
            106.675086,10.781393,0
            106.67508,10.781397,0
            106.675074,10.7814,0
            106.675068,10.781403,0
            106.675062,10.781406,0
            106.675056,10.78141,0
            106.67505,10.781413,0
            106.675045,10.781416,0
            106.675039,10.781419,0
            106.675033,10.781422,0
            106.675027,10.781426,0
            106.675021,10.781429,0
            106.675015,10.781432,0
            106.675009,10.781435,0
            106.675004,10.781438,0
            106.674998,10.781442,0
            106.674992,10.781445,0
            106.674986,10.781448,0
            106.67498,10.781451,0
            106.674974,10.781454,0
            106.674968,10.781458,0
            106.674963,10.781461,0
            106.674957,10.781464,0
            106.674951,10.781467,0
            106.674945,10.78147,0
            106.674939,10.781474,0
            106.674933,10.781477,0
            106.674927,10.78148,0
            106.674921,10.781483,0
            106.674916,10.781486,0
            106.67491,10.781489,0
            106.674904,10.781493,0
            106.674898,10.781496,0
            106.674892,10.781499,0
            106.674886,10.781502,0
            106.67488,10.781505,0
            106.674874,10.781509,0
            106.674869,10.781512,0
            106.674863,10.781515,0
            106.674857,10.781518,0
            106.674851,10.781521,0
            106.674845,10.781524,0
            106.674839,10.781528,0
            106.674831,10.781532,0
            106.674823,10.781536,0
            106.674815,10.781541,0
            106.674807,10.781545,0
            106.674799,10.781549,0
            106.674791,10.781554,0
            106.674783,10.781558,0
            106.674775,10.781562,0
            106.674767,10.781566,0
            106.674759,10.781571,0
            106.674751,10.781575,0
            106.674743,10.781579,0
            106.674735,10.781584,0
            106.674727,10.781588,0
            106.674719,10.781592,0
            106.674711,10.781597,0
            106.674702,10.781601,0
            106.674694,10.781605,0
            106.674686,10.781609,0
            106.674678,10.781614,0
            106.67266,10.782693,0
            106.672652,10.782698,0
            106.672644,10.782702,0
            106.672636,10.782706,0
            106.672628,10.782711,0
            106.67262,10.782715,0
            106.672612,10.782719,0
            106.672604,10.782723,0
            106.672596,10.782728,0
            106.672587,10.782732,0
            106.672579,10.782736,0
            106.672571,10.782741,0
            106.672563,10.782745,0
            106.672555,10.782749,0
            106.672547,10.782753,0
            106.672539,10.782758,0
            106.672531,10.782762,0
            106.672523,10.782766,0
            106.672515,10.782771,0
            106.672507,10.782775,0
            106.672499,10.782779,0
            106.672494,10.782782,0
            106.672489,10.782785,0
            106.672483,10.782787,0
            106.672478,10.78279,0
            106.672473,10.782793,0
            106.672468,10.782796,0
            106.672463,10.782798,0
            106.672457,10.782801,0
            106.672452,10.782804,0
            106.672447,10.782807,0
            106.672442,10.782809,0
            106.672437,10.782812,0
            106.672432,10.782815,0
            106.672426,10.782818,0
            106.672421,10.78282,0
            106.672416,10.782823,0
            106.672411,10.782826,0
            106.672406,10.782828,0
            106.6724,10.782831,0
            106.672395,10.782834,0
            106.67239,10.782837,0
            106.672385,10.782839,0
            106.67238,10.782842,0
            106.672374,10.782845,0
            106.672369,10.782848,0
            106.672364,10.78285,0
            106.672359,10.782853,0
            106.672354,10.782856,0
            106.672348,10.782858,0
            106.672343,10.782861,0
            106.672338,10.782864,0
            106.672333,10.782867,0
            106.672328,10.782869,0
            106.672322,10.782872,0
            106.672317,10.782875,0
            106.672312,10.782877,0
            106.672307,10.78288,0
            106.672302,10.782883,0
            106.672296,10.782886,0
            106.672291,10.782888,0
            106.672286,10.782891,0
            106.672281,10.782894,0
            106.672276,10.782896,0
            106.67227,10.782899,0
            106.672265,10.782902,0
            106.67226,10.782904,0
            106.672255,10.782907,0
            106.67225,10.78291,0
            106.672241,10.782914,0
            106.672233,10.782918,0
            106.672225,10.782922,0
            106.672217,10.782927,0
            106.672209,10.782931,0
            106.672201,10.782935,0
            106.672193,10.782939,0
            106.672185,10.782943,0
            106.672177,10.782947,0
            106.672168,10.782952,0
            106.67216,10.782956,0
            106.672152,10.78296,0
            106.672144,10.782964,0
            106.672136,10.782968,0
            106.672128,10.782972,0
            106.67212,10.782977,0
            106.672112,10.782981,0
            106.672104,10.782985,0
            106.672095,10.782989,0
            106.672087,10.782993,0
            106.671825,10.783128,0
            106.671817,10.783132,0
            106.671809,10.783136,0
            106.6718,10.783141,0
            106.671792,10.783145,0
            106.671784,10.783149,0
            106.671776,10.783153,0
            106.671768,10.783157,0
            106.67176,10.783161,0
            106.671752,10.783166,0
            106.671744,10.78317,0
            106.671736,10.783174,0
            106.671727,10.783178,0
            106.671719,10.783182,0
            106.671711,10.783186,0
            106.671703,10.783191,0
            106.671695,10.783195,0
            106.671687,10.783199,0
            106.671679,10.783203,0
            106.671671,10.783207,0
            106.671663,10.783212,0
            106.671657,10.783214,0
            106.671652,10.783217,0
            106.671647,10.78322,0
            106.671642,10.783222,0
            106.671637,10.783225,0
            106.671631,10.783228,0
            106.671626,10.78323,0
            106.671621,10.783233,0
            106.671616,10.783236,0
            106.671611,10.783239,0
            106.671605,10.783241,0
            106.6716,10.783244,0
            106.671595,10.783247,0
            106.67159,10.783249,0
            106.671585,10.783252,0
            106.671579,10.783255,0
            106.671574,10.783258,0
            106.671569,10.78326,0
            106.671564,10.783263,0
            106.671559,10.783266,0
            106.671553,10.783268,0
            106.671548,10.783271,0
            106.671543,10.783274,0
            106.671538,10.783277,0
            106.671533,10.783279,0
            106.671527,10.783282,0
            106.671522,10.783285,0
            106.671517,10.783287,0
            106.671512,10.78329,0
            106.671507,10.783293,0
            106.671501,10.783296,0
            106.671496,10.783298,0
            106.671491,10.783301,0
            106.671486,10.783304,0
            106.671481,10.783307,0
            106.671475,10.783309,0
            106.67147,10.783312,0
            106.671465,10.783315,0
            106.67146,10.783318,0
            106.671455,10.78332,0
            106.67145,10.783323,0
            106.671444,10.783326,0
            106.671439,10.783329,0
            106.671434,10.783331,0
            106.671429,10.783334,0
            106.671424,10.783337,0
            106.671418,10.783339,0
            106.671413,10.783342,0
            106.671405,10.783347,0
            106.671397,10.783351,0
            106.671389,10.783355,0
            106.671381,10.783359,0
            106.671373,10.783364,0
            106.671365,10.783368,0
            106.671357,10.783372,0
            106.671349,10.783377,0
            106.671341,10.783381,0
            106.671333,10.783385,0
            106.671325,10.783389,0
            106.671317,10.783394,0
            106.671309,10.783398,0
            106.671301,10.783402,0
            106.671293,10.783407,0
            106.671284,10.783411,0
            106.671276,10.783415,0
            106.671268,10.783419,0
            106.67126,10.783424,0
            106.671252,10.783428,0
            106.667858,10.785244,0
            106.66785,10.785248,0
            106.667842,10.785252,0
            106.667834,10.785256,0
            106.667825,10.785261,0
            106.667817,10.785265,0
            106.667809,10.785269,0
            106.667801,10.785274,0
            106.667793,10.785278,0
            106.667785,10.785282,0
            106.667777,10.785287,0
            106.667769,10.785291,0
            106.667761,10.785295,0
            106.667753,10.7853,0
            106.667745,10.785304,0
            106.667737,10.785308,0
            106.667729,10.785312,0
            106.667721,10.785317,0
            106.667713,10.785321,0
            106.667705,10.785325,0
            106.667697,10.78533,0
            106.667692,10.785333,0
            106.667687,10.785335,0
            106.667682,10.785338,0
            106.667676,10.785341,0
            106.667671,10.785344,0
            106.667666,10.785346,0
            106.667661,10.785349,0
            106.667656,10.785352,0
            106.667651,10.785355,0
            106.667646,10.785357,0
            106.66764,10.78536,0
            106.667635,10.785363,0
            106.66763,10.785366,0
            106.667625,10.785369,0
            106.66762,10.785371,0
            106.667615,10.785374,0
            106.66761,10.785377,0
            106.667605,10.78538,0
            106.667599,10.785383,0
            106.667594,10.785385,0
            106.667589,10.785388,0
            106.667584,10.785391,0
            106.667579,10.785394,0
            106.667574,10.785397,0
            106.667569,10.785399,0
            106.667564,10.785402,0
            106.667558,10.785405,0
            106.667553,10.785408,0
            106.667548,10.78541,0
            106.667543,10.785413,0
            106.667538,10.785416,0
            106.667533,10.785419,0
            106.667528,10.785422,0
            106.667523,10.785425,0
            106.667518,10.785427,0
            106.667512,10.78543,0
            106.667507,10.785433,0
            106.667502,10.785436,0
            106.667497,10.785439,0
            106.667492,10.785441,0
            106.667487,10.785444,0
            106.667482,10.785447,0
            106.667477,10.78545,0
            106.667472,10.785453,0
            106.667466,10.785455,0
            106.667461,10.785458,0
            106.667456,10.785461,0
            106.667451,10.785464,0
            106.667443,10.785468,0
            106.667435,10.785473,0
            106.667427,10.785477,0
            106.667419,10.785482,0
            106.667411,10.785486,0
            106.667403,10.78549,0
            106.667395,10.785495,0
            106.667387,10.785499,0
            106.667379,10.785504,0
            106.667371,10.785508,0
            106.667363,10.785512,0
            106.667355,10.785517,0
            106.667347,10.785521,0
            106.667339,10.785526,0
            106.667331,10.78553,0
            106.667324,10.785535,0
            106.667316,10.785539,0
            106.667308,10.785544,0
            106.6673,10.785548,0
            106.667292,10.785552,0
            106.66703,10.785698,0
            106.667022,10.785702,0
            106.667014,10.785707,0
            106.667006,10.785711,0
            106.666998,10.785716,0
            106.66699,10.78572,0
            106.666982,10.785725,0
            106.666974,10.785729,0
            106.666966,10.785734,0
            106.666958,10.785738,0
            106.66695,10.785742,0
            106.666942,10.785747,0
            106.666934,10.785751,0
            106.666926,10.785756,0
            106.666918,10.78576,0
            106.66691,10.785764,0
            106.666902,10.785769,0
            106.666894,10.785773,0
            106.666886,10.785778,0
            106.666879,10.785782,0
            106.666871,10.785787,0
            106.666865,10.785789,0
            106.66686,10.785792,0
            106.666855,10.785795,0
            106.66685,10.785798,0
            106.666845,10.785801,0
            106.66684,10.785803,0
            106.666835,10.785806,0
            106.66683,10.785809,0
            106.666825,10.785812,0
            106.666819,10.785815,0
            106.666814,10.785818,0
            106.666809,10.78582,0
            106.666804,10.785823,0
            106.666799,10.785826,0
            106.666794,10.785829,0
            106.666789,10.785832,0
            106.666784,10.785834,0
            106.666779,10.785837,0
            106.666773,10.78584,0
            106.666768,10.785843,0
            106.666763,10.785846,0
            106.666758,10.785848,0
            106.666753,10.785851,0
            106.666748,10.785854,0
            106.666743,10.785857,0
            106.666738,10.78586,0
            106.666732,10.785862,0
            106.666727,10.785865,0
            106.666722,10.785868,0
            106.666717,10.785871,0
            106.666712,10.785873,0
            106.666707,10.785876,0
            106.666702,10.785879,0
            106.666697,10.785882,0
            106.666691,10.785885,0
            106.666686,10.785887,0
            106.666681,10.78589,0
            106.666676,10.785893,0
            106.666671,10.785896,0
            106.666668,10.785898,0
            106.666661,10.785901,0
            106.666656,10.785904,0
            106.66665,10.785907,0
            106.666645,10.78591,0
            106.66664,10.785912,0
            106.666635,10.785915,0
            106.66663,10.785918,0
            106.666625,10.785921,0
            106.666617,10.785925,0
            106.666609,10.785929,0
            106.666601,10.785934,0
            106.666593,10.785938,0
            106.666585,10.785942,0
            106.666577,10.785947,0
            106.666569,10.785951,0
            106.66656,10.785955,0
            106.666552,10.78596,0
            106.666544,10.785964,0
            106.666536,10.785968,0
            106.666528,10.785972,0
            106.66652,10.785977,0
            106.666512,10.785981,0
            106.666504,10.785985,0
            106.666496,10.78599,0
            106.666488,10.785994,0
            106.66648,10.785998,0
            106.666472,10.786003,0
            106.666464,10.786007,0
            106.664641,10.786982,0
            106.664633,10.786986,0
            106.664625,10.78699,0
            106.664617,10.786995,0
            106.664609,10.786999,0
            106.664601,10.787003,0
            106.664593,10.787008,0
            106.664585,10.787012,0
            106.664577,10.787016,0
            106.664569,10.78702,0
            106.664561,10.787025,0
            106.664553,10.787029,0
            106.664545,10.787033,0
            106.664536,10.787038,0
            106.664528,10.787042,0
            106.66452,10.787046,0
            106.664512,10.78705,0
            106.664504,10.787055,0
            106.664496,10.787059,0
            106.664488,10.787063,0
            106.66448,10.787068,0
            106.664475,10.78707,0
            106.664469,10.787073,0
            106.664464,10.787076,0
            106.664459,10.787079,0
            106.664453,10.787082,0
            106.664448,10.787085,0
            106.664442,10.787088,0
            106.664437,10.78709,0
            106.664432,10.787093,0
            106.664426,10.787096,0
            106.664421,10.787099,0
            106.664416,10.787102,0
            106.66441,10.787105,0
            106.664405,10.787107,0
            106.664399,10.78711,0
            106.664394,10.787113,0
            106.664389,10.787116,0
            106.664383,10.787119,0
            106.664378,10.787122,0
            106.664372,10.787124,0
            106.664367,10.787127,0
            106.664362,10.78713,0
            106.664356,10.787133,0
            106.664351,10.787136,0
            106.664345,10.787139,0
            106.66434,10.787141,0
            106.664335,10.787144,0
            106.664329,10.787147,0
            106.664324,10.78715,0
            106.664318,10.787153,0
            106.664313,10.787155,0
            106.664308,10.787158,0
            106.664302,10.787161,0
            106.664297,10.787164,0
            106.664291,10.787167,0
            106.664286,10.78717,0
            106.664281,10.787172,0
            106.664275,10.787175,0
            106.66427,10.787178,0
            106.664264,10.787181,0
            106.664259,10.787184,0
            106.664254,10.787186,0
            106.664248,10.787189,0
            106.664243,10.787192,0
            106.664237,10.787195,0
            106.664232,10.787198,0
            106.664227,10.7872,0
            106.664221,10.787203,0
            106.664213,10.787207,0
            106.664205,10.787212,0
            106.664197,10.787216,0
            106.664189,10.78722,0
            106.664181,10.787224,0
            106.664173,10.787228,0
            106.664164,10.787232,0
            106.664156,10.787237,0
            106.664148,10.787241,0
            106.66414,10.787245,0
            106.664132,10.787249,0
            106.664124,10.787253,0
            106.664116,10.787257,0
            106.664108,10.787262,0
            106.6641,10.787266,0
            106.664091,10.78727,0
            106.664083,10.787274,0
            106.664075,10.787278,0
            106.664067,10.787282,0
            106.664059,10.787287,0
            106.663825,10.787407,0
            106.663817,10.787411,0
            106.663809,10.787415,0
            106.663801,10.787419,0
            106.663792,10.787423,0
            106.663784,10.787427,0
            106.663776,10.787432,0
            106.663768,10.787436,0
            106.66376,10.78744,0
            106.663752,10.787444,0
            106.663744,10.787448,0
            106.663736,10.787452,0
            106.663728,10.787457,0
            106.663719,10.787461,0
            106.663711,10.787465,0
            106.663703,10.787469,0
            106.663695,10.787473,0
            106.663687,10.787477,0
            106.663679,10.787482,0
            106.663671,10.787486,0
            106.663663,10.78749,0
            106.663657,10.787493,0
            106.663652,10.787496,0
            106.663646,10.787498,0
            106.663641,10.787501,0
            106.663636,10.787504,0
            106.66363,10.787507,0
            106.663625,10.78751,0
            106.663619,10.787512,0
            106.663614,10.787515,0
            106.663609,10.787518,0
            106.663603,10.787521,0
            106.663598,10.787524,0
            106.663592,10.787526,0
            106.663587,10.787529,0
            106.663582,10.787532,0
            106.663576,10.787535,0
            106.663571,10.787538,0
            106.663565,10.787541,0
            106.66356,10.787543,0
            106.663555,10.787546,0
            106.663549,10.787549,0
            106.663544,10.787552,0
            106.663538,10.787555,0
            106.663533,10.787557,0
            106.663528,10.78756,0
            106.663522,10.787563,0
            106.663517,10.787566,0
            106.663511,10.787569,0
            106.663506,10.787572,0
            106.663501,10.787574,0
            106.663495,10.787577,0
            106.66349,10.78758,0
            106.663485,10.787583,0
            106.663479,10.787586,0
            106.663474,10.787589,0
            106.663468,10.787591,0
            106.663463,10.787594,0
            106.663458,10.787597,0
            106.663452,10.7876,0
            106.663447,10.787603,0
            106.663441,10.787606,0
            106.663436,10.787609,0
            106.663431,10.787611,0
            106.663425,10.787614,0
            106.66342,10.787617,0
            106.663415,10.78762,0
            106.663409,10.787623,0
            106.663404,10.787626,0
            106.663396,10.78763,0
            106.663388,10.787634,0
            106.66338,10.787638,0
            106.663372,10.787643,0
            106.663364,10.787647,0
            106.663355,10.787651,0
            106.663347,10.787656,0
            106.663339,10.78766,0
            106.663331,10.787664,0
            106.663323,10.787668,0
            106.663315,10.787673,0
            106.663307,10.787677,0
            106.663299,10.787681,0
            106.663291,10.787686,0
            106.663283,10.78769,0
            106.663275,10.787694,0
            106.663267,10.787699,0
            106.663259,10.787703,0
            106.663251,10.787707,0
            106.663243,10.787711,0
            106.6622,10.788269,0
            106.662192,10.788274,0
            106.662183,10.788278,0
            106.662175,10.788282,0
            106.662167,10.788287,0
            106.662159,10.788291,0
            106.662151,10.788295,0
            106.662143,10.7883,0
            106.662135,10.788304,0
            106.662127,10.788308,0
            106.662119,10.788312,0
            106.662111,10.788317,0
            106.662103,10.788321,0
            106.662095,10.788325,0
            106.662087,10.78833,0
            106.662079,10.788334,0
            106.662071,10.788338,0
            106.662063,10.788343,0
            106.662055,10.788347,0
            106.662047,10.788351,0
            106.662039,10.788356,0
            106.662033,10.788358,0
            106.662028,10.788361,0
            106.662023,10.788364,0
            106.662017,10.788367,0
            106.662012,10.78837,0
            106.662007,10.788373,0
            106.662001,10.788376,0
            106.661996,10.788379,0
            106.66199,10.788382,0
            106.661985,10.788385,0
            106.66198,10.788388,0
            106.661974,10.78839,0
            106.661969,10.788393,0
            106.661964,10.788396,0
            106.661958,10.788399,0
            106.661953,10.788402,0
            106.661947,10.788405,0
            106.661942,10.788408,0
            106.661937,10.788411,0
            106.661931,10.788414,0
            106.661926,10.788417,0
            106.661921,10.78842,0
            106.661915,10.788423,0
            106.66191,10.788425,0
            106.661905,10.788428,0
            106.661899,10.788431,0
            106.661894,10.788434,0
            106.661889,10.788437,0
            106.661883,10.78844,0
            106.661878,10.788443,0
            106.661872,10.788446,0
            106.661867,10.788449,0
            106.661862,10.788452,0
            106.661856,10.788455,0
            106.661851,10.788458,0
            106.661846,10.788461,0
            106.66184,10.788464,0
            106.661835,10.788467,0
            106.66183,10.78847,0
            106.661824,10.788472,0
            106.661819,10.788475,0
            106.661814,10.788478,0
            106.661808,10.788481,0
            106.661803,10.788484,0
            106.661798,10.788487,0
            106.661792,10.78849,0
            106.661787,10.788493,0
            106.661781,10.788496,0
            106.661773,10.7885,0
            106.661766,10.788505,0
            106.661758,10.788509,0
            106.66175,10.788514,0
            106.661742,10.788518,0
            106.661734,10.788523,0
            106.661726,10.788527,0
            106.661718,10.788531,0
            106.66171,10.788536,0
            106.661702,10.78854,0
            106.661694,10.788545,0
            106.661686,10.788549,0
            106.661678,10.788554,0
            106.66167,10.788558,0
            106.661662,10.788562,0
            106.661654,10.788567,0
            106.661646,10.788571,0
            106.661638,10.788576,0
            106.66163,10.78858,0
            106.661622,10.788585,0
            106.661404,10.788706,0
            106.661396,10.788711,0
            106.661388,10.788715,0
            106.66138,10.788719,0
            106.661372,10.788724,0
            106.661364,10.788728,0
            106.661356,10.788733,0
            106.661348,10.788737,0
            106.66134,10.788742,0
            106.661332,10.788746,0
            106.661324,10.788751,0
            106.661316,10.788755,0
            106.661308,10.788759,0
            106.6613,10.788764,0
            106.661292,10.788768,0
            106.661284,10.788773,0
            106.661276,10.788777,0
            106.661268,10.788781,0
            106.661261,10.788786,0
            106.661253,10.78879,0
            106.661245,10.788795,0
            106.661237,10.788799,0
            106.661229,10.788804,0
            106.661221,10.788808,0
            106.661213,10.788812,0
            106.661205,10.788817,0
            106.6612,10.78882,0
            106.661195,10.788822,0
            106.661189,10.788825,0
            106.661184,10.788828,0
            106.661179,10.788831,0
            106.661174,10.788833,0
            106.661169,10.788836,0
            106.661164,10.788839,0
            106.661159,10.788842,0
            106.661154,10.788844,0
            106.661149,10.788847,0
            106.661144,10.78885,0
            106.661139,10.788853,0
            106.661134,10.788855,0
            106.661129,10.788858,0
            106.661124,10.788861,0
            106.661119,10.788864,0
            106.661113,10.788866,0
            106.661108,10.788869,0
            106.661103,10.788872,0
            106.661098,10.788875,0
            106.661093,10.788877,0
            106.661088,10.78888,0
            106.661083,10.788883,0
            106.661078,10.788886,0
            106.661073,10.788888,0
            106.661068,10.788891,0
            106.661063,10.788894,0
            106.661058,10.788897,0
            106.661053,10.788899,0
            106.661047,10.788902,0
            106.661042,10.788905,0
            106.661037,10.788908,0
            106.661032,10.78891,0
            106.661027,10.788913,0
            106.661022,10.788916,0
            106.661017,10.788918,0
            106.661012,10.788921,0
            106.661007,10.788924,0
            106.661002,10.788927,0
            106.660997,10.788929,0
            106.660992,10.788932,0
            106.660986,10.788935,0
            106.660981,10.788938,0
            106.660976,10.78894,0
            106.660971,10.788943,0
            106.660966,10.788946,0
            106.660961,10.788948,0
            106.660953,10.788953,0
            106.660945,10.788957,0
            106.660937,10.788961,0
            106.660929,10.788965,0
            106.660921,10.78897,0
            106.660913,10.788974,0
            106.660905,10.788978,0
            106.660896,10.788982,0
            106.660888,10.788987,0
            106.66088,10.788991,0
            106.660872,10.788995,0
            106.660864,10.788999,0
            106.660856,10.789004,0
            106.660848,10.789008,0
            106.66084,10.789012,0
            106.660832,10.789016,0
            106.660824,10.789021,0
            106.660816,10.789025,0
            106.660808,10.789029,0
            106.6608,10.789033,0
            106.660791,10.789038,0
            106.660783,10.789042,0
            106.660775,10.789046,0
            106.660767,10.78905,0
            106.660759,10.789054,0
            106.658768,10.790096,0
            106.65876,10.790101,0
            106.658752,10.790105,0
            106.658744,10.790109,0
            106.658736,10.790113,0
            106.658728,10.790117,0
            106.65872,10.790122,0
            106.658712,10.790126,0
            106.658704,10.79013,0
            106.658696,10.790134,0
            106.658688,10.790139,0
            106.658679,10.790143,0
            106.658671,10.790147,0
            106.658663,10.790151,0
            106.658655,10.790155,0
            106.658647,10.79016,0
            106.658639,10.790164,0
            106.658631,10.790168,0
            106.658623,10.790172,0
            106.658615,10.790177,0
            106.658607,10.790181,0
            106.658601,10.790183,0
            106.658596,10.790186,0
            106.658591,10.790189,0
            106.658586,10.790192,0
            106.658581,10.790194,0
            106.658575,10.790197,0
            106.65857,10.7902,0
            106.658565,10.790202,0
            106.65856,10.790205,0
            106.658554,10.790208,0
            106.658549,10.790211,0
            106.658544,10.790213,0
            106.658539,10.790216,0
            106.658533,10.790219,0
            106.658528,10.790221,0
            106.658523,10.790224,0
            106.658518,10.790227,0
            106.658512,10.79023,0
            106.658507,10.790232,0
            106.658502,10.790235,0
            106.658497,10.790238,0
            106.658491,10.79024,0
            106.658486,10.790243,0
            106.658481,10.790246,0
            106.658476,10.790248,0
            106.65847,10.790251,0
            106.658465,10.790254,0
            106.65846,10.790257,0
            106.658455,10.790259,0
            106.658449,10.790262,0
            106.658444,10.790265,0
            106.658439,10.790267,0
            106.658434,10.79027,0
            106.658428,10.790273,0
            106.658423,10.790275,0
            106.658418,10.790278,0
            106.658413,10.790281,0
            106.658407,10.790283,0
            106.658402,10.790286,0
            106.658397,10.790289,0
            106.658392,10.790291,0
            106.658386,10.790294,0
            106.658381,10.790297,0
            106.658376,10.790299,0
            106.658371,10.790302,0
            106.658365,10.790305,0
            106.65836,10.790308,0
            106.658355,10.79031,0
            106.658347,10.790314,0
            106.658339,10.790318,0
            106.65833,10.790323,0
            106.658322,10.790327,0
            106.658314,10.790331,0
            106.658306,10.790335,0
            106.658298,10.790339,0
            106.65829,10.790343,0
            106.658282,10.790347,0
            106.658273,10.790351,0
            106.658265,10.790356,0
            106.658257,10.79036,0
            106.658249,10.790364,0
            106.658241,10.790368,0
            106.658233,10.790372,0
            106.658225,10.790376,0
            106.658216,10.79038,0
            106.658208,10.790384,0
            106.6582,10.790388,0
            106.658192,10.790393,0
            106.657948,10.790516,0
            106.65794,10.79052,0
            106.657932,10.790524,0
            106.657924,10.790528,0
            106.657915,10.790532,0
            106.657907,10.790536,0
            106.657899,10.790541,0
            106.657891,10.790545,0
            106.657883,10.790549,0
            106.657875,10.790553,0
            106.657867,10.790557,0
            106.657858,10.790561,0
            106.65785,10.790565,0
            106.657842,10.790569,0
            106.657834,10.790574,0
            106.657826,10.790578,0
            106.657818,10.790582,0
            106.65781,10.790586,0
            106.657801,10.79059,0
            106.657793,10.790594,0
            106.657785,10.790598,0
            106.657777,10.790602,0
            106.657769,10.790607,0
            106.657761,10.790611,0
            106.657753,10.790615,0
            106.657745,10.790619,0
            106.657738,10.790622,0
            106.657732,10.790625,0
            106.657726,10.790628,0
            106.65772,10.790632,0
            106.657714,10.790635,0
            106.657708,10.790638,0
            106.657702,10.790641,0
            106.657696,10.790644,0
            106.657689,10.790647,0
            106.657683,10.79065,0
            106.657677,10.790654,0
            106.657671,10.790657,0
            106.657665,10.79066,0
            106.657659,10.790663,0
            106.657653,10.790666,0
            106.657647,10.790669,0
            106.657641,10.790672,0
            106.657635,10.790676,0
            106.657628,10.790679,0
            106.657622,10.790682,0
            106.657616,10.790685,0
            106.65761,10.790688,0
            106.657604,10.790691,0
            106.657598,10.790695,0
            106.657592,10.790698,0
            106.657586,10.790701,0
            106.65758,10.790704,0
            106.657574,10.790707,0
            106.657567,10.790711,0
            106.657561,10.790714,0
            106.657555,10.790717,0
            106.657549,10.79072,0
            106.657543,10.790723,0
            106.657537,10.790726,0
            106.657531,10.79073,0
            106.657525,10.790733,0
            106.657519,10.790736,0
            106.657513,10.790739,0
            106.657507,10.790742,0
            106.6575,10.790746,0
            106.657494,10.790749,0
            106.657488,10.790752,0
            106.657482,10.790755,0
            106.657476,10.790758,0
            106.65747,10.790762,0
            106.657464,10.790765,0
            106.657458,10.790768,0
            106.657452,10.790771,0
            106.657444,10.790776,0
            106.657436,10.79078,0
            106.657428,10.790784,0
            106.65742,10.790788,0
            106.657412,10.790793,0
            106.657404,10.790797,0
            106.657395,10.790801,0
            106.657387,10.790806,0
            106.657379,10.79081,0
            106.657371,10.790814,0
            106.657363,10.790818,0
            106.657355,10.790823,0
            106.657347,10.790827,0
            106.657339,10.790831,0
            106.657331,10.790836,0
            106.657323,10.79084,0
            106.657315,10.790844,0
            106.657307,10.790849,0
            106.657299,10.790853,0
            106.657291,10.790857,0
            106.657283,10.790861,0
            106.657275,10.790866,0
            106.657267,10.79087,0
            106.657259,10.790874,0
            106.657251,10.790879,0
            106.651762,10.79382,0
            106.651755,10.793824,0
            106.651748,10.793827,0
            106.651741,10.793831,0
            106.651734,10.793835,0
            106.651727,10.793839,0
            106.65172,10.793842,0
            106.651713,10.793846,0
            106.651706,10.79385,0
            106.651699,10.793854,0
            106.651692,10.793857,0
            106.651685,10.793861,0
            106.651678,10.793865,0
            106.651671,10.793869,0
            106.651664,10.793872,0
            106.651657,10.793876,0
            106.65165,10.79388,0
            106.651643,10.793883,0
            106.651636,10.793887,0
            106.651629,10.793891,0
            106.651622,10.793895,0
            106.651615,10.793898,0
            106.651608,10.793902,0
            106.651601,10.793906,0
            106.651594,10.793909,0
            106.651587,10.793913,0
            106.65158,10.793917,0
            106.651573,10.793921,0
            106.651566,10.793924,0
            106.651559,10.793928,0
            106.651552,10.793932,0
            106.651545,10.793935,0
            106.651538,10.793939,0
            106.651531,10.793943,0
            106.651524,10.793947,0
            106.651517,10.79395,0
            106.65151,10.793954,0
            106.651503,10.793958,0
            106.651496,10.793961,0
            106.651489,10.793965,0
            106.651482,10.793969,0
            106.651475,10.793972,0
            106.651468,10.793976,0
            106.651461,10.79398,0
            106.651454,10.793983,0
            106.651447,10.793987,0
            106.651439,10.793991,0
            106.651432,10.793994,0
            106.651425,10.793998,0
            106.650989,10.794226,0
            106.650982,10.79423,0
            106.650975,10.794234,0
            106.650967,10.794237,0
            106.65096,10.794241,0
            106.650953,10.794245,0
            106.650946,10.794248,0
            106.650939,10.794252,0
            106.650932,10.794256,0
            106.650925,10.79426,0
            106.650918,10.794263,0
            106.650911,10.794267,0
            106.650904,10.794271,0
            106.650897,10.794274,0
            106.65089,10.794278,0
            106.650883,10.794282,0
            106.650876,10.794285,0
            106.650869,10.794289,0
            106.650862,10.794293,0
            106.650855,10.794296,0
            106.650848,10.7943,0
            106.650841,10.794304,0
            106.650834,10.794308,0
            106.650827,10.794311,0
            106.65082,10.794315,0
            106.650813,10.794319,0
            106.650806,10.794322,0
            106.650799,10.794326,0
            106.650792,10.79433,0
            106.650785,10.794334,0
            106.650778,10.794337,0
            106.650771,10.794341,0
            106.650764,10.794345,0
            106.650757,10.794348,0
            106.65075,10.794352,0
            106.650743,10.794356,0
            106.650736,10.79436,0
            106.650729,10.794363,0
            106.650722,10.794367,0
            106.650715,10.794371,0
            106.650708,10.794375,0
            106.650701,10.794378,0
            106.650694,10.794382,0
            106.650687,10.794386,0
            106.65068,10.79439,0
            106.650673,10.794393,0
            106.650666,10.794397,0
            106.650659,10.794401,0
            106.650652,10.794405,0
            106.645728,10.797043,0
            106.64572,10.797048,0
            106.645712,10.797052,0
            106.645704,10.797056,0
            106.645696,10.79706,0
            106.645687,10.797065,0
            106.645679,10.797069,0
            106.645671,10.797073,0
            106.645663,10.797078,0
            106.645655,10.797082,0
            106.645647,10.797086,0
            106.645639,10.797091,0
            106.645631,10.797095,0
            106.645623,10.797099,0
            106.645615,10.797104,0
            106.645607,10.797108,0
            106.645599,10.797112,0
            106.645591,10.797117,0
            106.645583,10.797121,0
            106.645575,10.797125,0
            106.645567,10.79713,0
            106.645562,10.797132,0
            106.645556,10.797135,0
            106.645551,10.797138,0
            106.645545,10.797141,0
            106.64554,10.797144,0
            106.645534,10.797147,0
            106.645529,10.79715,0
            106.645523,10.797153,0
            106.645518,10.797156,0
            106.645513,10.797159,0
            106.645507,10.797162,0
            106.645502,10.797165,0
            106.645496,10.797168,0
            106.645491,10.797171,0
            106.645485,10.797174,0
            106.64548,10.797177,0
            106.645474,10.79718,0
            106.645469,10.797183,0
            106.645464,10.797186,0
            106.645458,10.797189,0
            106.645453,10.797192,0
            106.645447,10.797195,0
            106.645442,10.797198,0
            106.645436,10.797201,0
            106.645431,10.797203,0
            106.645426,10.797206,0
            106.64542,10.797209,0
            106.645415,10.797212,0
            106.645409,10.797215,0
            106.645404,10.797218,0
            106.645398,10.797221,0
            106.645393,10.797224,0
            106.645388,10.797227,0
            106.645382,10.79723,0
            106.645377,10.797233,0
            106.645371,10.797236,0
            106.645366,10.797239,0
            106.64536,10.797242,0
            106.645355,10.797245,0
            106.64535,10.797248,0
            106.645344,10.797251,0
            106.645339,10.797254,0
            106.645333,10.797257,0
            106.645328,10.79726,0
            106.645323,10.797263,0
            106.645317,10.797266,0
            106.645312,10.797269,0
            106.645306,10.797272,0
            106.645298,10.797277,0
            106.64529,10.797281,0
            106.645282,10.797285,0
            106.645274,10.79729,0
            106.645266,10.797294,0
            106.645258,10.797299,0
            106.64525,10.797303,0
            106.645243,10.797308,0
            106.645235,10.797312,0
            106.645227,10.797316,0
            106.645219,10.797321,0
            106.645211,10.797325,0
            106.645203,10.79733,0
            106.645195,10.797334,0
            106.645187,10.797339,0
            106.645179,10.797343,0
            106.645171,10.797348,0
            106.645163,10.797352,0
            106.645155,10.797356,0
            106.645147,10.797361,0
            106.644862,10.79752,0
            106.644854,10.797525,0
            106.644846,10.797529,0
            106.644838,10.797534,0
            106.64483,10.797538,0
            106.644822,10.797542,0
            106.644814,10.797547,0
            106.644806,10.797551,0
            106.644798,10.797556,0
            106.64479,10.79756,0
            106.644782,10.797565,0
            106.644774,10.797569,0
            106.644766,10.797574,0
            106.644758,10.797578,0
            106.64475,10.797582,0
            106.644742,10.797587,0
            106.644734,10.797591,0
            106.644726,10.797596,0
            106.644718,10.7976,0
            106.64471,10.797605,0
            106.644702,10.797609,0
            106.644697,10.797612,0
            106.644692,10.797615,0
            106.644686,10.797618,0
            106.644681,10.797621,0
            106.644675,10.797624,0
            106.64467,10.797627,0
            106.644665,10.79763,0
            106.644659,10.797633,0
            106.644654,10.797636,0
            106.644648,10.797639,0
            106.644643,10.797642,0
            106.644637,10.797645,0
            106.644632,10.797648,0
            106.644627,10.797651,0
            106.644621,10.797654,0
            106.644616,10.797657,0
            106.64461,10.79766,0
            106.644605,10.797663,0
            106.644599,10.797666,0
            106.644594,10.797669,0
            106.644589,10.797672,0
            106.644583,10.797675,0
            106.644578,10.797678,0
            106.644572,10.797681,0
            106.644567,10.797684,0
            106.644561,10.797687,0
            106.644556,10.79769,0
            106.644551,10.797692,0
            106.644545,10.797695,0
            106.64454,10.797698,0
            106.644534,10.797701,0
            106.644529,10.797704,0
            106.644523,10.797707,0
            106.644518,10.79771,0
            106.644513,10.797713,0
            106.644507,10.797716,0
            106.644502,10.797719,0
            106.644496,10.797722,0
            106.644491,10.797725,0
            106.644485,10.797728,0
            106.64448,10.797731,0
            106.644474,10.797734,0
            106.644469,10.797737,0
            106.644464,10.79774,0
            106.644458,10.797743,0
            106.644453,10.797746,0
            106.644447,10.797749,0
            106.644442,10.797752,0
            106.644434,10.797756,0
            106.644426,10.79776,0
            106.644418,10.797765,0
            106.64441,10.797769,0
            106.644402,10.797773,0
            106.644394,10.797778,0
            106.644386,10.797782,0
            106.644378,10.797786,0
            106.64437,10.79779,0
            106.644361,10.797795,0
            106.644353,10.797799,0
            106.644345,10.797803,0
            106.644337,10.797808,0
            106.644329,10.797812,0
            106.644321,10.797816,0
            106.644313,10.797821,0
            106.644305,10.797825,0
            106.644297,10.797829,0
            106.644289,10.797834,0
            106.644281,10.797838,0
            106.642108,10.799002,0
            106.6421,10.799007,0
            106.642092,10.799011,0
            106.642084,10.799015,0
            106.642076,10.79902,0
            106.642068,10.799024,0
            106.64206,10.799028,0
            106.642052,10.799033,0
            106.642044,10.799037,0
            106.642035,10.799041,0
            106.642027,10.799045,0
            106.642019,10.79905,0
            106.642011,10.799054,0
            106.642003,10.799058,0
            106.641995,10.799063,0
            106.641987,10.799067,0
            106.641979,10.799071,0
            106.641971,10.799075,0
            106.641963,10.79908,0
            106.641955,10.799084,0
            106.641947,10.799088,0
            106.64194,10.799092,0
            106.641934,10.799095,0
            106.641927,10.799099,0
            106.641921,10.799102,0
            106.641914,10.799106,0
            106.641908,10.799109,0
            106.641901,10.799113,0
            106.641895,10.799116,0
            106.641888,10.799119,0
            106.641882,10.799123,0
            106.641875,10.799126,0
            106.641869,10.79913,0
            106.641862,10.799133,0
            106.641855,10.799137,0
            106.641849,10.79914,0
            106.641842,10.799144,0
            106.641836,10.799147,0
            106.641829,10.79915,0
            106.641823,10.799154,0
            106.641816,10.799157,0
            106.64181,10.799161,0
            106.641803,10.799164,0
            106.641796,10.799168,0
            106.64179,10.799171,0
            106.641783,10.799174,0
            106.641777,10.799178,0
            106.64177,10.799181,0
            106.641764,10.799185,0
            106.641757,10.799188,0
            106.641751,10.799191,0
            106.641744,10.799195,0
            106.641737,10.799198,0
            106.641731,10.799202,0
            106.641724,10.799205,0
            106.641718,10.799208,0
            106.641711,10.799212,0
            106.641705,10.799215,0
            106.641698,10.799219,0
            106.641691,10.799222,0
            106.641685,10.799225,0
            106.641678,10.799229,0
            106.641672,10.799232,0
            106.641665,10.799236,0
            106.641659,10.799239,0
            106.641652,10.799242,0
            106.641645,10.799246,0
            106.641639,10.799249,0
            106.641632,10.799252,0
            106.641624,10.799257,0
            106.641616,10.799261,0
            106.641608,10.799265,0
            106.6416,10.799269,0
            106.641592,10.799273,0
            106.641584,10.799277,0
            106.641575,10.799281,0
            106.641567,10.799286,0
            106.641559,10.79929,0
            106.641551,10.799294,0
            106.641543,10.799298,0
            106.641535,10.799302,0
            106.641527,10.799306,0
            106.641518,10.79931,0
            106.64151,10.799314,0
            106.641502,10.799319,0
            106.641494,10.799323,0
            106.641486,10.799327,0
            106.641478,10.799331,0
            106.64147,10.799335,0
            106.641106,10.79952,0
            106.641098,10.799524,0
            106.64109,10.799528,0
            106.641082,10.799532,0
            106.641074,10.799536,0
            106.641065,10.79954,0
            106.641057,10.799544,0
            106.641049,10.799548,0
            106.641041,10.799553,0
            106.641033,10.799557,0
            106.641025,10.799561,0
            106.641017,10.799565,0
            106.641009,10.799569,0
            106.641,10.799573,0
            106.640992,10.799577,0
            106.640984,10.799581,0
            106.640976,10.799586,0
            106.640968,10.79959,0
            106.64096,10.799594,0
            106.640952,10.799598,0
            106.640944,10.799602,0
            106.640937,10.799606,0
            106.64093,10.799609,0
            106.640924,10.799612,0
            106.640917,10.799616,0
            106.640911,10.799619,0
            106.640904,10.799622,0
            106.640897,10.799626,0
            106.640891,10.799629,0
            106.640884,10.799633,0
            106.640878,10.799636,0
            106.640871,10.799639,0
            106.640865,10.799643,0
            106.640858,10.799646,0
            106.640851,10.79965,0
            106.640845,10.799653,0
            106.640838,10.799656,0
            106.640832,10.79966,0
            106.640825,10.799663,0
            106.640819,10.799667,0
            106.640812,10.79967,0
            106.640806,10.799673,0
            106.640799,10.799677,0
            106.640792,10.79968,0
            106.640786,10.799684,0
            106.640779,10.799687,0
            106.640773,10.799691,0
            106.640766,10.799694,0
            106.64076,10.799697,0
            106.640753,10.799701,0
            106.640747,10.799704,0
            106.64074,10.799708,0
            106.640733,10.799711,0
            106.640727,10.799715,0
            106.64072,10.799718,0
            106.640714,10.799721,0
            106.640707,10.799725,0
            106.640701,10.799728,0
            106.640694,10.799732,0
            106.640688,10.799735,0
            106.640681,10.799739,0
            106.640675,10.799742,0
            106.640668,10.799746,0
            106.640661,10.799749,0
            106.640655,10.799752,0
            106.640648,10.799756,0
            106.640642,10.799759,0
            106.640635,10.799763,0
            106.640629,10.799766,0
            106.640621,10.799771,0
            106.640613,10.799775,0
            106.640605,10.799779,0
            106.640597,10.799783,0
            106.640589,10.799788,0
            106.640581,10.799792,0
            106.640572,10.799796,0
            106.640564,10.799801,0
            106.640556,10.799805,0
            106.640548,10.799809,0
            106.64054,10.799814,0
            106.640532,10.799818,0
            106.640524,10.799822,0
            106.640516,10.799826,0
            106.640508,10.799831,0
            106.6405,10.799835,0
            106.640492,10.799839,0
            106.640484,10.799844,0
            106.640476,10.799848,0
            106.640468,10.799852,0
            106.637827,10.801267,0
            106.637819,10.801272,0
            106.637811,10.801276,0
            106.637803,10.80128,0
            106.637795,10.801285,0
            106.637787,10.801289,0
            106.637779,10.801293,0
            106.637771,10.801297,0
            106.637763,10.801302,0
            106.637755,10.801306,0
            106.637747,10.80131,0
            106.637739,10.801315,0
            106.637731,10.801319,0
            106.637723,10.801323,0
            106.637715,10.801328,0
            106.637707,10.801332,0
            106.637698,10.801336,0
            106.63769,10.801341,0
            106.637682,10.801345,0
            106.637674,10.80135,0
            106.637666,10.801354,0
            106.637658,10.801358,0
            106.63765,10.801363,0
            106.637643,10.801367,0
            106.637635,10.801372,0
            106.637627,10.801376,0
            106.637619,10.80138,0
            106.637611,10.801385,0
            106.637603,10.801389,0
            106.637595,10.801394,0
            106.637587,10.801398,0
            106.637579,10.801403,0
            106.637571,10.801407,0
            106.637563,10.801412,0
            106.637555,10.801416,0
            106.637547,10.801421,0
            106.637539,10.801425,0
            106.637531,10.80143,0
            106.637524,10.801435,0
            106.637516,10.801439,0
            106.637508,10.801444,0
            106.6375,10.801448,0
            106.637492,10.801453,0
            106.637484,10.801458,0
            106.637476,10.801462,0
            106.637469,10.801467,0
            106.637461,10.801472,0
            106.637453,10.801477,0
            106.637445,10.801481,0
            106.637437,10.801486,0
            106.63743,10.801491,0
            106.637422,10.801496,0
            106.637414,10.8015,0
            106.637406,10.801505,0
            106.637399,10.80151,0
            106.637391,10.801515,0
            106.637383,10.80152,0
            106.637376,10.801525,0
            106.637368,10.80153,0
            106.63736,10.801535,0
            106.637353,10.80154,0
            106.637345,10.801545,0
            106.637334,10.801552,0
            106.637304,10.801572,0
            106.637274,10.801593,0
            106.637245,10.801614,0
            106.637216,10.801635,0
            106.637186,10.801657,0
            106.637158,10.801679,0
            106.637129,10.801702,0
            106.637101,10.801724,0
            106.637073,10.801748,0
            106.637045,10.801771,0
            106.637018,10.801795,0
            106.636991,10.801819,0
            106.636964,10.801844,0
            106.636938,10.801868,0
            106.636911,10.801894,0
            106.636886,10.801919,0
            106.63686,10.801945,0
            106.636835,10.801971,0
            106.63681,10.801997,0
            106.636785,10.802024,0
            106.636761,10.802051,0
            106.636737,10.802078,0
            106.636714,10.802106,0
            106.63669,10.802134,0
            106.636668,10.802162,0
            106.636645,10.80219,0
            106.636623,10.802219,0
            106.636601,10.802248,0
            106.63658,10.802277,0
            106.636559,10.802306,0
            106.636538,10.802336,0
            106.636517,10.802366,0
            106.636498,10.802396,0
            106.636478,10.802426,0
            106.636459,10.802457,0
            106.63644,10.802488,0
            106.636421,10.802519,0
            106.636403,10.80255,0
            106.636386,10.802582,0
            106.636368,10.802614,0
            106.636352,10.802646,0
            106.636335,10.802678,0
            106.636319,10.80271,0
            106.636303,10.802743,0
            106.636288,10.802776,0
            106.636273,10.802808,0
            106.636259,10.802842,0
            106.636245,10.802875,0
            106.636241,10.802883,0
            106.636238,10.802892,0
            106.636234,10.8029,0
            106.636231,10.802908,0
            106.636227,10.802917,0
            106.636224,10.802925,0
            106.636221,10.802934,0
            106.636218,10.802942,0
            106.636214,10.802951,0
            106.636211,10.802959,0
            106.636208,10.802967,0
            106.636205,10.802976,0
            106.636201,10.802984,0
            106.636198,10.802993,0
            106.636195,10.803001,0
            106.636192,10.80301,0
            106.636189,10.803018,0
            106.636186,10.803027,0
            106.636183,10.803035,0
            106.63618,10.803044,0
            106.636177,10.803052,0
            106.636174,10.803061,0
            106.636171,10.80307,0
            106.636168,10.803078,0
            106.636165,10.803087,0
            106.636162,10.803095,0
            106.636159,10.803104,0
            106.636156,10.803112,0
            106.636153,10.803121,0
            106.63615,10.80313,0
            106.636147,10.803138,0
            106.636145,10.803147,0
            106.636142,10.803155,0
            106.636139,10.803164,0
            106.636136,10.803173,0
            106.636133,10.803181,0
            106.636131,10.80319,0
            106.636128,10.803198,0
            106.636125,10.803207,0
            106.636122,10.803216,0
            106.636119,10.803224,0
            106.636117,10.803233,0
            106.636114,10.803241,0
            106.636111,10.80325,0
            106.636109,10.803259,0
            106.636106,10.803267,0
            106.636103,10.803276,0
            106.6361,10.803285,0
            106.636098,10.803293,0
            106.636095,10.803302,0
            106.636092,10.803311,0
            106.63609,10.803319,0
            106.636087,10.803328,0
            106.636084,10.803336,0
            106.636082,10.803345,0
            106.636079,10.803354,0
            106.636076,10.803362,0
            106.636074,10.803371,0
            106.636071,10.80338,0
            106.636068,10.803388,0
            106.636066,10.803397,0
            106.636063,10.803406,0
            106.6343,10.809161,0
            106.634297,10.80917,0
            106.634295,10.809179,0
            106.634292,10.809187,0
            106.634289,10.809196,0
            106.634287,10.809205,0
            106.634284,10.809213,0
            106.634281,10.809222,0
            106.634279,10.809231,0
            106.634276,10.809239,0
            106.634273,10.809248,0
            106.634271,10.809256,0
            106.634268,10.809265,0
            106.634265,10.809274,0
            106.634263,10.809282,0
            106.63426,10.809291,0
            106.634257,10.8093,0
            106.634255,10.809308,0
            106.634252,10.809317,0
            106.634249,10.809326,0
            106.634247,10.809334,0
            106.634244,10.809343,0
            106.634241,10.809352,0
            106.634238,10.80936,0
            106.634236,10.809369,0
            106.634233,10.809377,0
            106.63423,10.809386,0
            106.634227,10.809395,0
            106.634225,10.809403,0
            106.634222,10.809412,0
            106.634219,10.809421,0
            106.634216,10.809429,0
            106.634214,10.809438,0
            106.634211,10.809446,0
            106.634208,10.809455,0
            106.634205,10.809464,0
            106.634203,10.809469,0
            106.634201,10.809475,0
            106.6342,10.809481,0
            106.634198,10.809487,0
            106.634196,10.809493,0
            106.634194,10.809499,0
            106.634192,10.809505,0
            106.63419,10.809511,0
            106.634188,10.809516,0
            106.634186,10.809522,0
            106.634184,10.809528,0
            106.634182,10.809534,0
            106.63418,10.80954,0
            106.634178,10.809546,0
            106.634176,10.809552,0
            106.634174,10.809557,0
            106.634172,10.809563,0
            106.63417,10.809569,0
            106.634168,10.809575,0
            106.634166,10.809581,0
            106.634164,10.809587,0
            106.634162,10.809593,0
            106.63416,10.809598,0
            106.634158,10.809604,0
            106.634156,10.80961,0
            106.634154,10.809616,0
            106.634152,10.809622,0
            106.63415,10.809628,0
            106.634148,10.809633,0
            106.634146,10.809639,0
            106.634144,10.809645,0
            106.634142,10.809651,0
            106.63414,10.809657,0
            106.634138,10.809663,0
            106.634136,10.809668,0
            106.634134,10.809674,0
            106.634132,10.80968,0
            106.63413,10.809686,0
            106.634128,10.809692,0
            106.634125,10.809698,0
            106.634123,10.809703,0
            106.634121,10.809709,0
            106.634119,10.809715,0
            106.634117,10.809721,0
            106.634115,10.809727,0
            106.634113,10.809732,0
            106.634111,10.809738,0
            106.634109,10.809744,0
            106.634106,10.809753,0
            106.634103,10.809761,0
            106.634099,10.80977,0
            106.634096,10.809778,0
            106.634093,10.809787,0
            106.63409,10.809795,0
            106.634087,10.809804,0
            106.634084,10.809812,0
            106.634081,10.809821,0
            106.634077,10.809829,0
            106.634074,10.809838,0
            106.634071,10.809846,0
            106.634068,10.809855,0
            106.634065,10.809863,0
            106.634062,10.809871,0
            106.634058,10.80988,0
            106.634055,10.809888,0
            106.634052,10.809897,0
            106.634049,10.809905,0
            106.634046,10.809914,0
            106.634042,10.809922,0
            106.634039,10.809931,0
            106.634036,10.809939,0
            106.634033,10.809948,0
            106.63403,10.809956,0
            106.634026,10.809965,0
            106.634023,10.809973,0
            106.63402,10.809981,0
            106.634017,10.80999,0
            106.634013,10.809998,0
            106.63401,10.810007,0
            106.634007,10.810015,0
            106.634004,10.810024,0
            106.634,10.810032,0
            106.633997,10.810041,0
            106.633841,10.81045,0
            106.633837,10.810458,0
            106.633834,10.810467,0
            106.633831,10.810475,0
            106.633828,10.810484,0
            106.633824,10.810492,0
            106.633821,10.810501,0
            106.633818,10.810509,0
            106.633815,10.810517,0
            106.633811,10.810526,0
            106.633808,10.810534,0
            106.633805,10.810543,0
            106.633802,10.810551,0
            106.633799,10.81056,0
            106.633795,10.810568,0
            106.633792,10.810577,0
            106.633789,10.810585,0
            106.633786,10.810594,0
            106.633783,10.810602,0
            106.633779,10.810611,0
            106.633776,10.810619,0
            106.633773,10.810627,0
            106.63377,10.810636,0
            106.633767,10.810644,0
            106.633763,10.810653,0
            106.63376,10.810661,0
            106.633757,10.81067,0
            106.633754,10.810678,0
            106.633751,10.810687,0
            106.633748,10.810695,0
            106.633745,10.810704,0
            106.633741,10.810712,0
            106.633738,10.810721,0
            106.633735,10.810729,0
            106.633732,10.810738,0
            106.633729,10.810746,0
            106.633727,10.810752,0
            106.633725,10.810758,0
            106.633723,10.810764,0
            106.633721,10.81077,0
            106.633718,10.810775,0
            106.633716,10.810781,0
            106.633714,10.810787,0
            106.633712,10.810793,0
            106.63371,10.810799,0
            106.633708,10.810805,0
            106.633706,10.81081,0
            106.633704,10.810816,0
            106.633702,10.810822,0
            106.6337,10.810828,0
            106.633698,10.810834,0
            106.633696,10.81084,0
            106.633694,10.810845,0
            106.633692,10.810851,0
            106.63369,10.810857,0
            106.633688,10.810863,0
            106.633686,10.810869,0
            106.633684,10.810875,0
            106.633682,10.81088,0
            106.63368,10.810886,0
            106.633678,10.810892,0
            106.633676,10.810898,0
            106.633674,10.810904,0
            106.633672,10.81091,0
            106.63367,10.810915,0
            106.633668,10.810921,0
            106.633666,10.810927,0
            106.633664,10.810933,0
            106.633662,10.810939,0
            106.63366,10.810945,0
            106.633658,10.810951,0
            106.633656,10.810956,0
            106.633654,10.810962,0
            106.633652,10.810968,0
            106.63365,10.810974,0
            106.633648,10.81098,0
            106.633646,10.810986,0
            106.633644,10.810992,0
            106.633642,10.810998,0
            106.63364,10.811003,0
            106.633638,10.811009,0
            106.633636,10.811015,0
            106.633634,10.811021,0
            106.633632,10.811027,0
            106.63363,10.811036,0
            106.633627,10.811044,0
            106.633624,10.811053,0
            106.633621,10.811061,0
            106.633619,10.81107,0
            106.633616,10.811079,0
            106.633613,10.811087,0
            106.63361,10.811096,0
            106.633608,10.811104,0
            106.633605,10.811113,0
            106.633602,10.811122,0
            106.633599,10.81113,0
            106.633597,10.811139,0
            106.633594,10.811148,0
            106.633591,10.811156,0
            106.633589,10.811165,0
            106.633586,10.811174,0
            106.633583,10.811182,0
            106.63358,10.811191,0
            106.633578,10.811199,0
            106.633575,10.811208,0
            106.633572,10.811217,0
            106.63357,10.811225,0
            106.633567,10.811234,0
            106.633564,10.811243,0
            106.633562,10.811251,0
            106.633559,10.81126,0
            106.633556,10.811269,0
            106.633554,10.811277,0
            106.633551,10.811286,0
            106.633548,10.811295,0
            106.633546,10.811303,0
            106.633543,10.811312,0
            106.633541,10.811321,0
            106.633538,10.811329,0
            106.632939,10.813282,0
            106.632937,10.813291,0
            106.632934,10.8133,0
            106.632932,10.813308,0
            106.632929,10.813317,0
            106.632926,10.813326,0
            106.632924,10.813334,0
            106.632921,10.813343,0
            106.632918,10.813352,0
            106.632916,10.81336,0
            106.632913,10.813369,0
            106.63291,10.813378,0
            106.632908,10.813386,0
            106.632905,10.813395,0
            106.632902,10.813403,0
            106.6329,10.813412,0
            106.632897,10.813421,0
            106.632894,10.813429,0
            106.632892,10.813438,0
            106.632889,10.813447,0
            106.632886,10.813455,0
            106.632884,10.813464,0
            106.632881,10.813473,0
            106.632878,10.813481,0
            106.632875,10.81349,0
            106.632873,10.813499,0
            106.63287,10.813507,0
            106.632867,10.813516,0
            106.632865,10.813524,0
            106.632862,10.813533,0
            106.632859,10.813542,0
            106.632857,10.813548,0
            106.632855,10.813554,0
            106.632853,10.81356,0
            106.632851,10.813566,0
            106.63285,10.813572,0
            106.632848,10.813578,0
            106.632846,10.813584,0
            106.632844,10.81359,0
            106.632842,10.813596,0
            106.63284,10.813602,0
            106.632838,10.813608,0
            106.632836,10.813614,0
            106.632834,10.81362,0
            106.632832,10.813627,0
            106.63283,10.813633,0
            106.632828,10.813639,0
            106.632826,10.813645,0
            106.632824,10.813651,0
            106.632822,10.813657,0
            106.63282,10.813663,0
            106.632818,10.813669,0
            106.632816,10.813675,0
            106.632814,10.813681,0
            106.632812,10.813687,0
            106.63281,10.813693,0
            106.632808,10.813699,0
            106.632807,10.813705,0
            106.632805,10.813711,0
            106.632803,10.813717,0
            106.632801,10.813723,0
            106.632799,10.813729,0
            106.632797,10.813735,0
            106.632795,10.813741,0
            106.632793,10.813747,0
            106.632791,10.813753,0
            106.632789,10.813759,0
            106.632787,10.813765,0
            106.632785,10.813772,0
            106.632783,10.813778,0
            106.63278,10.813784,0
            106.632778,10.81379,0
            106.632776,10.813796,0
            106.632774,10.813802,0
            106.632772,10.813808,0
            106.63277,10.813814,0
            106.632768,10.81382,0
            106.632766,10.813826,0
            106.632764,10.813832,0
            106.632761,10.81384,0
            106.632758,10.813849,0
            106.632756,10.813857,0
            106.632753,10.813866,0
            106.63275,10.813875,0
            106.632747,10.813883,0
            106.632744,10.813892,0
            106.632741,10.8139,0
            106.632738,10.813909,0
            106.632735,10.813917,0
            106.632732,10.813926,0
            106.632729,10.813935,0
            106.632726,10.813943,0
            106.632723,10.813952,0
            106.63272,10.81396,0
            106.632717,10.813969,0
            106.632714,10.813977,0
            106.632711,10.813986,0
            106.632708,10.813994,0
            106.632705,10.814003,0
            106.632702,10.814012,0
            106.6327,10.81402,0
            106.632697,10.814029,0
            106.632694,10.814037,0
            106.632691,10.814046,0
            106.632688,10.814054,0
            106.632685,10.814063,0
            106.632682,10.814071,0
            106.632679,10.81408,0
            106.632676,10.814088,0
            106.632581,10.814359,0
            106.632578,10.814368,0
            106.632575,10.814376,0
            106.632572,10.814385,0
            106.63257,10.814393,0
            106.632567,10.814402,0
            106.632564,10.814411,0
            106.632561,10.814419,0
            106.632558,10.814428,0
            106.632555,10.814436,0
            106.632552,10.814445,0
            106.632549,10.814453,0
            106.632546,10.814462,0
            106.632543,10.81447,0
            106.63254,10.814479,0
            106.632537,10.814488,0
            106.632534,10.814496,0
            106.632531,10.814505,0
            106.632528,10.814513,0
            106.632525,10.814522,0
            106.632522,10.81453,0
            106.632519,10.814539,0
            106.632516,10.814547,0
            106.632513,10.814556,0
            106.63251,10.814565,0
            106.632507,10.814573,0
            106.632505,10.814582,0
            106.632502,10.81459,0
            106.632499,10.814599,0
            106.632496,10.814607,0
            106.632493,10.814616,0
            106.632491,10.814622,0
            106.632489,10.814628,0
            106.632487,10.814634,0
            106.632485,10.81464,0
            106.632483,10.814646,0
            106.632481,10.814652,0
            106.632479,10.814658,0
            106.632477,10.814664,0
            106.632475,10.81467,0
            106.632473,10.814676,0
            106.632471,10.814682,0
            106.632469,10.814688,0
            106.632467,10.814694,0
            106.632465,10.8147,0
            106.632463,10.814706,0
            106.632461,10.814712,0
            106.632459,10.814718,0
            106.632457,10.814725,0
            106.632455,10.814731,0
            106.632453,10.814737,0
            106.632451,10.814743,0
            106.632449,10.814749,0
            106.632447,10.814755,0
            106.632445,10.814761,0
            106.632443,10.814767,0
            106.632441,10.814773,0
            106.632439,10.814779,0
            106.632437,10.814785,0
            106.632435,10.814791,0
            106.632433,10.814797,0
            106.632431,10.814803,0
            106.632429,10.814809,0
            106.632427,10.814815,0
            106.632425,10.814821,0
            106.632423,10.814827,0
            106.632421,10.814833,0
            106.632419,10.814839,0
            106.632417,10.814845,0
            106.632415,10.814852,0
            106.632413,10.814858,0
            106.632411,10.814864,0
            106.63241,10.81487,0
            106.632408,10.814876,0
            106.632406,10.814882,0
            106.632404,10.814888,0
            106.632402,10.814894,0
            106.6324,10.8149,0
            106.632398,10.814906,0
            106.632395,10.814915,0
            106.632393,10.814923,0
            106.63239,10.814932,0
            106.632387,10.814941,0
            106.632384,10.814949,0
            106.632382,10.814958,0
            106.632379,10.814966,0
            106.632376,10.814975,0
            106.632374,10.814984,0
            106.632371,10.814992,0
            106.632368,10.815001,0
            106.632366,10.81501,0
            106.632363,10.815018,0
            106.63236,10.815027,0
            106.632358,10.815036,0
            106.632355,10.815044,0
            106.632352,10.815053,0
            106.63235,10.815062,0
            106.632347,10.81507,0
            106.632344,10.815079,0
            106.632342,10.815088,0
            106.632339,10.815096,0
            106.632336,10.815105,0
            106.632334,10.815113,0
            106.632331,10.815122,0
            106.632328,10.815131,0
            106.632326,10.815139,0
            106.632323,10.815148,0
            106.63232,10.815157,0
            106.632318,10.815165,0
            106.630257,10.821893,0
            106.630254,10.821901,0
            106.630251,10.82191,0
            106.630249,10.821919,0
            106.630246,10.821927,0
            106.630243,10.821936,0
            106.630241,10.821944,0
            106.630238,10.821953,0
            106.630235,10.821962,0
            106.630233,10.82197,0
            106.63023,10.821979,0
            106.630227,10.821988,0
            106.630224,10.821996,0
            106.630222,10.822005,0
            106.630219,10.822014,0
            106.630216,10.822022,0
            106.630213,10.822031,0
            106.630211,10.822039,0
            106.630208,10.822048,0
            106.630205,10.822057,0
            106.630202,10.822065,0
            106.630192,10.822094,0
            106.630182,10.822123,0
            106.630171,10.822151,0
            106.630161,10.82218,0
            106.63015,10.822208,0
            106.630138,10.822236,0
            106.630127,10.822264,0
            106.630115,10.822292,0
            106.630103,10.82232,0
            106.63009,10.822348,0
            106.630078,10.822376,0
            106.630065,10.822403,0
            106.630052,10.822431,0
            106.630038,10.822458,0
            106.630024,10.822485,0
            106.63001,10.822512,0
            106.629996,10.822539,0
            106.629981,10.822566,0
            106.629967,10.822593,0
            106.629952,10.822619,0
            106.629936,10.822645,0
            106.629921,10.822672,0
            106.629905,10.822698,0
            106.629889,10.822724,0
            106.629872,10.822749,0
            106.629856,10.822775,0
            106.629839,10.8228,0
            106.629822,10.822826,0
            106.629804,10.822851,0
            106.629787,10.822876,0
            106.629769,10.8229,0
            106.629751,10.822925,0
            106.629733,10.822949,0
            106.629714,10.822974,0
            106.629695,10.822998,0
            106.629676,10.823021,0
            106.629657,10.823045,0
            106.629637,10.823069,0
            106.629618,10.823092,0
            106.629598,10.823115,0
            106.629577,10.823138,0
            106.629557,10.823161,0
            106.629536,10.823183,0
            106.629516,10.823205,0
            106.629494,10.823228,0
            106.629473,10.82325,0
            106.629452,10.823271,0
            106.62943,10.823293,0
            106.629423,10.823299,0
            106.629417,10.823305,0
            106.62941,10.823312,0
            106.629404,10.823318,0
            106.629397,10.823324,0
            106.629391,10.823331,0
            106.629384,10.823337,0
            106.629377,10.823343,0
            106.629371,10.823349,0
            106.629364,10.823356,0
            106.629358,10.823362,0
            106.629351,10.823368,0
            106.629344,10.823374,0
            106.629338,10.82338,0
            106.629331,10.823387,0
            106.629324,10.823393,0
            106.629318,10.823399,0
            106.629311,10.823405,0
            106.629304,10.823411,0
            106.629298,10.823418,0
            106.62826,10.824378,0
          </coordinates>
        </LineString>
      </Placemark>
      <Placemark>
        <name>Polygon_002</name>
        <description>主线xlPolygon</description>
        <styleUrl>#line-00FF00-4000</styleUrl>
        <LineString>
          <tessellate>1</tessellate>
          <coordinates>
            106.634248,10.807316,0
            106.635251,10.807616,0
            106.634737,10.809292,0
            106.634735,10.809301,0
            106.634732,10.80931,0
            106.634729,10.809318,0
            106.634727,10.809327,0
            106.634724,10.809336,0
            106.634721,10.809344,0
            106.634719,10.809353,0
            106.634716,10.809362,0
            106.634713,10.809371,0
            106.634711,10.809379,0
            106.634708,10.809388,0
            106.634705,10.809397,0
            106.634703,10.809406,0
            106.6347,10.809415,0
            106.634697,10.809423,0
            106.634694,10.809432,0
            106.634692,10.809441,0
            106.634689,10.80945,0
            106.634686,10.809459,0
            106.634683,10.809468,0
            106.634681,10.809477,0
            106.634678,10.809485,0
            106.634675,10.809494,0
            106.634672,10.809503,0
            106.634669,10.809512,0
            106.634667,10.809521,0
            106.634664,10.80953,0
            106.634661,10.809539,0
            106.634658,10.809548,0
            106.634655,10.809557,0
            106.634652,10.809566,0
            106.634649,10.809575,0
            106.634646,10.809584,0
            106.634644,10.809593,0
            106.634641,10.809602,0
            106.634639,10.809608,0
            106.634637,10.809614,0
            106.634635,10.80962,0
            106.634632,10.809627,0
            106.63463,10.809633,0
            106.634628,10.809639,0
            106.634626,10.809645,0
            106.634624,10.809651,0
            106.634622,10.809657,0
            106.63462,10.809664,0
            106.634618,10.80967,0
            106.634616,10.809676,0
            106.634614,10.809682,0
            106.634612,10.809688,0
            106.63461,10.809694,0
            106.634608,10.809701,0
            106.634606,10.809707,0
            106.634604,10.809713,0
            106.634602,10.809719,0
            106.634599,10.809725,0
            106.634597,10.809731,0
            106.634595,10.809737,0
            106.634593,10.809744,0
            106.634591,10.80975,0
            106.634589,10.809756,0
            106.634587,10.809762,0
            106.634585,10.809768,0
            106.634583,10.809774,0
            106.63458,10.80978,0
            106.634578,10.809787,0
            106.634576,10.809793,0
            106.634574,10.809799,0
            106.634572,10.809805,0
            106.63457,10.809811,0
            106.634568,10.809817,0
            106.634565,10.809823,0
            106.634563,10.809829,0
            106.634561,10.809836,0
            106.634559,10.809842,0
            106.634557,10.809848,0
            106.634555,10.809854,0
            106.634552,10.80986,0
            106.63455,10.809866,0
            106.634548,10.809872,0
            106.634546,10.809878,0
            106.634544,10.809885,0
            106.634541,10.809891,0
            106.634539,10.809897,0
            106.634536,10.809905,0
            106.634533,10.809914,0
            106.634529,10.809923,0
            106.634526,10.809932,0
            106.634523,10.809941,0
            106.63452,10.80995,0
            106.634516,10.809959,0
            106.634513,10.809968,0
            106.63451,10.809976,0
            106.634507,10.809985,0
            106.634503,10.809994,0
            106.6345,10.810003,0
            106.634497,10.810011,0
            106.634493,10.81002,0
            106.63449,10.810029,0
            106.634487,10.810038,0
            106.634484,10.810046,0
            106.63448,10.810055,0
            106.634477,10.810064,0
            106.634474,10.810072,0
            106.63447,10.810081,0
            106.634467,10.81009,0
            106.634464,10.810098,0
            106.634461,10.810107,0
            106.634457,10.810115,0
            106.634454,10.810124,0
            106.634451,10.810133,0
            106.634448,10.810141,0
            106.634444,10.81015,0
            106.634441,10.810158,0
            106.634438,10.810167,0
            106.634435,10.810175,0
            106.634431,10.810184,0
            106.634428,10.810192,0
            106.634425,10.810201,0
            106.634268,10.81061,0
            106.634265,10.810618,0
            106.634262,10.810627,0
            106.634258,10.810635,0
            106.634255,10.810644,0
            106.634252,10.810652,0
            106.634249,10.81066,0
            106.634246,10.810669,0
            106.634242,10.810677,0
            106.634239,10.810686,0
            106.634236,10.810694,0
            106.634233,10.810702,0
            106.63423,10.810711,0
            106.634227,10.810719,0
            106.634223,10.810727,0
            106.63422,10.810735,0
            106.634217,10.810744,0
            106.634214,10.810752,0
            106.634211,10.81076,0
            106.634208,10.810769,0
            106.634205,10.810777,0
            106.634201,10.810785,0
            106.634198,10.810793,0
            106.634195,10.810801,0
            106.634192,10.81081,0
            106.634189,10.810818,0
            106.634186,10.810826,0
            106.634183,10.810834,0
            106.63418,10.810842,0
            106.634177,10.81085,0
            106.634174,10.810859,0
            106.634171,10.810867,0
            106.634168,10.810875,0
            106.634165,10.810883,0
            106.634162,10.810891,0
            106.634159,10.810899,0
            106.634157,10.810905,0
            106.634155,10.81091,0
            106.634153,10.810916,0
            106.634151,10.810921,0
            106.634149,10.810927,0
            106.634147,10.810932,0
            106.634145,10.810938,0
            106.634143,10.810943,0
            106.634141,10.810949,0
            106.634139,10.810954,0
            106.634137,10.81096,0
            106.634136,10.810965,0
            106.634134,10.810971,0
            106.634132,10.810977,0
            106.63413,10.810982,0
            106.634128,10.810988,0
            106.634126,10.810993,0
            106.634124,10.810999,0
            106.634122,10.811004,0
            106.63412,10.81101,0
            106.634118,10.811015,0
            106.634116,10.811021,0
            106.634114,10.811026,0
            106.634112,10.811032,0
            106.63411,10.811038,0
            106.634109,10.811043,0
            106.634107,10.811049,0
            106.634105,10.811054,0
            106.634103,10.81106,0
            106.634101,10.811065,0
            106.634099,10.811071,0
            106.634097,10.811076,0
            106.634095,10.811082,0
            106.634093,10.811088,0
            106.634092,10.811093,0
            106.63409,10.811099,0
            106.634088,10.811104,0
            106.634086,10.81111,0
            106.634084,10.811115,0
            106.634082,10.811121,0
            106.63408,10.811126,0
            106.634079,10.811132,0
            106.634077,10.811138,0
            106.634075,10.811143,0
            106.634073,10.811149,0
            106.634071,10.811154,0
            106.634069,10.81116,0
            106.634068,10.811165,0
            106.634065,10.811174,0
            106.634062,10.811182,0
            106.63406,10.81119,0
            106.634057,10.811199,0
            106.634054,10.811207,0
            106.634052,10.811215,0
            106.634049,10.811223,0
            106.634046,10.811232,0
            106.634044,10.81124,0
            106.634041,10.811248,0
            106.634041,10.81125,0
            106.633049,10.810951,0
            106.633051,10.810945,0
            106.633054,10.810936,0
            106.633057,10.810927,0
            106.63306,10.810918,0
            106.633063,10.810909,0
            106.633065,10.8109,0
            106.633068,10.810894,0
            106.63307,10.810888,0
            106.633072,10.810882,0
            106.633074,10.810876,0
            106.633076,10.81087,0
            106.633078,10.810863,0
            106.63308,10.810857,0
            106.633082,10.810851,0
            106.633084,10.810845,0
            106.633086,10.810839,0
            106.633088,10.810833,0
            106.63309,10.810826,0
            106.633092,10.81082,0
            106.633094,10.810814,0
            106.633096,10.810808,0
            106.633098,10.810802,0
            106.6331,10.810796,0
            106.633102,10.810789,0
            106.633104,10.810783,0
            106.633107,10.810777,0
            106.633109,10.810771,0
            106.633111,10.810765,0
            106.633113,10.810759,0
            106.633115,10.810753,0
            106.633117,10.810746,0
            106.633119,10.81074,0
            106.633121,10.810734,0
            106.633123,10.810728,0
            106.633126,10.810722,0
            106.633128,10.810716,0
            106.63313,10.81071,0
            106.633132,10.810703,0
            106.633134,10.810697,0
            106.633136,10.810691,0
            106.633139,10.810685,0
            106.633141,10.810679,0
            106.633143,10.810673,0
            106.633145,10.810667,0
            106.633147,10.810661,0
            106.633149,10.810655,0
            106.633152,10.810648,0
            106.633154,10.810642,0
            106.633156,10.810636,0
            106.633158,10.81063,0
            106.63316,10.810624,0
            106.633163,10.810618,0
            106.633165,10.810612,0
            106.633167,10.810606,0
            106.63317,10.810597,0
            106.633173,10.810588,0
            106.633177,10.810579,0
            106.63318,10.81057,0
            106.633183,10.810561,0
            106.633186,10.810552,0
            106.63319,10.810543,0
            106.633193,10.810535,0
            106.633196,10.810526,0
            106.6332,10.810517,0
            106.633203,10.810508,0
            106.633206,10.8105,0
            106.633209,10.810491,0
            106.633213,10.810482,0
            106.633216,10.810473,0
            106.633219,10.810465,0
            106.633222,10.810456,0
            106.633226,10.810447,0
            106.633229,10.810439,0
            106.633232,10.81043,0
            106.633236,10.810421,0
            106.633239,10.810413,0
            106.633242,10.810404,0
            106.633245,10.810396,0
            106.633249,10.810387,0
            106.633252,10.810378,0
            106.633255,10.81037,0
            106.633258,10.810361,0
            106.633262,10.810353,0
            106.633265,10.810344,0
            106.633268,10.810336,0
            106.633271,10.810327,0
            106.633275,10.810319,0
            106.633278,10.81031,0
            106.633281,10.810302,0
            106.633381,10.810043,0
            106.633384,10.810034,0
            106.633387,10.810026,0
            106.63339,10.810017,0
            106.633393,10.810009,0
            106.633397,10.81,0
            106.6334,10.809992,0
            106.633403,10.809984,0
            106.633406,10.809975,0
            106.633409,10.809967,0
            106.633413,10.809959,0
            106.633416,10.80995,0
            106.633419,10.809942,0
            106.633422,10.809934,0
            106.633425,10.809925,0
            106.633428,10.809917,0
            106.633432,10.809909,0
            106.633435,10.809901,0
            106.633438,10.809892,0
            106.633441,10.809884,0
            106.633444,10.809876,0
            106.633447,10.809868,0
            106.63345,10.809859,0
            106.633453,10.809851,0
            106.633456,10.809843,0
            106.633459,10.809835,0
            106.633462,10.809827,0
            106.633465,10.809819,0
            106.633468,10.80981,0
            106.633471,10.809802,0
            106.633474,10.809794,0
            106.633477,10.809786,0
            106.63348,10.809778,0
            106.633483,10.80977,0
            106.633486,10.809762,0
            106.633489,10.809753,0
            106.633491,10.809748,0
            106.633493,10.809742,0
            106.633495,10.809737,0
            106.633497,10.809731,0
            106.633499,10.809726,0
            106.633501,10.80972,0
            106.633503,10.809715,0
            106.633505,10.809709,0
            106.633507,10.809704,0
            106.633509,10.809698,0
            106.633511,10.809693,0
            106.633513,10.809687,0
            106.633515,10.809682,0
            106.633517,10.809676,0
            106.633519,10.80967,0
            106.633521,10.809665,0
            106.633523,10.809659,0
            106.633525,10.809654,0
            106.633527,10.809648,0
            106.633529,10.809643,0
            106.63353,10.809637,0
            106.633532,10.809632,0
            106.633534,10.809626,0
            106.633536,10.809621,0
            106.633538,10.809615,0
            106.63354,10.809609,0
            106.633542,10.809604,0
            106.633544,10.809598,0
            106.633546,10.809593,0
            106.633548,10.809587,0
            106.63355,10.809582,0
            106.633551,10.809576,0
            106.633553,10.809571,0
            106.633555,10.809565,0
            106.633557,10.809559,0
            106.633559,10.809554,0
            106.633561,10.809548,0
            106.633563,10.809543,0
            106.633564,10.809537,0
            106.633566,10.809532,0
            106.633568,10.809526,0
            106.63357,10.809521,0
            106.633572,10.809515,0
            106.633574,10.809509,0
            106.633575,10.809504,0
            106.633577,10.809498,0
            106.633579,10.809493,0
            106.633581,10.809487,0
            106.633584,10.809479,0
            106.633586,10.809471,0
            106.633589,10.809462,0
            106.633592,10.809454,0
            106.633594,10.809446,0
            106.633597,10.809438,0
            106.6336,10.809429,0
            106.633602,10.809421,0
            106.633605,10.809413,0
            106.633607,10.809405,0
            106.63361,10.809396,0
            106.633613,10.809388,0
            106.633615,10.809379,0
            106.633618,10.809371,0
            106.633621,10.809363,0
            106.633623,10.809354,0
            106.633626,10.809346,0
            106.633628,10.809337,0
            106.633631,10.809329,0
            106.633634,10.809321,0
            106.633636,10.809312,0
            106.633639,10.809304,0
            106.633642,10.809295,0
            106.633644,10.809287,0
            106.633647,10.809278,0
            106.633649,10.80927,0
            106.633652,10.809261,0
            106.633655,10.809252,0
            106.633657,10.809244,0
            106.63366,10.809235,0
            106.633663,10.809227,0
            106.633665,10.809218,0
            106.633668,10.809209,0
            106.633671,10.809201,0
            106.633673,10.809192,0
            106.634248,10.807316,0
          </coordinates>
        </LineString>
      </Placemark>
      <Placemark>
        <name>Polyline_006</name>
        <description>主线xlPolygon</description>
        <styleUrl>#line-00FF00-4000</styleUrl>
        <LineString>
          <tessellate>1</tessellate>
          <coordinates>
            106.693802,10.770844,0
            106.693789,10.770846,0
            106.693775,10.770849,0
            106.693761,10.770852,0
            106.693747,10.770855,0
            106.693734,10.770857,0
            106.69372,10.77086,0
            106.693706,10.770863,0
            106.693693,10.770866,0
            106.693679,10.770869,0
            106.693665,10.770872,0
            106.693652,10.770876,0
            106.693638,10.770879,0
            106.693625,10.770882,0
            106.693611,10.770886,0
            106.693597,10.770889,0
            106.693584,10.770893,0
            106.69357,10.770896,0
            106.693557,10.7709,0
            106.693543,10.770903,0
            106.69353,10.770907,0
            106.693516,10.770911,0
            106.693503,10.770915,0
            106.693489,10.770919,0
            106.693476,10.770923,0
            106.693463,10.770927,0
            106.693449,10.770931,0
            106.693436,10.770935,0
            106.693422,10.770939,0
            106.693409,10.770943,0
            106.693396,10.770948,0
            106.693382,10.770952,0
            106.693369,10.770956,0
            106.693356,10.770961,0
            106.693343,10.770965,0
            106.69333,10.77097,0
            106.693316,10.770975,0
            106.693303,10.770979,0
            106.69329,10.770984,0
            106.693277,10.770989,0
            106.693264,10.770994,0
            106.693251,10.770999,0
            106.693238,10.771004,0
            106.693225,10.771009,0
            106.693211,10.771014,0
            106.693198,10.771019,0
            106.693186,10.771024,0
            106.693173,10.771029,0
            106.69316,10.771035,0
            106.69315,10.771039,0
            106.69314,10.771043,0
            106.693131,10.771047,0
            106.693121,10.771051,0
            106.693111,10.771055,0
            106.693102,10.771059,0
            106.693092,10.771064,0
            106.693082,10.771068,0
            106.693073,10.771072,0
            106.693063,10.771076,0
            106.693054,10.771081,0
            106.693045,10.771085,0
            106.693035,10.771089,0
            106.693026,10.771093,0
            106.693016,10.771098,0
            106.693007,10.771102,0
            106.692998,10.771106,0
            106.692989,10.771111,0
            106.692979,10.771115,0
            106.69297,10.77112,0
            106.692961,10.771124,0
            106.692952,10.771128,0
            106.692943,10.771133,0
            106.692934,10.771137,0
            106.692925,10.771142,0
            106.692916,10.771146,0
            106.692907,10.771151,0
            106.692898,10.771155,0
            106.692889,10.771159,0
            106.69288,10.771164,0
            106.692871,10.771168,0
            106.692863,10.771173,0
            106.692854,10.771177,0
            106.692845,10.771182,0
            106.692836,10.771186,0
            106.692828,10.771191,0
            106.692819,10.771195,0
            106.69281,10.7712,0
            106.692802,10.771204,0
            106.692793,10.771209,0
            106.692785,10.771213,0
            106.692776,10.771218,0
            106.692768,10.771222,0
            106.692759,10.771226,0
            106.692751,10.771231,0
            106.692743,10.771235,0
            106.692734,10.77124,0
            106.692726,10.771244,0
            106.692717,10.771249,0
            106.692709,10.771253,0
            106.692701,10.771258,0
            106.692693,10.771262,0
            106.692684,10.771266,0
            106.692676,10.771271,0
            106.692668,10.771275,0
            106.69266,10.77128,0
            106.692651,10.771284,0
            106.692643,10.771288,0
            106.692635,10.771293,0
            106.692627,10.771297,0
            106.692619,10.771302,0
            106.692611,10.771306,0
            106.691468,10.771923,0
            106.692611,10.771306,0
            106.692619,10.771302,0
            106.692627,10.771297,0
            106.692635,10.771293,0
            106.692643,10.771288,0
            106.692651,10.771284,0
            106.69266,10.77128,0
            106.692668,10.771275,0
            106.692676,10.771271,0
            106.692684,10.771266,0
            106.692693,10.771262,0
            106.692701,10.771258,0
            106.692709,10.771253,0
            106.692717,10.771249,0
            106.692726,10.771244,0
            106.692734,10.77124,0
            106.692743,10.771235,0
            106.692751,10.771231,0
            106.692759,10.771226,0
            106.692768,10.771222,0
            106.692776,10.771218,0
            106.692785,10.771213,0
            106.692793,10.771209,0
            106.692802,10.771204,0
            106.69281,10.7712,0
            106.692819,10.771195,0
            106.692828,10.771191,0
            106.692836,10.771186,0
            106.692845,10.771182,0
            106.692854,10.771177,0
            106.692863,10.771173,0
            106.692871,10.771168,0
            106.69288,10.771164,0
            106.692889,10.771159,0
            106.692898,10.771155,0
            106.692907,10.771151,0
            106.692916,10.771146,0
            106.692925,10.771142,0
            106.692934,10.771137,0
            106.692943,10.771133,0
            106.692952,10.771128,0
            106.692961,10.771124,0
            106.69297,10.77112,0
            106.692979,10.771115,0
            106.692989,10.771111,0
            106.692998,10.771106,0
            106.693007,10.771102,0
            106.693016,10.771098,0
            106.693026,10.771093,0
            106.693035,10.771089,0
            106.693045,10.771085,0
            106.693054,10.771081,0
            106.693063,10.771076,0
            106.693073,10.771072,0
            106.693082,10.771068,0
            106.693092,10.771064,0
            106.693102,10.771059,0
            106.693111,10.771055,0
            106.693121,10.771051,0
            106.693131,10.771047,0
            106.69314,10.771043,0
            106.69315,10.771039,0
            106.69316,10.771035,0
            106.693173,10.771029,0
            106.693186,10.771024,0
            106.693198,10.771019,0
            106.693211,10.771014,0
            106.693225,10.771009,0
            106.693238,10.771004,0
            106.693251,10.770999,0
            106.693264,10.770994,0
            106.693277,10.770989,0
            106.69329,10.770984,0
            106.693303,10.770979,0
            106.693316,10.770975,0
            106.69333,10.77097,0
            106.693343,10.770965,0
            106.693356,10.770961,0
            106.693369,10.770956,0
            106.693382,10.770952,0
            106.693396,10.770948,0
            106.693409,10.770943,0
            106.693422,10.770939,0
            106.693436,10.770935,0
            106.693449,10.770931,0
            106.693463,10.770927,0
            106.693476,10.770923,0
            106.693489,10.770919,0
            106.693503,10.770915,0
            106.693516,10.770911,0
            106.69353,10.770907,0
            106.693543,10.770903,0
            106.693557,10.7709,0
            106.69357,10.770896,0
            106.693584,10.770893,0
            106.693597,10.770889,0
            106.693611,10.770886,0
            106.693625,10.770882,0
            106.693638,10.770879,0
            106.693652,10.770876,0
            106.693665,10.770872,0
            106.693679,10.770869,0
            106.693693,10.770866,0
            106.693706,10.770863,0
            106.69372,10.77086,0
            106.693734,10.770857,0
            106.693747,10.770855,0
            106.693761,10.770852,0
            106.693775,10.770849,0
            106.693789,10.770846,0
            106.693802,10.770844,0
            106.693874,10.771857,0
            106.69387,10.771859,0
            106.693865,10.77186,0
            106.69386,10.771861,0
            106.693856,10.771863,0
            106.693851,10.771864,0
            106.693847,10.771866,0
            106.693842,10.771867,0
            106.693838,10.771868,0
            106.693833,10.77187,0
            106.693829,10.771871,0
            106.693824,10.771873,0
            106.69382,10.771874,0
            106.693815,10.771876,0
            106.693811,10.771877,0
            106.693806,10.771879,0
            106.693802,10.77188,0
            106.693797,10.771882,0
            106.693793,10.771883,0
            106.693788,10.771885,0
            106.693784,10.771887,0
            106.693779,10.771888,0
            106.693775,10.77189,0
            106.69377,10.771891,0
            106.693766,10.771893,0
            106.693761,10.771894,0
            106.693757,10.771896,0
            106.693752,10.771898,0
            106.693748,10.771899,0
            106.693743,10.771901,0
            106.693739,10.771903,0
            106.693734,10.771904,0
            106.69373,10.771906,0
            106.693725,10.771908,0
            106.693721,10.771909,0
            106.693716,10.771911,0
            106.693712,10.771913,0
            106.693708,10.771914,0
            106.693703,10.771916,0
            106.693699,10.771918,0
            106.693694,10.77192,0
            106.69369,10.771921,0
            106.693685,10.771923,0
            106.693681,10.771925,0
            106.693677,10.771927,0
            106.693672,10.771929,0
            106.693668,10.77193,0
            106.693663,10.771932,0
            106.693659,10.771934,0
            106.693652,10.771937,0
            106.693644,10.77194,0
            106.693637,10.771943,0
            106.69363,10.771946,0
            106.693623,10.771949,0
            106.693616,10.771952,0
            106.693609,10.771955,0
            106.693602,10.771958,0
            106.693595,10.771962,0
            106.693588,10.771965,0
            106.69358,10.771968,0
            106.693573,10.771971,0
            106.693566,10.771975,0
            106.693559,10.771978,0
            106.693552,10.771981,0
            106.693544,10.771985,0
            106.693537,10.771988,0
            106.69353,10.771991,0
            106.693523,10.771995,0
            106.693515,10.771998,0
            106.693508,10.772002,0
            106.693501,10.772005,0
            106.693493,10.772009,0
            106.693486,10.772013,0
            106.693479,10.772016,0
            106.693471,10.77202,0
            106.693464,10.772024,0
            106.693456,10.772027,0
            106.693449,10.772031,0
            106.693442,10.772035,0
            106.693434,10.772038,0
            106.693427,10.772042,0
            106.693419,10.772046,0
            106.693412,10.77205,0
            106.693404,10.772054,0
            106.693397,10.772058,0
            106.693389,10.772062,0
            106.693382,10.772065,0
            106.693374,10.772069,0
            106.693366,10.772073,0
            106.693359,10.772077,0
            106.693351,10.772081,0
            106.693344,10.772085,0
            106.693336,10.77209,0
            106.693328,10.772094,0
            106.69332,10.772098,0
            106.693313,10.772102,0
            106.693305,10.772106,0
            106.693297,10.77211,0
            106.693289,10.772114,0
            106.693282,10.772118,0
            106.693274,10.772122,0
            106.693266,10.772127,0
            106.693258,10.772131,0
            106.69325,10.772135,0
            106.693242,10.772139,0
            106.693234,10.772144,0
            106.693227,10.772148,0
            106.693219,10.772152,0
            106.693211,10.772156,0
            106.693203,10.772161,0
            106.693195,10.772165,0
            106.691967,10.772827,0
            106.691468,10.771923,0
          </coordinates>
        </LineString>
      </Placemark>
      <Placemark>
        <name>Polyline_006</name>
        <description>主线xlPolygon</description>
        <styleUrl>#line-00FF00-4000</styleUrl>
        <LineString>
          <tessellate>1</tessellate>
          <coordinates>
            106.688635,10.773451,0
            106.689132,10.774353,0
            106.689131,10.774354,0
            106.689129,10.774355,0
            106.689127,10.774356,0
            106.689126,10.774357,0
            106.689124,10.774358,0
            106.689122,10.774359,0
            106.689121,10.774359,0
            106.689119,10.77436,0
            106.689117,10.774361,0
            106.689115,10.774362,0
            106.689114,10.774363,0
            106.689112,10.774364,0
            106.68911,10.774365,0
            106.689109,10.774366,0
            106.689107,10.774367,0
            106.689105,10.774367,0
            106.689103,10.774368,0
            106.689102,10.774369,0
            106.6891,10.77437,0
            106.689098,10.774371,0
            106.689097,10.774372,0
            106.689095,10.774373,0
            106.689093,10.774374,0
            106.689092,10.774375,0
            106.68909,10.774375,0
            106.689088,10.774376,0
            106.689086,10.774377,0
            106.689085,10.774378,0
            106.689083,10.774379,0
            106.689081,10.77438,0
            106.68908,10.774381,0
            106.689078,10.774382,0
            106.689076,10.774382,0
            106.689075,10.774383,0
            106.689073,10.774384,0
            106.689071,10.774385,0
            106.689069,10.774386,0
            106.689068,10.774387,0
            106.689066,10.774388,0
            106.689064,10.774389,0
            106.689063,10.774389,0
            106.689061,10.77439,0
            106.689059,10.774391,0
            106.689057,10.774392,0
            106.689056,10.774393,0
            106.689054,10.774394,0
            106.689052,10.774395,0
            106.689051,10.774396,0
            106.689042,10.7744,0
            106.689034,10.774404,0
            106.689026,10.774408,0
            106.689018,10.774413,0
            106.689009,10.774417,0
            106.689001,10.774421,0
            106.688993,10.774425,0
            106.688985,10.77443,0
            106.688977,10.774434,0
            106.688968,10.774438,0
            106.68896,10.774442,0
            106.688952,10.774446,0
            106.688944,10.77445,0
            106.688936,10.774455,0
            106.688927,10.774459,0
            106.688919,10.774463,0
            106.688911,10.774467,0
            106.688903,10.774471,0
            106.688895,10.774476,0
            106.688887,10.77448,0
            106.688507,10.774674,0
            106.688499,10.774678,0
            106.688491,10.774682,0
            106.688483,10.774686,0
            106.688475,10.77469,0
            106.688467,10.774694,0
            106.688458,10.774699,0
            106.68845,10.774703,0
            106.688442,10.774707,0
            106.688434,10.774711,0
            106.688426,10.774715,0
            106.688418,10.774719,0
            106.68841,10.774723,0
            106.688402,10.774727,0
            106.688394,10.774732,0
            106.688386,10.774736,0
            106.688378,10.77474,0
            106.68837,10.774744,0
            106.688362,10.774748,0
            106.688354,10.774752,0
            106.688346,10.774756,0
            106.68834,10.774759,0
            106.688334,10.774763,0
            106.688327,10.774766,0
            106.688321,10.774769,0
            106.688315,10.774773,0
            106.688308,10.774776,0
            106.688302,10.774779,0
            106.688296,10.774782,0
            106.688289,10.774786,0
            106.688283,10.774789,0
            106.688277,10.774792,0
            106.68827,10.774796,0
            106.688264,10.774799,0
            106.688258,10.774802,0
            106.688251,10.774805,0
            106.688245,10.774809,0
            106.688239,10.774812,0
            106.688232,10.774815,0
            106.688226,10.774819,0
            106.68822,10.774822,0
            106.688213,10.774825,0
            106.688207,10.774828,0
            106.688201,10.774832,0
            106.688194,10.774835,0
            106.688188,10.774838,0
            106.688182,10.774842,0
            106.688176,10.774845,0
            106.688169,10.774848,0
            106.688163,10.774852,0
            106.688157,10.774855,0
            106.68815,10.774858,0
            106.688144,10.774862,0
            106.688138,10.774865,0
            106.688131,10.774868,0
            106.688125,10.774872,0
            106.688119,10.774875,0
            106.688113,10.774878,0
            106.688106,10.774882,0
            106.6881,10.774885,0
            106.688094,10.774888,0
            106.688087,10.774892,0
            106.688081,10.774895,0
            106.688075,10.774898,0
            106.688069,10.774902,0
            106.688062,10.774905,0
            106.688056,10.774908,0
            106.68805,10.774912,0
            106.688043,10.774915,0
            106.688035,10.774919,0
            106.688028,10.774924,0
            106.68802,10.774928,0
            106.688012,10.774932,0
            106.688004,10.774936,0
            106.687996,10.774941,0
            106.687988,10.774945,0
            106.68798,10.774949,0
            106.687972,10.774953,0
            106.687964,10.774958,0
            106.687956,10.774962,0
            106.687948,10.774966,0
            106.68794,10.774971,0
            106.687932,10.774975,0
            106.687924,10.774979,0
            106.687916,10.774983,0
            106.687908,10.774988,0
            106.6879,10.774992,0
            106.687892,10.774996,0
            106.687884,10.775001,0
            106.684591,10.776777,0
            106.684583,10.776781,0
            106.684575,10.776786,0
            106.684567,10.77679,0
            106.684559,10.776794,0
            106.684551,10.776799,0
            106.684543,10.776803,0
            106.684535,10.776807,0
            106.684527,10.776811,0
            106.684519,10.776816,0
            106.684511,10.77682,0
            106.684503,10.776824,0
            106.684496,10.776829,0
            106.684488,10.776833,0
            106.68448,10.776837,0
            106.684472,10.776842,0
            106.684464,10.776846,0
            106.684456,10.77685,0
            106.684448,10.776854,0
            106.68444,10.776859,0
            106.684432,10.776863,0
            106.684426,10.776866,0
            106.684419,10.77687,0
            106.684413,10.776874,0
            106.684406,10.776877,0
            106.6844,10.776881,0
            106.684393,10.776884,0
            106.684387,10.776888,0
            106.68438,10.776891,0
            106.684374,10.776895,0
            106.684367,10.776899,0
            106.684361,10.776902,0
            106.684354,10.776906,0
            106.684348,10.776909,0
            106.684341,10.776913,0
            106.684335,10.776916,0
            106.684328,10.77692,0
            106.684322,10.776924,0
            106.684315,10.776927,0
            106.684309,10.776931,0
            106.684302,10.776934,0
            106.684296,10.776938,0
            106.684289,10.776941,0
            106.684283,10.776945,0
            106.684276,10.776949,0
            106.68427,10.776952,0
            106.684263,10.776956,0
            106.684257,10.776959,0
            106.68425,10.776963,0
            106.684244,10.776967,0
            106.684237,10.77697,0
            106.684231,10.776974,0
            106.684224,10.776978,0
            106.684218,10.776981,0
            106.684211,10.776985,0
            106.684205,10.776988,0
            106.684198,10.776992,0
            106.684192,10.776996,0
            106.684186,10.776999,0
            106.684179,10.777003,0
            106.684173,10.777006,0
            106.684166,10.77701,0
            106.68416,10.777014,0
            106.684153,10.777017,0
            106.684147,10.777021,0
            106.68414,10.777025,0
            106.684134,10.777028,0
            106.684127,10.777032,0
            106.684121,10.777036,0
            106.684113,10.77704,0
            106.684105,10.777044,0
            106.684097,10.777049,0
            106.68409,10.777053,0
            106.684082,10.777058,0
            106.684074,10.777062,0
            106.684066,10.777067,0
            106.684058,10.777071,0
            106.68405,10.777075,0
            106.684043,10.77708,0
            106.684035,10.777084,0
            106.684027,10.777089,0
            106.684019,10.777093,0
            106.684011,10.777098,0
            106.684003,10.777102,0
            106.683995,10.777107,0
            106.683988,10.777111,0
            106.68398,10.777116,0
            106.683972,10.77712,0
            106.683964,10.777125,0
            106.683671,10.777291,0
            106.683663,10.777296,0
            106.683655,10.7773,0
            106.683647,10.777305,0
            106.683639,10.777309,0
            106.683631,10.777314,0
            106.683623,10.777318,0
            106.683615,10.777323,0
            106.683607,10.777328,0
            106.683599,10.777332,0
            106.683591,10.777337,0
            106.683583,10.777341,0
            106.683575,10.777346,0
            106.683567,10.77735,0
            106.683559,10.777355,0
            106.683551,10.777359,0
            106.683543,10.777364,0
            106.683535,10.777369,0
            106.683527,10.777373,0
            106.683519,10.777378,0
            106.683511,10.777382,0
            106.683505,10.777385,0
            106.683499,10.777389,0
            106.683494,10.777392,0
            106.683488,10.777395,0
            106.683482,10.777398,0
            106.683476,10.777402,0
            106.683471,10.777405,0
            106.683465,10.777408,0
            106.683459,10.777411,0
            106.683453,10.777415,0
            106.683447,10.777418,0
            106.683442,10.777421,0
            106.683436,10.777424,0
            106.68343,10.777428,0
            106.683424,10.777431,0
            106.683418,10.777434,0
            106.683413,10.777437,0
            106.683407,10.777441,0
            106.683401,10.777444,0
            106.683395,10.777447,0
            106.68339,10.77745,0
            106.683384,10.777454,0
            106.683378,10.777457,0
            106.683372,10.77746,0
            106.683366,10.777463,0
            106.683361,10.777466,0
            106.683355,10.77747,0
            106.683349,10.777473,0
            106.683343,10.777476,0
            106.683337,10.777479,0
            106.683332,10.777482,0
            106.683326,10.777486,0
            106.68332,10.777489,0
            106.683314,10.777492,0
            106.683308,10.777495,0
            106.683302,10.777499,0
            106.683297,10.777502,0
            106.683291,10.777505,0
            106.683285,10.777508,0
            106.683279,10.777511,0
            106.683273,10.777515,0
            106.683268,10.777518,0
            106.683262,10.777521,0
            106.683256,10.777524,0
            106.68325,10.777527,0
            106.683244,10.77753,0
            106.683239,10.777534,0
            106.683233,10.777537,0
            106.682735,10.776632,0
            106.68298,10.776501,0
            106.682985,10.776498,0
            106.682991,10.776495,0
            106.682997,10.776492,0
            106.683003,10.776489,0
            106.683008,10.776485,0
            106.683014,10.776482,0
            106.68302,10.776479,0
            106.683025,10.776476,0
            106.683031,10.776473,0
            106.683037,10.77647,0
            106.683043,10.776467,0
            106.683048,10.776464,0
            106.683054,10.776461,0
            106.68306,10.776458,0
            106.683066,10.776455,0
            106.683071,10.776451,0
            106.683077,10.776448,0
            106.683083,10.776445,0
            106.683089,10.776442,0
            106.683094,10.776439,0
            106.6831,10.776436,0
            106.683106,10.776433,0
            106.683112,10.77643,0
            106.683117,10.776427,0
            106.683123,10.776424,0
            106.683129,10.776421,0
            106.683134,10.776418,0
            106.68314,10.776414,0
            106.683146,10.776411,0
            106.683152,10.776408,0
            106.683157,10.776405,0
            106.683163,10.776402,0
            106.683169,10.776399,0
            106.683175,10.776396,0
            106.68318,10.776393,0
            106.683186,10.77639,0
            106.683192,10.776387,0
            106.683198,10.776384,0
            106.683203,10.77638,0
            106.683209,10.776377,0
            106.683215,10.776374,0
            106.68322,10.776371,0
            106.683226,10.776368,0
            106.683232,10.776365,0
            106.683238,10.776362,0
            106.683243,10.776359,0
            106.683249,10.776356,0
            106.683255,10.776353,0
            106.688635,10.773451,0
            106.683255,10.776353,0
            106.683249,10.776356,0
            106.683243,10.776359,0
            106.683238,10.776362,0
            106.683232,10.776365,0
            106.683226,10.776368,0
            106.68322,10.776371,0
            106.683215,10.776374,0
            106.683209,10.776377,0
            106.683203,10.77638,0
            106.683198,10.776384,0
            106.683192,10.776387,0
            106.683186,10.77639,0
            106.68318,10.776393,0
            106.683175,10.776396,0
            106.683169,10.776399,0
            106.683163,10.776402,0
            106.683157,10.776405,0
            106.683152,10.776408,0
            106.683146,10.776411,0
            106.68314,10.776414,0
            106.683134,10.776418,0
            106.683129,10.776421,0
            106.683123,10.776424,0
            106.683117,10.776427,0
            106.683112,10.77643,0
            106.683106,10.776433,0
            106.6831,10.776436,0
            106.683094,10.776439,0
            106.683089,10.776442,0
            106.683083,10.776445,0
            106.683077,10.776448,0
            106.683071,10.776451,0
            106.683066,10.776455,0
            106.68306,10.776458,0
            106.683054,10.776461,0
            106.683048,10.776464,0
            106.683043,10.776467,0
            106.683037,10.77647,0
            106.683031,10.776473,0
            106.683025,10.776476,0
            106.68302,10.776479,0
            106.683014,10.776482,0
            106.683008,10.776485,0
            106.683003,10.776489,0
            106.682997,10.776492,0
            106.682991,10.776495,0
            106.682985,10.776498,0
            106.68298,10.776501,0
            106.682735,10.776632,0
          </coordinates>
        </LineString>
      </Placemark>
      <Placemark>
        <name>Polyline_006</name>
        <description>主线xlPolygon</description>
        <styleUrl>#line-00FF00-4000</styleUrl>
        <LineString>
          <tessellate>1</tessellate>
          <coordinates>
            106.672614,10.783231,0
            106.672611,10.783232,0
            106.672608,10.783234,0
            106.672605,10.783236,0
            106.672602,10.783237,0
            106.672598,10.783239,0
            106.672595,10.783241,0
            106.672592,10.783242,0
            106.672589,10.783244,0
            106.672586,10.783246,0
            106.672583,10.783247,0
            106.672579,10.783249,0
            106.672576,10.783251,0
            106.672573,10.783252,0
            106.67257,10.783254,0
            106.672567,10.783256,0
            106.672563,10.783257,0
            106.67256,10.783259,0
            106.672557,10.783261,0
            106.672554,10.783262,0
            106.672551,10.783264,0
            106.672548,10.783266,0
            106.672544,10.783267,0
            106.672541,10.783269,0
            106.672538,10.783271,0
            106.672535,10.783272,0
            106.672532,10.783274,0
            106.672528,10.783276,0
            106.672525,10.783277,0
            106.672522,10.783279,0
            106.672519,10.783281,0
            106.672516,10.783282,0
            106.672513,10.783284,0
            106.672509,10.783286,0
            106.672506,10.783287,0
            106.672503,10.783289,0
            106.6725,10.78329,0
            106.672497,10.783292,0
            106.672493,10.783294,0
            106.67249,10.783295,0
            106.672487,10.783297,0
            106.672484,10.783299,0
            106.672481,10.7833,0
            106.672477,10.783302,0
            106.672474,10.783304,0
            106.672471,10.783305,0
            106.672468,10.783307,0
            106.672465,10.783309,0
            106.672462,10.78331,0
            106.672453,10.783315,0
            106.672445,10.783319,0
            106.672437,10.783323,0
            106.672429,10.783327,0
            106.672421,10.783332,0
            106.672412,10.783336,0
            106.672404,10.78334,0
            106.672396,10.783344,0
            106.672388,10.783348,0
            106.67238,10.783353,0
            106.672371,10.783357,0
            106.672363,10.783361,0
            106.672355,10.783365,0
            106.672347,10.783369,0
            106.672339,10.783374,0
            106.672331,10.783378,0
            106.672322,10.783382,0
            106.672314,10.783386,0
            106.672306,10.78339,0
            106.672298,10.783394,0
            106.672035,10.783529,0
            106.672027,10.783533,0
            106.672019,10.783538,0
            106.672011,10.783542,0
            106.672003,10.783546,0
            106.671995,10.78355,0
            106.671987,10.783554,0
            106.671979,10.783558,0
            106.671971,10.783562,0
            106.671963,10.783567,0
            106.671955,10.783571,0
            106.671947,10.783575,0
            106.671939,10.783579,0
            106.671931,10.783583,0
            106.671923,10.783587,0
            106.671915,10.783591,0
            106.671907,10.783596,0
            106.671899,10.7836,0
            106.671891,10.783604,0
            106.671883,10.783608,0
            106.671875,10.783612,0
            106.671869,10.783615,0
            106.671864,10.783617,0
            106.671859,10.78362,0
            106.671854,10.783623,0
            106.671849,10.783625,0
            106.671844,10.783628,0
            106.671839,10.783631,0
            106.671834,10.783633,0
            106.671828,10.783636,0
            106.671823,10.783639,0
            106.671818,10.783641,0
            106.671813,10.783644,0
            106.671808,10.783647,0
            106.671803,10.783649,0
            106.671798,10.783652,0
            106.671793,10.783655,0
            106.671788,10.783657,0
            106.671782,10.78366,0
            106.671777,10.783663,0
            106.671772,10.783665,0
            106.671767,10.783668,0
            106.671762,10.783671,0
            106.671757,10.783673,0
            106.671752,10.783676,0
            106.671747,10.783679,0
            106.671742,10.783681,0
            106.671737,10.783684,0
            106.671731,10.783687,0
            106.671726,10.783689,0
            106.671721,10.783692,0
            106.671716,10.783695,0
            106.671711,10.783697,0
            106.671706,10.7837,0
            106.671701,10.783703,0
            106.671696,10.783706,0
            106.671691,10.783708,0
            106.671685,10.783711,0
            106.67168,10.783714,0
            106.671675,10.783716,0
            106.67167,10.783719,0
            106.671665,10.783722,0
            106.67166,10.783724,0
            106.671655,10.783727,0
            106.67165,10.78373,0
            106.671645,10.783732,0
            106.67164,10.783735,0
            106.671635,10.783738,0
            106.671629,10.783741,0
            106.671621,10.783745,0
            106.671614,10.783749,0
            106.671606,10.783753,0
            106.671598,10.783757,0
            106.67159,10.783762,0
            106.671582,10.783766,0
            106.671574,10.78377,0
            106.671566,10.783774,0
            106.671558,10.783779,0
            106.67155,10.783783,0
            106.671542,10.783787,0
            106.671534,10.783791,0
            106.671526,10.783796,0
            106.671518,10.7838,0
            106.67151,10.783804,0
            106.671502,10.783809,0
            106.671494,10.783813,0
            106.671486,10.783817,0
            106.671478,10.783821,0
            106.67147,10.783826,0
            106.668075,10.785641,0
            106.668067,10.785645,0
            106.668059,10.78565,0
            106.668051,10.785654,0
            106.668043,10.785658,0
            106.668035,10.785663,0
            106.668027,10.785667,0
            106.668019,10.785671,0
            106.668011,10.785675,0
            106.668003,10.78568,0
            106.667995,10.785684,0
            106.667987,10.785688,0
            106.667979,10.785693,0
            106.667971,10.785697,0
            106.667963,10.785701,0
            106.667955,10.785705,0
            106.667947,10.78571,0
            106.667939,10.785714,0
            106.667931,10.785718,0
            106.667924,10.785722,0
            106.667916,10.785727,0
            106.667911,10.785729,0
            106.667906,10.785732,0
            106.667901,10.785735,0
            106.667895,10.785738,0
            106.66789,10.78574,0
            106.667885,10.785743,0
            106.66788,10.785746,0
            106.667875,10.785748,0
            106.66787,10.785751,0
            106.667865,10.785754,0
            106.66786,10.785757,0
            106.667855,10.785759,0
            106.66785,10.785762,0
            106.667845,10.785765,0
            106.66784,10.785768,0
            106.667835,10.78577,0
            106.66783,10.785773,0
            106.667825,10.785776,0
            106.66782,10.785779,0
            106.667815,10.785781,0
            106.66781,10.785784,0
            106.667805,10.785787,0
            106.6678,10.78579,0
            106.667795,10.785792,0
            106.66779,10.785795,0
            106.667785,10.785798,0
            106.66778,10.785801,0
            106.667775,10.785803,0
            106.66777,10.785806,0
            106.667764,10.785809,0
            106.667759,10.785812,0
            106.667754,10.785814,0
            106.667749,10.785817,0
            106.667744,10.78582,0
            106.667739,10.785823,0
            106.667734,10.785825,0
            106.667729,10.785828,0
            106.667724,10.785831,0
            106.667719,10.785834,0
            106.667714,10.785836,0
            106.667709,10.785839,0
            106.667704,10.785842,0
            106.667699,10.785845,0
            106.667694,10.785847,0
            106.667689,10.78585,0
            106.667684,10.785853,0
            106.667679,10.785856,0
            106.667674,10.785859,0
            106.667666,10.785863,0
            106.667658,10.785867,0
            106.66765,10.785872,0
            106.667643,10.785876,0
            106.667635,10.78588,0
            106.667627,10.785885,0
            106.667619,10.785889,0
            106.667611,10.785893,0
            106.667603,10.785898,0
            106.667595,10.785902,0
            106.667587,10.785907,0
            106.667579,10.785911,0
            106.667572,10.785915,0
            106.667564,10.78592,0
            106.667556,10.785924,0
            106.667548,10.785929,0
            106.66754,10.785933,0
            106.667532,10.785937,0
            106.667524,10.785942,0
            106.667516,10.785946,0
            106.667254,10.786092,0
            106.667246,10.786096,0
            106.667238,10.786101,0
            106.66723,10.786105,0
            106.667222,10.78611,0
            106.667214,10.786114,0
            106.667206,10.786119,0
            106.667198,10.786123,0
            106.66719,10.786127,0
            106.667182,10.786132,0
            106.667174,10.786136,0
            106.667166,10.786141,0
            106.667158,10.786145,0
            106.66715,10.78615,0
            106.667142,10.786154,0
            106.667134,10.786159,0
            106.667126,10.786163,0
            106.667118,10.786168,0
            106.66711,10.786172,0
            106.667102,10.786177,0
            106.667094,10.786181,0
            106.667091,10.786183,0
            106.667089,10.786184,0
            106.667086,10.786185,0
            106.667084,10.786187,0
            106.667081,10.786188,0
            106.667079,10.786189,0
            106.667076,10.786191,0
            106.667074,10.786192,0
            106.667071,10.786193,0
            106.667069,10.786195,0
            106.667066,10.786196,0
            106.667064,10.786198,0
            106.667061,10.786199,0
            106.667059,10.7862,0
            106.667056,10.786202,0
            106.667054,10.786203,0
            106.667051,10.786204,0
            106.667049,10.786206,0
            106.667046,10.786207,0
            106.667044,10.786208,0
            106.667041,10.78621,0
            106.667039,10.786211,0
            106.667037,10.786213,0
            106.667034,10.786214,0
            106.667032,10.786215,0
            106.667029,10.786217,0
            106.667027,10.786218,0
            106.667024,10.786219,0
            106.667022,10.786221,0
            106.667019,10.786222,0
            106.667017,10.786223,0
            106.667014,10.786225,0
            106.667012,10.786226,0
            106.667009,10.786228,0
            106.667007,10.786229,0
            106.667004,10.78623,0
            106.667002,10.786232,0
            106.666999,10.786233,0
            106.666997,10.786234,0
            106.666994,10.786236,0
            106.666992,10.786237,0
            106.666989,10.786238,0
            106.666987,10.78624,0
            106.666984,10.786241,0
            106.666982,10.786242,0
            106.666979,10.786244,0
            106.666977,10.786245,0
            106.666974,10.786247,0
            106.666479,10.785342,0
            106.666483,10.78534,0
            106.666486,10.785338,0
            106.66649,10.785336,0
            106.666494,10.785334,0
            106.666497,10.785332,0
            106.666501,10.78533,0
            106.666504,10.785329,0
            106.666508,10.785327,0
            106.666511,10.785325,0
            106.666515,10.785323,0
            106.666518,10.785321,0
            106.666522,10.785319,0
            106.666525,10.785318,0
            106.666529,10.785316,0
            106.666532,10.785314,0
            106.666536,10.785312,0
            106.666539,10.78531,0
            106.666543,10.785308,0
            106.666546,10.785306,0
            106.66655,10.785305,0
            106.666554,10.785303,0
            106.666557,10.785301,0
            106.666561,10.785299,0
            106.666564,10.785297,0
            106.666568,10.785295,0
            106.666571,10.785293,0
            106.666575,10.785292,0
            106.666578,10.78529,0
            106.666582,10.785288,0
            106.666585,10.785286,0
            106.666589,10.785284,0
            106.666592,10.785282,0
            106.666596,10.785281,0
            106.666599,10.785279,0
            106.666603,10.785277,0
            106.666606,10.785275,0
            106.66661,10.785273,0
            106.666614,10.785271,0
            106.666617,10.785269,0
            106.666621,10.785268,0
            106.666624,10.785266,0
            106.666628,10.785264,0
            106.666631,10.785262,0
            106.666635,10.78526,0
            106.666638,10.785258,0
            106.666642,10.785257,0
            106.666645,10.785255,0
            106.666649,10.785253,0
            106.66702,10.78506,0
            106.667028,10.785056,0
            106.667036,10.785052,0
            106.667043,10.785048,0
            106.667051,10.785044,0
            106.667058,10.78504,0
            106.667066,10.785036,0
            106.667074,10.785032,0
            106.667081,10.785028,0
            106.667089,10.785024,0
            106.667097,10.78502,0
            106.667104,10.785016,0
            106.667112,10.785012,0
            106.667119,10.785008,0
            106.667127,10.785004,0
            106.667135,10.785,0
            106.667142,10.784996,0
            106.66715,10.784992,0
            106.667157,10.784988,0
            106.667165,10.784984,0
            106.667173,10.78498,0
            106.66718,10.784976,0
            106.667188,10.784972,0
            106.667195,10.784968,0
            106.667203,10.784964,0
            106.667211,10.78496,0
            106.667218,10.784956,0
            106.667226,10.784952,0
            106.667233,10.784948,0
            106.667241,10.784944,0
            106.667249,10.78494,0
            106.667256,10.784936,0
            106.667264,10.784932,0
            106.667271,10.784928,0
            106.667279,10.784924,0
            106.667287,10.78492,0
            106.667294,10.784916,0
            106.667302,10.784912,0
            106.667309,10.784908,0
            106.667317,10.784904,0
            106.667325,10.7849,0
            106.667332,10.784896,0
            106.66734,10.784892,0
            106.667347,10.784887,0
            106.667355,10.784883,0
            106.667362,10.784879,0
            106.66737,10.784875,0
            106.667378,10.784871,0
            106.667385,10.784867,0
            106.671219,10.782817,0
            106.671227,10.782813,0
            106.671235,10.782809,0
            106.671242,10.782805,0
            106.67125,10.7828,0
            106.671257,10.782796,0
            106.671265,10.782792,0
            106.671272,10.782788,0
            106.67128,10.782784,0
            106.671288,10.78278,0
            106.671295,10.782776,0
            106.671303,10.782772,0
            106.67131,10.782768,0
            106.671318,10.782764,0
            106.671325,10.78276,0
            106.671333,10.782756,0
            106.671341,10.782752,0
            106.671348,10.782748,0
            106.671356,10.782743,0
            106.671363,10.782739,0
            106.671371,10.782735,0
            106.671378,10.782731,0
            106.671386,10.782727,0
            106.671393,10.782723,0
            106.671401,10.782719,0
            106.671409,10.782715,0
            106.671416,10.782711,0
            106.671424,10.782707,0
            106.671431,10.782703,0
            106.671439,10.782698,0
            106.671446,10.782694,0
            106.671454,10.78269,0
            106.671461,10.782686,0
            106.671469,10.782682,0
            106.671476,10.782678,0
            106.671484,10.782674,0
            106.671492,10.78267,0
            106.671499,10.782666,0
            106.671507,10.782661,0
            106.671514,10.782657,0
            106.671522,10.782653,0
            106.671529,10.782649,0
            106.671537,10.782645,0
            106.671544,10.782641,0
            106.671552,10.782637,0
            106.671559,10.782633,0
            106.671567,10.782628,0
            106.671574,10.782624,0
            106.671582,10.78262,0
            106.671949,10.782419,0
            106.671952,10.782417,0
            106.671956,10.782415,0
            106.671959,10.782413,0
            106.671963,10.782411,0
            106.671967,10.782409,0
            106.67197,10.782407,0
            106.671974,10.782405,0
            106.671977,10.782403,0
            106.671981,10.782401,0
            106.671984,10.782399,0
            106.671988,10.782397,0
            106.671991,10.782395,0
            106.671995,10.782393,0
            106.671998,10.782391,0
            106.672002,10.782389,0
            106.672006,10.782387,0
            106.672009,10.782385,0
            106.672013,10.782384,0
            106.672016,10.782382,0
            106.67202,10.78238,0
            106.672023,10.782378,0
            106.672027,10.782376,0
            106.67203,10.782374,0
            106.672034,10.782372,0
            106.672037,10.78237,0
            106.672041,10.782368,0
            106.672045,10.782366,0
            106.672048,10.782364,0
            106.672052,10.782362,0
            106.672055,10.78236,0
            106.672059,10.782358,0
            106.672062,10.782356,0
            106.672066,10.782354,0
            106.672069,10.782353,0
            106.672073,10.782351,0
            106.672076,10.782349,0
            106.67208,10.782347,0
            106.672084,10.782345,0
            106.672087,10.782343,0
            106.672091,10.782341,0
            106.672094,10.782339,0
            106.672098,10.782337,0
            106.672101,10.782335,0
            106.672105,10.782333,0
            106.672108,10.782331,0
            106.672112,10.782329,0
            106.672116,10.782327,0
            106.672119,10.782326,0
            106.672614,10.783231,0
          </coordinates>
        </LineString>
      </Placemark>
      <Placemark>
        <name>Polyline_006</name>
        <description>主线xlPolygon</description>
        <styleUrl>#line-00FF00-4000</styleUrl>
        <LineString>
          <tessellate>1</tessellate>
          <coordinates>
            106.661276,10.789294,0
            106.66079,10.788385,0
            106.660996,10.788278,0
            106.661004,10.788274,0
            106.661012,10.78827,0
            106.661021,10.788266,0
            106.661029,10.788262,0
            106.661037,10.788258,0
            106.661045,10.788253,0
            106.661053,10.788249,0
            106.661061,10.788245,0
            106.661069,10.788241,0
            106.661077,10.788237,0
            106.661085,10.788233,0
            106.661093,10.788228,0
            106.661101,10.788224,0
            106.661109,10.78822,0
            106.661117,10.788216,0
            106.661125,10.788212,0
            106.661133,10.788208,0
            106.661141,10.788204,0
            106.661149,10.788199,0
            106.661157,10.788195,0
            106.661162,10.788193,0
            106.661168,10.78819,0
            106.661173,10.788187,0
            106.661178,10.788184,0
            106.661184,10.788181,0
            106.661189,10.788179,0
            106.661194,10.788176,0
            106.661199,10.788173,0
            106.661205,10.78817,0
            106.66121,10.788168,0
            106.661215,10.788165,0
            106.661221,10.788162,0
            106.661226,10.788159,0
            106.661231,10.788157,0
            106.661237,10.788154,0
            106.661242,10.788151,0
            106.661247,10.788148,0
            106.661252,10.788146,0
            106.661258,10.788143,0
            106.661263,10.78814,0
            106.661268,10.788137,0
            106.661274,10.788134,0
            106.661279,10.788132,0
            106.661284,10.788129,0
            106.661289,10.788126,0
            106.661295,10.788123,0
            106.6613,10.788121,0
            106.661305,10.788118,0
            106.661311,10.788115,0
            106.661316,10.788112,0
            106.661321,10.788109,0
            106.661326,10.788107,0
            106.661332,10.788104,0
            106.661337,10.788101,0
            106.661342,10.788098,0
            106.661347,10.788096,0
            106.661353,10.788093,0
            106.661358,10.78809,0
            106.661363,10.788087,0
            106.661369,10.788084,0
            106.661374,10.788082,0
            106.661379,10.788079,0
            106.661384,10.788076,0
            106.66139,10.788073,0
            106.661395,10.78807,0
            106.6614,10.788068,0
            106.661406,10.788065,0
            106.661411,10.788062,0
            106.661419,10.788058,0
            106.661427,10.788054,0
            106.661435,10.788049,0
            106.661443,10.788045,0
            106.661451,10.788041,0
            106.661459,10.788037,0
            106.661466,10.788032,0
            106.661474,10.788028,0
            106.661482,10.788024,0
            106.66149,10.78802,0
            106.661498,10.788015,0
            106.661506,10.788011,0
            106.661514,10.788007,0
            106.661522,10.788002,0
            106.66153,10.787998,0
            106.661538,10.787994,0
            106.661547,10.78799,0
            106.661555,10.787985,0
            106.661563,10.787981,0
            106.661571,10.787977,0
            106.663179,10.787116,0
            106.663187,10.787112,0
            106.663195,10.787108,0
            106.663202,10.787104,0
            106.66321,10.7871,0
            106.663217,10.787096,0
            106.663225,10.787092,0
            106.663232,10.787088,0
            106.66324,10.787084,0
            106.663248,10.78708,0
            106.663255,10.787076,0
            106.663263,10.787072,0
            106.66327,10.787068,0
            106.663278,10.787064,0
            106.663285,10.787059,0
            106.663293,10.787055,0
            106.663301,10.787051,0
            106.663308,10.787047,0
            106.663316,10.787043,0
            106.663323,10.787039,0
            106.663331,10.787035,0
            106.663338,10.787031,0
            106.663346,10.787027,0
            106.663353,10.787023,0
            106.663361,10.787019,0
            106.663369,10.787015,0
            106.663376,10.78701,0
            106.663384,10.787006,0
            106.663391,10.787002,0
            106.663399,10.786998,0
            106.663406,10.786994,0
            106.663414,10.78699,0
            106.663421,10.786986,0
            106.663429,10.786982,0
            106.663436,10.786978,0
            106.663444,10.786973,0
            106.663452,10.786969,0
            106.663459,10.786965,0
            106.663467,10.786961,0
            106.663474,10.786957,0
            106.663482,10.786953,0
            106.663489,10.786949,0
            106.663497,10.786945,0
            106.663504,10.78694,0
            106.663512,10.786936,0
            106.663519,10.786932,0
            106.663527,10.786928,0
            106.663534,10.786924,0
            106.663542,10.78692,0
            106.663909,10.786718,0
            106.663912,10.786716,0
            106.663916,10.786714,0
            106.663919,10.786712,0
            106.663923,10.786711,0
            106.663926,10.786709,0
            106.66393,10.786707,0
            106.663933,10.786705,0
            106.663937,10.786703,0
            106.66394,10.786701,0
            106.663944,10.786699,0
            106.663947,10.786697,0
            106.663951,10.786695,0
            106.663954,10.786693,0
            106.663958,10.786691,0
            106.663961,10.786689,0
            106.663965,10.786688,0
            106.663968,10.786686,0
            106.663972,10.786684,0
            106.663975,10.786682,0
            106.663979,10.78668,0
            106.663982,10.786678,0
            106.663986,10.786676,0
            106.663989,10.786674,0
            106.663993,10.786672,0
            106.663996,10.78667,0
            106.664,10.786668,0
            106.664003,10.786667,0
            106.664007,10.786665,0
            106.66401,10.786663,0
            106.664014,10.786661,0
            106.664017,10.786659,0
            106.664021,10.786657,0
            106.664024,10.786655,0
            106.664028,10.786653,0
            106.664031,10.786651,0
            106.664035,10.786649,0
            106.664038,10.786647,0
            106.664042,10.786646,0
            106.664045,10.786644,0
            106.664049,10.786642,0
            106.664052,10.78664,0
            106.664056,10.786638,0
            106.664059,10.786636,0
            106.664063,10.786634,0
            106.664066,10.786632,0
            106.66407,10.78663,0
            106.664073,10.786628,0
            106.664077,10.786627,0
            106.664572,10.787531,0
            106.664569,10.787533,0
            106.664566,10.787535,0
            106.664563,10.787536,0
            106.66456,10.787538,0
            106.664557,10.787539,0
            106.664554,10.787541,0
            106.664552,10.787542,0
            106.664549,10.787544,0
            106.664546,10.787545,0
            106.664543,10.787547,0
            106.66454,10.787548,0
            106.664537,10.78755,0
            106.664534,10.787551,0
            106.664531,10.787553,0
            106.664528,10.787554,0
            106.664526,10.787556,0
            106.664523,10.787557,0
            106.66452,10.787559,0
            106.664517,10.78756,0
            106.664514,10.787562,0
            106.664511,10.787563,0
            106.664508,10.787565,0
            106.664505,10.787566,0
            106.664502,10.787568,0
            106.6645,10.787569,0
            106.664497,10.787571,0
            106.664494,10.787572,0
            106.664491,10.787574,0
            106.664488,10.787575,0
            106.664485,10.787577,0
            106.664482,10.787578,0
            106.664479,10.78758,0
            106.664476,10.787581,0
            106.664474,10.787583,0
            106.664471,10.787584,0
            106.664468,10.787586,0
            106.664465,10.787587,0
            106.664462,10.787589,0
            106.664459,10.78759,0
            106.664456,10.787592,0
            106.664453,10.787593,0
            106.66445,10.787595,0
            106.664447,10.787596,0
            106.664445,10.787598,0
            106.664442,10.787599,0
            106.664439,10.787601,0
            106.664436,10.787602,0
            106.664433,10.787604,0
            106.664425,10.787608,0
            106.664417,10.787612,0
            106.664408,10.787616,0
            106.6644,10.787621,0
            106.664392,10.787625,0
            106.664384,10.787629,0
            106.664376,10.787633,0
            106.664367,10.787638,0
            106.664359,10.787642,0
            106.664351,10.787646,0
            106.664343,10.78765,0
            106.664335,10.787654,0
            106.664326,10.787659,0
            106.664318,10.787663,0
            106.66431,10.787667,0
            106.664302,10.787671,0
            106.664294,10.787675,0
            106.664286,10.78768,0
            106.664278,10.787684,0
            106.664269,10.787688,0
            106.664035,10.787808,0
            106.664027,10.787812,0
            106.664019,10.787816,0
            106.664011,10.78782,0
            106.664003,10.787824,0
            106.663995,10.787829,0
            106.663987,10.787833,0
            106.663979,10.787837,0
            106.663971,10.787841,0
            106.663963,10.787845,0
            106.663955,10.787849,0
            106.663947,10.787853,0
            106.663939,10.787858,0
            106.66393,10.787862,0
            106.663922,10.787866,0
            106.663914,10.78787,0
            106.663906,10.787874,0
            106.663898,10.787878,0
            106.66389,10.787882,0
            106.663882,10.787886,0
            106.663874,10.787891,0
            106.663869,10.787893,0
            106.663864,10.787896,0
            106.663859,10.787899,0
            106.663853,10.787902,0
            106.663848,10.787904,0
            106.663843,10.787907,0
            106.663837,10.78791,0
            106.663832,10.787913,0
            106.663827,10.787915,0
            106.663821,10.787918,0
            106.663816,10.787921,0
            106.663811,10.787924,0
            106.663805,10.787926,0
            106.6638,10.787929,0
            106.663795,10.787932,0
            106.663789,10.787935,0
            106.663784,10.787938,0
            106.663779,10.78794,0
            106.663774,10.787943,0
            106.663768,10.787946,0
            106.663763,10.787949,0
            106.663758,10.787951,0
            106.663752,10.787954,0
            106.663747,10.787957,0
            106.663742,10.78796,0
            106.663736,10.787963,0
            106.663731,10.787965,0
            106.663726,10.787968,0
            106.663721,10.787971,0
            106.663715,10.787974,0
            106.66371,10.787976,0
            106.663705,10.787979,0
            106.663699,10.787982,0
            106.663694,10.787985,0
            106.663689,10.787988,0
            106.663683,10.78799,0
            106.663678,10.787993,0
            106.663673,10.787996,0
            106.663668,10.787999,0
            106.663662,10.788002,0
            106.663657,10.788004,0
            106.663652,10.788007,0
            106.663646,10.78801,0
            106.663641,10.788013,0
            106.663636,10.788016,0
            106.663631,10.788018,0
            106.663625,10.788021,0
            106.66362,10.788024,0
            106.663612,10.788028,0
            106.663604,10.788032,0
            106.663596,10.788037,0
            106.663588,10.788041,0
            106.66358,10.788045,0
            106.663572,10.788049,0
            106.663564,10.788054,0
            106.663556,10.788058,0
            106.663548,10.788062,0
            106.66354,10.788066,0
            106.663532,10.788071,0
            106.663524,10.788075,0
            106.663516,10.788079,0
            106.663508,10.788083,0
            106.6635,10.788088,0
            106.663492,10.788092,0
            106.663484,10.788096,0
            106.663476,10.7881,0
            106.663468,10.788105,0
            106.66346,10.788109,0
            106.662417,10.788667,0
            106.662409,10.788671,0
            106.662401,10.788676,0
            106.662393,10.78868,0
            106.662385,10.788684,0
            106.662377,10.788688,0
            106.662369,10.788693,0
            106.662361,10.788697,0
            106.662353,10.788701,0
            106.662345,10.788706,0
            106.662337,10.78871,0
            106.662329,10.788714,0
            106.662321,10.788718,0
            106.662313,10.788723,0
            106.662305,10.788727,0
            106.662297,10.788731,0
            106.662289,10.788735,0
            106.662281,10.78874,0
            106.662273,10.788744,0
            106.662265,10.788748,0
            106.662258,10.788752,0
            106.662252,10.788755,0
            106.662247,10.788758,0
            106.662242,10.788761,0
            106.662236,10.788764,0
            106.662231,10.788767,0
            106.662226,10.78877,0
            106.662221,10.788772,0
            106.662215,10.788775,0
            106.66221,10.788778,0
            106.662205,10.788781,0
            106.662199,10.788784,0
            106.662194,10.788787,0
            106.662189,10.78879,0
            106.662184,10.788792,0
            106.662178,10.788795,0
            106.662173,10.788798,0
            106.662168,10.788801,0
            106.662163,10.788804,0
            106.662157,10.788807,0
            106.662152,10.78881,0
            106.662147,10.788813,0
            106.662141,10.788815,0
            106.662136,10.788818,0
            106.662131,10.788821,0
            106.662126,10.788824,0
            106.66212,10.788827,0
            106.662115,10.78883,0
            106.66211,10.788833,0
            106.662105,10.788836,0
            106.662099,10.788838,0
            106.662094,10.788841,0
            106.662089,10.788844,0
            106.662083,10.788847,0
            106.662078,10.78885,0
            106.662073,10.788853,0
            106.662068,10.788856,0
            106.662062,10.788859,0
            106.662057,10.788862,0
            106.662052,10.788864,0
            106.662047,10.788867,0
            106.662041,10.78887,0
            106.662036,10.788873,0
            106.662031,10.788876,0
            106.662026,10.788879,0
            106.66202,10.788882,0
            106.662015,10.788885,0
            106.66201,10.788888,0
            106.662005,10.788891,0
            106.661997,10.788895,0
            106.661989,10.788899,0
            106.661981,10.788904,0
            106.661973,10.788908,0
            106.661965,10.788912,0
            106.661957,10.788917,0
            106.661949,10.788921,0
            106.661942,10.788926,0
            106.661934,10.78893,0
            106.661926,10.788934,0
            106.661918,10.788939,0
            106.66191,10.788943,0
            106.661902,10.788947,0
            106.661894,10.788952,0
            106.661886,10.788956,0
            106.661878,10.788961,0
            106.66187,10.788965,0
            106.661862,10.78897,0
            106.661854,10.788974,0
            106.661847,10.788978,0
            106.661628,10.7891,0
            106.66162,10.789104,0
            106.661612,10.789109,0
            106.661605,10.789113,0
            106.661597,10.789118,0
            106.661589,10.789122,0
            106.661581,10.789127,0
            106.661573,10.789131,0
            106.661564,10.789136,0
            106.661556,10.78914,0
            106.661548,10.789145,0
            106.66154,10.789149,0
            106.661532,10.789153,0
            106.661524,10.789158,0
            106.661516,10.789162,0
            106.661508,10.789167,0
            106.6615,10.789171,0
            106.661492,10.789176,0
            106.661484,10.78918,0
            106.661476,10.789185,0
            106.661468,10.789189,0
            106.661459,10.789194,0
            106.661451,10.789198,0
            106.661443,10.789203,0
            106.661435,10.789207,0
            106.661427,10.789212,0
            106.661424,10.789214,0
            106.661421,10.789215,0
            106.661417,10.789217,0
            106.661414,10.789219,0
            106.661411,10.78922,0
            106.661408,10.789222,0
            106.661405,10.789224,0
            106.661402,10.789226,0
            106.661399,10.789227,0
            106.661395,10.789229,0
            106.661392,10.789231,0
            106.661389,10.789232,0
            106.661386,10.789234,0
            106.661383,10.789236,0
            106.66138,10.789238,0
            106.661377,10.789239,0
            106.661374,10.789241,0
            106.66137,10.789243,0
            106.661367,10.789244,0
            106.661364,10.789246,0
            106.661361,10.789248,0
            106.661358,10.789249,0
            106.661355,10.789251,0
            106.661352,10.789253,0
            106.661348,10.789255,0
            106.661345,10.789256,0
            106.661342,10.789258,0
            106.661339,10.78926,0
            106.661336,10.789261,0
            106.661333,10.789263,0
            106.66133,10.789265,0
            106.661326,10.789267,0
            106.661323,10.789268,0
            106.66132,10.78927,0
            106.661317,10.789272,0
            106.661314,10.789273,0
            106.661311,10.789275,0
            106.661308,10.789277,0
            106.661305,10.789278,0
            106.661301,10.78928,0
            106.661298,10.789282,0
            106.661295,10.789284,0
            106.661292,10.789285,0
            106.661289,10.789287,0
            106.661286,10.789289,0
            106.661283,10.78929,0
            106.661279,10.789292,0
            106.661276,10.789294,0
          </coordinates>
        </LineString>
      </Placemark>
      <Placemark>
        <name>Polyline_006</name>
        <description>主线xlPolygon</description>
        <styleUrl>#line-00FF00-4000</styleUrl>
        <LineString>
          <tessellate>1</tessellate>
          <coordinates>
            106.654093,10.791931,0
            106.657343,10.790189,0
            106.65735,10.790186,0
            106.657357,10.790182,0
            106.657364,10.790179,0
            106.65737,10.790175,0
            106.657377,10.790171,0
            106.657384,10.790168,0
            106.65739,10.790164,0
            106.657397,10.790161,0
            106.657404,10.790157,0
            106.657411,10.790154,0
            106.657417,10.79015,0
            106.657424,10.790146,0
            106.657431,10.790143,0
            106.657437,10.790139,0
            106.657444,10.790136,0
            106.657451,10.790132,0
            106.657458,10.790128,0
            106.657464,10.790125,0
            106.657471,10.790121,0
            106.657478,10.790118,0
            106.657484,10.790114,0
            106.657491,10.790111,0
            106.657498,10.790107,0
            106.657505,10.790104,0
            106.657511,10.7901,0
            106.657518,10.790096,0
            106.657525,10.790093,0
            106.657531,10.790089,0
            106.657538,10.790086,0
            106.657545,10.790082,0
            106.657552,10.790079,0
            106.657558,10.790075,0
            106.657565,10.790072,0
            106.657572,10.790068,0
            106.657579,10.790064,0
            106.657585,10.790061,0
            106.657592,10.790057,0
            106.657599,10.790054,0
            106.657606,10.79005,0
            106.657612,10.790047,0
            106.657619,10.790043,0
            106.657626,10.79004,0
            106.657632,10.790036,0
            106.657639,10.790033,0
            106.657646,10.790029,0
            106.657653,10.790026,0
            106.657659,10.790022,0
            106.657666,10.790018,0
            106.658201,10.789738,0
            106.658688,10.790649,0
            106.658686,10.79065,0
            106.658683,10.790651,0
            106.658681,10.790653,0
            106.658678,10.790654,0
            106.658675,10.790655,0
            106.658673,10.790657,0
            106.65867,10.790658,0
            106.658668,10.790659,0
            106.658665,10.79066,0
            106.658663,10.790662,0
            106.65866,10.790663,0
            106.658657,10.790664,0
            106.658655,10.790666,0
            106.658652,10.790667,0
            106.65865,10.790668,0
            106.658647,10.79067,0
            106.658644,10.790671,0
            106.658642,10.790672,0
            106.658639,10.790674,0
            106.658637,10.790675,0
            106.658634,10.790676,0
            106.658631,10.790678,0
            106.658629,10.790679,0
            106.658626,10.79068,0
            106.658624,10.790682,0
            106.658621,10.790683,0
            106.658618,10.790684,0
            106.658616,10.790686,0
            106.658613,10.790687,0
            106.658611,10.790688,0
            106.658608,10.79069,0
            106.658605,10.790691,0
            106.658603,10.790692,0
            106.6586,10.790694,0
            106.658598,10.790695,0
            106.658595,10.790696,0
            106.658593,10.790698,0
            106.65859,10.790699,0
            106.658587,10.7907,0
            106.658585,10.790702,0
            106.658582,10.790703,0
            106.65858,10.790704,0
            106.658577,10.790706,0
            106.658574,10.790707,0
            106.658572,10.790708,0
            106.658569,10.79071,0
            106.658567,10.790711,0
            106.658564,10.790712,0
            106.658556,10.790716,0
            106.658548,10.790721,0
            106.658539,10.790725,0
            106.658531,10.790729,0
            106.658523,10.790733,0
            106.658515,10.790737,0
            106.658506,10.790741,0
            106.658498,10.790746,0
            106.65849,10.79075,0
            106.658482,10.790754,0
            106.658474,10.790758,0
            106.658465,10.790762,0
            106.658457,10.790766,0
            106.658449,10.79077,0
            106.658441,10.790775,0
            106.658433,10.790779,0
            106.658424,10.790783,0
            106.658416,10.790787,0
            106.658408,10.790791,0
            106.6584,10.790795,0
            106.658156,10.790918,0
            106.658148,10.790923,0
            106.65814,10.790927,0
            106.658131,10.790931,0
            106.658123,10.790935,0
            106.658115,10.790939,0
            106.658107,10.790943,0
            106.658099,10.790947,0
            106.658091,10.790951,0
            106.658083,10.790955,0
            106.658075,10.790959,0
            106.658067,10.790964,0
            106.658059,10.790968,0
            106.658051,10.790972,0
            106.658043,10.790976,0
            106.658034,10.79098,0
            106.658026,10.790984,0
            106.658018,10.790988,0
            106.65801,10.790992,0
            106.658002,10.790996,0
            106.657994,10.791,0
            106.657986,10.791004,0
            106.657978,10.791008,0
            106.65797,10.791012,0
            106.657962,10.791017,0
            106.657954,10.791021,0
            106.657948,10.791024,0
            106.657942,10.791027,0
            106.657936,10.79103,0
            106.65793,10.791033,0
            106.657924,10.791036,0
            106.657918,10.791039,0
            106.657912,10.791042,0
            106.657907,10.791045,0
            106.657901,10.791048,0
            106.657895,10.791051,0
            106.657889,10.791054,0
            106.657883,10.791057,0
            106.657877,10.791061,0
            106.657871,10.791064,0
            106.657865,10.791067,0
            106.657859,10.79107,0
            106.657853,10.791073,0
            106.657847,10.791076,0
            106.657841,10.791079,0
            106.657835,10.791082,0
            106.657829,10.791085,0
            106.657823,10.791088,0
            106.657817,10.791092,0
            106.657811,10.791095,0
            106.657805,10.791098,0
            106.657799,10.791101,0
            106.657793,10.791104,0
            106.657787,10.791107,0
            106.657781,10.79111,0
            106.657775,10.791113,0
            106.657769,10.791116,0
            106.657763,10.79112,0
            106.657757,10.791123,0
            106.657751,10.791126,0
            106.657745,10.791129,0
            106.657739,10.791132,0
            106.657733,10.791135,0
            106.657727,10.791138,0
            106.657721,10.791142,0
            106.657715,10.791145,0
            106.657709,10.791148,0
            106.657703,10.791151,0
            106.657697,10.791154,0
            106.657691,10.791157,0
            106.657686,10.79116,0
            106.65768,10.791163,0
            106.657674,10.791167,0
            106.657668,10.79117,0
            106.65766,10.791174,0
            106.657652,10.791178,0
            106.657644,10.791182,0
            106.657636,10.791187,0
            106.657628,10.791191,0
            106.65762,10.791195,0
            106.657612,10.791199,0
            106.657604,10.791203,0
            106.657596,10.791208,0
            106.657588,10.791212,0
            106.65758,10.791216,0
            106.657572,10.79122,0
            106.657565,10.791225,0
            106.657557,10.791229,0
            106.657549,10.791233,0
            106.657541,10.791237,0
            106.657533,10.791242,0
            106.657525,10.791246,0
            106.657517,10.79125,0
            106.657509,10.791255,0
            106.657501,10.791259,0
            106.657493,10.791263,0
            106.657485,10.791267,0
            106.657477,10.791272,0
            106.657469,10.791276,0
            106.654582,10.792823,0
          </coordinates>
        </LineString>
      </Placemark>
      <Placemark>
        <name>Polyline_002</name>
        <description>主线xlPolygon</description>
        <styleUrl>#line-FF0000-1000</styleUrl>
        <LineString>
          <tessellate>1</tessellate>
          <coordinates>
            106.65198,10.794217,0
          </coordinates>
        </LineString>
      </Placemark>
      <Placemark>
        <name>Polyline_006</name>
        <description>主线xlPolygon</description>
        <styleUrl>#line-00FF00-4000</styleUrl>
        <LineString>
          <tessellate>1</tessellate>
          <coordinates>
            106.651806,10.79431,0
            106.651802,10.794312,0
            106.651799,10.794314,0
            106.651795,10.794316,0
            106.651792,10.794318,0
            106.651788,10.794319,0
            106.651785,10.794321,0
            106.651781,10.794323,0
            106.651778,10.794325,0
            106.651774,10.794327,0
            106.651771,10.794329,0
            106.651767,10.79433,0
            106.651764,10.794332,0
            106.65176,10.794334,0
            106.651757,10.794336,0
            106.651754,10.794338,0
            106.65175,10.794339,0
            106.651747,10.794341,0
            106.651743,10.794343,0
            106.65174,10.794345,0
            106.651736,10.794347,0
            106.651733,10.794349,0
            106.651729,10.79435,0
            106.651726,10.794352,0
            106.651722,10.794354,0
            106.651719,10.794356,0
            106.651715,10.794358,0
            106.651712,10.79436,0
            106.651708,10.794361,0
            106.651705,10.794363,0
            106.651702,10.794365,0
            106.651698,10.794367,0
            106.651695,10.794369,0
            106.651691,10.79437,0
            106.651688,10.794372,0
            106.651684,10.794374,0
            106.651681,10.794376,0
            106.651677,10.794378,0
            106.651674,10.79438,0
            106.65167,10.794381,0
            106.651667,10.794383,0
            106.651663,10.794385,0
            106.65166,10.794387,0
            106.651656,10.794389,0
            106.651653,10.79439,0
            106.651649,10.794392,0
            106.651646,10.794394,0
            106.651643,10.794396,0
            106.651639,10.794398,0
            106.651202,10.794626,0
            106.651195,10.79463,0
            106.651188,10.794633,0
            106.651181,10.794637,0
            106.651174,10.794641,0
            106.651168,10.794644,0
            106.651161,10.794648,0
            106.651154,10.794651,0
            106.651147,10.794655,0
            106.65114,10.794659,0
            106.651133,10.794662,0
            106.651126,10.794666,0
            106.651119,10.79467,0
            106.651112,10.794673,0
            106.651105,10.794677,0
            106.651098,10.794681,0
            106.651091,10.794684,0
            106.651084,10.794688,0
            106.651077,10.794692,0
            106.65107,10.794695,0
            106.651063,10.794699,0
            106.651057,10.794703,0
            106.65105,10.794706,0
            106.651043,10.79471,0
            106.651036,10.794714,0
            106.651029,10.794717,0
            106.651022,10.794721,0
            106.651015,10.794725,0
            106.651008,10.794728,0
            106.651001,10.794732,0
            106.650994,10.794736,0
            106.650987,10.794739,0
            106.65098,10.794743,0
            106.650973,10.794747,0
            106.650967,10.79475,0
            106.65096,10.794754,0
            106.650953,10.794758,0
            106.650946,10.794761,0
            106.650939,10.794765,0
            106.650932,10.794769,0
            106.650925,10.794772,0
            106.650918,10.794776,0
            106.650911,10.79478,0
            106.650904,10.794783,0
            106.650897,10.794787,0
            106.650891,10.794791,0
            106.650884,10.794795,0
            106.650877,10.794798,0
            106.65087,10.794802,0
            106.645946,10.797441,0
            106.645937,10.797445,0
            106.645929,10.797449,0
            106.645921,10.797454,0
            106.645913,10.797458,0
            106.645905,10.797462,0
            106.645897,10.797466,0
            106.645889,10.797471,0
            106.645881,10.797475,0
            106.645873,10.797479,0
            106.645865,10.797484,0
            106.645857,10.797488,0
            106.64585,10.797492,0
            106.645842,10.797496,0
            106.645834,10.797501,0
            106.645826,10.797505,0
            106.645818,10.797509,0
            106.64581,10.797513,0
            106.645802,10.797518,0
            106.645794,10.797522,0
            106.645786,10.797526,0
            106.645781,10.797529,0
            106.645775,10.797532,0
            106.64577,10.797535,0
            106.645765,10.797538,0
            106.645759,10.797541,0
            106.645754,10.797544,0
            106.645749,10.797547,0
            106.645743,10.797549,0
            106.645738,10.797552,0
            106.645733,10.797555,0
            106.645727,10.797558,0
            106.645722,10.797561,0
            106.645717,10.797564,0
            106.645711,10.797567,0
            106.645706,10.79757,0
            106.645701,10.797573,0
            106.645695,10.797576,0
            106.64569,10.797579,0
            106.645684,10.797581,0
            106.645679,10.797584,0
            106.645674,10.797587,0
            106.645668,10.79759,0
            106.645663,10.797593,0
            106.645658,10.797596,0
            106.645652,10.797599,0
            106.645647,10.797602,0
            106.645642,10.797605,0
            106.645636,10.797608,0
            106.645631,10.797611,0
            106.645626,10.797614,0
            106.64562,10.797617,0
            106.645615,10.797619,0
            106.64561,10.797622,0
            106.645604,10.797625,0
            106.645599,10.797628,0
            106.645594,10.797631,0
            106.645588,10.797634,0
            106.645583,10.797637,0
            106.645578,10.79764,0
            106.645572,10.797643,0
            106.645567,10.797646,0
            106.645562,10.797649,0
            106.645556,10.797652,0
            106.645551,10.797655,0
            106.645546,10.797658,0
            106.64554,10.797661,0
            106.645535,10.797664,0
            106.64553,10.797666,0
            106.645522,10.797671,0
            106.645514,10.797675,0
            106.645506,10.79768,0
            106.645498,10.797684,0
            106.64549,10.797688,0
            106.645483,10.797693,0
            106.645475,10.797697,0
            106.645467,10.797701,0
            106.645459,10.797706,0
            106.645451,10.79771,0
            106.645443,10.797715,0
            106.645435,10.797719,0
            106.645427,10.797723,0
            106.645419,10.797728,0
            106.645412,10.797732,0
            106.645404,10.797737,0
            106.645396,10.797741,0
            106.645388,10.797746,0
            106.64538,10.79775,0
            106.645372,10.797754,0
            106.645087,10.797914,0
            106.645079,10.797918,0
            106.645071,10.797923,0
            106.645063,10.797927,0
            106.645055,10.797932,0
            106.645047,10.797936,0
            106.645039,10.79794,0
            106.645031,10.797945,0
            106.645023,10.797949,0
            106.645015,10.797954,0
            106.645007,10.797958,0
            106.644999,10.797963,0
            106.644991,10.797967,0
            106.644983,10.797972,0
            106.644975,10.797976,0
            106.644966,10.797981,0
            106.644958,10.797985,0
            106.64495,10.79799,0
            106.644942,10.797994,0
            106.644934,10.797999,0
            106.644926,10.798003,0
            106.644921,10.798006,0
            106.644916,10.798009,0
            106.64491,10.798012,0
            106.644905,10.798015,0
            106.6449,10.798018,0
            106.644895,10.798021,0
            106.644889,10.798024,0
            106.644884,10.798026,0
            106.644879,10.798029,0
            106.644874,10.798032,0
            106.644868,10.798035,0
            106.644863,10.798038,0
            106.644858,10.798041,0
            106.644853,10.798044,0
            106.644847,10.798047,0
            106.644842,10.79805,0
            106.644837,10.798052,0
            106.644832,10.798055,0
            106.644826,10.798058,0
            106.644821,10.798061,0
            106.644816,10.798064,0
            106.644811,10.798067,0
            106.644805,10.79807,0
            106.6448,10.798073,0
            106.644795,10.798075,0
            106.64479,10.798078,0
            106.644784,10.798081,0
            106.644779,10.798084,0
            106.644774,10.798087,0
            106.644769,10.79809,0
            106.644763,10.798093,0
            106.644758,10.798096,0
            106.644753,10.798098,0
            106.644748,10.798101,0
            106.644742,10.798104,0
            106.644737,10.798107,0
            106.644732,10.79811,0
            106.644727,10.798113,0
            106.644721,10.798116,0
            106.644716,10.798118,0
            106.644711,10.798121,0
            106.644705,10.798124,0
            106.6447,10.798127,0
            106.644695,10.79813,0
            106.64469,10.798133,0
            106.644684,10.798136,0
            106.644679,10.798138,0
            106.644674,10.798141,0
            106.644178,10.797235,0
            106.644184,10.797232,0
            106.64419,10.797228,0
            106.644197,10.797225,0
            106.644203,10.797222,0
            106.644209,10.797219,0
            106.644215,10.797215,0
            106.644221,10.797212,0
            106.644227,10.797209,0
            106.644233,10.797205,0
            106.64424,10.797202,0
            106.644246,10.797199,0
            106.644252,10.797196,0
            106.644258,10.797192,0
            106.644264,10.797189,0
            106.64427,10.797186,0
            106.644277,10.797183,0
            106.644283,10.797179,0
            106.644289,10.797176,0
            106.644295,10.797173,0
            106.644301,10.797169,0
            106.644307,10.797166,0
            106.644314,10.797163,0
            106.64432,10.79716,0
            106.644326,10.797156,0
            106.644332,10.797153,0
            106.644338,10.79715,0
            106.644344,10.797147,0
            106.644351,10.797143,0
            106.644357,10.79714,0
            106.644363,10.797137,0
            106.644369,10.797134,0
            106.644375,10.79713,0
            106.644381,10.797127,0
            106.644388,10.797124,0
            106.644394,10.797121,0
            106.6444,10.797117,0
            106.644406,10.797114,0
            106.644412,10.797111,0
            106.644419,10.797108,0
            106.644425,10.797104,0
            106.644431,10.797101,0
            106.644437,10.797098,0
            106.644443,10.797095,0
            106.644449,10.797091,0
            106.644456,10.797088,0
            106.644462,10.797085,0
            106.644468,10.797082,0
            106.644474,10.797078,0
            106.644871,10.796871,0
            106.644878,10.796867,0
            106.644885,10.796864,0
            106.644891,10.79686,0
            106.644898,10.796857,0
            106.644905,10.796853,0
            106.644911,10.79685,0
            106.644918,10.796846,0
            106.644925,10.796843,0
            106.644931,10.796839,0
            106.644938,10.796836,0
            106.644945,10.796832,0
            106.644952,10.796829,0
            106.644958,10.796825,0
            106.644965,10.796822,0
            106.644972,10.796818,0
            106.644978,10.796815,0
            106.644985,10.796811,0
            106.644992,10.796807,0
            106.644998,10.796804,0
            106.645005,10.7968,0
            106.645012,10.796797,0
            106.645018,10.796793,0
            106.645025,10.79679,0
            106.645032,10.796786,0
            106.645038,10.796783,0
            106.645045,10.796779,0
            106.645052,10.796776,0
            106.645058,10.796772,0
            106.645065,10.796769,0
            106.645072,10.796765,0
            106.645078,10.796762,0
            106.645085,10.796758,0
            106.645092,10.796754,0
            106.645098,10.796751,0
            106.645105,10.796747,0
            106.645112,10.796744,0
            106.645118,10.79674,0
            106.645125,10.796737,0
            106.645132,10.796733,0
            106.645138,10.79673,0
            106.645145,10.796726,0
            106.645152,10.796722,0
            106.645158,10.796719,0
            106.645165,10.796715,0
            106.645172,10.796712,0
            106.645178,10.796708,0
            106.645185,10.796705,0
            106.645192,10.796701,0
            106.651317,10.793419,0
          </coordinates>
        </LineString>
      </Placemark>
      <Placemark>
        <name>Polyline_006</name>
        <description>主线xlPolygon</description>
        <styleUrl>#line-00FF00-4000</styleUrl>
        <LineString>
          <tessellate>1</tessellate>
          <coordinates>
            106.642075,10.799533,0
            106.642071,10.799535,0
            106.642066,10.799538,0
            106.642061,10.799541,0
            106.642056,10.799543,0
            106.642051,10.799546,0
            106.642046,10.799548,0
            106.642042,10.799551,0
            106.642037,10.799553,0
            106.642032,10.799556,0
            106.642027,10.799558,0
            106.642022,10.799561,0
            106.642017,10.799563,0
            106.642012,10.799566,0
            106.642008,10.799568,0
            106.642003,10.799571,0
            106.641998,10.799573,0
            106.641993,10.799576,0
            106.641988,10.799579,0
            106.641983,10.799581,0
            106.641979,10.799584,0
            106.641974,10.799586,0
            106.641969,10.799589,0
            106.641964,10.799591,0
            106.641959,10.799594,0
            106.641954,10.799596,0
            106.641949,10.799599,0
            106.641945,10.799601,0
            106.64194,10.799604,0
            106.641935,10.799606,0
            106.64193,10.799609,0
            106.641925,10.799611,0
            106.64192,10.799614,0
            106.641915,10.799616,0
            106.641911,10.799619,0
            106.641906,10.799621,0
            106.641901,10.799624,0
            106.641896,10.799626,0
            106.641891,10.799629,0
            106.641886,10.799631,0
            106.641881,10.799634,0
            106.641877,10.799636,0
            106.641872,10.799639,0
            106.641867,10.799641,0
            106.641862,10.799644,0
            106.641857,10.799646,0
            106.641852,10.799649,0
            106.641847,10.799651,0
            106.641843,10.799654,0
            106.641834,10.799658,0
            106.641826,10.799662,0
            106.641818,10.799666,0
            106.64181,10.799671,0
            106.641801,10.799675,0
            106.641793,10.799679,0
            106.641785,10.799683,0
            106.641777,10.799687,0
            106.641768,10.799692,0
            106.64176,10.799696,0
            106.641752,10.7997,0
            106.641744,10.799704,0
            106.641736,10.799708,0
            106.641727,10.799712,0
            106.641719,10.799717,0
            106.641711,10.799721,0
            106.641703,10.799725,0
            106.641695,10.799729,0
            106.641686,10.799733,0
            106.641678,10.799737,0
            106.641315,10.799922,0
            106.641307,10.799926,0
            106.641299,10.79993,0
            106.64129,10.799934,0
            106.641282,10.799938,0
            106.641274,10.799942,0
            106.641266,10.799946,0
            106.641258,10.799951,0
            106.64125,10.799955,0
            106.641242,10.799959,0
            106.641234,10.799963,0
            106.641226,10.799967,0
            106.641218,10.799971,0
            106.64121,10.799975,0
            106.641202,10.799979,0
            106.641194,10.799983,0
            106.641186,10.799987,0
            106.641178,10.799991,0
            106.64117,10.799996,0
            106.641162,10.8,0
            106.641154,10.800004,0
            106.641147,10.800007,0
            106.641141,10.80001,0
            106.641134,10.800014,0
            106.641128,10.800017,0
            106.641121,10.80002,0
            106.641115,10.800024,0
            106.641109,10.800027,0
            106.641102,10.80003,0
            106.641096,10.800033,0
            106.641089,10.800037,0
            106.641083,10.80004,0
            106.641076,10.800043,0
            106.64107,10.800047,0
            106.641063,10.80005,0
            106.641057,10.800053,0
            106.641051,10.800057,0
            106.641044,10.80006,0
            106.641038,10.800063,0
            106.641031,10.800067,0
            106.641025,10.80007,0
            106.641018,10.800073,0
            106.641012,10.800077,0
            106.641006,10.80008,0
            106.640999,10.800084,0
            106.640993,10.800087,0
            106.640986,10.80009,0
            106.64098,10.800094,0
            106.640973,10.800097,0
            106.640967,10.8001,0
            106.640961,10.800104,0
            106.640954,10.800107,0
            106.640948,10.80011,0
            106.640941,10.800114,0
            106.640935,10.800117,0
            106.640928,10.800121,0
            106.640922,10.800124,0
            106.640916,10.800127,0
            106.640909,10.800131,0
            106.640903,10.800134,0
            106.640896,10.800137,0
            106.64089,10.800141,0
            106.640884,10.800144,0
            106.640877,10.800148,0
            106.640871,10.800151,0
            106.640864,10.800154,0
            106.640858,10.800158,0
            106.640852,10.800161,0
            106.640845,10.800165,0
            106.640837,10.800169,0
            106.640829,10.800173,0
            106.640821,10.800177,0
            106.640813,10.800181,0
            106.640805,10.800186,0
            106.640798,10.80019,0
            106.64079,10.800194,0
            106.640782,10.800198,0
            106.640774,10.800203,0
            106.640766,10.800207,0
            106.640758,10.800211,0
            106.64075,10.800215,0
            106.640742,10.80022,0
            106.640734,10.800224,0
            106.640726,10.800228,0
            106.640718,10.800232,0
            106.64071,10.800237,0
            106.640702,10.800241,0
            106.640694,10.800245,0
            106.640686,10.80025,0
            106.638045,10.801665,0
            106.638037,10.801669,0
            106.638029,10.801673,0
            106.638021,10.801678,0
            106.638013,10.801682,0
            106.638005,10.801686,0
            106.637997,10.80169,0
            106.637989,10.801695,0
            106.637981,10.801699,0
            106.637973,10.801703,0
            106.637965,10.801707,0
            106.637958,10.801712,0
            106.63795,10.801716,0
            106.637942,10.80172,0
            106.637934,10.801724,0
            106.637926,10.801728,0
            106.637919,10.801733,0
            106.637911,10.801737,0
            106.637903,10.801741,0
            106.637896,10.801745,0
            106.637888,10.801749,0
            106.637881,10.801753,0
            106.637873,10.801758,0
            106.637866,10.801762,0
            106.637858,10.801766,0
            106.637851,10.80177,0
            106.637843,10.801774,0
            106.637836,10.801778,0
            106.637828,10.801782,0
            106.637821,10.801787,0
            106.637814,10.801791,0
            106.637806,10.801795,0
            106.637799,10.801799,0
            106.637792,10.801803,0
            106.637784,10.801807,0
            106.637777,10.801812,0
            106.63777,10.801816,0
            106.637763,10.80182,0
            106.637756,10.801824,0
            106.637748,10.801828,0
            106.637741,10.801832,0
            106.637734,10.801836,0
            106.637727,10.801841,0
            106.63772,10.801845,0
            106.637713,10.801849,0
            106.637706,10.801853,0
            106.637699,10.801857,0
            106.637693,10.801862,0
            106.637686,10.801866,0
            106.637679,10.80187,0
            106.637672,10.801874,0
            106.637665,10.801878,0
            106.637658,10.801883,0
            106.637652,10.801887,0
            106.637645,10.801891,0
            106.637638,10.801895,0
            106.637632,10.801899,0
            106.637625,10.801904,0
            106.637619,10.801908,0
            106.637612,10.801912,0
            106.637606,10.801916,0
            106.637598,10.801922,0
            106.637588,10.801928,0
            106.637563,10.801945,0
            106.637537,10.801963,0
            106.637512,10.80198,0
            106.637488,10.801999,0
            106.637463,10.802017,0
            106.637439,10.802036,0
            106.637415,10.802055,0
            106.637391,10.802074,0
            106.637367,10.802094,0
            106.637344,10.802113,0
            106.637321,10.802134,0
            106.637298,10.802154,0
            106.637275,10.802175,0
            106.637253,10.802196,0
            106.637231,10.802217,0
            106.637209,10.802239,0
            106.637187,10.80226,0
            106.637166,10.802282,0
            106.637145,10.802305,0
            106.637124,10.802327,0
            106.637104,10.80235,0
            106.637084,10.802373,0
            106.637064,10.802396,0
            106.637044,10.80242,0
            106.637025,10.802444,0
            106.637006,10.802468,0
            106.636987,10.802492,0
            106.636969,10.802516,0
            106.636951,10.802541,0
            106.636933,10.802566,0
            106.636915,10.802591,0
            106.636898,10.802616,0
            106.636881,10.802642,0
            106.636865,10.802667,0
            106.636849,10.802693,0
            106.636833,10.802719,0
            106.636817,10.802746,0
            106.636802,10.802772,0
            106.636787,10.802799,0
            106.636772,10.802826,0
            106.636758,10.802853,0
            106.636744,10.80288,0
            106.63673,10.802907,0
            106.636717,10.802935,0
            106.636704,10.802962,0
            106.636692,10.80299,0
            106.63668,10.803018,0
            106.636668,10.803046,0
            106.636665,10.803054,0
            106.636662,10.803061,0
            106.636659,10.803068,0
            106.636656,10.803075,0
            106.636653,10.803082,0
            106.63665,10.80309,0
            106.636647,10.803097,0
            106.636644,10.803104,0
            106.636642,10.803111,0
            106.636639,10.803119,0
            106.636636,10.803126,0
            106.636633,10.803134,0
            106.63663,10.803141,0
            106.636628,10.803148,0
            106.636625,10.803156,0
            106.636622,10.803163,0
            106.636619,10.803171,0
            106.636617,10.803179,0
            106.636614,10.803186,0
            106.636611,10.803194,0
            106.636608,10.803201,0
            106.636606,10.803209,0
            106.636603,10.803217,0
            106.6366,10.803225,0
            106.636598,10.803232,0
            106.636595,10.80324,0
            106.636592,10.803248,0
            106.63659,10.803256,0
            106.636587,10.803264,0
            106.636584,10.803272,0
            106.636582,10.803279,0
            106.636579,10.803287,0
            106.636576,10.803295,0
            106.636574,10.803303,0
            106.636571,10.803311,0
            106.636569,10.803319,0
            106.636566,10.803327,0
            106.636563,10.803336,0
            106.636561,10.803344,0
            106.636558,10.803352,0
            106.636556,10.80336,0
            106.636553,10.803368,0
            106.63655,10.803377,0
            106.636548,10.803385,0
            106.636545,10.803393,0
            106.636542,10.803401,0
            106.63654,10.80341,0
            106.636537,10.803418,0
            106.636535,10.803426,0
            106.636532,10.803435,0
            106.63653,10.803443,0
            106.636527,10.803451,0
            106.636524,10.80346,0
            106.636522,10.803468,0
            106.636519,10.803477,0
            106.636516,10.803485,0
            106.636514,10.803494,0
            106.636511,10.803502,0
            106.636509,10.803511,0
            106.636506,10.803519,0
            106.636503,10.803528,0
            106.636501,10.803537,0
            106.63607,10.804942,0
            106.635067,10.804641,0
            106.635501,10.803226,0
            106.635504,10.803218,0
            106.635506,10.803209,0
            106.635509,10.8032,0
            106.635512,10.803191,0
            106.635514,10.803183,0
            106.635517,10.803174,0
            106.63552,10.803165,0
            106.635522,10.803156,0
            106.635525,10.803147,0
            106.635528,10.803139,0
            106.635531,10.80313,0
            106.635533,10.803121,0
            106.635536,10.803112,0
            106.635539,10.803103,0
            106.635542,10.803094,0
            106.635544,10.803085,0
            106.635547,10.803076,0
            106.63555,10.803067,0
            106.635553,10.803058,0
            106.635556,10.803049,0
            106.635559,10.80304,0
            106.635562,10.803031,0
            106.635564,10.803022,0
            106.635567,10.803013,0
            106.63557,10.803004,0
            106.635573,10.802994,0
            106.635576,10.802985,0
            106.635579,10.802976,0
            106.635582,10.802967,0
            106.635585,10.802958,0
            106.635588,10.802948,0
            106.635592,10.802939,0
            106.635595,10.80293,0
            106.635598,10.802921,0
            106.635601,10.802911,0
            106.635604,10.802902,0
            106.635607,10.802893,0
            106.635611,10.802883,0
            106.635614,10.802874,0
            106.635617,10.802865,0
            106.63562,10.802855,0
            106.635624,10.802846,0
            106.635627,10.802836,0
            106.635631,10.802827,0
            106.635634,10.802817,0
            106.635637,10.802808,0
            106.635641,10.802798,0
            106.635644,10.802789,0
            106.635648,10.80278,0
            106.635651,10.80277,0
            106.635655,10.80276,0
            106.635659,10.802751,0
            106.635662,10.802741,0
            106.635666,10.802732,0
            106.63567,10.802722,0
            106.635674,10.802713,0
            106.635677,10.802703,0
            106.635681,10.802693,0
            106.635685,10.802684,0
            106.635689,10.802674,0
            106.635693,10.802665,0
            106.635697,10.802655,0
            106.635713,10.802617,0
            106.63573,10.802579,0
            106.635747,10.80254,0
            106.635765,10.802503,0
            106.635783,10.802465,0
            106.635801,10.802428,0
            106.63582,10.80239,0
            106.63584,10.802354,0
            106.63586,10.802317,0
            106.63588,10.80228,0
            106.635901,10.802244,0
            106.635922,10.802208,0
            106.635944,10.802173,0
            106.635966,10.802137,0
            106.635989,10.802102,0
            106.636012,10.802067,0
            106.636036,10.802033,0
            106.63606,10.801998,0
            106.636084,10.801964,0
            106.636109,10.801931,0
            106.636134,10.801897,0
            106.63616,10.801864,0
            106.636186,10.801831,0
            106.636212,10.801799,0
            106.636239,10.801767,0
            106.636266,10.801735,0
            106.636294,10.801703,0
            106.636322,10.801672,0
            106.63635,10.801641,0
            106.636379,10.801611,0
            106.636408,10.801581,0
            106.636437,10.801551,0
            106.636467,10.801522,0
            106.636498,10.801493,0
            106.636528,10.801464,0
            106.636559,10.801436,0
            106.63659,10.801408,0
            106.636622,10.80138,0
            106.636654,10.801353,0
            106.636686,10.801327,0
            106.636719,10.8013,0
            106.636752,10.801274,0
            106.636785,10.801249,0
            106.636819,10.801224,0
            106.636853,10.801199,0
            106.636887,10.801174,0
            106.636922,10.801151,0
            106.636956,10.801127,0
            106.636968,10.801119,0
            106.636975,10.801115,0
            106.636984,10.801109,0
            106.636993,10.801103,0
            106.637002,10.801098,0
            106.63701,10.801092,0
            106.637019,10.801087,0
            106.637028,10.801081,0
            106.637036,10.801075,0
            106.637045,10.80107,0
            106.637054,10.801065,0
            106.637063,10.801059,0
            106.637071,10.801054,0
            106.63708,10.801048,0
            106.637089,10.801043,0
            106.637097,10.801038,0
            106.637106,10.801033,0
            106.637115,10.801027,0
            106.637124,10.801022,0
            106.637132,10.801017,0
            106.637141,10.801012,0
            106.637149,10.801007,0
            106.637158,10.801002,0
            106.637167,10.800997,0
            106.637175,10.800992,0
            106.637184,10.800987,0
            106.637193,10.800982,0
            106.637201,10.800977,0
            106.63721,10.800972,0
            106.637218,10.800967,0
            106.637227,10.800962,0
            106.637235,10.800957,0
            106.637244,10.800953,0
            106.637252,10.800948,0
            106.637261,10.800943,0
            106.637269,10.800938,0
            106.637278,10.800934,0
            106.637286,10.800929,0
            106.637295,10.800924,0
            106.637303,10.80092,0
            106.637312,10.800915,0
            106.63732,10.80091,0
            106.637329,10.800906,0
            106.637337,10.800901,0
            106.637345,10.800897,0
            106.637354,10.800892,0
            106.637362,10.800887,0
            106.63737,10.800883,0
            106.637378,10.800879,0
            106.637387,10.800874,0
            106.637395,10.80087,0
            106.637403,10.800865,0
            106.637411,10.800861,0
            106.63742,10.800856,0
            106.637428,10.800852,0
            106.637436,10.800848,0
            106.637444,10.800843,0
            106.637452,10.800839,0
            106.63746,10.800834,0
            106.637468,10.80083,0
            106.637476,10.800826,0
            106.637484,10.800822,0
            106.641579,10.798628,0
            106.642075,10.799533,0
          </coordinates>
        </LineString>
      </Placemark>
      <Placemark>
        <name>Polyline_006</name>
        <description>主线xlPolygon</description>
        <styleUrl>#line-00FF00-4000</styleUrl>
        <LineString>
          <tessellate>1</tessellate>
          <coordinates>
            106.633211,10.813935,0
            106.633211,10.813936,0
            106.633211,10.813937,0
            106.633211,10.813938,0
            106.63321,10.813938,0
            106.63321,10.813939,0
            106.63321,10.81394,0
            106.633209,10.813941,0
            106.633209,10.813942,0
            106.633209,10.813943,0
            106.633208,10.813944,0
            106.633208,10.813945,0
            106.633208,10.813946,0
            106.633207,10.813947,0
            106.633207,10.813948,0
            106.633207,10.813949,0
            106.633206,10.81395,0
            106.633206,10.813951,0
            106.633206,10.813952,0
            106.633205,10.813953,0
            106.633205,10.813954,0
            106.633205,10.813955,0
            106.633204,10.813956,0
            106.633204,10.813957,0
            106.633204,10.813958,0
            106.633203,10.813959,0
            106.633203,10.81396,0
            106.633203,10.813961,0
            106.633202,10.813962,0
            106.633202,10.813963,0
            106.633202,10.813964,0
            106.633201,10.813965,0
            106.633201,10.813966,0
            106.633201,10.813967,0
            106.6332,10.813968,0
            106.6332,10.813969,0
            106.6332,10.81397,0
            106.633199,10.813971,0
            106.633199,10.813972,0
            106.633199,10.813973,0
            106.633198,10.813973,0
            106.633198,10.813974,0
            106.633198,10.813975,0
            106.633195,10.813984,0
            106.633192,10.813993,0
            106.633189,10.814001,0
            106.633186,10.81401,0
            106.633183,10.814019,0
            106.63318,10.814028,0
            106.633177,10.814037,0
            106.633174,10.814045,0
            106.633171,10.814054,0
            106.633168,10.814063,0
            106.633165,10.814072,0
            106.633162,10.81408,0
            106.633159,10.814089,0
            106.633156,10.814098,0
            106.633153,10.814106,0
            106.63315,10.814115,0
            106.633147,10.814124,0
            106.633144,10.814132,0
            106.633141,10.814141,0
            106.633138,10.81415,0
            106.633135,10.814158,0
            106.633132,10.814167,0
            106.633129,10.814176,0
            106.633126,10.814184,0
            106.633123,10.814193,0
            106.63312,10.814201,0
            106.633117,10.81421,0
            106.633114,10.814219,0
            106.633111,10.814227,0
            106.633108,10.814236,0
            106.633014,10.814506,0
            106.633011,10.814515,0
            106.633008,10.814524,0
            106.633005,10.814532,0
            106.633002,10.814541,0
            106.632999,10.814549,0
            106.632996,10.814558,0
            106.632993,10.814566,0
            106.63299,10.814575,0
            106.632987,10.814583,0
            106.632984,10.814592,0
            106.632981,10.8146,0
            106.632978,10.814608,0
            106.632975,10.814617,0
            106.632972,10.814625,0
            106.632969,10.814634,0
            106.632967,10.814642,0
            106.632964,10.814651,0
            106.632961,10.814659,0
            106.632958,10.814667,0
            106.632955,10.814676,0
            106.632952,10.814684,0
            106.632949,10.814693,0
            106.632946,10.814701,0
            106.632943,10.814709,0
            106.632941,10.814718,0
            106.632938,10.814726,0
            106.632935,10.814734,0
            106.632932,10.814743,0
            106.632929,10.814751,0
            106.632926,10.814759,0
            106.632924,10.814765,0
            106.632922,10.814771,0
            106.632921,10.814777,0
            106.632919,10.814783,0
            106.632917,10.814789,0
            106.632915,10.814795,0
            106.632913,10.8148,0
            106.632911,10.814806,0
            106.632909,10.814812,0
            106.632907,10.814818,0
            106.632905,10.814824,0
            106.632903,10.81483,0
            106.632901,10.814836,0
            106.632899,10.814841,0
            106.632897,10.814847,0
            106.632895,10.814853,0
            106.632893,10.814859,0
            106.632891,10.814865,0
            106.632889,10.814871,0
            106.632887,10.814877,0
            106.632885,10.814882,0
            106.632884,10.814888,0
            106.632882,10.814894,0
            106.63288,10.8149,0
            106.632878,10.814906,0
            106.632876,10.814912,0
            106.632874,10.814918,0
            106.632872,10.814923,0
            106.63287,10.814929,0
            106.632868,10.814935,0
            106.632866,10.814941,0
            106.632864,10.814947,0
            106.632863,10.814953,0
            106.632861,10.814959,0
            106.632859,10.814964,0
            106.632857,10.81497,0
            106.632855,10.814976,0
            106.632853,10.814982,0
            106.632851,10.814988,0
            106.632849,10.814994,0
            106.632847,10.815,0
            106.632846,10.815006,0
            106.632844,10.815011,0
            106.632842,10.815017,0
            106.63284,10.815023,0
            106.632838,10.815029,0
            106.632836,10.815035,0
            106.632834,10.815041,0
            106.632832,10.815049,0
            106.632829,10.815058,0
            106.632826,10.815066,0
            106.632824,10.815075,0
            106.632821,10.815083,0
            106.632818,10.815091,0
            106.632816,10.8151,0
            106.632813,10.815108,0
            106.632811,10.815117,0
            106.632808,10.815125,0
            106.632805,10.815134,0
            106.632803,10.815142,0
            106.6328,10.815151,0
            106.632797,10.815159,0
            106.632795,10.815168,0
            106.632792,10.815176,0
            106.63279,10.815185,0
            106.632787,10.815193,0
            106.632784,10.815202,0
            106.632782,10.81521,0
            106.632779,10.815219,0
            106.632776,10.815228,0
            106.632774,10.815236,0
            106.632771,10.815245,0
            106.632768,10.815253,0
            106.632766,10.815262,0
            106.632763,10.815271,0
            106.632761,10.815279,0
            106.632758,10.815288,0
            106.632755,10.815296,0
            106.631164,10.82049,0
            106.630254,10.820218,0
            106.631845,10.815024,0
            106.631848,10.815015,0
            106.63185,10.815007,0
            106.631853,10.814998,0
            106.631856,10.814989,0
            106.631858,10.814981,0
            106.631861,10.814972,0
            106.631864,10.814964,0
            106.631866,10.814955,0
            106.631869,10.814946,0
            106.631871,10.814938,0
            106.631874,10.814929,0
            106.631877,10.814921,0
            106.631879,10.814912,0
            106.631882,10.814904,0
            106.631884,10.814895,0
            106.631887,10.814887,0
            106.63189,10.814878,0
            106.631892,10.81487,0
            106.631895,10.814861,0
            106.631897,10.814853,0
            106.6319,10.814844,0
            106.631902,10.814836,0
            106.631905,10.814827,0
            106.631908,10.814819,0
            106.63191,10.81481,0
            106.631913,10.814802,0
            106.631915,10.814793,0
            106.631918,10.814785,0
            106.63192,10.814776,0
            106.631923,10.814768,0
            106.631924,10.814762,0
            106.631926,10.814756,0
            106.631928,10.81475,0
            106.63193,10.814744,0
            106.631931,10.814738,0
            106.631933,10.814732,0
            106.631935,10.814726,0
            106.631937,10.814721,0
            106.631938,10.814715,0
            106.63194,10.814709,0
            106.631942,10.814703,0
            106.631944,10.814697,0
            106.631945,10.814691,0
            106.631947,10.814685,0
            106.631949,10.814679,0
            106.63195,10.814673,0
            106.631952,10.814667,0
            106.631954,10.814661,0
            106.631956,10.814655,0
            106.631957,10.814649,0
            106.631959,10.814644,0
            106.631961,10.814638,0
            106.631962,10.814632,0
            106.631964,10.814626,0
            106.631966,10.81462,0
            106.631967,10.814614,0
            106.631969,10.814608,0
            106.631971,10.814602,0
            106.631973,10.814596,0
            106.631974,10.81459,0
            106.631976,10.814584,0
            106.631978,10.814578,0
            106.631979,10.814572,0
            106.631981,10.814566,0
            106.631983,10.814561,0
            106.631984,10.814555,0
            106.631986,10.814549,0
            106.631988,10.814543,0
            106.631989,10.814537,0
            106.631991,10.814531,0
            106.631993,10.814525,0
            106.631994,10.814519,0
            106.631996,10.814513,0
            106.631997,10.814507,0
            106.631999,10.814501,0
            106.632001,10.814495,0
            106.632002,10.814489,0
            106.632004,10.814483,0
            106.632006,10.814475,0
            106.632009,10.814466,0
            106.632011,10.814458,0
            106.632013,10.814449,0
            106.632016,10.814441,0
            106.632018,10.814432,0
            106.63202,10.814424,0
            106.632023,10.814415,0
            106.632025,10.814407,0
            106.632027,10.814398,0
            106.63203,10.814389,0
            106.632032,10.814381,0
            106.632034,10.814372,0
            106.632036,10.814364,0
            106.632039,10.814355,0
            106.632041,10.814346,0
            106.632043,10.814338,0
            106.632046,10.814329,0
            106.632048,10.814321,0
            106.63205,10.814312,0
            106.632053,10.814303,0
            106.632055,10.814295,0
            106.632057,10.814286,0
            106.63206,10.814277,0
            106.632062,10.814268,0
            106.632064,10.81426,0
            106.632066,10.814251,0
            106.632069,10.814242,0
            106.632071,10.814234,0
            106.632073,10.814225,0
            106.632147,10.813948,0
            106.632149,10.813939,0
            106.632152,10.81393,0
            106.632154,10.813922,0
            106.632156,10.813913,0
            106.632159,10.813904,0
            106.632161,10.813895,0
            106.632163,10.813886,0
            106.632166,10.813878,0
            106.632168,10.813869,0
            106.63217,10.81386,0
            106.632173,10.813851,0
            106.632175,10.813842,0
            106.632177,10.813833,0
            106.63218,10.813825,0
            106.632182,10.813816,0
            106.632185,10.813807,0
            106.632187,10.813798,0
            106.632189,10.813789,0
            106.632192,10.81378,0
            106.632194,10.813771,0
            106.632196,10.813762,0
            106.632199,10.813753,0
            106.632201,10.813744,0
            106.632204,10.813736,0
            106.632206,10.813727,0
            106.632209,10.813718,0
            106.632211,10.813709,0
            106.632214,10.8137,0
            106.632216,10.813691,0
            106.632218,10.813682,0
            106.632219,10.813681,0
            106.632219,10.81368,0
            106.632219,10.813679,0
            106.632219,10.813678,0
            106.63222,10.813677,0
            106.63222,10.813676,0
            106.63222,10.813675,0
            106.632221,10.813674,0
            106.632221,10.813673,0
            106.632221,10.813672,0
            106.632221,10.813671,0
            106.632222,10.81367,0
            106.632222,10.813669,0
            106.632222,10.813668,0
            106.632223,10.813667,0
            106.632223,10.813666,0
            106.632223,10.813665,0
            106.632223,10.813664,0
            106.632224,10.813663,0
            106.632224,10.813662,0
            106.632224,10.813661,0
            106.632225,10.81366,0
            106.632225,10.813659,0
            106.632225,10.813658,0
            106.632225,10.813657,0
            106.632226,10.813656,0
            106.632226,10.813655,0
            106.632226,10.813654,0
            106.632226,10.813653,0
            106.632227,10.813652,0
            106.632227,10.813651,0
            106.632227,10.81365,0
            106.632227,10.813649,0
            106.632228,10.813648,0
            106.632228,10.813647,0
            106.632228,10.813646,0
            106.632228,10.813645,0
            106.632229,10.813645,0
            106.632229,10.813644,0
            106.632229,10.813643,0
            106.632229,10.813642,0
            106.63223,10.813641,0
            106.63223,10.81364,0
            106.63223,10.813639,0
          </coordinates>
        </LineString>
      </Placemark>
      <Placemark>
        <name>Polyline_002</name>
        <description>主线xlPolygon</description>
        <styleUrl>#line-FF0000-1000</styleUrl>
        <LineString>
          <tessellate>1</tessellate>
          <coordinates>
            106.699244,10.770947,0
            106.697402,10.771022,0
            106.697393,10.771022,0
            106.697383,10.771022,0
            106.697374,10.771023,0
            106.697365,10.771023,0
            106.697356,10.771024,0
            106.697347,10.771024,0
            106.697338,10.771024,0
            106.697329,10.771025,0
            106.69732,10.771025,0
            106.69731,10.771026,0
            106.697301,10.771026,0
            106.697292,10.771026,0
            106.697283,10.771027,0
            106.697274,10.771027,0
            106.697265,10.771028,0
            106.697256,10.771028,0
            106.697246,10.771029,0
            106.697237,10.771029,0
            106.697228,10.77103,0
            106.697219,10.77103,0
            106.697214,10.771031,0
            106.697209,10.771031,0
            106.697204,10.771031,0
            106.697198,10.771032,0
            106.697193,10.771032,0
            106.697188,10.771032,0
            106.697183,10.771033,0
            106.697178,10.771033,0
            106.697173,10.771033,0
            106.697167,10.771034,0
            106.697162,10.771034,0
            106.697157,10.771034,0
            106.697152,10.771035,0
            106.697147,10.771035,0
            106.697142,10.771035,0
            106.697136,10.771036,0
            106.697131,10.771036,0
            106.697126,10.771037,0
            106.697121,10.771037,0
            106.697116,10.771037,0
            106.697111,10.771038,0
            106.697105,10.771038,0
            106.6971,10.771039,0
            106.697095,10.771039,0
            106.69709,10.77104,0
            106.697085,10.77104,0
            106.69708,10.77104,0
            106.697074,10.771041,0
            106.697069,10.771041,0
            106.697064,10.771042,0
            106.697059,10.771042,0
            106.697054,10.771043,0
            106.697049,10.771043,0
            106.697044,10.771044,0
            106.697038,10.771044,0
            106.697033,10.771045,0
            106.697028,10.771045,0
            106.697023,10.771046,0
            106.697018,10.771046,0
            106.697013,10.771047,0
            106.697007,10.771047,0
            106.697002,10.771048,0
            106.696997,10.771048,0
            106.696992,10.771049,0
            106.696987,10.771049,0
            106.696982,10.77105,0
            106.696977,10.77105,0
            106.696971,10.771051,0
            106.696962,10.771052,0
            106.696953,10.771053,0
            106.696944,10.771054,0
            106.696935,10.771055,0
            106.696926,10.771056,0
            106.696917,10.771057,0
            106.696908,10.771058,0
            106.696899,10.771059,0
            106.69689,10.77106,0
            106.696881,10.771061,0
            106.696872,10.771063,0
            106.696862,10.771064,0
            106.696853,10.771065,0
            106.696844,10.771066,0
            106.696835,10.771067,0
            106.696826,10.771068,0
            106.696817,10.771069,0
            106.696808,10.77107,0
            106.696799,10.771072,0
            106.69679,10.771073,0
            106.696546,10.771103,0
            106.696537,10.771105,0
            106.696528,10.771106,0
            106.696519,10.771107,0
            106.69651,10.771108,0
            106.696501,10.771109,0
            106.696492,10.77111,0
            106.696483,10.771111,0
            106.696474,10.771113,0
            106.696465,10.771114,0
            106.696456,10.771115,0
            106.696447,10.771116,0
            106.696438,10.771117,0
            106.696429,10.771118,0
            106.696419,10.771119,0
            106.69641,10.77112,0
            106.696401,10.771121,0
            106.696392,10.771122,0
            106.696383,10.771124,0
            106.696374,10.771125,0
            106.696365,10.771126,0
            106.696356,10.771127,0
            106.696347,10.771128,0
            106.696338,10.771129,0
            106.696329,10.77113,0
            106.69632,10.771131,0
            106.696314,10.771131,0
            106.696309,10.771132,0
            106.696304,10.771132,0
            106.696298,10.771133,0
            106.696293,10.771133,0
            106.696288,10.771134,0
            106.696282,10.771135,0
            106.696277,10.771135,0
            106.696272,10.771136,0
            106.696266,10.771136,0
            106.696261,10.771137,0
            106.696255,10.771137,0
            106.69625,10.771138,0
            106.696245,10.771138,0
            106.696239,10.771139,0
            106.696234,10.771139,0
            106.696229,10.77114,0
            106.696223,10.77114,0
            106.696218,10.771141,0
            106.696213,10.771141,0
            106.696207,10.771142,0
            106.696202,10.771142,0
            106.696197,10.771143,0
            106.696191,10.771143,0
            106.696186,10.771144,0
            106.696181,10.771144,0
            106.696175,10.771144,0
            106.69617,10.771145,0
            106.696165,10.771145,0
            106.696159,10.771146,0
            106.696154,10.771146,0
            106.696149,10.771147,0
            106.696143,10.771147,0
            106.696138,10.771147,0
            106.696133,10.771148,0
            106.696127,10.771148,0
            106.696122,10.771149,0
            106.696116,10.771149,0
            106.696111,10.77115,0
            106.696106,10.77115,0
            106.6961,10.77115,0
            106.696095,10.771151,0
            106.69609,10.771151,0
            106.696084,10.771151,0
            106.696079,10.771152,0
            106.696074,10.771152,0
            106.696068,10.771153,0
            106.696063,10.771153,0
            106.696054,10.771153,0
            106.696045,10.771154,0
            106.696036,10.771155,0
            106.696026,10.771155,0
            106.696017,10.771156,0
            106.696008,10.771156,0
            106.695999,10.771157,0
            106.69599,10.771157,0
            106.695981,10.771158,0
            106.695972,10.771158,0
            106.695963,10.771159,0
            106.695953,10.771159,0
            106.695944,10.77116,0
            106.695935,10.77116,0
            106.695926,10.771161,0
            106.695917,10.771161,0
            106.695908,10.771162,0
            106.695899,10.771162,0
            106.69589,10.771162,0
            106.69588,10.771163,0
            106.695871,10.771163,0
            106.695862,10.771164,0
            106.695853,10.771164,0
            106.695844,10.771165,0
            106.695835,10.771165,0
            106.69455,10.771226,0
            106.694541,10.771226,0
            106.694532,10.771226,0
            106.694523,10.771227,0
            106.694514,10.771227,0
            106.694505,10.771228,0
            106.694496,10.771228,0
            106.694486,10.771229,0
            106.694477,10.771229,0
            106.694468,10.771229,0
            106.694459,10.77123,0
            106.69445,10.77123,0
            106.694441,10.771231,0
            106.694432,10.771231,0
            106.694423,10.771232,0
            106.694413,10.771232,0
            106.694404,10.771233,0
            106.694395,10.771233,0
            106.694386,10.771234,0
            106.694377,10.771234,0
            106.694368,10.771235,0
            106.694359,10.771235,0
            106.69435,10.771236,0
            106.69434,10.771236,0
            106.694331,10.771237,0
            106.694322,10.771238,0
            106.694313,10.771238,0
            106.694304,10.771239,0
            106.694295,10.771239,0
            106.694286,10.77124,0
            106.694277,10.771241,0
            106.694267,10.771241,0
            106.694258,10.771242,0
            106.694249,10.771243,0
            106.69424,10.771243,0
            106.694231,10.771244,0
            106.694222,10.771245,0
            106.694213,10.771246,0
            106.694204,10.771246,0
            106.694195,10.771247,0
            106.694185,10.771248,0
            106.694176,10.771249,0
            106.694167,10.77125,0
            106.694158,10.77125,0
            106.694149,10.771251,0
            106.69414,10.771252,0
            106.694131,10.771253,0
            106.694122,10.771254,0
            106.694113,10.771255,0
            106.694104,10.771256,0
            106.694094,10.771257,0
            106.694085,10.771258,0
            106.694076,10.771259,0
            106.694067,10.77126,0
            106.694058,10.771261,0
            106.694049,10.771263,0
            106.69404,10.771264,0
            106.694031,10.771265,0
            106.694022,10.771266,0
            106.694013,10.771267,0
            106.694004,10.771269,0
            106.693995,10.77127,0
            106.693982,10.771272,0
            106.693968,10.771274,0
            106.693954,10.771276,0
            106.693941,10.771278,0
            106.693927,10.771281,0
            106.693913,10.771283,0
            106.693899,10.771286,0
            106.693885,10.771288,0
            106.693872,10.771291,0
            106.693858,10.771294,0
            106.693844,10.771296,0
            106.693831,10.771299,0
            106.693817,10.771302,0
            106.693803,10.771305,0
            106.693789,10.771308,0
            106.693776,10.771311,0
            106.693762,10.771314,0
            106.693749,10.771318,0
            106.693735,10.771321,0
            106.693721,10.771324,0
            106.693708,10.771328,0
            106.693694,10.771331,0
            106.693681,10.771335,0
            106.693667,10.771338,0
            106.693654,10.771342,0
            106.69364,10.771346,0
            106.693627,10.77135,0
            106.693613,10.771354,0
            106.6936,10.771358,0
            106.693587,10.771362,0
            106.693573,10.771366,0
            106.69356,10.77137,0
            106.693546,10.771374,0
            106.693533,10.771379,0
            106.69352,10.771383,0
            106.693507,10.771388,0
            106.693493,10.771392,0
            106.69348,10.771397,0
            106.693467,10.771401,0
            106.693454,10.771406,0
            106.693441,10.771411,0
            106.693428,10.771416,0
            106.693414,10.771421,0
            106.693401,10.771426,0
            106.693388,10.771431,0
            106.693375,10.771436,0
            106.693362,10.771441,0
            106.693349,10.771446,0
            106.693336,10.771452,0
            106.693328,10.771455,0
            106.69332,10.771459,0
            106.693311,10.771462,0
            106.693303,10.771466,0
            106.693294,10.771469,0
            106.693286,10.771473,0
            106.693278,10.771477,0
            106.693269,10.77148,0
            106.693261,10.771484,0
            106.693253,10.771488,0
            106.693244,10.771491,0
            106.693236,10.771495,0
            106.693228,10.771499,0
            106.693219,10.771503,0
            106.693211,10.771507,0
            106.693203,10.771511,0
            106.693195,10.771514,0
            106.693186,10.771518,0
            106.693178,10.771522,0
            106.69317,10.771526,0
            106.693162,10.77153,0
            106.693153,10.771534,0
            106.693145,10.771538,0
            106.693137,10.771542,0
            106.693129,10.771546,0
            106.693121,10.77155,0
            106.693113,10.771554,0
            106.693104,10.771558,0
            106.693096,10.771562,0
            106.693088,10.771567,0
            106.69308,10.771571,0
            106.693072,10.771575,0
            106.693064,10.771579,0
            106.693056,10.771583,0
            106.693047,10.771587,0
            106.693039,10.771591,0
            106.693031,10.771596,0
            106.693023,10.7716,0
            106.693015,10.771604,0
            106.693007,10.771608,0
            106.692999,10.771612,0
            106.692991,10.771617,0
            106.692983,10.771621,0
            106.692975,10.771625,0
            106.692967,10.771629,0
            106.692959,10.771634,0
            106.69295,10.771638,0
            106.692942,10.771642,0
            106.692934,10.771647,0
            106.692926,10.771651,0
            106.692918,10.771655,0
            106.69291,10.77166,0
            106.692902,10.771664,0
            106.692894,10.771668,0
            106.692886,10.771672,0
            106.692878,10.771677,0
            106.69287,10.771681,0
            106.692862,10.771685,0
            106.692854,10.77169,0
            106.692846,10.771694,0
            106.692838,10.771698,0
            106.69283,10.771703,0
            106.683474,10.776749,0
            106.683468,10.776753,0
            106.683462,10.776756,0
            106.683457,10.776759,0
            106.683451,10.776762,0
            106.683445,10.776765,0
            106.683439,10.776768,0
            106.683434,10.776771,0
            106.683428,10.776774,0
            106.683422,10.776777,0
            106.683416,10.77678,0
            106.683411,10.776784,0
            106.683405,10.776787,0
            106.683399,10.77679,0
            106.683393,10.776793,0
            106.683388,10.776796,0
            106.683382,10.776799,0
            106.683376,10.776802,0
            106.68337,10.776805,0
            106.683365,10.776808,0
            106.683359,10.776811,0
            106.683353,10.776815,0
            106.683347,10.776818,0
            106.683342,10.776821,0
            106.683336,10.776824,0
            106.68333,10.776827,0
            106.683324,10.77683,0
            106.683319,10.776833,0
            106.683313,10.776836,0
            106.683307,10.776839,0
            106.683301,10.776842,0
            106.683296,10.776845,0
            106.68329,10.776849,0
            106.683284,10.776852,0
            106.683278,10.776855,0
            106.683273,10.776858,0
            106.683267,10.776861,0
            106.683261,10.776864,0
            106.683255,10.776867,0
            106.68325,10.77687,0
            106.683244,10.776873,0
            106.683238,10.776876,0
            106.683232,10.776879,0
            106.683227,10.776883,0
            106.683221,10.776886,0
            106.683215,10.776889,0
            106.683209,10.776892,0
            106.683204,10.776895,0
            106.683198,10.776898,0
            106.680576,10.778306,0
            106.680568,10.77831,0
            106.680561,10.778315,0
            106.680553,10.778319,0
            106.680545,10.778323,0
            106.680538,10.778327,0
            106.68053,10.778331,0
            106.680522,10.778335,0
            106.680515,10.778339,0
            106.680507,10.778343,0
            106.6805,10.778348,0
            106.680492,10.778352,0
            106.680484,10.778356,0
            106.680477,10.77836,0
            106.680469,10.778364,0
            106.680461,10.778368,0
            106.680454,10.778372,0
            106.680446,10.778377,0
            106.680438,10.778381,0
            106.680431,10.778385,0
            106.680423,10.778389,0
            106.680415,10.778393,0
            106.680408,10.778397,0
            106.6804,10.778401,0
            106.680392,10.778406,0
            106.680385,10.77841,0
            106.680377,10.778414,0
            106.68037,10.778418,0
            106.680362,10.778422,0
            106.680354,10.778426,0
            106.680347,10.778431,0
            106.680339,10.778435,0
            106.680331,10.778439,0
            106.680324,10.778443,0
            106.680316,10.778447,0
            106.680308,10.778452,0
            106.680301,10.778456,0
            106.680293,10.77846,0
            106.680286,10.778464,0
            106.680278,10.778468,0
            106.68027,10.778472,0
            106.680263,10.778477,0
            106.680255,10.778481,0
            106.680247,10.778485,0
            106.68024,10.778489,0
            106.680232,10.778493,0
            106.680225,10.778498,0
            106.680217,10.778502,0
            106.680209,10.778506,0
            106.679843,10.778708,0
            106.679835,10.778713,0
            106.679828,10.778717,0
            106.67982,10.778721,0
            106.679812,10.778725,0
            106.679805,10.778729,0
            106.679797,10.778734,0
            106.679789,10.778738,0
            106.679782,10.778742,0
            106.679774,10.778746,0
            106.679767,10.77875,0
            106.679759,10.778754,0
            106.679751,10.778759,0
            106.679744,10.778763,0
            106.679736,10.778767,0
            106.679728,10.778771,0
            106.679721,10.778775,0
            106.679713,10.77878,0
            106.679706,10.778784,0
            106.679698,10.778788,0
            106.67969,10.778792,0
            106.679683,10.778796,0
            106.679675,10.7788,0
            106.679667,10.778805,0
            106.67966,10.778809,0
            106.679652,10.778813,0
            106.679644,10.778817,0
            106.679637,10.778821,0
            106.679629,10.778825,0
            106.679621,10.778829,0
            106.679614,10.778834,0
            106.679606,10.778838,0
            106.679599,10.778842,0
            106.679591,10.778846,0
            106.679583,10.77885,0
            106.679576,10.778854,0
            106.679568,10.778858,0
            106.67956,10.778863,0
            106.679553,10.778867,0
            106.679545,10.778871,0
            106.679537,10.778875,0
            106.67953,10.778879,0
            106.679522,10.778883,0
            106.679514,10.778887,0
            106.679507,10.778892,0
            106.679499,10.778896,0
            106.679491,10.7789,0
            106.679484,10.778904,0
            106.679476,10.778908,0
            106.675938,10.780809,0
            106.67593,10.780813,0
            106.675922,10.780817,0
            106.675914,10.780822,0
            106.675906,10.780826,0
            106.675897,10.78083,0
            106.675889,10.780835,0
            106.675881,10.780839,0
            106.675873,10.780843,0
            106.675865,10.780847,0
            106.675857,10.780852,0
            106.675849,10.780856,0
            106.675841,10.78086,0
            106.675833,10.780865,0
            106.675825,10.780869,0
            106.675817,10.780873,0
            106.675809,10.780878,0
            106.675801,10.780882,0
            106.675793,10.780886,0
            106.675785,10.780891,0
            106.675777,10.780895,0
            106.675771,10.780898,0
            106.675766,10.780901,0
            106.675761,10.780904,0
            106.675755,10.780906,0
            106.67575,10.780909,0
            106.675744,10.780912,0
            106.675739,10.780915,0
            106.675733,10.780918,0
            106.675728,10.780921,0
            106.675722,10.780924,0
            106.675717,10.780927,0
            106.675711,10.78093,0
            106.675706,10.780933,0
            106.6757,10.780936,0
            106.675695,10.780938,0
            106.675689,10.780941,0
            106.675684,10.780944,0
            106.675678,10.780947,0
            106.675673,10.78095,0
            106.675668,10.780953,0
            106.675662,10.780956,0
            106.675657,10.780959,0
            106.675651,10.780962,0
            106.675646,10.780964,0
            106.67564,10.780967,0
            106.675635,10.78097,0
            106.675629,10.780973,0
            106.675624,10.780976,0
            106.675618,10.780979,0
            106.675613,10.780982,0
            106.675607,10.780985,0
            106.675602,10.780988,0
            106.675596,10.78099,0
            106.675591,10.780993,0
            106.675585,10.780996,0
            106.67558,10.780999,0
            106.675574,10.781002,0
            106.675569,10.781005,0
            106.675563,10.781008,0
            106.675558,10.781011,0
            106.675553,10.781013,0
            106.675547,10.781016,0
            106.675542,10.781019,0
            106.675536,10.781022,0
            106.675531,10.781025,0
            106.675525,10.781028,0
            106.67552,10.781031,0
            106.675514,10.781033,0
            106.675506,10.781038,0
            106.675498,10.781042,0
            106.67549,10.781046,0
            106.675482,10.78105,0
            106.675474,10.781055,0
            106.675466,10.781059,0
            106.675457,10.781063,0
            106.675449,10.781067,0
            106.675441,10.781071,0
            106.675433,10.781076,0
            106.675425,10.78108,0
            106.675417,10.781084,0
            106.675409,10.781088,0
            106.675401,10.781092,0
            106.675393,10.781097,0
            106.675385,10.781101,0
            106.675377,10.781105,0
            106.675368,10.781109,0
            106.67536,10.781113,0
            106.675352,10.781118,0
            106.675141,10.781227,0
            106.675133,10.781231,0
            106.675125,10.781235,0
            106.675117,10.781239,0
            106.675109,10.781244,0
            106.675101,10.781248,0
            106.675093,10.781252,0
            106.675084,10.781256,0
            106.675076,10.78126,0
            106.675068,10.781265,0
            106.67506,10.781269,0
            106.675052,10.781273,0
            106.675044,10.781277,0
            106.675036,10.781281,0
            106.675028,10.781286,0
            106.67502,10.78129,0
            106.675012,10.781294,0
            106.675003,10.781298,0
            106.674995,10.781303,0
            106.674987,10.781307,0
            106.674979,10.781311,0
            106.674975,10.781313,0
            106.67497,10.781316,0
            106.674966,10.781318,0
            106.674961,10.78132,0
            106.674957,10.781323,0
            106.674953,10.781325,0
            106.674948,10.781327,0
            106.674944,10.781329,0
            106.674939,10.781332,0
            106.674935,10.781334,0
            106.674931,10.781336,0
            106.674926,10.781339,0
            106.674922,10.781341,0
            106.674917,10.781343,0
            106.674913,10.781346,0
            106.674908,10.781348,0
            106.674904,10.78135,0
            106.6749,10.781353,0
            106.674895,10.781355,0
            106.674891,10.781357,0
            106.674886,10.78136,0
            106.674882,10.781362,0
            106.674878,10.781364,0
            106.674873,10.781367,0
            106.674869,10.781369,0
            106.674864,10.781371,0
            106.67486,10.781374,0
            106.674855,10.781376,0
            106.674851,10.781378,0
            106.674847,10.781381,0
            106.674842,10.781383,0
            106.674838,10.781385,0
            106.674833,10.781388,0
            106.674829,10.78139,0
            106.674825,10.781392,0
            106.67482,10.781395,0
            106.674816,10.781397,0
            106.674811,10.781399,0
            106.674807,10.781402,0
            106.674802,10.781404,0
            106.674798,10.781406,0
            106.674794,10.781409,0
            106.674789,10.781411,0
            106.674785,10.781413,0
            106.67478,10.781416,0
            106.674776,10.781418,0
            106.674772,10.78142,0
            106.674767,10.781423,0
            106.674759,10.781427,0
            106.674751,10.781431,0
            106.674743,10.781435,0
            106.674735,10.78144,0
            106.674727,10.781444,0
            106.674719,10.781448,0
            106.674711,10.781453,0
            106.674703,10.781457,0
            106.674695,10.781461,0
            106.674687,10.781465,0
            106.674679,10.78147,0
            106.674671,10.781474,0
            106.674663,10.781478,0
            106.674655,10.781483,0
            106.674646,10.781487,0
            106.674638,10.781491,0
            106.67463,10.781496,0
            106.674622,10.7815,0
            106.674614,10.781504,0
            106.674606,10.781508,0
            106.672538,10.782615,0
            106.67253,10.782619,0
            106.672523,10.782623,0
            106.672515,10.782627,0
            106.672507,10.782631,0
            106.6725,10.782635,0
            106.672492,10.782639,0
            106.672484,10.782643,0
            106.672477,10.782647,0
            106.672469,10.782652,0
            106.672461,10.782656,0
            106.672454,10.78266,0
            106.672446,10.782664,0
            106.672438,10.782668,0
            106.672431,10.782672,0
            106.672423,10.782676,0
            106.672415,10.78268,0
            106.672408,10.782685,0
            106.6724,10.782689,0
            106.672392,10.782693,0
            106.672385,10.782697,0
            106.672377,10.782701,0
            106.67237,10.782705,0
            106.672362,10.782709,0
            106.672354,10.782714,0
            106.672347,10.782718,0
            106.672339,10.782722,0
            106.672331,10.782726,0
            106.672324,10.78273,0
            106.672316,10.782734,0
            106.672308,10.782738,0
            106.672301,10.782743,0
            106.672293,10.782747,0
            106.672285,10.782751,0
            106.672278,10.782755,0
            106.67227,10.782759,0
            106.672262,10.782763,0
            106.672255,10.782768,0
            106.672247,10.782772,0
            106.67224,10.782776,0
            106.672232,10.78278,0
            106.672224,10.782784,0
            106.672217,10.782788,0
            106.672209,10.782793,0
            106.672201,10.782797,0
            106.672194,10.782801,0
            106.672186,10.782805,0
            106.672179,10.782809,0
            106.672171,10.782814,0
            106.671804,10.783015,0
            106.671796,10.783019,0
            106.671789,10.783024,0
            106.671781,10.783028,0
            106.671774,10.783032,0
            106.671766,10.783036,0
            106.671758,10.78304,0
            106.671751,10.783044,0
            106.671743,10.783049,0
            106.671735,10.783053,0
            106.671728,10.783057,0
            106.67172,10.783061,0
            106.671713,10.783065,0
            106.671705,10.78307,0
            106.671697,10.783074,0
            106.67169,10.783078,0
            106.671682,10.783082,0
            106.671674,10.783086,0
            106.671667,10.78309,0
            106.671659,10.783094,0
            106.671651,10.783099,0
            106.671644,10.783103,0
            106.671636,10.783107,0
            106.671628,10.783111,0
            106.671621,10.783115,0
            106.671613,10.783119,0
            106.671605,10.783124,0
            106.671598,10.783128,0
            106.67159,10.783132,0
            106.671583,10.783136,0
            106.671575,10.78314,0
            106.671567,10.783144,0
            106.67156,10.783148,0
            106.671552,10.783153,0
            106.671544,10.783157,0
            106.671537,10.783161,0
            106.671529,10.783165,0
            106.671521,10.783169,0
            106.671514,10.783173,0
            106.671506,10.783177,0
            106.671498,10.783181,0
            106.671491,10.783185,0
            106.671483,10.78319,0
            106.671475,10.783194,0
            106.671468,10.783198,0
            106.67146,10.783202,0
            106.671452,10.783206,0
            106.671445,10.78321,0
            106.671437,10.783214,0
            106.667603,10.785265,0
            106.667595,10.785269,0
            106.667587,10.785273,0
            106.66758,10.785277,0
            106.667572,10.785281,0
            106.667564,10.785285,0
            106.667557,10.785289,0
            106.667549,10.785293,0
            106.667541,10.785298,0
            106.667534,10.785302,0
            106.667526,10.785306,0
            106.667518,10.78531,0
            106.667511,10.785314,0
            106.667503,10.785318,0
            106.667495,10.785322,0
            106.667487,10.785326,0
            106.66748,10.78533,0
            106.667472,10.785334,0
            106.667464,10.785338,0
            106.667457,10.785342,0
            106.667449,10.785347,0
            106.667441,10.785351,0
            106.667434,10.785355,0
            106.667426,10.785359,0
            106.667418,10.785363,0
            106.667411,10.785367,0
            106.667403,10.785371,0
            106.667395,10.785375,0
            106.667387,10.785379,0
            106.66738,10.785383,0
            106.667372,10.785387,0
            106.667364,10.785391,0
            106.667357,10.785395,0
            106.667349,10.785399,0
            106.667341,10.785403,0
            106.667333,10.785407,0
            106.667326,10.785411,0
            106.667318,10.785415,0
            106.66731,10.785419,0
            106.667303,10.785423,0
            106.667295,10.785428,0
            106.667287,10.785432,0
            106.667279,10.785436,0
            106.667272,10.78544,0
            106.667264,10.785444,0
            106.667256,10.785448,0
            106.667249,10.785452,0
            106.667241,10.785456,0
            106.667233,10.78546,0
            106.666862,10.785653,0
            106.666854,10.785657,0
            106.666846,10.785661,0
            106.666839,10.785665,0
            106.666831,10.785669,0
            106.666823,10.785673,0
            106.666815,10.785677,0
            106.666808,10.785681,0
            106.6668,10.785685,0
            106.666792,10.785689,0
            106.666785,10.785693,0
            106.666777,10.785697,0
            106.666769,10.785701,0
            106.666761,10.785705,0
            106.666754,10.785709,0
            106.666746,10.785713,0
            106.666738,10.785717,0
            106.666731,10.785721,0
            106.666723,10.785726,0
            106.666715,10.78573,0
            106.666708,10.785734,0
            106.6667,10.785738,0
            106.666692,10.785742,0
            106.666684,10.785746,0
            106.666677,10.78575,0
            106.666669,10.785754,0
            106.666661,10.785758,0
            106.666654,10.785762,0
            106.666646,10.785766,0
            106.666638,10.78577,0
            106.666631,10.785774,0
            106.666623,10.785778,0
            106.666615,10.785782,0
            106.666608,10.785786,0
            106.6666,10.785791,0
            106.666592,10.785795,0
            106.666584,10.785799,0
            106.666577,10.785803,0
            106.666569,10.785807,0
            106.666561,10.785811,0
            106.666554,10.785815,0
            106.666546,10.785819,0
            106.666538,10.785823,0
            106.666531,10.785827,0
            106.666523,10.785831,0
            106.666515,10.785836,0
            106.666508,10.78584,0
            106.6665,10.785844,0
            106.666492,10.785848,0
            106.664498,10.786914,0
            106.66449,10.786918,0
            106.664483,10.786922,0
            106.664475,10.786927,0
            106.664467,10.786931,0
            106.66446,10.786935,0
            106.664452,10.786939,0
            106.664444,10.786943,0
            106.664437,10.786947,0
            106.664429,10.786951,0
            106.664421,10.786955,0
            106.664414,10.78696,0
            106.664406,10.786964,0
            106.664398,10.786968,0
            106.664391,10.786972,0
            106.664383,10.786976,0
            106.664375,10.78698,0
            106.664368,10.786984,0
            106.66436,10.786988,0
            106.664353,10.786993,0
            106.664345,10.786997,0
            106.664337,10.787001,0
            106.66433,10.787005,0
            106.664322,10.787009,0
            106.664314,10.787013,0
            106.664307,10.787017,0
            106.664299,10.787022,0
            106.664291,10.787026,0
            106.664284,10.78703,0
            106.664276,10.787034,0
            106.664268,10.787038,0
            106.664261,10.787042,0
            106.664253,10.787047,0
            106.664245,10.787051,0
            106.664238,10.787055,0
            106.66423,10.787059,0
            106.664223,10.787063,0
            106.664215,10.787067,0
            106.664207,10.787072,0
            106.6642,10.787076,0
            106.664192,10.78708,0
            106.664184,10.787084,0
            106.664177,10.787088,0
            106.664169,10.787092,0
            106.664161,10.787097,0
            106.664154,10.787101,0
            106.664146,10.787105,0
            106.664139,10.787109,0
            106.664131,10.787113,0
            106.663764,10.787315,0
            106.663756,10.787319,0
            106.663749,10.787323,0
            106.663741,10.787327,0
            106.663734,10.787332,0
            106.663726,10.787336,0
            106.663718,10.78734,0
            106.663711,10.787344,0
            106.663703,10.787348,0
            106.663695,10.787353,0
            106.663688,10.787357,0
            106.66368,10.787361,0
            106.663673,10.787365,0
            106.663665,10.787369,0
            106.663657,10.787373,0
            106.66365,10.787378,0
            106.663642,10.787382,0
            106.663634,10.787386,0
            106.663627,10.78739,0
            106.663619,10.787394,0
            106.663611,10.787398,0
            106.663604,10.787403,0
            106.663596,10.787407,0
            106.663588,10.787411,0
            106.663581,10.787415,0
            106.663573,10.787419,0
            106.663565,10.787423,0
            106.663558,10.787427,0
            106.66355,10.787432,0
            106.663543,10.787436,0
            106.663535,10.78744,0
            106.663527,10.787444,0
            106.66352,10.787448,0
            106.663512,10.787452,0
            106.663504,10.787456,0
            106.663497,10.78746,0
            106.663489,10.787465,0
            106.663481,10.787469,0
            106.663474,10.787473,0
            106.663466,10.787477,0
            106.663458,10.787481,0
            106.663451,10.787485,0
            106.663443,10.787489,0
            106.663435,10.787493,0
            106.663428,10.787498,0
            106.66342,10.787502,0
            106.663412,10.787506,0
            106.663405,10.78751,0
            106.663397,10.787514,0
            106.661788,10.788374,0
            106.66178,10.788379,0
            106.661772,10.788383,0
            106.661764,10.788387,0
            106.661756,10.788392,0
            106.661748,10.788396,0
            106.66174,10.7884,0
            106.661732,10.788404,0
            106.661724,10.788409,0
            106.661716,10.788413,0
            106.661708,10.788417,0
            106.6617,10.788422,0
            106.661692,10.788426,0
            106.661684,10.78843,0
            106.661675,10.788434,0
            106.661667,10.788439,0
            106.661659,10.788443,0
            106.661651,10.788447,0
            106.661643,10.788452,0
            106.661635,10.788456,0
            106.661627,10.78846,0
            106.661622,10.788463,0
            106.661616,10.788466,0
            106.661611,10.788469,0
            106.661606,10.788472,0
            106.6616,10.788474,0
            106.661595,10.788477,0
            106.66159,10.78848,0
            106.661584,10.788483,0
            106.661579,10.788486,0
            106.661574,10.788489,0
            106.661568,10.788491,0
            106.661563,10.788494,0
            106.661558,10.788497,0
            106.661552,10.7885,0
            106.661547,10.788503,0
            106.661542,10.788505,0
            106.661536,10.788508,0
            106.661531,10.788511,0
            106.661525,10.788514,0
            106.66152,10.788517,0
            106.661515,10.78852,0
            106.661509,10.788522,0
            106.661504,10.788525,0
            106.661499,10.788528,0
            106.661493,10.788531,0
            106.661488,10.788534,0
            106.661483,10.788537,0
            106.661477,10.788539,0
            106.661472,10.788542,0
            106.661466,10.788545,0
            106.661461,10.788548,0
            106.661456,10.788551,0
            106.66145,10.788553,0
            106.661445,10.788556,0
            106.66144,10.788559,0
            106.661434,10.788562,0
            106.661429,10.788565,0
            106.661424,10.788567,0
            106.661418,10.78857,0
            106.661413,10.788573,0
            106.661407,10.788576,0
            106.661402,10.788579,0
            106.661397,10.788581,0
            106.661391,10.788584,0
            106.661386,10.788587,0
            106.661381,10.78859,0
            106.661375,10.788593,0
            106.66137,10.788595,0
            106.661362,10.7886,0
            106.661354,10.788604,0
            106.661345,10.788608,0
            106.661337,10.788612,0
            106.661329,10.788616,0
            106.661321,10.788621,0
            106.661313,10.788625,0
            106.661305,10.788629,0
            106.661297,10.788633,0
            106.661289,10.788637,0
            106.661281,10.788642,0
            106.661273,10.788646,0
            106.661264,10.78865,0
            106.661256,10.788654,0
            106.661248,10.788658,0
            106.66124,10.788662,0
            106.661232,10.788667,0
            106.661224,10.788671,0
            106.661216,10.788675,0
            106.661208,10.788679,0
            106.660962,10.788806,0
            106.660957,10.788809,0
            106.660952,10.788811,0
            106.660947,10.788814,0
            106.660942,10.788816,0
            106.660937,10.788819,0
            106.660932,10.788821,0
            106.660927,10.788824,0
            106.660922,10.788826,0
            106.660918,10.788829,0
            106.660913,10.788832,0
            106.660908,10.788834,0
            106.660903,10.788837,0
            106.660898,10.788839,0
            106.660893,10.788842,0
            106.660888,10.788844,0
            106.660883,10.788847,0
            106.660878,10.788849,0
            106.660873,10.788852,0
            106.660868,10.788854,0
            106.660863,10.788857,0
            106.660858,10.78886,0
            106.660853,10.788862,0
            106.660849,10.788865,0
            106.660844,10.788867,0
            106.660839,10.78887,0
            106.660834,10.788872,0
            106.660829,10.788875,0
            106.660824,10.788878,0
            106.660819,10.78888,0
            106.660814,10.788883,0
            106.660809,10.788885,0
            106.660804,10.788888,0
            106.660799,10.78889,0
            106.660794,10.788893,0
            106.66079,10.788895,0
            106.660785,10.788898,0
            106.66078,10.788901,0
            106.660775,10.788903,0
            106.66077,10.788906,0
            106.660765,10.788908,0
            106.66076,10.788911,0
            106.660755,10.788913,0
            106.66075,10.788916,0
            106.660745,10.788919,0
            106.66074,10.788921,0
            106.660735,10.788924,0
            106.66073,10.788926,0
            106.660726,10.788929,0
            106.65788,10.790418,0
            106.657873,10.790421,0
            106.657867,10.790425,0
            106.65786,10.790428,0
            106.657853,10.790432,0
            106.657847,10.790435,0
            106.65784,10.790439,0
            106.657833,10.790442,0
            106.657827,10.790446,0
            106.65782,10.790449,0
            106.657813,10.790453,0
            106.657807,10.790456,0
            106.6578,10.79046,0
            106.657794,10.790463,0
            106.657787,10.790467,0
            106.65778,10.79047,0
            106.657774,10.790474,0
            106.657767,10.790477,0
            106.65776,10.790481,0
            106.657754,10.790484,0
            106.657747,10.790488,0
            106.65774,10.790491,0
            106.657734,10.790495,0
            106.657727,10.790498,0
            106.65772,10.790502,0
            106.657714,10.790506,0
            106.657707,10.790509,0
            106.657701,10.790513,0
            106.657694,10.790516,0
            106.657687,10.79052,0
            106.657681,10.790523,0
            106.657674,10.790527,0
            106.657667,10.79053,0
            106.657661,10.790534,0
            106.657654,10.790537,0
            106.657647,10.790541,0
            106.657641,10.790544,0
            106.657634,10.790548,0
            106.657628,10.790551,0
            106.657621,10.790555,0
            106.657614,10.790558,0
            106.657608,10.790562,0
            106.657601,10.790566,0
            106.657594,10.790569,0
            106.657588,10.790573,0
            106.657581,10.790576,0
            106.657575,10.79058,0
            106.657568,10.790583,0
            106.657561,10.790587,0
            106.64541,10.797098,0
            106.645403,10.797102,0
            106.645396,10.797106,0
            106.645389,10.797109,0
            106.645383,10.797113,0
            106.645376,10.797117,0
            106.645369,10.79712,0
            106.645362,10.797124,0
            106.645356,10.797127,0
            106.645349,10.797131,0
            106.645342,10.797135,0
            106.645335,10.797138,0
            106.645329,10.797142,0
            106.645322,10.797145,0
            106.645315,10.797149,0
            106.645308,10.797153,0
            106.645302,10.797156,0
            106.645295,10.79716,0
            106.645288,10.797163,0
            106.645281,10.797167,0
            106.645275,10.79717,0
            106.645268,10.797174,0
            106.645261,10.797178,0
            106.645254,10.797181,0
            106.645248,10.797185,0
            106.645241,10.797188,0
            106.645234,10.797192,0
            106.645227,10.797196,0
            106.645221,10.797199,0
            106.645214,10.797203,0
            106.645207,10.797206,0
            106.6452,10.79721,0
            106.645193,10.797213,0
            106.645187,10.797217,0
            106.64518,10.797221,0
            106.645173,10.797224,0
            106.645166,10.797228,0
            106.64516,10.797231,0
            106.645153,10.797235,0
            106.645146,10.797238,0
            106.645139,10.797242,0
            106.645132,10.797245,0
            106.645126,10.797249,0
            106.645119,10.797253,0
            106.645112,10.797256,0
            106.645105,10.79726,0
            106.645099,10.797263,0
            106.645092,10.797267,0
            106.645085,10.79727,0
            106.644688,10.797478,0
            106.644681,10.797482,0
            106.644674,10.797485,0
            106.644668,10.797489,0
            106.644661,10.797492,0
            106.644654,10.797496,0
            106.644647,10.797499,0
            106.644641,10.797503,0
            106.644634,10.797506,0
            106.644627,10.79751,0
            106.64462,10.797514,0
            106.644613,10.797517,0
            106.644607,10.797521,0
            106.6446,10.797524,0
            106.644593,10.797528,0
            106.644586,10.797531,0
            106.64458,10.797535,0
            106.644573,10.797538,0
            106.644566,10.797542,0
            106.644559,10.797546,0
            106.644552,10.797549,0
            106.644546,10.797553,0
            106.644539,10.797556,0
            106.644532,10.79756,0
            106.644525,10.797564,0
            106.644519,10.797567,0
            106.644512,10.797571,0
            106.644505,10.797574,0
            106.644498,10.797578,0
            106.644492,10.797581,0
            106.644485,10.797585,0
            106.644478,10.797589,0
            106.644471,10.797592,0
            106.644465,10.797596,0
            106.644458,10.797599,0
            106.644451,10.797603,0
            106.644444,10.797607,0
            106.644438,10.79761,0
            106.644431,10.797614,0
            106.644424,10.797617,0
            106.644417,10.797621,0
            106.644411,10.797625,0
            106.644404,10.797628,0
            106.644397,10.797632,0
            106.64439,10.797635,0
            106.644384,10.797639,0
            106.644377,10.797643,0
            106.64437,10.797646,0
            106.644363,10.79765,0
            106.637702,10.801219,0
            106.637694,10.801223,0
            106.637686,10.801228,0
            106.637678,10.801232,0
            106.63767,10.801236,0
            106.637662,10.80124,0
            106.637654,10.801245,0
            106.637646,10.801249,0
            106.637638,10.801253,0
            106.63763,10.801258,0
            106.637622,10.801262,0
            106.637614,10.801266,0
            106.637606,10.801271,0
            106.637598,10.801275,0
            106.63759,10.801279,0
            106.637582,10.801284,0
            106.637574,10.801288,0
            106.637566,10.801292,0
            106.637558,10.801297,0
            106.63755,10.801301,0
            106.637542,10.801306,0
            106.637534,10.80131,0
            106.637526,10.801314,0
            106.637518,10.801319,0
            106.63751,10.801323,0
            106.637502,10.801328,0
            106.637494,10.801332,0
            106.637486,10.801337,0
            106.637478,10.801341,0
            106.63747,10.801345,0
            106.637462,10.80135,0
            106.637454,10.801354,0
            106.637446,10.801359,0
            106.637438,10.801363,0
            106.63743,10.801368,0
            106.637422,10.801373,0
            106.637415,10.801377,0
            106.637407,10.801382,0
            106.637399,10.801386,0
            106.637391,10.801391,0
            106.637383,10.801395,0
            106.637375,10.8014,0
            106.637367,10.801405,0
            106.63736,10.801409,0
            106.637352,10.801414,0
            106.637344,10.801419,0
            106.637336,10.801423,0
            106.637328,10.801428,0
            106.637321,10.801433,0
            106.637313,10.801438,0
            106.637305,10.801442,0
            106.637297,10.801447,0
            106.63729,10.801452,0
            106.637282,10.801457,0
            106.637274,10.801462,0
            106.637266,10.801467,0
            106.637259,10.801472,0
            106.637251,10.801476,0
            106.637243,10.801481,0
            106.637236,10.801486,0
            106.637228,10.801491,0
            106.63722,10.801496,0
            106.63721,10.801503,0
            106.63718,10.801524,0
            106.63715,10.801544,0
            106.63712,10.801565,0
            106.637091,10.801587,0
            106.637062,10.801609,0
            106.637033,10.801631,0
            106.637004,10.801653,0
            106.636976,10.801676,0
            106.636948,10.801699,0
            106.636921,10.801723,0
            106.636893,10.801747,0
            106.636866,10.801771,0
            106.636839,10.801795,0
            106.636813,10.80182,0
            106.636787,10.801845,0
            106.636761,10.801871,0
            106.636735,10.801896,0
            106.63671,10.801923,0
            106.636685,10.801949,0
            106.636661,10.801976,0
            106.636636,10.802003,0
            106.636613,10.80203,0
            106.636589,10.802057,0
            106.636566,10.802085,0
            106.636543,10.802113,0
            106.63652,10.802142,0
            106.636498,10.80217,0
            106.636476,10.802199,0
            106.636455,10.802228,0
            106.636434,10.802258,0
            106.636413,10.802288,0
            106.636393,10.802317,0
            106.636373,10.802348,0
            106.636353,10.802378,0
            106.636334,10.802409,0
            106.636315,10.80244,0
            106.636297,10.802471,0
            106.636279,10.802502,0
            106.636261,10.802534,0
            106.636244,10.802565,0
            106.636227,10.802597,0
            106.63621,10.80263,0
            106.636194,10.802662,0
            106.636179,10.802694,0
            106.636163,10.802727,0
            106.636148,10.80276,0
            106.636134,10.802793,0
            106.63612,10.802827,0
            106.636116,10.802835,0
            106.636113,10.802843,0
            106.63611,10.802852,0
            106.636106,10.80286,0
            106.636103,10.802868,0
            106.636099,10.802877,0
            106.636096,10.802885,0
            106.636093,10.802894,0
            106.63609,10.802902,0
            106.636086,10.802911,0
            106.636083,10.802919,0
            106.63608,10.802928,0
            106.636077,10.802936,0
            106.636074,10.802945,0
            106.63607,10.802953,0
            106.636067,10.802962,0
            106.636064,10.80297,0
            106.636061,10.802979,0
            106.636058,10.802987,0
            106.636055,10.802996,0
            106.636052,10.803004,0
            106.636049,10.803013,0
            106.636046,10.803021,0
            106.636043,10.80303,0
            106.63604,10.803038,0
            106.636037,10.803047,0
            106.636034,10.803055,0
            106.636031,10.803064,0
            106.636029,10.803073,0
            106.636026,10.803081,0
            106.636023,10.80309,0
            106.63602,10.803098,0
            106.636017,10.803107,0
            106.636014,10.803116,0
            106.636011,10.803124,0
            106.636009,10.803133,0
            106.636006,10.803141,0
            106.636003,10.80315,0
            106.636,10.803159,0
            106.635998,10.803167,0
            106.635995,10.803176,0
            106.635992,10.803184,0
            106.635989,10.803193,0
            106.635987,10.803202,0
            106.635984,10.80321,0
            106.635981,10.803219,0
            106.635978,10.803228,0
            106.635976,10.803236,0
            106.635973,10.803245,0
            106.63597,10.803254,0
            106.635968,10.803262,0
            106.635965,10.803271,0
            106.635962,10.803279,0
            106.63596,10.803288,0
            106.635957,10.803297,0
            106.635954,10.803305,0
            106.635952,10.803314,0
            106.635949,10.803323,0
            106.635946,10.803331,0
            106.635944,10.80334,0
            106.635941,10.803349,0
            106.635938,10.803357,0
            106.634111,10.809323,0
            106.634108,10.809332,0
            106.634105,10.80934,0
            106.634103,10.809349,0
            106.6341,10.809358,0
            106.634098,10.809366,0
            106.634095,10.809375,0
            106.634092,10.809384,0
            106.63409,10.809392,0
            106.634087,10.809401,0
            106.634084,10.80941,0
            106.634082,10.809418,0
            106.634079,10.809427,0
            106.634076,10.809436,0
            106.634074,10.809444,0
            106.634071,10.809453,0
            106.634068,10.809462,0
            106.634066,10.80947,0
            106.634063,10.809479,0
            106.63406,10.809487,0
            106.634057,10.809496,0
            106.634055,10.809505,0
            106.634052,10.809513,0
            106.634049,10.809522,0
            106.634047,10.809531,0
            106.634044,10.809539,0
            106.634041,10.809548,0
            106.634038,10.809557,0
            106.634036,10.809565,0
            106.634033,10.809574,0
            106.63403,10.809582,0
            106.634027,10.809591,0
            106.634025,10.8096,0
            106.634022,10.809608,0
            106.634019,10.809617,0
            106.634016,10.809625,0
            106.634014,10.809631,0
            106.634012,10.809637,0
            106.63401,10.809643,0
            106.634009,10.809649,0
            106.634007,10.809655,0
            106.634005,10.809661,0
            106.634003,10.809667,0
            106.634001,10.809672,0
            106.633999,10.809678,0
            106.633997,10.809684,0
            106.633995,10.80969,0
            106.633993,10.809696,0
            106.633991,10.809702,0
            106.633989,10.809708,0
            106.633987,10.809713,0
            106.633985,10.809719,0
            106.633983,10.809725,0
            106.633981,10.809731,0
            106.633979,10.809737,0
            106.633977,10.809743,0
            106.633975,10.809749,0
            106.633973,10.809754,0
            106.633971,10.80976,0
            106.633969,10.809766,0
            106.633967,10.809772,0
            106.633965,10.809778,0
            106.633963,10.809784,0
            106.633961,10.809789,0
            106.633959,10.809795,0
            106.633957,10.809801,0
            106.633955,10.809807,0
            106.633953,10.809813,0
            106.633951,10.809819,0
            106.633949,10.809824,0
            106.633947,10.80983,0
            106.633945,10.809836,0
            106.633943,10.809842,0
            106.633941,10.809848,0
            106.633938,10.809854,0
            106.633936,10.809859,0
            106.633934,10.809865,0
            106.633932,10.809871,0
            106.63393,10.809877,0
            106.633928,10.809883,0
            106.633926,10.809889,0
            106.633924,10.809894,0
            106.633922,10.8099,0
            106.63392,10.809906,0
            106.633917,10.809914,0
            106.633913,10.809923,0
            106.63391,10.809931,0
            106.633907,10.80994,0
            106.633904,10.809948,0
            106.633901,10.809957,0
            106.633898,10.809965,0
            106.633895,10.809974,0
            106.633892,10.809982,0
            106.633888,10.809991,0
            106.633885,10.809999,0
            106.633882,10.810008,0
            106.633879,10.810016,0
            106.633876,10.810025,0
            106.633873,10.810033,0
            106.633869,10.810042,0
            106.633866,10.81005,0
            106.633863,10.810059,0
            106.63386,10.810067,0
            106.633857,10.810076,0
            106.633853,10.810084,0
            106.63385,10.810093,0
            106.633847,10.810101,0
            106.633844,10.81011,0
            106.63384,10.810118,0
            106.633837,10.810126,0
            106.633834,10.810135,0
            106.633831,10.810143,0
            106.633828,10.810152,0
            106.633824,10.81016,0
            106.633821,10.810169,0
            106.633818,10.810177,0
            106.633815,10.810186,0
            106.633811,10.810194,0
            106.633808,10.810203,0
            106.633709,10.810462,0
            106.633706,10.81047,0
            106.633702,10.810479,0
            106.633699,10.810487,0
            106.633696,10.810496,0
            106.633693,10.810504,0
            106.633689,10.810513,0
            106.633686,10.810521,0
            106.633683,10.81053,0
            106.63368,10.810538,0
            106.633676,10.810546,0
            106.633673,10.810555,0
            106.63367,10.810563,0
            106.633667,10.810572,0
            106.633664,10.81058,0
            106.63366,10.810589,0
            106.633657,10.810597,0
            106.633654,10.810606,0
            106.633651,10.810614,0
            106.633648,10.810623,0
            106.633644,10.810631,0
            106.633641,10.81064,0
            106.633638,10.810648,0
            106.633635,10.810657,0
            106.633632,10.810665,0
            106.633629,10.810673,0
            106.633625,10.810682,0
            106.633622,10.81069,0
            106.633619,10.810699,0
            106.633616,10.810707,0
            106.633613,10.810716,0
            106.63361,10.810724,0
            106.633607,10.810733,0
            106.633603,10.810741,0
            106.6336,10.81075,0
            106.633597,10.810758,0
            106.633595,10.810764,0
            106.633593,10.81077,0
            106.633591,10.810776,0
            106.633589,10.810782,0
            106.633587,10.810787,0
            106.633585,10.810793,0
            106.633583,10.810799,0
            106.633581,10.810805,0
            106.633578,10.810811,0
            106.633576,10.810817,0
            106.633574,10.810822,0
            106.633572,10.810828,0
            106.63357,10.810834,0
            106.633568,10.81084,0
            106.633566,10.810846,0
            106.633564,10.810852,0
            106.633562,10.810857,0
            106.63356,10.810863,0
            106.633558,10.810869,0
            106.633556,10.810875,0
            106.633554,10.810881,0
            106.633552,10.810887,0
            106.63355,10.810892,0
            106.633548,10.810898,0
            106.633546,10.810904,0
            106.633544,10.81091,0
            106.633542,10.810916,0
            106.63354,10.810922,0
            106.633538,10.810928,0
            106.633536,10.810933,0
            106.633534,10.810939,0
            106.633532,10.810945,0
            106.63353,10.810951,0
            106.633528,10.810957,0
            106.633526,10.810963,0
            106.633524,10.810969,0
            106.633522,10.810974,0
            106.63352,10.81098,0
            106.633518,10.810986,0
            106.633516,10.810992,0
            106.633514,10.810998,0
            106.633512,10.811004,0
            106.63351,10.81101,0
            106.633508,10.811015,0
            106.633506,10.811021,0
            106.633505,10.811027,0
            106.633503,10.811033,0
            106.633501,10.811039,0
            106.633498,10.811048,0
            106.633495,10.811056,0
            106.633492,10.811065,0
            106.63349,10.811073,0
            106.633487,10.811082,0
            106.633484,10.811091,0
            106.633481,10.811099,0
            106.633479,10.811108,0
            106.633476,10.811117,0
            106.633473,10.811125,0
            106.63347,10.811134,0
            106.633468,10.811142,0
            106.633465,10.811151,0
            106.633462,10.81116,0
            106.633459,10.811168,0
            106.633457,10.811177,0
            106.633454,10.811186,0
            106.633451,10.811194,0
            106.633449,10.811203,0
            106.633446,10.811212,0
            106.633443,10.81122,0
            106.633441,10.811229,0
            106.633438,10.811237,0
            106.633435,10.811246,0
            106.633433,10.811255,0
            106.63343,10.811263,0
            106.633427,10.811272,0
            106.633425,10.811281,0
            106.633422,10.811289,0
            106.633419,10.811298,0
            106.633417,10.811307,0
            106.633414,10.811315,0
            106.633411,10.811324,0
            106.633409,10.811333,0
            106.633406,10.811341,0
            106.632822,10.813247,0
            106.63282,10.813256,0
            106.632817,10.813265,0
            106.632814,10.813273,0
            106.632812,10.813282,0
            106.632809,10.813291,0
            106.632806,10.813299,0
            106.632804,10.813308,0
            106.632801,10.813316,0
            106.632798,10.813325,0
            106.632796,10.813334,0
            106.632793,10.813342,0
            106.63279,10.813351,0
            106.632788,10.81336,0
            106.632785,10.813368,0
            106.632783,10.813377,0
            106.63278,10.813386,0
            106.632777,10.813394,0
            106.632775,10.813403,0
            106.632772,10.813412,0
            106.632769,10.81342,0
            106.632767,10.813429,0
            106.632764,10.813438,0
            106.632762,10.813446,0
            106.632759,10.813455,0
            106.632756,10.813464,0
            106.632754,10.813472,0
            106.632751,10.813481,0
            106.632749,10.81349,0
            106.632746,10.813498,0
            106.632743,10.813507,0
            106.632742,10.813513,0
            106.63274,10.813519,0
            106.632738,10.813525,0
            106.632736,10.813531,0
            106.632734,10.813538,0
            106.632733,10.813544,0
            106.632731,10.81355,0
            106.632729,10.813556,0
            106.632727,10.813562,0
            106.632725,10.813568,0
            106.632724,10.813574,0
            106.632722,10.81358,0
            106.63272,10.813586,0
            106.632718,10.813592,0
            106.632717,10.813599,0
            106.632715,10.813605,0
            106.632713,10.813611,0
            106.632711,10.813617,0
            106.63271,10.813623,0
            106.632708,10.813629,0
            106.632706,10.813635,0
            106.632704,10.813641,0
            106.632703,10.813647,0
            106.632701,10.813654,0
            106.632699,10.81366,0
            106.632697,10.813666,0
            106.632696,10.813672,0
            106.632694,10.813678,0
            106.632692,10.813684,0
            106.63269,10.81369,0
            106.632689,10.813696,0
            106.632687,10.813702,0
            106.632685,10.813709,0
            106.632683,10.813715,0
            106.632682,10.813721,0
            106.63268,10.813727,0
            106.632678,10.813733,0
            106.632677,10.813739,0
            106.632675,10.813745,0
            106.632673,10.813751,0
            106.632671,10.813758,0
            106.63267,10.813764,0
            106.632668,10.81377,0
            106.632666,10.813776,0
            106.632665,10.813782,0
            106.632663,10.813788,0
            106.632661,10.813794,0
            106.63266,10.8138,0
            106.632657,10.813809,0
            106.632655,10.813818,0
            106.632652,10.813827,0
            106.63265,10.813835,0
            106.632648,10.813844,0
            106.632645,10.813853,0
            106.632643,10.813862,0
            106.632641,10.81387,0
            106.632638,10.813879,0
            106.632636,10.813888,0
            106.632633,10.813896,0
            106.632631,10.813905,0
            106.632629,10.813914,0
            106.632626,10.813923,0
            106.632624,10.813931,0
            106.632622,10.81394,0
            106.632619,10.813949,0
            106.632617,10.813958,0
            106.632615,10.813966,0
            106.632612,10.813975,0
            106.63261,10.813984,0
            106.632608,10.813993,0
            106.632605,10.814001,0
            106.632603,10.81401,0
            106.632601,10.814019,0
            106.632598,10.814028,0
            106.632596,10.814036,0
            106.632594,10.814045,0
            106.632592,10.814054,0
            106.632589,10.814063,0
            106.632516,10.81434,0
            106.632513,10.814348,0
            106.632511,10.814357,0
            106.632509,10.814366,0
            106.632506,10.814375,0
            106.632504,10.814383,0
            106.632502,10.814392,0
            106.632499,10.814401,0
            106.632497,10.81441,0
            106.632495,10.814418,0
            106.632492,10.814427,0
            106.63249,10.814436,0
            106.632488,10.814445,0
            106.632485,10.814453,0
            106.632483,10.814462,0
            106.632481,10.814471,0
            106.632478,10.814479,0
            106.632476,10.814488,0
            106.632474,10.814497,0
            106.632471,10.814506,0
            106.632469,10.814514,0
            106.632467,10.814523,0
            106.632464,10.814532,0
            106.632462,10.814541,0
            106.63246,10.814549,0
            106.632457,10.814558,0
            106.632455,10.814567,0
            106.632452,10.814576,0
            106.63245,10.814584,0
            106.632448,10.814593,0
            106.632445,10.814602,0
            106.632444,10.814608,0
            106.632442,10.814614,0
            106.63244,10.81462,0
            106.632439,10.814626,0
            106.632437,10.814632,0
            106.632435,10.814638,0
            106.632433,10.814645,0
            106.632432,10.814651,0
            106.63243,10.814657,0
            106.632428,10.814663,0
            106.632427,10.814669,0
            106.632425,10.814675,0
            106.632423,10.814681,0
            106.632421,10.814687,0
            106.63242,10.814694,0
            106.632418,10.8147,0
            106.632416,10.814706,0
            106.632415,10.814712,0
            106.632413,10.814718,0
            106.632411,10.814724,0
            106.632409,10.81473,0
            106.632408,10.814736,0
            106.632406,10.814742,0
            106.632404,10.814749,0
            106.632402,10.814755,0
            106.632401,10.814761,0
            106.632399,10.814767,0
            106.632397,10.814773,0
            106.632395,10.814779,0
            106.632394,10.814785,0
            106.632392,10.814791,0
            106.63239,10.814797,0
            106.632388,10.814804,0
            106.632386,10.81481,0
            106.632385,10.814816,0
            106.632383,10.814822,0
            106.632381,10.814828,0
            106.632379,10.814834,0
            106.632378,10.81484,0
            106.632376,10.814846,0
            106.632374,10.814852,0
            106.632372,10.814859,0
            106.63237,10.814865,0
            106.632369,10.814871,0
            106.632367,10.814877,0
            106.632365,10.814883,0
            106.632363,10.814889,0
            106.632361,10.814895,0
            106.632359,10.814904,0
            106.632356,10.814912,0
            106.632354,10.814921,0
            106.632351,10.81493,0
            106.632348,10.814938,0
            106.632346,10.814947,0
            106.632343,10.814956,0
            106.632341,10.814964,0
            106.632338,10.814973,0
            106.632335,10.814982,0
            106.632333,10.81499,0
            106.63233,10.814999,0
            106.632328,10.815008,0
            106.632325,10.815016,0
            106.632322,10.815025,0
            106.63232,10.815034,0
            106.632317,10.815042,0
            106.632314,10.815051,0
            106.632312,10.81506,0
            106.632309,10.815068,0
            106.632307,10.815077,0
            106.632304,10.815086,0
            106.632301,10.815094,0
            106.632299,10.815103,0
            106.632296,10.815112,0
            106.632293,10.81512,0
            106.632291,10.815129,0
            106.632288,10.815138,0
            106.632285,10.815146,0
            106.632283,10.815155,0
            106.630222,10.82188,0
            106.63022,10.821888,0
            106.630217,10.821897,0
            106.630214,10.821906,0
            106.630212,10.821914,0
            106.630209,10.821923,0
            106.630206,10.821932,0
            106.630204,10.82194,0
            106.630201,10.821949,0
            106.630198,10.821958,0
            106.630196,10.821966,0
            106.630193,10.821975,0
            106.63019,10.821983,0
            106.630187,10.821992,0
            106.630185,10.822001,0
            106.630182,10.822009,0
            106.630179,10.822018,0
            106.630176,10.822027,0
            106.630173,10.822035,0
            106.630171,10.822044,0
            106.630168,10.822052,0
            106.630158,10.822081,0
            106.630148,10.822109,0
            106.630137,10.822137,0
            106.630127,10.822166,0
            106.630116,10.822194,0
            106.630105,10.822222,0
            106.630093,10.82225,0
            106.630081,10.822277,0
            106.630069,10.822305,0
            106.630057,10.822333,0
            106.630045,10.82236,0
            106.630032,10.822387,0
            106.630019,10.822414,0
            106.630005,10.822441,0
            106.629992,10.822468,0
            106.629978,10.822495,0
            106.629964,10.822522,0
            106.629949,10.822548,0
            106.629935,10.822575,0
            106.62992,10.822601,0
            106.629904,10.822627,0
            106.629889,10.822653,0
            106.629873,10.822679,0
            106.629857,10.822704,0
            106.629841,10.82273,0
            106.629825,10.822755,0
            106.629808,10.82278,0
            106.629791,10.822805,0
            106.629774,10.82283,0
            106.629756,10.822855,0
            106.629739,10.822879,0
            106.629721,10.822904,0
            106.629703,10.822928,0
            106.629684,10.822952,0
            106.629666,10.822976,0
            106.629647,10.822999,0
            106.629628,10.823023,0
            106.629608,10.823046,0
            106.629589,10.823069,0
            106.629569,10.823092,0
            106.629549,10.823115,0
            106.629529,10.823137,0
            106.629509,10.823159,0
            106.629488,10.823182,0
            106.629467,10.823203,0
            106.629446,10.823225,0
            106.629425,10.823247,0
            106.629403,10.823268,0
            106.629397,10.823274,0
            106.62939,10.823281,0
            106.629384,10.823287,0
            106.629377,10.823293,0
            106.62937,10.8233,0
            106.629364,10.823306,0
            106.629357,10.823312,0
            106.629351,10.823318,0
            106.629344,10.823325,0
            106.629337,10.823331,0
            106.629331,10.823337,0
            106.629324,10.823343,0
            106.629318,10.82335,0
            106.629311,10.823356,0
            106.629304,10.823362,0
            106.629298,10.823368,0
            106.629291,10.823374,0
            106.629284,10.82338,0
            106.629278,10.823387,0
            106.629271,10.823393,0
            106.628235,10.824352,0
          </coordinates>
        </LineString>
      </Placemark>
      <Placemark>
        <name>Polyline_002</name>
        <description>主线xlPolygon</description>
        <styleUrl>#line-FF0000-1000</styleUrl>
        <LineString>
          <tessellate>1</tessellate>
          <coordinates>
            106.69393,10.770823,0
            106.693916,10.770825,0
          </coordinates>
        </LineString>
      </Placemark>
      <Placemark>
        <name>Polyline_003</name>
        <description>主线车站标注</description>
        <styleUrl>#line-C0C0C0-1000</styleUrl>
        <LineString>
          <tessellate>1</tessellate>
          <coordinates>
            106.630619,10.821437,0
            106.629657,10.821149,0
          </coordinates>
        </LineString>
      </Placemark>
      <Placemark>
        <name>Polyline_003</name>
        <description>主线车站标注</description>
        <styleUrl>#line-C0C0C0-1000</styleUrl>
        <LineString>
          <tessellate>1</tessellate>
          <coordinates>
            106.629736,10.820889,0
            106.629577,10.821408,0
          </coordinates>
        </LineString>
      </Placemark>
      <Placemark>
        <name>L1034.148</name>
        <description>主线车站标注</description>
        <styleUrl>#icon-1899-0288D1</styleUrl>
        <Point>
          <coordinates>
            106.629647,10.821132,0
          </coordinates>
        </Point>
      </Placemark>
      <Placemark>
        <name>R1034.148</name>
        <description>主线车站标注</description>
        <styleUrl>#icon-1899-0288D1</styleUrl>
        <Point>
          <coordinates>
            106.629674,10.82114,0
          </coordinates>
        </Point>
      </Placemark>
      <Placemark>
        <name>L414.403</name>
        <description>主线车站标注</description>
        <styleUrl>#icon-1899-0288D1</styleUrl>
        <Point>
          <coordinates>
            106.629625,10.821153,0
          </coordinates>
        </Point>
      </Placemark>
      <Placemark>
        <name>R416.512</name>
        <description>主线车站标注</description>
        <styleUrl>#icon-1899-0288D1</styleUrl>
        <Point>
          <coordinates>
            106.629695,10.821174,0
          </coordinates>
        </Point>
      </Placemark>
      <Placemark>
        <name>GA TÂN BÌNH</name>
        <description>TT3</description>
        <styleUrl>#icon-1899-0288D1</styleUrl>
        <Point>
          <coordinates>
            106.629533,10.820945,0
          </coordinates>
        </Point>
      </Placemark>
      <Placemark>
        <name>ST11 Tan Binh</name>
        <description>TT3</description>
        <styleUrl>#icon-1899-0288D1</styleUrl>
        <Point>
          <coordinates>
            106.629569,10.821122,0
          </coordinates>
        </Point>
      </Placemark>
      <Placemark>
        <name>Polyline_003</name>
        <description>主线车站标注</description>
        <styleUrl>#line-C0C0C0-1000</styleUrl>
        <LineString>
          <tessellate>1</tessellate>
          <coordinates>
            106.653411,10.792936,0
            106.653009,10.792203,0
          </coordinates>
        </LineString>
      </Placemark>
      <Placemark>
        <name>Polyline_003</name>
        <description>主线车站标注</description>
        <styleUrl>#line-C0C0C0-1000</styleUrl>
        <LineString>
          <tessellate>1</tessellate>
          <coordinates>
            106.65325,10.792073,0
            106.652768,10.792332,0
          </coordinates>
        </LineString>
      </Placemark>
      <Placemark>
        <name>KM12+397.300</name>
        <description>主线车站标注</description>
        <styleUrl>#icon-1899-0288D1</styleUrl>
        <Point>
          <coordinates>
            106.653065,10.792276,0
          </coordinates>
        </Point>
      </Placemark>
      <Placemark>
        <name>ST06 Pham Van Hai</name>
        <description>主线车站标注</description>
        <styleUrl>#icon-1899-0288D1</styleUrl>
        <Point>
          <coordinates>
            106.653262,10.792067,0
          </coordinates>
        </Point>
      </Placemark>
      <Placemark>
        <name>ST08 Nguyen Hong Dao</name>
        <description>主线车站标注</description>
        <styleUrl>#icon-1899-0288D1</styleUrl>
        <Point>
          <coordinates>
            106.652763,10.792352,0
          </coordinates>
        </Point>
      </Placemark>
      <Placemark>
        <name>L788.762</name>
        <description>主线车站标注</description>
        <styleUrl>#icon-1899-0288D1</styleUrl>
        <Point>
          <coordinates>
            106.653015,10.792184,0
          </coordinates>
        </Point>
      </Placemark>
      <Placemark>
        <name>R788.648</name>
        <description>主线车站标注</description>
        <styleUrl>#icon-1899-0288D1</styleUrl>
        <Point>
          <coordinates>
            106.653028,10.792208,0
          </coordinates>
        </Point>
      </Placemark>
      <Placemark>
        <name>L1273.307</name>
        <description>主线车站标注</description>
        <styleUrl>#icon-1899-0288D1</styleUrl>
        <Point>
          <coordinates>
            106.652983,10.792185,0
          </coordinates>
        </Point>
      </Placemark>
      <Placemark>
        <name>R1273.322</name>
        <description>主线车站标注</description>
        <styleUrl>#icon-1899-0288D1</styleUrl>
        <Point>
          <coordinates>
            106.653018,10.792248,0
          </coordinates>
        </Point>
      </Placemark>
      <Placemark>
        <name>GA BẢY HIỀN</name>
        <description>TT3</description>
        <styleUrl>#icon-1899-0288D1</styleUrl>
        <Point>
          <coordinates>
            106.653062,10.791989,0
          </coordinates>
        </Point>
      </Placemark>
      <Placemark>
        <name>ST07 Bay Hien</name>
        <description>TT3</description>
        <styleUrl>#icon-1899-0288D1</styleUrl>
        <Point>
          <coordinates>
            106.652965,10.792123,0
          </coordinates>
        </Point>
      </Placemark>
      <Placemark>
        <name>Polyline_005</name>
        <description>_outerline-DW</description>
        <styleUrl>#line-0000FF-4000</styleUrl>
        <LineString>
          <tessellate>1</tessellate>
          <coordinates>
            106.651839,10.794372,0
            106.653502,10.793481,0
            106.653577,10.793597,0
            106.654064,10.793337,0
            106.654629,10.793034,0
            106.654559,10.792907,0
            106.654612,10.792878,0
            106.654062,10.791875,0
            106.653907,10.791958,0
            106.653898,10.791942,0
            106.652988,10.792429,0
            106.652994,10.792441,0
            106.651472,10.793257,0
            106.651475,10.793261,0
            106.651286,10.793362,0
            106.651839,10.794372,0
          </coordinates>
        </LineString>
      </Placemark>
      <Placemark>
        <name>Polyline_006</name>
        <description>主线xlPolygon</description>
        <styleUrl>#line-00FF00-1000</styleUrl>
        <LineString>
          <tessellate>1</tessellate>
          <coordinates>
            106.633211,10.813935,5.28
            106.63223,10.813639,0
          </coordinates>
        </LineString>
      </Placemark>
      <Placemark>
        <name>Polyline_001</name>
        <description>_outerline-DW</description>
        <styleUrl>#line-000000-1200</styleUrl>
        <LineString>
          <tessellate>1</tessellate>
          <coordinates>
            106.651839,10.794372,0
            106.651286,10.793362,0
          </coordinates>
        </LineString>
      </Placemark>
      <Placemark>
        <name>Polyline_001</name>
        <description>_outerline-DW</description>
        <styleUrl>#line-000000-1200</styleUrl>
        <LineString>
          <tessellate>1</tessellate>
          <coordinates>
            106.654612,10.792878,0
            106.654062,10.791875,0
          </coordinates>
        </LineString>
      </Placemark>
      <Placemark>
        <name>Polyline_001</name>
        <description>_outerline-DW</description>
        <styleUrl>#line-000000-1200</styleUrl>
        <LineString>
          <tessellate>1</tessellate>
          <coordinates>
            106.657828,10.789042,0
            106.65777,10.788934,0
          </coordinates>
        </LineString>
      </Placemark>
      <Placemark>
        <name>Polyline_001</name>
        <description>_outerline-DW</description>
        <styleUrl>#line-000000-1200</styleUrl>
        <LineString>
          <tessellate>1</tessellate>
          <coordinates>
            106.664095,10.78666,0
            106.664554,10.787498,0
          </coordinates>
        </LineString>
      </Placemark>
      <Placemark>
        <name>Polygon_002</name>
        <description>主线xlPolygon</description>
        <styleUrl>#line-00FF00-4000</styleUrl>
        <LineString>
          <tessellate>1</tessellate>
          <coordinates>
            106.674703,10.780944,0
            106.675198,10.781849,0
            106.675201,10.781847,0
            106.675204,10.781845,0
            106.675207,10.781844,0
            106.67521,10.781842,0
            106.675213,10.78184,0
            106.675216,10.781839,0
            106.675219,10.781837,0
            106.675222,10.781835,0
            106.675225,10.781834,0
            106.675228,10.781832,0
            106.675231,10.781831,0
            106.675234,10.781829,0
            106.675237,10.781827,0
            106.67524,10.781826,0
            106.675243,10.781824,0
            106.675246,10.781822,0
            106.675249,10.781821,0
            106.675252,10.781819,0
            106.675255,10.781817,0
            106.675259,10.781816,0
            106.675262,10.781814,0
            106.675265,10.781812,0
            106.675268,10.781811,0
            106.675271,10.781809,0
            106.675274,10.781807,0
            106.675277,10.781806,0
            106.67528,10.781804,0
            106.675283,10.781802,0
            106.675286,10.781801,0
            106.675289,10.781799,0
            106.675292,10.781797,0
            106.675295,10.781796,0
            106.675298,10.781794,0
            106.675301,10.781792,0
            106.675304,10.781791,0
            106.675307,10.781789,0
            106.67531,10.781787,0
            106.675313,10.781786,0
            106.675316,10.781784,0
            106.675319,10.781782,0
            106.675322,10.781781,0
            106.675325,10.781779,0
            106.675328,10.781777,0
            106.675331,10.781776,0
            106.675334,10.781774,0
            106.675337,10.781772,0
            106.67534,10.781771,0
            106.675343,10.781769,0
            106.675352,10.781764,0
            106.67536,10.78176,0
            106.675368,10.781755,0
            106.675376,10.781751,0
            106.675384,10.781747,0
            106.675392,10.781742,0
            106.6754,10.781738,0
            106.675408,10.781733,0
            106.675416,10.781729,0
            106.675424,10.781724,0
            106.675432,10.78172,0
            106.67544,10.781715,0
            106.675448,10.781711,0
            106.675456,10.781706,0
            106.675464,10.781702,0
            106.675472,10.781698,0
            106.67548,10.781693,0
            106.675488,10.781689,0
            106.675496,10.781684,0
            106.675504,10.78168,0
            106.675716,10.781562,0
            106.675724,10.781558,0
            106.675732,10.781553,0
            106.67574,10.781549,0
            106.675748,10.781545,0
            106.675756,10.78154,0
            106.675764,10.781536,0
            106.675772,10.781531,0
            106.675779,10.781527,0
            106.675787,10.781523,0
            106.675795,10.781518,0
            106.675803,10.781514,0
            106.675811,10.78151,0
            106.675819,10.781505,0
            106.675827,10.781501,0
            106.675835,10.781496,0
            106.675843,10.781492,0
            106.675851,10.781488,0
            106.675858,10.781483,0
            106.675866,10.781479,0
            106.675874,10.781475,0
            106.675879,10.781472,0
            106.675884,10.781469,0
            106.675888,10.781467,0
            106.675893,10.781464,0
            106.675898,10.781462,0
            106.675903,10.781459,0
            106.675907,10.781456,0
            106.675912,10.781454,0
            106.675917,10.781451,0
            106.675922,10.781449,0
            106.675926,10.781446,0
            106.675931,10.781443,0
            106.675936,10.781441,0
            106.675941,10.781438,0
            106.675945,10.781436,0
            106.67595,10.781433,0
            106.675955,10.78143,0
            106.675959,10.781428,0
            106.675964,10.781425,0
            106.675969,10.781423,0
            106.675974,10.78142,0
            106.675978,10.781417,0
            106.675983,10.781415,0
            106.675988,10.781412,0
            106.675993,10.78141,0
            106.675997,10.781407,0
            106.676002,10.781404,0
            106.676007,10.781402,0
            106.676012,10.781399,0
            106.676016,10.781397,0
            106.676021,10.781394,0
            106.676026,10.781392,0
            106.676031,10.781389,0
            106.676035,10.781386,0
            106.67604,10.781384,0
            106.676045,10.781381,0
            106.67605,10.781379,0
            106.676054,10.781376,0
            106.676059,10.781373,0
            106.676064,10.781371,0
            106.676069,10.781368,0
            106.676073,10.781366,0
            106.676078,10.781363,0
            106.676083,10.781361,0
            106.676088,10.781358,0
            106.676092,10.781355,0
            106.676097,10.781353,0
            106.676102,10.78135,0
            106.67611,10.781346,0
            106.676118,10.781342,0
            106.676126,10.781337,0
            106.676134,10.781333,0
            106.676142,10.781329,0
            106.676149,10.781325,0
            106.676157,10.78132,0
            106.676165,10.781316,0
            106.676173,10.781312,0
            106.676181,10.781307,0
            106.676189,10.781303,0
            106.676197,10.781299,0
            106.676205,10.781295,0
            106.676213,10.78129,0
            106.676221,10.781286,0
            106.676229,10.781282,0
            106.676237,10.781277,0
            106.676245,10.781273,0
            106.676253,10.781269,0
            106.676261,10.781264,0
            106.679527,10.77951,0
            106.679535,10.779506,0
            106.679543,10.779501,0
            106.679552,10.779497,0
            106.67956,10.779493,0
            106.679568,10.779489,0
            106.679576,10.779484,0
            106.679584,10.77948,0
            106.679591,10.779476,0
            106.679599,10.779471,0
            106.679607,10.779467,0
            106.679615,10.779463,0
            106.679623,10.779459,0
            106.679631,10.779454,0
            106.679639,10.77945,0
            106.679647,10.779446,0
            106.679655,10.779442,0
            106.679663,10.779437,0
            106.679671,10.779433,0
            106.679679,10.779429,0
            106.679687,10.779425,0
            106.679692,10.779422,0
            106.679697,10.779419,0
            106.679702,10.779417,0
            106.679707,10.779414,0
            106.679712,10.779411,0
            106.679717,10.779408,0
            106.679722,10.779406,0
            106.679727,10.779403,0
            106.679732,10.7794,0
            106.679737,10.779398,0
            106.679743,10.779395,0
            106.679748,10.779392,0
            106.679753,10.77939,0
            106.679758,10.779387,0
            106.679763,10.779384,0
            106.679768,10.779382,0
            106.679773,10.779379,0
            106.679778,10.779376,0
            106.679783,10.779374,0
            106.679788,10.779371,0
            106.679793,10.779368,0
            106.679798,10.779366,0
            106.679803,10.779363,0
            106.679808,10.77936,0
            106.679813,10.779358,0
            106.679818,10.779355,0
            106.679824,10.779352,0
            106.679829,10.77935,0
            106.679834,10.779347,0
            106.679839,10.779344,0
            106.679844,10.779342,0
            106.679849,10.779339,0
            106.679854,10.779336,0
            106.679859,10.779334,0
            106.679864,10.779331,0
            106.679869,10.779328,0
            106.679874,10.779326,0
            106.679879,10.779323,0
            106.679884,10.77932,0
            106.67989,10.779318,0
            106.679895,10.779315,0
            106.6799,10.779312,0
            106.679905,10.77931,0
            106.67991,10.779307,0
            106.679915,10.779305,0
            106.67992,10.779302,0
            106.679925,10.779299,0
            106.67993,10.779297,0
            106.679938,10.779292,0
            106.679946,10.779288,0
            106.679954,10.779284,0
            106.679962,10.77928,0
            106.67997,10.779276,0
            106.679978,10.779272,0
            106.679986,10.779268,0
            106.679994,10.779263,0
            106.680002,10.779259,0
            106.68001,10.779255,0
            106.680018,10.779251,0
            106.680026,10.779247,0
            106.680034,10.779243,0
            106.680042,10.779238,0
            106.68005,10.779234,0
            106.680059,10.77923,0
            106.680067,10.779226,0
            106.680075,10.779222,0
            106.680083,10.779218,0
            106.680091,10.779213,0
            106.680358,10.779076,0
            106.680366,10.779071,0
            106.680374,10.779067,0
            106.680383,10.779063,0
            106.680391,10.779059,0
            106.680399,10.779055,0
            106.680407,10.77905,0
            106.680415,10.779046,0
            106.680423,10.779042,0
            106.680431,10.779038,0
            106.68044,10.779034,0
            106.680448,10.779029,0
            106.680456,10.779025,0
            106.680464,10.779021,0
            106.680472,10.779017,0
            106.680481,10.779012,0
            106.680489,10.779008,0
            106.680497,10.779004,0
            106.680505,10.779,0
            106.680513,10.778995,0
            106.680522,10.778991,0
            106.680527,10.778988,0
            106.680532,10.778986,0
            106.680537,10.778983,0
            106.680543,10.77898,0
            106.680548,10.778977,0
            106.680553,10.778975,0
            106.680558,10.778972,0
            106.680564,10.778969,0
            106.680569,10.778966,0
            106.680574,10.778964,0
            106.680579,10.778961,0
            106.680585,10.778958,0
            106.68059,10.778955,0
            106.680595,10.778953,0
            106.6806,10.77895,0
            106.680606,10.778947,0
            106.680611,10.778944,0
            106.680616,10.778942,0
            106.680621,10.778939,0
            106.680627,10.778936,0
            106.680632,10.778933,0
            106.680637,10.778931,0
            106.680642,10.778928,0
            106.680648,10.778925,0
            106.680653,10.778922,0
            106.680658,10.77892,0
            106.680663,10.778917,0
            106.680669,10.778914,0
            106.680674,10.778911,0
            106.680679,10.778909,0
            106.680684,10.778906,0
            106.680689,10.778903,0
            106.680695,10.7789,0
            106.6807,10.778898,0
            106.680705,10.778895,0
            106.68071,10.778892,0
            106.680716,10.778889,0
            106.680721,10.778886,0
            106.680726,10.778884,0
            106.680731,10.778881,0
            106.680737,10.778878,0
            106.680742,10.778875,0
            106.680747,10.778873,0
            106.680752,10.77887,0
            106.680758,10.778867,0
            106.680763,10.778864,0
            106.680768,10.778861,0
            106.680773,10.778859,0
            106.680781,10.778854,0
            106.68079,10.77885,0
            106.680798,10.778846,0
            106.680806,10.778841,0
            106.680814,10.778837,0
            106.680822,10.778833,0
            106.68083,10.778828,0
            106.680838,10.778824,0
            106.680847,10.778819,0
            106.680855,10.778815,0
            106.680863,10.778811,0
            106.680871,10.778806,0
            106.680879,10.778802,0
            106.680887,10.778798,0
            106.680895,10.778793,0
            106.680903,10.778789,0
            106.680911,10.778785,0
            106.680919,10.77878,0
            106.680927,10.778776,0
            106.680935,10.778772,0
            106.681001,10.778737,0
            106.680503,10.777831,0
            106.680358,10.777909,0
            106.68035,10.777913,0
            106.680342,10.777917,0
            106.680335,10.777922,0
            106.680327,10.777926,0
            106.680319,10.77793,0
            106.680311,10.777934,0
            106.680304,10.777938,0
            106.680296,10.777943,0
            106.680288,10.777947,0
            106.68028,10.777951,0
            106.680273,10.777955,0
            106.680265,10.777959,0
            106.680257,10.777963,0
            106.680249,10.777968,0
            106.680242,10.777972,0
            106.680234,10.777976,0
            106.680226,10.77798,0
            106.680218,10.777984,0
            106.680211,10.777989,0
            106.680203,10.777993,0
            106.680195,10.777997,0
            106.680187,10.778001,0
            106.68018,10.778005,0
            106.680172,10.77801,0
            106.680164,10.778014,0
            106.680156,10.778018,0
            106.680149,10.778022,0
            106.680141,10.778027,0
            106.680133,10.778031,0
            106.680126,10.778035,0
            106.680118,10.778039,0
            106.68011,10.778043,0
            106.680102,10.778048,0
            106.680095,10.778052,0
            106.680087,10.778056,0
            106.680079,10.77806,0
            106.680071,10.778065,0
            106.680064,10.778069,0
            106.680056,10.778073,0
            106.680048,10.778077,0
            106.680041,10.778082,0
            106.680033,10.778086,0
            106.680025,10.77809,0
            106.680017,10.778094,0
            106.68001,10.778099,0
            106.680002,10.778103,0
            106.679994,10.778107,0
            106.679987,10.778111,0
            106.67962,10.778314,0
            106.679612,10.778318,0
            106.679605,10.778322,0
            106.679597,10.778326,0
            106.67959,10.77833,0
            106.679582,10.778334,0
            106.679575,10.778339,0
            106.679567,10.778343,0
            106.67956,10.778347,0
            106.679552,10.778351,0
            106.679545,10.778355,0
            106.679537,10.778359,0
            106.67953,10.778363,0
            106.679522,10.778367,0
            106.679515,10.778372,0
            106.679507,10.778376,0
            106.6795,10.77838,0
            106.679492,10.778384,0
            106.679484,10.778388,0
            106.679477,10.778392,0
            106.679469,10.778396,0
            106.679462,10.7784,0
            106.679454,10.778405,0
            106.679447,10.778409,0
            106.679439,10.778413,0
            106.679432,10.778417,0
            106.679424,10.778421,0
            106.679417,10.778425,0
            106.679409,10.778429,0
            106.679401,10.778433,0
            106.679394,10.778437,0
            106.679386,10.778441,0
            106.679379,10.778446,0
            106.679371,10.77845,0
            106.679364,10.778454,0
            106.679356,10.778458,0
            106.679349,10.778462,0
            106.679341,10.778466,0
            106.679333,10.77847,0
            106.679326,10.778474,0
            106.679318,10.778478,0
            106.679311,10.778482,0
            106.679303,10.778486,0
            106.679296,10.778491,0
            106.679288,10.778495,0
            106.67928,10.778499,0
            106.679273,10.778503,0
            106.679265,10.778507,0
            106.679258,10.778511,0
            106.675719,10.780411,0
            106.675711,10.780416,0
            106.675703,10.78042,0
            106.675695,10.780424,0
            106.675687,10.780429,0
            106.675679,10.780433,0
            106.675671,10.780437,0
            106.675663,10.780442,0
            106.675655,10.780446,0
            106.675647,10.78045,0
            106.675639,10.780454,0
            106.675631,10.780459,0
            106.675623,10.780463,0
            106.675615,10.780467,0
            106.675607,10.780472,0
            106.675599,10.780476,0
            106.675592,10.78048,0
            106.675584,10.780484,0
            106.675576,10.780489,0
            106.675568,10.780493,0
            106.67556,10.780497,0
            106.675554,10.7805,0
            106.675549,10.780503,0
            106.675544,10.780506,0
            106.675538,10.780509,0
            106.675533,10.780511,0
            106.675527,10.780514,0
            106.675522,10.780517,0
            106.675517,10.78052,0
            106.675511,10.780523,0
            106.675506,10.780526,0
            106.675501,10.780529,0
            106.675495,10.780531,0
            106.67549,10.780534,0
            106.675484,10.780537,0
            106.675479,10.78054,0
            106.675474,10.780543,0
            106.675468,10.780546,0
            106.675463,10.780549,0
            106.675457,10.780551,0
            106.675452,10.780554,0
            106.675447,10.780557,0
            106.675441,10.78056,0
            106.675436,10.780563,0
            106.67543,10.780566,0
            106.675425,10.780569,0
            106.67542,10.780571,0
            106.675414,10.780574,0
            106.675409,10.780577,0
            106.675403,10.78058,0
            106.675398,10.780583,0
            106.675393,10.780586,0
            106.675387,10.780588,0
            106.675382,10.780591,0
            106.675376,10.780594,0
            106.675371,10.780597,0
            106.675366,10.7806,0
            106.67536,10.780603,0
            106.675355,10.780605,0
            106.675349,10.780608,0
            106.675344,10.780611,0
            106.675339,10.780614,0
            106.675333,10.780617,0
            106.675328,10.78062,0
            106.675322,10.780622,0
            106.675317,10.780625,0
            106.675312,10.780628,0
            106.675306,10.780631,0
            106.675301,10.780634,0
            106.675293,10.780638,0
            106.675285,10.780642,0
            106.675277,10.780646,0
            106.675269,10.78065,0
            106.675261,10.780655,0
            106.675253,10.780659,0
            106.675245,10.780663,0
            106.675237,10.780667,0
            106.675229,10.780671,0
            106.675221,10.780675,0
            106.675213,10.78068,0
            106.675205,10.780684,0
            106.675197,10.780688,0
            106.675189,10.780692,0
            106.67518,10.780696,0
            106.675172,10.7807,0
            106.675164,10.780705,0
            106.675156,10.780709,0
            106.675148,10.780713,0
            106.67514,10.780717,0
            106.674929,10.780827,0
            106.674921,10.780831,0
            106.674913,10.780835,0
            106.674905,10.780839,0
            106.674896,10.780843,0
            106.674888,10.780848,0
            106.67488,10.780852,0
            106.674872,10.780856,0
            106.674864,10.78086,0
            106.674856,10.780864,0
            106.674848,10.780869,0
            106.67484,10.780873,0
            106.674831,10.780877,0
            106.674823,10.780881,0
            106.674815,10.780886,0
            106.674807,10.78089,0
            106.674799,10.780894,0
            106.674791,10.780898,0
            106.674782,10.780903,0
            106.674774,10.780907,0
            106.674766,10.780911,0
            106.674765,10.780912,0
            106.674763,10.780913,0
            106.674762,10.780913,0
            106.674761,10.780914,0
            106.674759,10.780915,0
            106.674758,10.780915,0
            106.674757,10.780916,0
            106.674755,10.780917,0
            106.674754,10.780917,0
            106.674753,10.780918,0
            106.674751,10.780919,0
            106.67475,10.780919,0
            106.674749,10.78092,0
            106.674748,10.780921,0
            106.674746,10.780921,0
            106.674745,10.780922,0
            106.674744,10.780923,0
            106.674742,10.780924,0
            106.674741,10.780924,0
            106.67474,10.780925,0
            106.674738,10.780926,0
            106.674737,10.780926,0
            106.674736,10.780927,0
            106.674734,10.780928,0
            106.674733,10.780928,0
            106.674732,10.780929,0
            106.67473,10.78093,0
            106.674729,10.78093,0
            106.674728,10.780931,0
            106.674726,10.780932,0
            106.674725,10.780932,0
            106.674724,10.780933,0
            106.674723,10.780934,0
            106.674721,10.780935,0
            106.67472,10.780935,0
            106.674719,10.780936,0
            106.674717,10.780937,0
            106.674716,10.780937,0
            106.674715,10.780938,0
            106.674713,10.780939,0
            106.674712,10.780939,0
            106.674711,10.78094,0
            106.674709,10.780941,0
            106.674708,10.780941,0
            106.674707,10.780942,0
            106.674705,10.780943,0
            106.674704,10.780943,0
            106.674703,10.780944,0
          </coordinates>
        </LineString>
      </Placemark>
      <Placemark>
        <name>Polyline_003</name>
        <description>主线车站标注</description>
        <styleUrl>#line-C0C0C0-1000</styleUrl>
        <LineString>
          <tessellate>1</tessellate>
          <coordinates>
            106.681726,10.777833,0
            106.681292,10.777042,0
          </coordinates>
        </LineString>
      </Placemark>
      <Placemark>
        <name>Polyline_003</name>
        <description>主线车站标注</description>
        <styleUrl>#line-C0C0C0-1000</styleUrl>
        <LineString>
          <tessellate>1</tessellate>
          <coordinates>
            106.681533,10.776913,0
            106.681051,10.777172,0
          </coordinates>
        </LineString>
      </Placemark>
      <Placemark>
        <name>KM8+878.509</name>
        <description>主线车站标注</description>
        <styleUrl>#icon-1899-0288D1</styleUrl>
        <Point>
          <coordinates>
            106.681347,10.777115,0
          </coordinates>
        </Point>
      </Placemark>
      <Placemark>
        <name>ST02 Tao Dan</name>
        <description>主线车站标注</description>
        <styleUrl>#icon-1899-0288D1</styleUrl>
        <Point>
          <coordinates>
            106.681545,10.776906,0
          </coordinates>
        </Point>
      </Placemark>
      <Placemark>
        <name>ST04 Hoa Hung</name>
        <description>主线车站标注</description>
        <styleUrl>#icon-1899-0288D1</styleUrl>
        <Point>
          <coordinates>
            106.681046,10.777192,0
          </coordinates>
        </Point>
      </Placemark>
      <Placemark>
        <name>L1062.611</name>
        <description>主线车站标注</description>
        <styleUrl>#icon-1899-0288D1</styleUrl>
        <Point>
          <coordinates>
            106.681297,10.777024,0
          </coordinates>
        </Point>
      </Placemark>
      <Placemark>
        <name>R1062.687</name>
        <description>主线车站标注</description>
        <styleUrl>#icon-1899-0288D1</styleUrl>
        <Point>
          <coordinates>
            106.68131,10.777048,0
          </coordinates>
        </Point>
      </Placemark>
      <Placemark>
        <name>L999.996</name>
        <description>主线车站标注</description>
        <styleUrl>#icon-1899-0288D1</styleUrl>
        <Point>
          <coordinates>
            106.681266,10.777024,0
          </coordinates>
        </Point>
      </Placemark>
      <Placemark>
        <name>R1000.027</name>
        <description>主线车站标注</description>
        <styleUrl>#icon-1899-0288D1</styleUrl>
        <Point>
          <coordinates>
            106.681301,10.777087,0
          </coordinates>
        </Point>
      </Placemark>
      <Placemark>
        <name>GA DÂN CHỦ</name>
        <description>TT3</description>
        <styleUrl>#icon-1899-0288D1</styleUrl>
        <Point>
          <coordinates>
            106.681352,10.776829,0
          </coordinates>
        </Point>
      </Placemark>
      <Placemark>
        <name>ST03 Dan Chu</name>
        <description>TT3</description>
        <styleUrl>#icon-1899-0288D1</styleUrl>
        <Point>
          <coordinates>
            106.681248,10.776963,0
          </coordinates>
        </Point>
      </Placemark>
      <Placemark>
        <name>Polygon_001</name>
        <description>_outerline-DW</description>
        <styleUrl>#line-0000FF-4000</styleUrl>
        <LineString>
          <tessellate>1</tessellate>
          <coordinates>
            106.693791,10.770676,5.28
            106.694526,10.770616,5.28
            106.694681,10.770623,5.28
            106.695993,10.770561,5.28
            106.696316,10.770519,5.28
            106.696323,10.770514,5.28
            106.696676,10.769619,5.28
            106.697546,10.770405,5.28
            106.69833,10.770373,5.28
            106.698413,10.770296,5.28
            106.698479,10.770142,5.28
            106.698539,10.770166,5.28
            106.698575,10.770088,5.28
            106.698621,10.770106,5.28
            106.698641,10.770087,5.28
            106.698682,10.770131,5.28
            106.699232,10.77035,5.28
            106.699753,10.770329,5.28
            106.699809,10.77167,5.28
            106.69946,10.771684,5.28
            106.699444,10.771715,5.28
            106.697681,10.771784,5.28
            106.69728,10.771801,5.28
            106.697173,10.771979,5.28
            106.696726,10.7718,5.28
            106.694671,10.771893,5.28
            106.694614,10.771903,5.28
            106.693881,10.771953,5.28
            106.693861,10.771673,5.28
            106.693816,10.771038,5.28
            106.693791,10.770676,5.28
          </coordinates>
        </LineString>
      </Placemark>
      <Placemark>
        <name>Polygon_001</name>
        <description>_outerline-DW</description>
        <styleUrl>#line-0000FF-4000</styleUrl>
        <LineString>
          <tessellate>1</tessellate>
          <coordinates>
            106.688589,10.773368,5.28
            106.689637,10.772802,5.28
            106.689649,10.772824,5.28
            106.690356,10.772443,5.28
            106.690445,10.772395,5.28
            106.690433,10.772373,5.28
            106.691422,10.771839,5.28
            106.691557,10.772085,5.28
            106.691883,10.772675,5.28
            106.692021,10.772925,5.28
            106.691208,10.773363,5.28
            106.691271,10.773478,5.28
            106.690271,10.774018,5.28
            106.6902,10.773889,5.28
            106.6892,10.774428,5.28
            106.689143,10.774325,5.28
            106.689123,10.774336,5.28
            106.689045,10.774195,5.28
            106.688722,10.77361,5.28
            106.688589,10.773368,5.28
          </coordinates>
        </LineString>
      </Placemark>
      <Placemark>
        <name>Polyline_005</name>
        <description>_outerline-DW</description>
        <styleUrl>#line-0000FF-4000</styleUrl>
        <LineString>
          <tessellate>1</tessellate>
          <coordinates>
            106.68151,10.777343,0
            106.682386,10.776872,0
            106.682399,10.776896,0
            106.682771,10.776696,0
            106.683204,10.777485,0
            106.681993,10.778165,0
            106.682089,10.778284,0
            106.681742,10.778589,0
            106.681522,10.778426,0
            106.680987,10.778711,0
            106.680539,10.777895,0
            106.680608,10.777858,0
            106.680595,10.777834,0
            106.680867,10.777688,0
            106.68088,10.777712,0
            106.681523,10.777366,0
          </coordinates>
        </LineString>
      </Placemark>
      <Placemark>
        <name>Polyline_005</name>
        <description>_outerline-DW</description>
        <styleUrl>#line-0000FF-1000</styleUrl>
        <LineString>
          <tessellate>1</tessellate>
          <coordinates>
            106.681523,10.777366,0
            106.68151,10.777343,0
          </coordinates>
        </LineString>
      </Placemark>
      <Placemark>
        <name>ST11-Depot</name>
        <styleUrl>#line-00FF00-4000-nodesc</styleUrl>
        <LineString>
          <tessellate>1</tessellate>
          <coordinates>
            106.630491,10.822575,0
            106.629944,10.823493,0
            106.629651,10.823721,0
            106.628714,10.824579,0
            106.628431,10.824711,0
            106.62787,10.824751,0
            106.627465,10.824681,0
            106.627071,10.824441,0
            106.625986,10.823562,0
            106.625013,10.822549,0
            106.624234,10.821644,0
            106.623311,10.820533,0
            106.622847,10.820203,0
            106.622052,10.820006,0
            106.621426,10.819953,0
            106.620598,10.820036,0
            106.620681,10.819059,0
            106.622007,10.819151,0
            106.623165,10.819295,0
            106.623909,10.819673,0
            106.624477,10.820236,0
            106.625814,10.821663,0
            106.62659,10.822562,0
            106.627347,10.823174,0
            106.627987,10.823391,0
            106.628483,10.823374,0
            106.628776,10.823038,0
            106.629341,10.822509,0
            106.629625,10.822183,0
            106.630491,10.822575,0
          </coordinates>
        </LineString>
      </Placemark>
    </Folder>
  </Document>
</kml>
