<?xml version="1.0" encoding="UTF-8"?>
<kml xmlns="http://www.opengis.net/kml/2.2">
  <Document>
    <name>HỆ THỐNG 30 TUYẾN XE BUÝT TP.HCM (TỔNG HỢP)</name>
    <description>Dữ liệu hợp nhất lộ trình và trạm dừng 30 tuyến xe buýt TP.HCM trích xuất từ EBMS</description>
    <Style id="busStopMergedStyle">
      <IconStyle>
        <scale>0.7</scale>
        <Icon>
          <href>http://maps.google.com/mapfiles/kml/shapes/bus.png</href>
        </Icon>
      </IconStyle>
    </Style>
    <Style id="style_route_1">
      <LineStyle>
        <color>e63539E5</color>
        <width>4</width>
      </LineStyle>
    </Style>
    <Style id="style_route_2">
      <LineStyle>
        <color>e6601BD8</color>
        <width>4</width>
      </LineStyle>
    </Style>
    <Style id="style_route_3">
      <LineStyle>
        <color>e6AA248E</color>
        <width>4</width>
      </LineStyle>
    </Style>
    <Style id="style_route_4">
      <LineStyle>
        <color>e6B1355E</color>
        <width>4</width>
      </LineStyle>
    </Style>
    <Style id="style_route_5">
      <LineStyle>
        <color>e6AB4939</color>
        <width>4</width>
      </LineStyle>
    </Style>
    <Style id="style_route_6">
      <LineStyle>
        <color>e6E5881E</color>
        <width>4</width>
      </LineStyle>
    </Style>
    <Style id="style_route_7">
      <LineStyle>
        <color>e6E59B03</color>
        <width>4</width>
      </LineStyle>
    </Style>
    <Style id="style_route_8">
      <LineStyle>
        <color>e6C1AC00</color>
        <width>4</width>
      </LineStyle>
    </Style>
    <Style id="style_route_9">
      <LineStyle>
        <color>e67B8900</color>
        <width>4</width>
      </LineStyle>
    </Style>
    <Style id="style_route_10">
      <LineStyle>
        <color>e647A043</color>
        <width>4</width>
      </LineStyle>
    </Style>
    <Style id="style_route_11">
      <LineStyle>
        <color>e642B37C</color>
        <width>4</width>
      </LineStyle>
    </Style>
    <Style id="style_route_12">
      <LineStyle>
        <color>e633CAC0</color>
        <width>4</width>
      </LineStyle>
    </Style>
    <Style id="style_route_13">
      <LineStyle>
        <color>e635D8FD</color>
        <width>4</width>
      </LineStyle>
    </Style>
    <Style id="style_route_14">
      <LineStyle>
        <color>e600B3FF</color>
        <width>4</width>
      </LineStyle>
    </Style>
    <Style id="style_route_15">
      <LineStyle>
        <color>e6008CFB</color>
        <width>4</width>
      </LineStyle>
    </Style>
    <Style id="style_route_16">
      <LineStyle>
        <color>e61E51F4</color>
        <width>4</width>
      </LineStyle>
    </Style>
    <Style id="style_route_17">
      <LineStyle>
        <color>e6414C6D</color>
        <width>4</width>
      </LineStyle>
    </Style>
    <Style id="style_route_18">
      <LineStyle>
        <color>e67A6E54</color>
        <width>4</width>
      </LineStyle>
    </Style>
    <Style id="style_route_19">
      <LineStyle>
        <color>e69C9078</color>
        <width>4</width>
      </LineStyle>
    </Style>
    <Style id="style_route_20">
      <LineStyle>
        <color>e6631EE9</color>
        <width>4</width>
      </LineStyle>
    </Style>
    <Style id="style_route_21">
      <LineStyle>
        <color>e6B0279C</color>
        <width>4</width>
      </LineStyle>
    </Style>
    <Style id="style_route_22">
      <LineStyle>
        <color>e6B73A67</color>
        <width>4</width>
      </LineStyle>
    </Style>
    <Style id="style_route_23">
      <LineStyle>
        <color>e6B5513F</color>
        <width>4</width>
      </LineStyle>
    </Style>
    <Style id="style_route_24">
      <LineStyle>
        <color>e6F39621</color>
        <width>4</width>
      </LineStyle>
    </Style>
    <Style id="style_route_25">
      <LineStyle>
        <color>e6D4BC00</color>
        <width>4</width>
      </LineStyle>
    </Style>
    <Style id="style_route_26">
      <LineStyle>
        <color>e6889600</color>
        <width>4</width>
      </LineStyle>
    </Style>
    <Style id="style_route_27">
      <LineStyle>
        <color>e650AF4C</color>
        <width>4</width>
      </LineStyle>
    </Style>
    <Style id="style_route_28">
      <LineStyle>
        <color>e64AC38B</color>
        <width>4</width>
      </LineStyle>
    </Style>
    <Style id="style_route_29">
      <LineStyle>
        <color>e60098FF</color>
        <width>4</width>
      </LineStyle>
    </Style>
    <Style id="style_route_30">
      <LineStyle>
        <color>e62257FF</color>
        <width>4</width>
      </LineStyle>
    </Style>
    <Folder>
      <name>TUYẾN B 04: Bến Thành - Bến xe An Sương</name>
      <Placemark>
        <name>B 04 (Lượt đi)</name>
        <description><![CDATA[&lt;b&gt;Tuyến:&lt;/b&gt; B 04 - Bến Thành - Cộng Hòa - Bến xe An Sương&lt;br/&gt;&lt;b&gt;Hành trình:&lt;/b&gt; Bến xe buýt Sài Gòn → Bến xe An Sương&lt;br/&gt;&lt;b&gt;Lượt:&lt;/b&gt; Lượt đi&lt;br/&gt;&lt;b&gt;Cự ly:&lt;/b&gt; 17.08 km (Định mức: 16 km)&lt;br/&gt;&lt;b&gt;Giờ hoạt động:&lt;/b&gt; 5:00 - 20:15&lt;br/&gt;&lt;b&gt;Thời gian chạy:&lt;/b&gt; 70 phút]]></description>
        <styleUrl>#style_route_1</styleUrl>
        <LineString>
          <tessellate>1</tessellate>
          <coordinates>106.68936157,10.76767635,0 106.68936157,10.76767635,0 106.68955994,10.76718521,0 106.69024658,10.76744652,0 106.69093323,10.76770687,0 106.69094086,10.76766968,0 106.69094086,10.76766968,0 106.69094086,10.76766968,0 106.69091797,10.76771259,0 106.69160461,10.7679863,0 106.69229889,10.76826096,0 106.69299316,10.76853752,0 106.69367981,10.76881409,0 106.6937027,10.76878834,0 106.6937027,10.76878834,0 106.69367218,10.76882458,0 106.69461823,10.76919365,0 106.6955719,10.76956272,0 106.69558716,10.76950359,0 106.69558716,10.76950359,0 106.69558716,10.76950359,0 106.69555664,10.76957321,0 106.69616699,10.76981544,0 106.6964798,10.76920891,0 106.69742584,10.77023125,0 106.69779205,10.77074242,0 106.69815063,10.77125359,0 106.69909668,10.77099037,0 106.69995117,10.77094364,0 106.70080566,10.77089596,0 106.70080566,10.77089596,0 106.70080566,10.77089596,0 106.70135498,10.77087498,0 106.70135498,10.77087498,0 106.70199585,10.77081108,0 106.70199585,10.77081108,0 106.70199585,10.77081108,0 106.70199585,10.77081108,0 106.70200348,10.77086926,0 106.70250702,10.77085304,0 106.70192719,10.77222061,0 106.70133972,10.77358818,0 106.70139313,10.77359486,0 106.70139313,10.77359486,0 106.70139313,10.77359486,0 106.70139313,10.77359486,0 106.70134735,10.77357292,0 106.70104218,10.77433205,0 106.70072174,10.77507973,0 106.70076752,10.77508831,0 106.70076752,10.77508831,0 106.70072174,10.77506924,0 106.70024872,10.77611256,0 106.69993591,10.77681923,0 106.69965363,10.77708912,0 106.69965363,10.77708912,0 106.69898224,10.77769184,0 106.69830322,10.77829456,0 106.69833374,10.77830791,0 106.69833374,10.77830791,0 106.69833374,10.77830791,0 106.69831085,10.77828884,0 106.69748688,10.77903557,0 106.69665527,10.7797823,0 106.69665527,10.7797823,0 106.69665527,10.7797823,0 106.69665527,10.7797823,0 106.69613647,10.78029728,0 106.69560242,10.78079224,0 106.69506836,10.7812748,0 106.69452667,10.7817564,0 106.69458008,10.78180408,0 106.69458008,10.78180408,0 106.69458008,10.78180408,0 106.69458008,10.78180408,0 106.69458008,10.78180408,0 106.69458008,10.78180408,0 106.69458008,10.78180408,0 106.69452667,10.7817564,0 106.69363403,10.78256035,0 106.69272614,10.78339005,0 106.69274902,10.78341866,0 106.69274902,10.78341866,0 106.69274902,10.78341866,0 106.69274902,10.78341866,0 106.69274902,10.78341866,0 106.69274902,10.78341866,0 106.69274902,10.78341866,0 106.69272614,10.78340054,0 106.69190979,10.78413868,0 106.69111633,10.78489208,0 106.69114685,10.78492355,0 106.69114685,10.78492355,0 106.69114685,10.78492355,0 106.69114685,10.78492355,0 106.6911087,10.7848978,0 106.69056702,10.78539276,0 106.69002533,10.78588772,0 106.68966675,10.78553009,0 106.68961334,10.78558254,0 106.68961334,10.78558254,0 106.68961334,10.78558254,0 106.68961334,10.78558254,0 106.68961334,10.78558254,0 106.68961334,10.78558254,0 106.68967438,10.78551388,0 106.68898773,10.78521919,0 106.68862915,10.7855196,0 106.68868256,10.78557682,0 106.68868256,10.78557682,0 106.68868256,10.78557682,0 106.68868256,10.78557682,0 106.68868256,10.78557682,0 106.68862152,10.78553009,0 106.68783569,10.78624916,0 106.68704987,10.78696823,0 106.68713379,10.78704739,0 106.68713379,10.78704739,0 106.68704987,10.78696823,0 106.68645477,10.78751945,0 106.68585968,10.78806973,0 106.68525696,10.78862095,0 106.68466187,10.78917122,0 106.68474579,10.78924465,0 106.68474579,10.78924465,0 106.68466187,10.7891655,0 106.68386841,10.78989792,0 106.68308258,10.79063606,0 106.68312836,10.79069424,0 106.68312836,10.79069424,0 106.68307495,10.79063129,0 106.6822052,10.79143143,0 106.68130493,10.79223251,0 106.68027496,10.79288101,0 106.67920685,10.79350281,0 106.67923737,10.79355526,0 106.67923737,10.79355526,0 106.67920685,10.79349709,0 106.67842102,10.79396534,0 106.67763519,10.79443264,0 106.67684937,10.79490089,0 106.67606354,10.79536819,0 106.67609406,10.79542065,0 106.67609406,10.79542065,0 106.67606354,10.79536819,0 106.67549133,10.79570675,0 106.6749115,10.7960453,0 106.67433929,10.79638386,0 106.67376709,10.79672241,0 106.67379761,10.7967701,0 106.67379761,10.7967701,0 106.67377472,10.79673862,0 106.67302704,10.79716492,0 106.67227936,10.79759216,0 106.67151642,10.79803181,0 106.67076111,10.79847145,0 106.67079163,10.79852486,0 106.67079163,10.79852486,0 106.67079163,10.79852486,0 106.67076111,10.79847145,0 106.66982269,10.79903793,0 106.66889191,10.79960442,0 106.66890717,10.79964161,0 106.66890717,10.79964161,0 106.66890717,10.79964161,0 106.66890717,10.79964161,0 106.66890717,10.79964161,0 106.66890717,10.79964161,0 106.66886902,10.79960442,0 106.6683197,10.79989719,0 106.66777039,10.80018997,0 106.66725159,10.80048466,0 106.66674805,10.80081177,0 106.66677856,10.80084801,0 106.66677856,10.80084801,0 106.66677856,10.80084801,0 106.66677856,10.80084801,0 106.66677856,10.80084801,0 106.66677856,10.80084801,0 106.66674805,10.80081177,0 106.66564941,10.80145168,0 106.66513062,10.80173874,0 106.66455078,10.8020916,0 106.66375732,10.80250263,0 106.66350555,10.80256081,0 106.66291046,10.80196285,0 106.66231537,10.8013649,0 106.66231537,10.8013649,0 106.66231537,10.8013649,0 106.66231537,10.8013649,0 106.66231537,10.8013649,0 106.66210175,10.80111217,0 106.66160583,10.80081654,0 106.66070557,10.8008585,0 106.65916443,10.80098534,0 106.65916443,10.80103779,0 106.65916443,10.80103779,0 106.65916443,10.80103779,0 106.65916443,10.80099106,0 106.65795898,10.80108833,0 106.65675354,10.80118561,0 106.65675354,10.80123806,0 106.65675354,10.80123806,0 106.65675354,10.80123806,0 106.65675354,10.80123806,0 106.65674591,10.80117989,0 106.65578461,10.80126476,0 106.65481567,10.80134869,0 106.65481567,10.80141163,0 106.65481567,10.80141163,0 106.65481567,10.80141163,0 106.65481567,10.80141163,0 106.65481567,10.80141163,0 106.65481567,10.80134869,0 106.65298462,10.80149651,0 106.65112305,10.80167007,0 106.65113068,10.80172825,0 106.65113068,10.80172825,0 106.65113068,10.80172825,0 106.65113068,10.80172825,0 106.65113068,10.80165958,0 106.65008545,10.80175495,0 106.64904022,10.80184937,0 106.647995,10.80194759,0 106.64694977,10.80204487,0 106.64694977,10.80210209,0 106.64694977,10.80210209,0 106.64694977,10.80210209,0 106.64694977,10.80210209,0 106.64694214,10.80203915,0 106.64572906,10.80213165,0 106.64451599,10.80222321,0 106.64450836,10.80227566,0 106.64450836,10.80227566,0 106.64450836,10.80227566,0 106.64450836,10.80227566,0 106.64450836,10.80227566,0 106.64451599,10.80222321,0 106.64363098,10.80229568,0 106.64273834,10.80236816,0 106.6418457,10.80244064,0 106.64095306,10.80251312,0 106.64096832,10.8025713,0 106.64096832,10.8025713,0 106.64096832,10.8025713,0 106.64096832,10.8025713,0 106.64096832,10.80249214,0 106.63981628,10.80259228,0 106.6390152,10.80281925,0 106.63853455,10.80309868,0 106.63800812,10.80362988,0 106.63800812,10.80362988,0 106.6375885,10.80430984,0 106.63712311,10.80496883,0 106.63668823,10.8056488,0 106.63615417,10.80628586,0 106.63619232,10.80631256,0 106.63619232,10.80631256,0 106.63619232,10.80631256,0 106.63619232,10.80631256,0 106.63619232,10.80631256,0 106.63614655,10.80628109,0 106.63527679,10.80707169,0 106.63488007,10.80753517,0 106.6346817,10.80786133,0 106.63454437,10.8082943,0 106.63463593,10.80831432,0 106.63463593,10.80831432,0 106.63463593,10.80831432,0 106.63453674,10.80828857,0 106.63423157,10.80925274,0 106.63395691,10.81023788,0 106.63365173,10.81122112,0 106.63334656,10.81220436,0 106.63334656,10.81220436,0 106.63334656,10.81220436,0 106.63334656,10.81220436,0 106.63284302,10.81374741,0 106.63240051,10.81526852,0 106.63193512,10.81680012,0 106.6314621,10.81833172,0 106.6314621,10.81833172,0 106.6314621,10.81833172,0 106.6314621,10.81833172,0 106.63121033,10.81916523,0 106.63095856,10.81999969,0 106.63070679,10.82083321,0 106.63045502,10.82166672,0 106.6301651,10.82242012,0 106.63025665,10.82245159,0 106.63025665,10.82245159,0 106.63025665,10.82245159,0 106.63025665,10.82245159,0 106.63014984,10.82243061,0 106.62980652,10.82309532,0 106.6292572,10.82365322,0 106.62804413,10.82470703,0 106.62689209,10.82580853,0 106.62576294,10.82689381,0 106.6258316,10.82695675,0 106.6258316,10.82695675,0 106.6258316,10.82695675,0 106.62575531,10.82691002,0 106.62539673,10.82731533,0 106.62508392,10.82772064,0 106.62480164,10.82815266,0 106.62451935,10.82858467,0 106.62459564,10.82862663,0 106.62459564,10.82862663,0 106.62448883,10.8285799,0 106.62399292,10.82936001,0 106.62349701,10.83013916,0 106.6230011,10.83090878,0 106.62250519,10.83167839,0 106.62201691,10.83244228,0 106.621521,10.83320618,0 106.62102509,10.83397007,0 106.62052917,10.83473396,0 106.6206131,10.83478069,0 106.6206131,10.83478069,0 106.62052155,10.83473873,0 106.61995697,10.83561897,0 106.61940002,10.83649921,0 106.61885071,10.83733177,0 106.61830139,10.8381691,0 106.61840057,10.83822155,0 106.61840057,10.83822155,0 106.61840057,10.83822155,0 106.6182785,10.83817387,0 106.61705017,10.84004974,0 106.61581421,10.84194183,0 106.61521912,10.842906,0 106.61458588,10.84384823,0 106.6134491,10.84576607,0 106.61351776,10.84580326,0 106.61351776,10.84580326,0 106.61351776,10.84580326,0 106.61351776,10.84580326,0 106.6134491,10.845788,0 106.6129837,10.84654331,0 106.61252594,10.84729958,0 106.61235809,10.84719372,0 106.61273193,10.84657288,0 106.61313629,10.84595203,0 106.61352539,10.84518719,0 106.61352539,10.84518719,0 106.61352539,10.84518719,0 106.61352539,10.84518719,0 106.61402893,10.84436512,0 106.61326599,10.84382725,0 106.6133728,10.8437376,0</coordinates>
        </LineString>
      </Placemark>
      <Placemark>
        <name>B 04 (Lượt về)</name>
        <description><![CDATA[&lt;b&gt;Tuyến:&lt;/b&gt; B 04 - Bến Thành - Cộng Hòa - Bến xe An Sương&lt;br/&gt;&lt;b&gt;Hành trình:&lt;/b&gt; Bến xe An Sương → Bến xe buýt Sài Gòn&lt;br/&gt;&lt;b&gt;Lượt:&lt;/b&gt; Lượt về&lt;br/&gt;&lt;b&gt;Cự ly:&lt;/b&gt; 15.82 km (Định mức: 16 km)&lt;br/&gt;&lt;b&gt;Giờ hoạt động:&lt;/b&gt; 5:00 - 20:15&lt;br/&gt;&lt;b&gt;Thời gian chạy:&lt;/b&gt; 70 phút]]></description>
        <styleUrl>#style_route_1</styleUrl>
        <LineString>
          <tessellate>1</tessellate>
          <coordinates>106.6133728,10.8437376,0 106.61417389,10.84428596,0 106.61479187,10.84338474,0 106.6150589,10.84276867,0 106.61504364,10.84253693,0 106.61534882,10.84226322,0 106.61589813,10.84139633,0 106.61644745,10.84052944,0 106.61694336,10.83974743,0 106.6174469,10.83896446,0 106.61734772,10.83889103,0 106.61734772,10.83889103,0 106.61734772,10.83889103,0 106.61734772,10.83889103,0 106.61734772,10.83889103,0 106.61745453,10.83895969,0 106.61815643,10.83784008,0 106.61886597,10.83673573,0 106.61958313,10.83564281,0 106.62030029,10.83454895,0 106.62020874,10.83449745,0 106.62020874,10.83449745,0 106.62020874,10.83449745,0 106.62030792,10.83454895,0 106.62070465,10.83392811,0 106.62110138,10.83330631,0 106.62149811,10.83268452,0 106.62189484,10.83206272,0 106.62179565,10.83201981,0 106.62179565,10.83201981,0 106.62188721,10.83207798,0 106.62238312,10.83133507,0 106.6228714,10.83059216,0 106.62335205,10.82986164,0 106.62382507,10.82913017,0 106.62419128,10.82856274,0 106.6245575,10.8279953,0 106.62483978,10.82768536,0 106.62522888,10.8272047,0 106.62561035,10.82672501,0 106.62568665,10.82650375,0 106.62591553,10.82629299,0 106.62586212,10.82623959,0 106.62586212,10.82623959,0 106.62592316,10.82630348,0 106.62645721,10.82581902,0 106.62698364,10.82533455,0 106.62751007,10.82485485,0 106.6280365,10.82437515,0 106.62857056,10.82387733,0 106.62911224,10.82337952,0 106.62963104,10.82285213,0 106.62979889,10.82259464,0 106.62992096,10.82234097,0 106.62982178,10.82231522,0 106.62982178,10.82231522,0 106.62992859,10.8223362,0 106.63018036,10.82160378,0 106.63040161,10.82086086,0 106.63062286,10.82014656,0 106.63085175,10.81943321,0 106.63061523,10.81938553,0 106.63061523,10.81938553,0 106.63085175,10.8194437,0 106.63105011,10.81881618,0 106.63124084,10.81818962,0 106.63143921,10.8175621,0 106.63162994,10.81693554,0 106.63182068,10.81631565,0 106.63200378,10.81569481,0 106.63219452,10.81507492,0 106.63237762,10.81445503,0 106.63237762,10.81445503,0 106.63259888,10.81373405,0 106.63282013,10.81301308,0 106.63304138,10.8122921,0 106.633255,10.81157112,0 106.63346863,10.81084919,0 106.63368988,10.81012726,0 106.63394165,10.80940533,0 106.63414001,10.80870533,0 106.63401794,10.80868912,0 106.63401794,10.80868912,0 106.63414001,10.8087101,0 106.63439178,10.80796719,0 106.63488007,10.80729294,0 106.63546753,10.80671883,0 106.63608551,10.80617523,0 106.63605499,10.80614376,0 106.63605499,10.80614376,0 106.63609314,10.80617523,0 106.63664246,10.80552769,0 106.63707733,10.80487919,0 106.63750458,10.80420971,0 106.63795471,10.80358887,0 106.63788605,10.80354118,0 106.63788605,10.80354118,0 106.63796997,10.80359364,0 106.63813782,10.80335617,0 106.63833618,10.80311966,0 106.63861847,10.80292988,0 106.63893127,10.8027668,0 106.63925171,10.80262947,0 106.63957214,10.80254459,0 106.63990784,10.80249786,0 106.64025116,10.80248737,0 106.64025116,10.80237103,0 106.64025116,10.80237103,0 106.64025116,10.80248165,0 106.64074707,10.80244255,0 106.64125061,10.8024025,0 106.64175415,10.8023634,0 106.64225769,10.80232334,0 106.64276123,10.80228138,0 106.64326477,10.80223942,0 106.64376831,10.80219746,0 106.64427948,10.80215549,0 106.64429474,10.80205536,0 106.64429474,10.80205536,0 106.64431,10.802145,0 106.64506531,10.8020525,0 106.64582062,10.80195999,0 106.64658356,10.80191231,0 106.6473465,10.80186558,0 106.64810944,10.80179119,0 106.64888,10.80171776,0 106.64964294,10.80167294,0 106.65041351,10.80162811,0 106.65041351,10.80154419,0 106.65041351,10.80154419,0 106.65040588,10.80162811,0 106.65120697,10.80155945,0 106.65200806,10.80149078,0 106.6528244,10.80143356,0 106.65363312,10.80137539,0 106.65364075,10.80125427,0 106.65364075,10.80125427,0 106.65363312,10.8013649,0 106.65439606,10.80129719,0 106.655159,10.80123043,0 106.65592194,10.80116272,0 106.65668488,10.80109596,0 106.65667725,10.80098534,0 106.65667725,10.80098534,0 106.65667725,10.80109596,0 106.6572113,10.80104828,0 106.65775299,10.80100155,0 106.65812683,10.80097198,0 106.65850067,10.80094337,0 106.65882111,10.80083275,0 106.65882111,10.80083275,0 106.65882111,10.80083275,0 106.65882111,10.80083275,0 106.66069031,10.80070114,0 106.66081238,10.80049515,0 106.6608429,10.80031109,0 106.66091156,10.80023193,0 106.66108704,10.8002367,0 106.66130066,10.80042648,0 106.66158295,10.80063248,0 106.66252899,10.80055809,0 106.66348267,10.80047989,0 106.66381073,10.80052662,0 106.66639709,10.80029011,0 106.66637421,10.8002367,0 106.66637421,10.8002367,0 106.66637421,10.8002367,0 106.66637421,10.8002367,0 106.66635895,10.80031586,0 106.66690063,10.80026627,0 106.66743469,10.80021572,0 106.6680069,10.79995251,0 106.66851044,10.79966259,0 106.66847229,10.79958916,0 106.66847229,10.79958916,0 106.66849518,10.79966831,0 106.66906738,10.79934025,0 106.66963196,10.79901218,0 106.67020416,10.79868412,0 106.67076874,10.79835606,0 106.67074585,10.79828167,0 106.67074585,10.79828167,0 106.670784,10.79836655,0 106.67150879,10.7979393,0 106.67223358,10.79751778,0 106.67294312,10.79709911,0 106.67365265,10.79668045,0 106.67360687,10.79659557,0 106.67360687,10.79659557,0 106.67366028,10.79666996,0 106.67423248,10.79633236,0 106.67479706,10.79599476,0 106.67536163,10.79565811,0 106.67593384,10.79532051,0 106.67589569,10.79523563,0 106.67589569,10.79523563,0 106.6791687,10.79327583,0 106.6791687,10.79327583,0 106.6791687,10.79327583,0 106.67923737,10.79336071,0 106.67974091,10.79306316,0 106.68025208,10.79276466,0 106.68076324,10.79245377,0 106.68128204,10.79214287,0 106.68173218,10.79172134,0 106.68217468,10.79129982,0 106.68265533,10.79086304,0 106.68309784,10.79046249,0 106.68302155,10.79038143,0 106.68302155,10.79038143,0 106.6831131,10.79045677,0 106.68358612,10.79001522,0 106.68406677,10.78957462,0 106.68453979,10.78913307,0 106.68502045,10.78869152,0 106.68551636,10.7882328,0 106.68600464,10.78777504,0 106.68648529,10.7873373,0 106.68695831,10.78689957,0 106.68689728,10.7868309,0 106.68689728,10.7868309,0 106.68694305,10.78685284,0 106.68774414,10.78613853,0 106.68854523,10.78542423,0 106.68847656,10.7853508,0 106.68847656,10.7853508,0 106.69098663,10.78311634,0 106.69098663,10.78311634,0 106.69315338,10.78112984,0 106.69315338,10.78112984,0 106.69451904,10.77984428,0 106.69451904,10.77984428,0 106.6946106,10.77993298,0 106.69512939,10.77945423,0 106.69564819,10.77897453,0 106.69617462,10.77849483,0 106.69669342,10.77801514,0 106.69721222,10.77753544,0 106.69773102,10.77705574,0 106.6982193,10.77659512,0 106.69871521,10.77613354,0 106.69864655,10.77605247,0 106.69864655,10.77605247,0 106.69864655,10.77605247,0 106.69872284,10.77611256,0 106.69902039,10.77581215,0 106.69924927,10.77536964,0 106.69943237,10.77490616,0 106.69962311,10.77444458,0 106.69981384,10.77398396,0 106.69972229,10.77395725,0 106.69972229,10.77395725,0 106.69972229,10.77395725,0 106.69972229,10.77395725,0 106.69972229,10.77395725,0 106.69983673,10.77399445,0 106.70011139,10.77335167,0 106.70039368,10.77270889,0 106.70065308,10.77207565,0 106.70093536,10.77142811,0 106.70085144,10.77141571,0 106.70085144,10.77141571,0 106.70085144,10.77141571,0 106.70085144,10.77141571,0 106.70085144,10.77141571,0 106.70093536,10.77142239,0 106.70111084,10.77105904,0 106.7002182,10.77110958,0 106.69932556,10.77115917,0 106.69932556,10.7712431,0 106.69932556,10.7712431,0 106.69932556,10.7712431,0 106.69932556,10.7712431,0 106.69932556,10.7712431,0 106.69932556,10.7712431,0 106.69933319,10.77116489,0 106.69906616,10.77114868,0 106.69847107,10.77140141,0 106.69786835,10.77165413,0 106.69739532,10.77147007,0 106.6969223,10.77128601,0 106.69644928,10.77109337,0 106.69597626,10.77090073,0 106.69594574,10.77096367,0 106.69594574,10.77096367,0 106.69594574,10.77096367,0 106.69594574,10.77096367,0 106.69594574,10.77096367,0 106.69594574,10.77096367,0 106.69594574,10.77096367,0 106.69599152,10.77089024,0 106.69537354,10.77063179,0 106.69475555,10.7703743,0 106.69413757,10.77011585,0 106.69351959,10.76988888,0 106.6934967,10.76995182,0 106.6934967,10.76995182,0 106.6934967,10.76995182,0 106.69046783,10.76876068,0 106.69046783,10.76876068,0 106.69046783,10.76876068,0 106.69046783,10.76876068,0 106.69049835,10.76868725,0 106.68985748,10.7684164,0 106.68921661,10.76814461,0 106.68936157,10.76767635,0 106.68936157,10.76767635,0 106.68936157,10.76767635,0</coordinates>
        </LineString>
      </Placemark>
    </Folder>
    <Folder>
      <name>TUYẾN B 13: Bến xe buýt Sài Gòn - Bến xe Củ Chi</name>
      <Placemark>
        <name>B 13 (Lượt đi)</name>
        <description><![CDATA[&lt;b&gt;Tuyến:&lt;/b&gt; B 13 - Bến xe buýt Sài Gòn - Bến xe Củ Chi&lt;br/&gt;&lt;b&gt;Hành trình:&lt;/b&gt; Bến xe buýt Sài Gòn → Bến xe Củ Chi&lt;br/&gt;&lt;b&gt;Lượt:&lt;/b&gt; Lượt đi&lt;br/&gt;&lt;b&gt;Cự ly:&lt;/b&gt; 37.4 km (Định mức: 36 km)&lt;br/&gt;&lt;b&gt;Giờ hoạt động:&lt;/b&gt; 4:00 - 19:45&lt;br/&gt;&lt;b&gt;Thời gian chạy:&lt;/b&gt; 80 phút]]></description>
        <styleUrl>#style_route_2</styleUrl>
        <LineString>
          <tessellate>1</tessellate>
          <coordinates>106.68936157,10.76767635,0 106.68936157,10.76767635,0 106.68955994,10.76718521,0 106.69024658,10.76744652,0 106.69093323,10.76770687,0 106.69094086,10.76766968,0 106.69094086,10.76766968,0 106.69094086,10.76766968,0 106.69091797,10.76771259,0 106.69160461,10.7679863,0 106.69229889,10.76826096,0 106.69299316,10.76853752,0 106.69367981,10.76881409,0 106.6937027,10.76878834,0 106.6937027,10.76878834,0 106.69367218,10.76882458,0 106.69461823,10.76919365,0 106.6955719,10.76956272,0 106.69558716,10.76950359,0 106.69558716,10.76950359,0 106.69558716,10.76950359,0 106.69558716,10.76950359,0 106.69556427,10.76956272,0 106.69617462,10.76980495,0 106.69646454,10.76909828,0 106.69702911,10.76976299,0 106.69758606,10.77042675,0 106.6984787,10.77141762,0 106.69789124,10.77165985,0 106.69654846,10.77115917,0 106.69581604,10.77119064,0 106.69582367,10.77128983,0 106.69582367,10.77128983,0 106.69582367,10.77128983,0 106.69582367,10.77128983,0 106.69582367,10.77128983,0 106.69582367,10.77128983,0 106.69582367,10.77128983,0 106.69581604,10.77120686,0 106.69464111,10.77128029,0 106.69345856,10.77135372,0 106.69321442,10.77159119,0 106.69197845,10.77227402,0 106.69075012,10.77295589,0 106.69081116,10.77304554,0 106.69081116,10.77304554,0 106.69081116,10.77304554,0 106.69081116,10.77304554,0 106.69081116,10.77304554,0 106.69081116,10.77304554,0 106.69081116,10.77304554,0 106.69081116,10.77304554,0 106.69075012,10.77296162,0 106.69028473,10.77321434,0 106.68981934,10.77346802,0 106.68935394,10.77372074,0 106.68888855,10.77397346,0 106.68894958,10.77406788,0 106.68894958,10.77406788,0 106.68894958,10.77406788,0 106.68894958,10.77406788,0 106.68894958,10.77406788,0 106.6888504,10.77396774,0 106.68775177,10.77455807,0 106.68666077,10.77514839,0 106.68553925,10.77576733,0 106.6844101,10.77638721,0 106.6844635,10.77646065,0 106.6844635,10.77646065,0 106.6844635,10.77646065,0 106.6844635,10.77646065,0 106.68442535,10.77638721,0 106.68341064,10.77692127,0 106.68240356,10.77745628,0 106.68245697,10.77752972,0 106.68245697,10.77752972,0 106.68245697,10.77752972,0 106.68245697,10.77752972,0 106.68245697,10.77752972,0 106.68245697,10.77752972,0 106.68241119,10.77746201,0 106.68191528,10.7777462,0 106.68193817,10.77789974,0 106.68190765,10.77797031,0 106.68184662,10.77803993,0 106.68177795,10.77807999,0 106.68166351,10.77810955,0 106.68153381,10.77807999,0 106.6813736,10.77798367,0 106.68045044,10.77846336,0 106.68048096,10.77851582,0 106.68048096,10.77851582,0 106.68048096,10.77851582,0 106.68048096,10.77851582,0 106.68044281,10.77846813,0 106.67941284,10.77901936,0 106.67838287,10.77956963,0 106.67734528,10.78012085,0 106.67631531,10.78067112,0 106.67634583,10.78070259,0 106.67634583,10.78070259,0 106.67634583,10.78070259,0 106.67634583,10.78070259,0 106.67630768,10.78067112,0 106.67549896,10.78110886,0 106.67469025,10.78154564,0 106.67474365,10.78162956,0 106.67474365,10.78162956,0 106.67474365,10.78162956,0 106.67474365,10.78162956,0 106.67474365,10.78162956,0 106.67474365,10.78162956,0 106.67468262,10.78154564,0 106.67369843,10.78208351,0 106.6727066,10.78262138,0 106.67172241,10.7831583,0 106.67073059,10.78369617,0 106.67075348,10.78373814,0 106.67075348,10.78373814,0 106.67075348,10.78373814,0 106.67075348,10.78373814,0 106.67075348,10.78373814,0 106.67075348,10.78373814,0 106.67073059,10.78367996,0 106.66992188,10.78411198,0 106.66994476,10.78414631,0 106.66994476,10.78414631,0 106.66994476,10.78414631,0 106.66994476,10.78414631,0 106.66994476,10.78414631,0 106.66994476,10.78414631,0 106.66994476,10.78414631,0 106.6699295,10.78410721,0 106.66915894,10.78452492,0 106.66838837,10.78494263,0 106.66764069,10.78534126,0 106.66690063,10.78574085,0 106.66693115,10.78581429,0 106.66693115,10.78581429,0 106.66693115,10.78581429,0 106.66693115,10.78581429,0 106.66693115,10.78581429,0 106.66693115,10.78581429,0 106.66693115,10.78581429,0 106.66693115,10.78581429,0 106.66690063,10.78573036,0 106.66608429,10.78616238,0 106.6652832,10.78658962,0 106.66448975,10.78701591,0 106.66368866,10.78744316,0 106.66372681,10.78748608,0 106.66372681,10.78748608,0 106.66372681,10.78748608,0 106.66372681,10.78748608,0 106.66372681,10.78748608,0 106.66372681,10.78748608,0 106.66372681,10.78748608,0 106.66370392,10.78743172,0 106.66313171,10.78773594,0 106.66255188,10.78804111,0 106.66197968,10.78834534,0 106.66140747,10.78864956,0 106.66145325,10.78869247,0 106.66145325,10.78869247,0 106.66145325,10.78869247,0 106.66145325,10.78869247,0 106.66143036,10.78864956,0 106.66053772,10.78911304,0 106.65964508,10.78957653,0 106.65969086,10.78962994,0 106.65969086,10.78962994,0 106.65969086,10.78962994,0 106.65969086,10.78962994,0 106.65966034,10.78957653,0 106.65879059,10.79003429,0 106.65792847,10.7904911,0 106.65705872,10.79094887,0 106.65618896,10.79140568,0 106.65621948,10.79144764,0 106.65621948,10.79144764,0 106.65621948,10.79144764,0 106.65621948,10.79144764,0 106.65619659,10.79139996,0 106.654953,10.79208279,0 106.65370941,10.79276466,0 106.65355682,10.79301834,0 106.65431976,10.79390335,0 106.655159,10.7947731,0 106.65519714,10.7947197,0 106.65519714,10.7947197,0 106.655159,10.79475689,0 106.65577698,10.79542637,0 106.65512085,10.7960844,0 106.65514374,10.7961216,0 106.65514374,10.7961216,0 106.65514374,10.7961216,0 106.65511322,10.79607964,0 106.65464783,10.7965498,0 106.65410614,10.79600048,0 106.65406799,10.79603195,0 106.65406799,10.79603195,0 106.65406799,10.79603195,0 106.65410614,10.79598999,0 106.65316772,10.79510975,0 106.65221405,10.79421902,0 106.65218353,10.79425621,0 106.65218353,10.79425621,0 106.65218353,10.79425621,0 106.65222931,10.79422474,0 106.65180206,10.79379272,0 106.65115356,10.79415131,0 106.65119171,10.79418182,0 106.65119171,10.79418182,0 106.65119171,10.79418182,0 106.65119171,10.79418182,0 106.65116119,10.79413986,0 106.64953613,10.79500484,0 106.64957428,10.79506779,0 106.64957428,10.79506779,0 106.64957428,10.79506779,0 106.64957428,10.79506779,0 106.64953613,10.79500484,0 106.64862061,10.79549217,0 106.64769745,10.7959795,0 106.64774323,10.79605293,0 106.64774323,10.79605293,0 106.64774323,10.79605293,0 106.64774323,10.79605293,0 106.64769745,10.79599476,0 106.64687347,10.79642963,0 106.64605713,10.79686451,0 106.64523315,10.79729939,0 106.64440918,10.79773426,0 106.64445496,10.79779243,0 106.64445496,10.79779243,0 106.64445496,10.79779243,0 106.64445496,10.79779243,0 106.64445496,10.79779243,0 106.64441681,10.79774475,0 106.64356232,10.79820442,0 106.64271545,10.79866409,0 106.64186096,10.79912376,0 106.64100647,10.79958344,0 106.64103699,10.79964161,0 106.64103699,10.79964161,0 106.64103699,10.79964161,0 106.64103699,10.79964161,0 106.64103699,10.79964161,0 106.64100647,10.79958916,0 106.64019775,10.80001545,0 106.63939667,10.8004427,0 106.63859558,10.80086899,0 106.63779449,10.80129623,0 106.63782501,10.8013649,0 106.63782501,10.8013649,0 106.63782501,10.8013649,0 106.63782501,10.8013649,0 106.63778687,10.80128002,0 106.63672638,10.8018446,0 106.63645172,10.80234146,0 106.6361084,10.80288029,0 106.63582611,10.80379581,0 106.63554382,10.80471039,0 106.63562775,10.80473232,0 106.63562775,10.80473232,0 106.63562775,10.80473232,0 106.63555145,10.80471611,0 106.6353302,10.80545139,0 106.63510895,10.80618572,0 106.63518524,10.80620193,0 106.63518524,10.80620193,0 106.63511658,10.80618095,0 106.6349411,10.80672932,0 106.63486481,10.80726147,0 106.63486481,10.80756664,0 106.63455963,10.80828857,0 106.63463593,10.80831432,0 106.63463593,10.80831432,0 106.63463593,10.80831432,0 106.63453674,10.80828857,0 106.63423157,10.80925274,0 106.63395691,10.81023788,0 106.63365173,10.81122112,0 106.63334656,10.81220436,0 106.63334656,10.81220436,0 106.63334656,10.81220436,0 106.63334656,10.81220436,0 106.63284302,10.81374741,0 106.63240051,10.81526852,0 106.63193512,10.81680012,0 106.6314621,10.81833172,0 106.6314621,10.81833172,0 106.6314621,10.81833172,0 106.6314621,10.81833172,0 106.63121033,10.81916523,0 106.63095856,10.81999969,0 106.63070679,10.82083321,0 106.63045502,10.82166672,0 106.6301651,10.82242012,0 106.63025665,10.82245159,0 106.63025665,10.82245159,0 106.63025665,10.82245159,0 106.63025665,10.82245159,0 106.63014984,10.82243061,0 106.62980652,10.82309532,0 106.6292572,10.82365322,0 106.62804413,10.82470703,0 106.62689209,10.82580853,0 106.62576294,10.82689381,0 106.6258316,10.82695675,0 106.6258316,10.82695675,0 106.6258316,10.82695675,0 106.62575531,10.82691002,0 106.62539673,10.82731533,0 106.62508392,10.82772064,0 106.62480164,10.82815266,0 106.62451935,10.82858467,0 106.62459564,10.82862663,0 106.62459564,10.82862663,0 106.62448883,10.8285799,0 106.62399292,10.82936001,0 106.62349701,10.83013916,0 106.6230011,10.83090878,0 106.62250519,10.83167839,0 106.62201691,10.83244228,0 106.621521,10.83320618,0 106.62102509,10.83397007,0 106.62052917,10.83473396,0 106.6206131,10.83478069,0 106.6206131,10.83478069,0 106.62052155,10.83473873,0 106.61995697,10.83561897,0 106.61940002,10.83649921,0 106.61885071,10.83733177,0 106.61830139,10.8381691,0 106.61840057,10.83822155,0 106.61840057,10.83822155,0 106.6182785,10.8381424,0 106.61760712,10.83916187,0 106.61693573,10.84018135,0 106.61631775,10.8411932,0 106.61569214,10.84220505,0 106.61504364,10.84322166,0 106.61440277,10.84423828,0 106.61375427,10.84524441,0 106.61312103,10.84624577,0 106.61319733,10.84629345,0 106.61319733,10.84629345,0 106.61319733,10.84629345,0 106.61314392,10.84625626,0 106.61266327,10.84702301,0 106.61217499,10.84778976,0 106.61168671,10.84855652,0 106.61119843,10.84932232,0 106.61127472,10.84936047,0 106.61127472,10.84936047,0 106.61127472,10.84936047,0 106.61127472,10.84936047,0 106.61127472,10.84936047,0 106.61127472,10.84936047,0 106.61118317,10.84931755,0 106.61030579,10.85063457,0 106.60943604,10.8519516,0 106.6085968,10.85328484,0 106.60775757,10.85461712,0 106.60786438,10.85466003,0 106.60786438,10.85466003,0 106.60786438,10.85466003,0 106.60786438,10.85466003,0 106.60786438,10.85466003,0 106.60786438,10.85466003,0 106.60786438,10.85466003,0 106.60786438,10.85466003,0 106.60778046,10.85461712,0 106.6073761,10.85523415,0 106.60696411,10.85585308,0 106.60655975,10.85647106,0 106.6061554,10.85708809,0 106.60620117,10.85711479,0 106.60620117,10.85711479,0 106.60620117,10.85711479,0 106.60620117,10.85711479,0 106.60620117,10.85711479,0 106.60620117,10.85711479,0 106.60620117,10.85711479,0 106.60620117,10.85711479,0 106.60613251,10.85708332,0 106.60565948,10.85775852,0 106.60518646,10.85843468,0 106.60471344,10.85910988,0 106.60424042,10.85978603,0 106.60430908,10.85982323,0 106.60430908,10.85982323,0 106.60430908,10.85982323,0 106.60430908,10.85982323,0 106.60430908,10.85982323,0 106.60430908,10.85982323,0 106.6042099,10.85976505,0 106.60401154,10.86004162,0 106.60381317,10.86031914,0 106.60362244,10.86059666,0 106.60342407,10.86087418,0 106.60322571,10.86115074,0 106.60302734,10.86142826,0 106.60283661,10.86170578,0 106.60263824,10.86198235,0 106.60269928,10.86201382,0 106.60269928,10.86201382,0 106.60269928,10.86201382,0 106.60269928,10.86201382,0 106.60263824,10.86197758,0 106.60218811,10.86261368,0 106.60173798,10.86324978,0 106.60128784,10.86388588,0 106.60083771,10.86452198,0 106.60092163,10.86456871,0 106.60092163,10.86456871,0 106.60092163,10.86456871,0 106.60092163,10.86456871,0 106.60083771,10.86452198,0 106.60044098,10.86508369,0 106.60004425,10.86564445,0 106.59965515,10.86619282,0 106.59926605,10.86674023,0 106.59934998,10.86678219,0 106.59934998,10.86678219,0 106.59934998,10.86678219,0 106.59934998,10.86678219,0 106.59934998,10.86678219,0 106.59934998,10.86678219,0 106.59927368,10.86674023,0 106.59898376,10.86714935,0 106.59870148,10.86755753,0 106.59841156,10.86796665,0 106.59812927,10.86837578,0 106.59783936,10.8687849,0 106.59754944,10.86919403,0 106.59726715,10.8696022,0 106.59700012,10.87001705,0 106.59707642,10.87007523,0 106.59707642,10.87007523,0 106.59707642,10.87007523,0 106.59707642,10.87007523,0 106.59707642,10.87007523,0 106.59707642,10.87007523,0 106.59707642,10.87007523,0 106.59696198,10.87000656,0 106.59673309,10.87033463,0 106.59650421,10.87066174,0 106.59627533,10.8709898,0 106.59604645,10.87131786,0 106.59614563,10.87139702,0 106.59614563,10.87139702,0 106.59614563,10.87139702,0 106.59614563,10.87139702,0 106.59614563,10.87139702,0 106.59614563,10.87139702,0 106.59603119,10.87132835,0 106.59570313,10.8717947,0 106.59536743,10.87226105,0 106.59503174,10.87272739,0 106.59470367,10.87319374,0 106.59436798,10.87366009,0 106.59403229,10.87412643,0 106.59370422,10.87459183,0 106.59337616,10.87506866,0 106.59342194,10.87509346,0 106.59342194,10.87509346,0 106.59342194,10.87509346,0 106.59342194,10.87509346,0 106.59342194,10.87509346,0 106.59342194,10.87509346,0 106.59337616,10.87506866,0 106.59317017,10.87536621,0 106.59295654,10.8756628,0 106.59275055,10.87596035,0 106.59253693,10.87625694,0 106.5923233,10.87655354,0 106.59211731,10.87685108,0 106.59190369,10.87714767,0 106.59169769,10.87744522,0 106.5917511,10.87748241,0 106.5917511,10.87748241,0 106.5917511,10.87748241,0 106.5917511,10.87748241,0 106.5917511,10.87748241,0 106.5917511,10.87748241,0 106.5917511,10.87748241,0 106.59168243,10.8774395,0 106.59102631,10.87833881,0 106.59039307,10.87924862,0 106.58974457,10.88016701,0 106.58911896,10.88107967,0 106.58917999,10.88110924,0 106.58917999,10.88110924,0 106.58917999,10.88110924,0 106.58917999,10.88110924,0 106.58917999,10.88110924,0 106.58917999,10.88110924,0 106.58917999,10.88110924,0 106.58917999,10.88110924,0 106.58911133,10.88107491,0 106.58850861,10.8819437,0 106.58789063,10.88281822,0 106.58728027,10.88369274,0 106.58666229,10.88456726,0 106.58673096,10.88461494,0 106.58673096,10.88461494,0 106.58673096,10.88461494,0 106.58673096,10.88461494,0 106.58673096,10.88461494,0 106.58673096,10.88461494,0 106.58666992,10.88458252,0 106.58596039,10.88560772,0 106.58524323,10.88663197,0 106.58454132,10.88765717,0 106.58383179,10.88868141,0 106.58387756,10.88870811,0 106.58387756,10.88870811,0 106.58387756,10.88870811,0 106.58387756,10.88870811,0 106.58387756,10.88870811,0 106.58381653,10.8886652,0 106.5830307,10.88979053,0 106.58224487,10.89091492,0 106.58146667,10.89201832,0 106.58069611,10.89312172,0 106.58074188,10.89314747,0 106.58074188,10.89314747,0 106.58074188,10.89314747,0 106.58074188,10.89314747,0 106.58074188,10.89314747,0 106.58074188,10.89314747,0 106.58069611,10.89311123,0 106.57983398,10.89436054,0 106.57897949,10.8956089,0 106.57902527,10.89566135,0 106.57902527,10.89566135,0 106.57902527,10.89566135,0 106.57902527,10.89566135,0 106.57902527,10.89566135,0 106.57902527,10.89566135,0 106.57894897,10.89560318,0 106.57824707,10.89662647,0 106.57753754,10.89764977,0 106.576828,10.89866734,0 106.57611847,10.89968586,0 106.57619476,10.89973259,0 106.57619476,10.89973259,0 106.57619476,10.89973259,0 106.57619476,10.89973259,0 106.57619476,10.89973259,0 106.57619476,10.89973259,0 106.57611847,10.89968014,0 106.57540894,10.9006815,0 106.57470703,10.9016819,0 106.57398987,10.90268517,0 106.57327271,10.90368938,0 106.57337189,10.90375233,0 106.57337189,10.90375233,0 106.57337189,10.90375233,0 106.57337189,10.90375233,0 106.57337189,10.90375233,0 106.57337189,10.90375233,0 106.57328796,10.90369987,0 106.57264709,10.9046526,0 106.57194519,10.90561676,0 106.57206726,10.90569115,0 106.57206726,10.90569115,0 106.57206726,10.90569115,0 106.57206726,10.90569115,0 106.57206726,10.90569115,0 106.57206726,10.90569115,0 106.57206726,10.90569115,0 106.57192993,10.90560627,0 106.57087708,10.90711308,0 106.56982422,10.90861988,0 106.56877136,10.91011238,0 106.56771851,10.91160583,0 106.56781006,10.91166401,0 106.56781006,10.91166401,0 106.56781006,10.91166401,0 106.56781006,10.91166401,0 106.56781006,10.91166401,0 106.56781006,10.91166401,0 106.56781006,10.91166401,0 106.56776428,10.91162682,0 106.56682587,10.91293049,0 106.56588745,10.91423321,0 106.56497192,10.91554832,0 106.5640564,10.91687393,0 106.56410217,10.91690063,0 106.56410217,10.91690063,0 106.56410217,10.91690063,0 106.56410217,10.91690063,0 106.56410217,10.91690063,0 106.56410217,10.91690063,0 106.56410217,10.91690063,0 106.56410217,10.91690063,0 106.56410217,10.91690063,0 106.56403351,10.91686249,0 106.56349945,10.91765785,0 106.56297302,10.91844845,0 106.56255341,10.91899586,0 106.56186676,10.92006016,0 106.56109619,10.9211607,0 106.56126404,10.92126083,0 106.56126404,10.92126083,0 106.56126404,10.92126083,0 106.56126404,10.92126083,0 106.56126404,10.92126083,0 106.56126404,10.92126083,0 106.56126404,10.92126083,0 106.56126404,10.92126083,0 106.56105804,10.92114544,0 106.56005859,10.92258358,0 106.55905914,10.92402077,0 106.55805969,10.92544842,0 106.55704498,10.92689705,0 106.55711365,10.92692947,0 106.55711365,10.92692947,0 106.55711365,10.92692947,0 106.55711365,10.92692947,0 106.55711365,10.92692947,0 106.55711365,10.92692947,0 106.55705261,10.92688084,0 106.55615234,10.92815876,0 106.5552597,10.92943573,0 106.55445099,10.9303627,0 106.55363464,10.9312849,0 106.55371094,10.93134308,0 106.55371094,10.93134308,0 106.55371094,10.93134308,0 106.55371094,10.93134308,0 106.55371094,10.93134308,0 106.55371094,10.93134308,0 106.55361938,10.93127918,0 106.552742,10.93222713,0 106.55187225,10.93317509,0 106.55092621,10.9340601,0 106.54948425,10.93492413,0 106.54955292,10.93498325,0 106.54955292,10.93498325,0 106.54955292,10.93498325,0 106.54955292,10.93498325,0 106.54955292,10.93498325,0 106.5495224,10.9349184,0 106.54794312,10.93565845,0 106.54640198,10.93640423,0 106.5448761,10.93715191,0 106.54336548,10.93789482,0 106.54342651,10.93797874,0 106.54342651,10.93797874,0 106.54342651,10.93797874,0 106.54342651,10.93797874,0 106.54342651,10.93797874,0 106.54338074,10.93788433,0 106.5418396,10.93863201,0 106.54029846,10.93937969,0 106.54033661,10.9394331,0 106.54033661,10.9394331,0 106.54033661,10.9394331,0 106.54033661,10.9394331,0 106.54033661,10.9394331,0 106.54033661,10.9394331,0 106.54030609,10.93936443,0 106.53904724,10.93997002,0 106.53778839,10.9405756,0 106.53653717,10.9411869,0 106.53528595,10.94179726,0 106.5353241,10.94184971,0 106.5353241,10.94184971,0 106.5353241,10.94184971,0 106.5353241,10.94184971,0 106.5353241,10.94184971,0 106.5353241,10.94184971,0 106.53527832,10.941782,0 106.53377533,10.94250584,0 106.53226471,10.94323063,0 106.53074646,10.94396496,0 106.52922821,10.94469929,0 106.52926636,10.94476795,0 106.52926636,10.94476795,0 106.52926636,10.94476795,0 106.52926636,10.94476795,0 106.52924347,10.94469929,0 106.52804565,10.94527626,0 106.52685547,10.94585323,0 106.52563477,10.9464426,0 106.52457428,10.94705391,0 106.52463531,10.94713306,0 106.52463531,10.94713306,0 106.52463531,10.94713306,0 106.52463531,10.94713306,0 106.52455902,10.94704342,0 106.52349091,10.94777012,0 106.52242279,10.94849682,0 106.52135468,10.94922352,0 106.52028656,10.94995022,0 106.52037048,10.95003033,0 106.52037048,10.95003033,0 106.52037048,10.95003033,0 106.52037048,10.95003033,0 106.52037048,10.95003033,0 106.52030182,10.94994545,0 106.51927948,10.95064545,0 106.51825714,10.9513464,0 106.51721191,10.95204926,0 106.51617432,10.95275211,0 106.51622772,10.95282078,0 106.51622772,10.95282078,0 106.51622772,10.95282078,0 106.51618195,10.95275211,0 106.51529694,10.95336819,0 106.51441193,10.95398521,0 106.51353455,10.95457745,0 106.51265717,10.95516968,0 106.51271057,10.95523071,0 106.51271057,10.95523071,0 106.51267242,10.95516968,0 106.51125336,10.95612812,0 106.51055908,10.9566021,0 106.50980377,10.95700264,0 106.50983429,10.95705032,0 106.50983429,10.95705032,0 106.50983429,10.95705032,0 106.50980377,10.95697594,0 106.50858307,10.95760345,0 106.50736237,10.95823002,0 106.50614929,10.95885944,0 106.50493622,10.95948887,0 106.50495911,10.95954609,0 106.50495911,10.95954609,0 106.50495911,10.95954609,0 106.50492859,10.95948887,0 106.50323486,10.96035767,0 106.50239563,10.96077919,0 106.50157928,10.96125793,0 106.50161743,10.96131706,0 106.50161743,10.96131706,0 106.50156403,10.96124744,0 106.50058746,10.96180534,0 106.4996109,10.9623642,0 106.49865723,10.96291924,0 106.49769592,10.96347523,0 106.49774933,10.96354961,0 106.49774933,10.96354961,0 106.49771118,10.96345425,0 106.49659729,10.96408367,0 106.49549103,10.9647131,0 106.49427032,10.96522617,0 106.49304962,10.9657402,0 106.49308014,10.96580029,0 106.49308014,10.96580029,0 106.49306488,10.96571922,0 106.49185944,10.96618748,0 106.49064636,10.96665573,0 106.48947144,10.96710682,0 106.48828125,10.96755695,0 106.4883194,10.96765041,0 106.4883194,10.96765041,0 106.4883194,10.96765041,0 106.4883194,10.96765041,0 106.48828888,10.96757793,0 106.4877243,10.96774101,0 106.48649596999999,10.9681778,0 106.48506927,10.96894169,0 106.48329926,10.9701004,0 106.48253632,10.97063732,0 106.48181152,10.97132778,0 106.48210144,10.97161674,0 106.48210144,10.97161674,0 106.48210144,10.97161674,0</coordinates>
        </LineString>
      </Placemark>
      <Placemark>
        <name>B 13 (Lượt về)</name>
        <description><![CDATA[&lt;b&gt;Tuyến:&lt;/b&gt; B 13 - Bến xe buýt Sài Gòn - Bến xe Củ Chi&lt;br/&gt;&lt;b&gt;Hành trình:&lt;/b&gt; Bến xe Củ Chi → Bến xe buýt Sài Gòn&lt;br/&gt;&lt;b&gt;Lượt:&lt;/b&gt; Lượt về&lt;br/&gt;&lt;b&gt;Cự ly:&lt;/b&gt; 36.11 km (Định mức: 36 km)&lt;br/&gt;&lt;b&gt;Giờ hoạt động:&lt;/b&gt; 4:00 - 19:45&lt;br/&gt;&lt;b&gt;Thời gian chạy:&lt;/b&gt; 80 phút]]></description>
        <styleUrl>#style_route_2</styleUrl>
        <LineString>
          <tessellate>1</tessellate>
          <coordinates>106.48210144,10.97161674,0 106.48184967,10.97177029,0 106.48249054,10.97272015,0 106.48313904,10.97367096,0 106.48303223,10.97374439,0 106.48264313,10.97315407,0 106.4822464,10.97256279,0 106.4818573,10.97197151,0 106.4814682,10.97138023,0 106.48197174,10.97094345,0 106.48248291,10.97053242,0 106.48245239,10.97049522,0 106.48245239,10.97049522,0 106.48245239,10.97049522,0 106.48249817,10.97053719,0 106.48327637,10.96998978,0 106.48408508,10.96944714,0 106.48487091,10.96893692,0 106.485672,10.96852016,0 106.48648834,10.96812534,0 106.48731995,10.96777248,0 106.48819733,10.96745682,0 106.48906708,10.96714115,0 106.48902893,10.96704102,0 106.48902893,10.96704102,0 106.48902893,10.96704102,0 106.48904419,10.96714115,0 106.4910202,10.96638012,0 106.49299622,10.96561909,0 106.49299622,10.96552372,0 106.49299622,10.96552372,0 106.49299622,10.96552372,0 106.49299622,10.96552372,0 106.4930191,10.96562386,0 106.49427032,10.96511078,0 106.49552155,10.96459675,0 106.49645233,10.96407318,0 106.49738312,10.96354866,0 106.4973526,10.96344852,0 106.4973526,10.96344852,0 106.4973526,10.96344852,0 106.4973526,10.96344852,0 106.4973526,10.96344852,0 106.49740601,10.96351242,0 106.49884033,10.96267986,0 106.50028229,10.96184826,0 106.50184631,10.96096325,0 106.50314331,10.960289,0 106.50315857,10.96020031,0 106.50315857,10.96020031,0 106.50315857,10.96020031,0 106.50315857,10.96020031,0 106.50318909,10.96027851,0 106.50505066,10.95932007,0 106.50502777,10.95920372,0 106.50502777,10.95920372,0 106.50502777,10.95920372,0 106.50502777,10.95920372,0 106.50502777,10.95920372,0 106.50508881,10.95929909,0 106.50624084,10.95870495,0 106.50740051,10.95811176,0 106.50856018,10.95751762,0 106.50971222,10.95692348,0 106.50969696,10.95681763,0 106.50969696,10.95681763,0 106.50969696,10.95681763,0 106.50969696,10.95681763,0 106.50973511,10.95688629,0 106.51079559,10.95627594,0 106.51177216,10.9556179,0 106.51274109,10.95494843,0 106.51370239,10.95428467,0 106.51365662,10.95420074,0 106.51365662,10.95420074,0 106.51370239,10.95429039,0 106.51456451,10.95367908,0 106.51543427,10.95306778,0 106.51543427,10.95306778,0 106.51543427,10.95306778,0 106.51543427,10.95306778,0 106.51550293,10.95312119,0 106.51726532,10.95192051,0 106.51902008,10.95071983,0 106.5189743,10.95065117,0 106.5189743,10.95065117,0 106.5189743,10.95065117,0 106.5189743,10.95065117,0 106.5189743,10.95065117,0 106.5189743,10.95065117,0 106.5190506,10.95071411,0 106.52100372,10.9493742,0 106.52296448,10.94803333,0 106.52292633,10.94795418,0 106.52292633,10.94795418,0 106.52292633,10.94795418,0 106.52292633,10.94795418,0 106.52292633,10.94795418,0 106.52292633,10.94795418,0 106.52297974,10.94800663,0 106.52497101,10.94672203,0 106.52789307,10.94526863,0 106.53082275,10.94381428,0 106.53077698,10.9436779,0 106.53077698,10.9436779,0 106.53077698,10.9436779,0 106.53077698,10.9436779,0 106.53077698,10.9436779,0 106.53077698,10.9436779,0 106.53084564,10.94380379,0 106.53224945,10.94314194,0 106.53362274,10.94248962,0 106.5349884,10.94183826,0 106.53636169,10.9411869,0 106.53634644,10.94108295,0 106.53634644,10.94108295,0 106.53642273,10.9411602,0 106.53833008,10.94022274,0 106.54024506,10.93928528,0 106.54022217,10.93918037,0 106.54022217,10.93918037,0 106.54022217,10.93918037,0 106.54026794,10.93928528,0 106.54361725,10.93766308,0 106.54360199,10.93755817,0 106.54360199,10.93755817,0 106.54360199,10.93755817,0 106.54360199,10.93755817,0 106.54360199,10.93755817,0 106.54364777,10.93766308,0 106.54673767,10.93616486,0 106.54982758,10.93466568,0 106.54979706,10.93453979,0 106.54979706,10.93453979,0 106.54979706,10.93453979,0 106.54979706,10.93453979,0 106.54979706,10.93453979,0 106.54986572,10.93463993,0 106.5510788,10.93387032,0 106.55173492,10.93326473,0 106.55289459,10.9319849,0 106.55281067,10.93191719,0 106.55281067,10.93191719,0 106.55281067,10.93191719,0 106.55288696,10.93196964,0 106.55345917,10.9313612,0 106.554039,10.93075275,0 106.55460358,10.93009949,0 106.55511475,10.92945194,0 106.55501556,10.92939854,0 106.55501556,10.92939854,0 106.55509186,10.92944145,0 106.5556488,10.92869854,0 106.55619049,10.92792988,0 106.55673218,10.92716599,0 106.55725861,10.92642784,0 106.55719757,10.92638111,0 106.55719757,10.92638111,0 106.55719757,10.92638111,0 106.55719757,10.92638111,0 106.55727386,10.92641258,0 106.55780029,10.92565918,0 106.55831909,10.92490578,0 106.55886078,10.92412949,0 106.55940247,10.92335224,0 106.5593338,10.92331696,0 106.5593338,10.92331696,0 106.5593338,10.92331696,0 106.5593338,10.92331696,0 106.5593338,10.92331696,0 106.5593338,10.92331696,0 106.5593338,10.92331696,0 106.55993652,10.92246437,0 106.56053925,10.92161179,0 106.5611496,10.92076015,0 106.56175232,10.91990757,0 106.56238556,10.91901302,0 106.5630188,10.91811943,0 106.56367493,10.91722679,0 106.56428528,10.91633129,0 106.56420898,10.91626167,0 106.56420898,10.91626167,0 106.56420898,10.91626167,0 106.56420898,10.91626167,0 106.56420898,10.91626167,0 106.56420898,10.91626167,0 106.56434631,10.91629982,0 106.56767273,10.91154861,0 106.56757355,10.91148472,0 106.56757355,10.91148472,0 106.56757355,10.91148472,0 106.56757355,10.91148472,0 106.56757355,10.91148472,0 106.56764221,10.91152191,0 106.56858826,10.91016769,0 106.56952667,10.90881443,0 106.57047272,10.90746021,0 106.57141876,10.90610695,0 106.57136536,10.90607166,0 106.57136536,10.90607166,0 106.57136536,10.90607166,0 106.57136536,10.90607166,0 106.57136536,10.90607166,0 106.57136536,10.90607166,0 106.5714035,10.90611172,0 106.57254028,10.90450001,0 106.57366943,10.9028883,0 106.57479858,10.90127373,0 106.57592773,10.89965916,0 106.57588959,10.89963818,0 106.57588959,10.89963818,0 106.57588959,10.89963818,0 106.57588959,10.89963818,0 106.57588959,10.89963818,0 106.57588959,10.89963818,0 106.57593536,10.89965916,0 106.57656097,10.89877319,0 106.57717896,10.89788723,0 106.57780457,10.89700031,0 106.57842255,10.89611435,0 106.57836151,10.89608288,0 106.57836151,10.89608288,0 106.57836151,10.89608288,0 106.57836151,10.89608288,0 106.57836151,10.89608288,0 106.57836151,10.89608288,0 106.57840729,10.89611435,0 106.57907104,10.89516163,0 106.5797348,10.89420986,0 106.58039093,10.89325809,0 106.58105469,10.89230537,0 106.58100128,10.89227867,0 106.58100128,10.89227867,0 106.58100128,10.89227867,0 106.58100128,10.89227867,0 106.58106995,10.89232635,0 106.58254242,10.89026165,0 106.58397675,10.88818645,0 106.58390808,10.88813877,0 106.58390808,10.88813877,0 106.58390808,10.88813877,0 106.58402252,10.8882122,0 106.58737946,10.88333416,0 106.58726501,10.88330841,0 106.58726501,10.88330841,0 106.58726501,10.88330841,0 106.58726501,10.88330841,0 106.58735657,10.88334465,0 106.58940125,10.88040543,0 106.58927155,10.88033676,0 106.58927155,10.88033676,0 106.58927155,10.88033676,0 106.58927155,10.88033676,0 106.58927155,10.88033676,0 106.58940125,10.88041115,0 106.59178925,10.87706566,0 106.59168243,10.87702274,0 106.59168243,10.87702274,0 106.59168243,10.87702274,0 106.59168243,10.87702274,0 106.59168243,10.87702274,0 106.59168243,10.87702274,0 106.59168243,10.87702274,0 106.59177399,10.87708092,0 106.59213257,10.87657452,0 106.59248352,10.87606716,0 106.59283447,10.87556076,0 106.59319305,10.87505341,0 106.59307861,10.87496853,0 106.59307861,10.87496853,0 106.59307861,10.87496853,0 106.59307861,10.87496853,0 106.59307861,10.87496853,0 106.59307861,10.87496853,0 106.59307861,10.87496853,0 106.59321594,10.87504768,0 106.59358978,10.87453556,0 106.59395599,10.87402344,0 106.59432983,10.87351036,0 106.59469604,10.87299824,0 106.59466553,10.87294674,0 106.59466553,10.87294674,0 106.59466553,10.87294674,0 106.59466553,10.87294674,0 106.59466553,10.87294674,0 106.59466553,10.87294674,0 106.59476471,10.87299824,0 106.59527588,10.87225533,0 106.59578705,10.87151337,0 106.59629822,10.87077045,0 106.59680939,10.87002754,0 106.59675598,10.86995411,0 106.59675598,10.86995411,0 106.59675598,10.86995411,0 106.59675598,10.86995411,0 106.59675598,10.86995411,0 106.59675598,10.86995411,0 106.59675598,10.86995411,0 106.59735107,10.8692131,0 106.59788513,10.86845779,0 106.59841919,10.86770153,0 106.59890747,10.86691856,0 106.59890747,10.86691856,0 106.59890747,10.86691856,0 106.59890747,10.86691856,0 106.59890747,10.86691856,0 106.59890747,10.86691856,0 106.59890747,10.86691856,0 106.59890747,10.86691856,0 106.59973907,10.86587048,0 106.60050964,10.86478519,0 106.60128021,10.86367893,0 106.60205078,10.86257267,0 106.60197449,10.86254597,0 106.60197449,10.86254597,0 106.60197449,10.86254597,0 106.60197449,10.86254597,0 106.60197449,10.86254597,0 106.60197449,10.86254597,0 106.60197449,10.86254597,0 106.60205841,10.86258888,0 106.60270691,10.861619,0 106.60340118,10.86066532,0 106.60332489,10.86060238,0 106.60332489,10.86060238,0 106.60332489,10.86060238,0 106.60332489,10.86060238,0 106.60332489,10.86060238,0 106.60340118,10.86065006,0 106.60375977,10.86015224,0 106.60412598,10.85965443,0 106.60448456,10.85915852,0 106.60485077,10.85866356,0 106.60520935,10.85817146,0 106.60557556,10.85767841,0 106.60590363,10.85718346,0 106.60623932,10.8566885,0 106.60617828,10.85661983,0 106.60617828,10.85661983,0 106.60617828,10.85661983,0 106.60617828,10.85661983,0 106.60617828,10.85661983,0 106.60617828,10.85661983,0 106.60626221,10.85666656,0 106.60676575,10.85591221,0 106.60726166,10.85516262,0 106.60774994,10.85441399,0 106.60823822,10.85364246,0 106.6081543,10.85359478,0 106.6081543,10.85359478,0 106.6081543,10.85359478,0 106.6081543,10.85359478,0 106.6081543,10.85359478,0 106.6081543,10.85359478,0 106.6081543,10.85359478,0 106.60823059,10.8536272,0 106.60881805,10.85268116,0 106.60940552,10.85173607,0 106.61006165,10.8507452,0 106.61070251,10.84973907,0 106.61064148,10.84971333,0 106.61064148,10.84971333,0 106.61064148,10.84971333,0 106.61064148,10.84971333,0 106.61064148,10.84971333,0 106.61064148,10.84971333,0 106.61070251,10.84973907,0 106.61142731,10.84860897,0 106.6121521,10.84747887,0 106.61287689,10.84635639,0 106.6135788,10.84521294,0 106.61352539,10.84518719,0 106.61352539,10.84518719,0 106.61352539,10.84518719,0 106.61352539,10.84518719,0 106.61352539,10.84518719,0 106.61352539,10.84518719,0 106.6135788,10.84520817,0 106.61483765,10.8433218,0 106.6151123,10.84258461,0 106.61537933,10.84222031,0 106.61643982,10.84055614,0 106.61655426,10.84026623,0 106.61742401,10.83894348,0 106.61734772,10.83889103,0 106.61734772,10.83889103,0 106.61734772,10.83889103,0 106.61734772,10.83889103,0 106.61746216,10.83895397,0 106.61816406,10.83785248,0 106.6188736,10.83675194,0 106.61959076,10.83565044,0 106.62030792,10.83454895,0 106.62020874,10.83449745,0 106.62020874,10.83449745,0 106.62030029,10.83453846,0 106.62109375,10.83330059,0 106.62188721,10.83206749,0 106.62179565,10.83201981,0 106.62179565,10.83201981,0 106.62179565,10.83201981,0 106.62188721,10.83207321,0 106.62268829,10.83086681,0 106.62348175,10.82966518,0 106.62510681,10.82725239,0 106.62549591,10.82677746,0 106.62594604,10.8263092,0 106.62586212,10.82623959,0 106.62586212,10.82623959,0 106.62586212,10.82623959,0 106.62586212,10.82623959,0 106.62593842,10.8263092,0 106.62645721,10.82582378,0 106.62697601,10.82535553,0 106.62749481,10.8248806,0 106.62801361,10.82440662,0 106.62871552,10.82374573,0 106.62941742,10.82308388,0 106.62971497,10.82274723,0 106.62992096,10.82235718,0 106.62982178,10.82231522,0 106.62982178,10.82231522,0 106.62982178,10.82231522,0 106.62982178,10.82231522,0 106.62982178,10.82231522,0 106.62991333,10.82234097,0 106.63014984,10.82170868,0 106.63034821,10.82108212,0 106.63059235,10.82026005,0 106.63083649,10.8194437,0 106.63061523,10.81938553,0 106.63061523,10.81938553,0 106.63061523,10.81938553,0 106.63061523,10.81938553,0 106.63083649,10.8194437,0 106.63103485,10.81881905,0 106.63123322,10.81819439,0 106.63143158,10.81757069,0 106.63162994,10.81694603,0 106.63181305,10.81632328,0 106.63200378,10.81570053,0 106.63218689,10.81507778,0 106.63237762,10.81445503,0 106.63237762,10.81445503,0 106.63237762,10.81445503,0 106.63259888,10.81373405,0 106.63282013,10.81301308,0 106.63304138,10.8122921,0 106.633255,10.81157112,0 106.63346863,10.81084919,0 106.63368988,10.81012726,0 106.63394165,10.80940533,0 106.63414001,10.8087101,0 106.63401794,10.80868912,0 106.63401794,10.80868912,0 106.63401794,10.80868912,0 106.63414001,10.80871582,0 106.63453674,10.80748463,0 106.63493346999999,10.80625439,0 106.63477325,10.80621243,0 106.63477325,10.80621243,0 106.63495636,10.80626011,0 106.63519287,10.80554581,0 106.63542938,10.8048315,0 106.63526917,10.80480003,0 106.63526917,10.80480003,0 106.63526917,10.80480003,0 106.63526917,10.80480003,0 106.63540649,10.80484295,0 106.63565826,10.80397797,0 106.63605499,10.80287743,0 106.63665009,10.8018074,0 106.6375351,10.80132294,0 106.63751984,10.80127525,0 106.63751984,10.80127525,0 106.63751984,10.80127525,0 106.63751984,10.80127525,0 106.63751984,10.80127525,0 106.63762665,10.80129623,0 106.63925171,10.80043316,0 106.64086914,10.79957008,0 106.6415863,10.79918957,0 106.64155579,10.79911518,0 106.64155579,10.79911518,0 106.64157104,10.79916191,0 106.64429474,10.79771805,0 106.64426422,10.7976656,0 106.64426422,10.7976656,0 106.64426422,10.7976656,0 106.64430237,10.79772377,0 106.64528656,10.79719925,0 106.64626312,10.79667473,0 106.64621735,10.79660606,0 106.64621735,10.79660606,0 106.64621735,10.79660606,0 106.64621735,10.79660606,0 106.64621735,10.79660606,0 106.64624786,10.79669094,0 106.64778137,10.79586887,0 106.64931488,10.79504681,0 106.64926147,10.79497814,0 106.64926147,10.79497814,0 106.64926147,10.79497814,0 106.64926147,10.79497814,0 106.64926147,10.79497814,0 106.64932251,10.79504681,0 106.65037537,10.79448318,0 106.65142059,10.79391861,0 106.65136719,10.79385567,0 106.65136719,10.79385567,0 106.65136719,10.79385567,0 106.65136719,10.79385567,0 106.65136719,10.79385567,0 106.65136719,10.79385567,0 106.65143585,10.79390335,0 106.65278625,10.79318428,0 106.65413666,10.79246426,0 106.65412903,10.79239082,0 106.65412903,10.79239082,0 106.65412903,10.79239082,0 106.65412903,10.79239082,0 106.65412903,10.79239082,0 106.65419006,10.79243279,0 106.65589142,10.79154205,0 106.65588379,10.7914629,0 106.65588379,10.7914629,0 106.65588379,10.7914629,0 106.65588379,10.7914629,0 106.65588379,10.7914629,0 106.65593719,10.7915163,0 106.65720367,10.7908392,0 106.65847778,10.79016209,0 106.65846252,10.7901144,0 106.65846252,10.7901144,0 106.65846252,10.7901144,0 106.65846252,10.7901144,0 106.65849304,10.79016209,0 106.65955353,10.78959274,0 106.66062164,10.7890234,0 106.66170502,10.78845692,0 106.66278839,10.78789043,0 106.66274261,10.78785038,0 106.66274261,10.78785038,0 106.66277313,10.78788567,0 106.66425323,10.78708935,0 106.6657486,10.78629875,0 106.6672287,10.78550911,0 106.66871643,10.78471851,0 106.66868591,10.78467083,0 106.66868591,10.78467083,0 106.66868591,10.78467083,0 106.66874695,10.78472328,0 106.66973877,10.78419209,0 106.67073059,10.78366184,0 106.67173004,10.78313065,0 106.67272186,10.78259945,0 106.67269897,10.7825346,0 106.67269897,10.7825346,0 106.67269897,10.7825346,0 106.67269897,10.7825346,0 106.67269897,10.7825346,0 106.67269897,10.7825346,0 106.67273712,10.7825737,0 106.67389679,10.7819519,0 106.67505646,10.78133011,0 106.67506409,10.78124046,0 106.67506409,10.78124046,0 106.67506409,10.78124046,0 106.67506409,10.78124046,0 106.67510223,10.78128242,0 106.67584229,10.78090286,0 106.67657471,10.7805233,0 106.67657471,10.78043461,0 106.67657471,10.78043461,0 106.67657471,10.78043461,0 106.67657471,10.78043461,0 106.67657471,10.78043461,0 106.67657471,10.78043461,0 106.67657471,10.78043461,0 106.67660522,10.78049755,0 106.67762756,10.77995014,0 106.67865753,10.77940178,0 106.6796875,10.77885342,0 106.68070984,10.77830505,0 106.68070221,10.77820492,0 106.68070221,10.77820492,0 106.68070221,10.77820492,0 106.68070221,10.77820492,0 106.68074036,10.77826786,0 106.68136597,10.7779417,0 106.68145752,10.77763557,0 106.68171692,10.77750969,0 106.68197632,10.77767754,0 106.68251801,10.77733517,0 106.68245697,10.77721882,0 106.68245697,10.77721882,0 106.68253326,10.77734089,0 106.68439484,10.77630234,0 106.68434143,10.7762022,0 106.68434143,10.7762022,0 106.68439484,10.77629185,0 106.68595886,10.77545929,0 106.68682098,10.77501011,0 106.68724823,10.77476883,0 106.68720245,10.77468967,0 106.68720245,10.77468967,0 106.68720245,10.77468967,0 106.68727112,10.77478027,0 106.68940735,10.77361012,0 106.69154358,10.77243996,0 106.6914978,10.77234459,0 106.6914978,10.77234459,0 106.6914978,10.77234459,0 106.6914978,10.77234459,0 106.6914978,10.77234459,0 106.69155121,10.77240276,0 106.69308472,10.77153301,0 106.69309998,10.7712326,0 106.69341278,10.77122784,0 106.69364166,10.77087975,0 106.69358826,10.770854,0 106.69358826,10.770854,0 106.69358826,10.770854,0 106.69358826,10.770854,0 106.69358826,10.770854,0 106.69364166,10.77086926,0 106.69400787,10.77025795,0 106.69387817,10.77001572,0 106.69352721999999,10.76988411,0 106.6934967,10.76995182,0 106.6934967,10.76995182,0 106.6934967,10.76995182,0 106.6934967,10.76995182,0 106.69351959,10.76988411,0 106.69276428,10.7695837,0 106.69200897,10.76928329,0 106.69125366,10.76898479,0 106.69049835,10.76868725,0 106.69046783,10.76876068,0 106.69046783,10.76876068,0 106.69046783,10.76876068,0 106.69046783,10.76876068,0 106.69046783,10.76876068,0 106.69046783,10.76876068,0 106.69049835,10.76868725,0 106.68985748,10.7684164,0 106.68921661,10.76814461,0 106.68936157,10.76767635,0 106.68936157,10.76767635,0 106.68936157,10.76767635,0</coordinates>
        </LineString>
      </Placemark>
    </Folder>
    <Folder>
      <name>TUYẾN B 23: Bến xe buýt Chợ Lớn - Cầu Lớn</name>
      <Placemark>
        <name>B 23 (Lượt đi)</name>
        <description><![CDATA[&lt;b&gt;Tuyến:&lt;/b&gt; B 23 - Bến xe buýt Chợ Lớn - Ngã ba Giồng - Cầu Lớn&lt;br/&gt;&lt;b&gt;Hành trình:&lt;/b&gt; Bến xe buýt Chợ Lớn - B → Bến xe buýt Cầu Lớn&lt;br/&gt;&lt;b&gt;Lượt:&lt;/b&gt; Lượt đi&lt;br/&gt;&lt;b&gt;Cự ly:&lt;/b&gt; 23.15 km (Định mức: 23 km)&lt;br/&gt;&lt;b&gt;Giờ hoạt động:&lt;/b&gt; 4:00 - 20:30&lt;br/&gt;&lt;b&gt;Thời gian chạy:&lt;/b&gt; 75 phút]]></description>
        <styleUrl>#style_route_3</styleUrl>
        <LineString>
          <tessellate>1</tessellate>
          <coordinates>106.65106964,10.75118542,0 106.65092468,10.75101185,0 106.65048981,10.75108528,0 106.65058136,10.75180244,0 106.65058136,10.75180244,0 106.65074158,10.75327301,0 106.65233612,10.75333118,0 106.65233612,10.75333118,0 106.65233612,10.75333118,0 106.65232849,10.75339031,0 106.65300751,10.75347042,0 106.65387726,10.7535944,0 106.65386963,10.75375175,0 106.65380096,10.75385761,0 106.65383148,10.75460625,0 106.65383148,10.75460625,0 106.65383148,10.75460625,0 106.65383148,10.75460625,0 106.65371704,10.75630474,0 106.6536026,10.75800228,0 106.6536026,10.75800228,0 106.6536026,10.75800228,0 106.65344238,10.7592907,0 106.65335083,10.76012897,0 106.65316772,10.76055622,0 106.65386963,10.76110935,0 106.65423584,10.76156807,0 106.6544342,10.76205254,0 106.6544342,10.76205254,0 106.6545639,10.76246357,0 106.65380096,10.76252174,0 106.65380096,10.76252174,0 106.65301514,10.7626009,0 106.65222931,10.76267433,0 106.65125275,10.76278496,0 106.65094757,10.7629118,0 106.65074921,10.76307011,0 106.65074921,10.76307011,0 106.65003967,10.76341248,0 106.64939117,10.76381302,0 106.64939117,10.76381302,0 106.64875031,10.76412868,0 106.64812469,10.7644558,0 106.64751434,10.76477718,0 106.64692688,10.76511955,0 106.64692688,10.76511955,0 106.64514923,10.76589966,0 106.64514923,10.76589966,0 106.64308167,10.76659012,0 106.64308167,10.76659012,0 106.64260864,10.76674843,0 106.64239502,10.76697445,0 106.64202118,10.76693821,0 106.64117432,10.7671957,0 106.64117432,10.7671957,0 106.6410141,10.76724911,0 106.64019012,10.7677393,0 106.63970184,10.76804447,0 106.63925934,10.76836109,0 106.63909912,10.76842022,0 106.63761139,10.76900005,0 106.63768005,10.76933956,0 106.63777161,10.76963997,0 106.63778687,10.76990986,0 106.63777161,10.7700901,0 106.63780212,10.77020454,0 106.63762665,10.77225971,0 106.63762665,10.77235985,0 106.63762665,10.7729187,0 106.63762665,10.7729187,0 106.63759613,10.77337742,0 106.63777161,10.77347755,0 106.63845062,10.77441025,0 106.63880157,10.77502728,0 106.63913727,10.77567005,0 106.6394577,10.77624035,0 106.63960266,10.77642918,0 106.63960266,10.77642918,0 106.63988495,10.77709293,0 106.6400528,10.77718258,0 106.64019012,10.77715969,0 106.64031219,10.7771101,0 106.64108276,10.77682972,0 106.64109039,10.77686977,0 106.64147949,10.77781963,0 106.64148712,10.77778912,0 106.64148712,10.77778912,0 106.64206696,10.77931976,0 106.64221954,10.78014946,0 106.64263916,10.78085041,0 106.64263916,10.78085041,0 106.64276123,10.78106117,0 106.64330292,10.78136635,0 106.64292145,10.78229427,0 106.64269257,10.78296375,0 106.64278412,10.78299046,0 106.64278412,10.78299046,0 106.64272308,10.78296852,0 106.64253998,10.78356934,0 106.6423645,10.78417015,0 106.64215088,10.78474426,0 106.64193726,10.78531933,0 106.64199066,10.78533459,0 106.64199066,10.78533459,0 106.64192963,10.78530884,0 106.64172363,10.7858696,0 106.64151001,10.78643131,0 106.64113617,10.78728485,0 106.64118195,10.78728962,0 106.64118195,10.78728962,0 106.64118195,10.78728962,0 106.64112091,10.78726959,0 106.64024353,10.79005623,0 106.64083862,10.79020977,0 106.64103699,10.79036045,0 106.64128113,10.79094028,0 106.64161682,10.79183006,0 106.64167786,10.79180622,0 106.64167786,10.79180622,0 106.64161682,10.79183006,0 106.64230347,10.79351997,0 106.64234924,10.79349518,0 106.64230347,10.79351997,0 106.64266968,10.79440022,0 106.6428299,10.79500008,0 106.64311981,10.79601097,0 106.64340973,10.7970171,0 106.64344788,10.7970171,0 106.64344788,10.7970171,0 106.64337158,10.79703331,0 106.64375305,10.79809761,0 106.64104462,10.79957867,0 106.64103699,10.79964161,0 106.64103699,10.79964161,0 106.64103699,10.79964161,0 106.64100647,10.79958916,0 106.64019775,10.80001545,0 106.63939667,10.8004427,0 106.63859558,10.80086899,0 106.63779449,10.80129623,0 106.63782501,10.8013649,0 106.63782501,10.8013649,0 106.63782501,10.8013649,0 106.63782501,10.8013649,0 106.63778687,10.80128002,0 106.63672638,10.8018446,0 106.63645172,10.80234146,0 106.6361084,10.80288029,0 106.63582611,10.80379581,0 106.63554382,10.80471039,0 106.63562775,10.80473232,0 106.63562775,10.80473232,0 106.63562775,10.80473232,0 106.63555145,10.80471611,0 106.6353302,10.80545139,0 106.63510895,10.80618572,0 106.63518524,10.80620193,0 106.63518524,10.80620193,0 106.63511658,10.80618095,0 106.6349411,10.80672932,0 106.63486481,10.80726147,0 106.63486481,10.80756664,0 106.63455963,10.80828857,0 106.63463593,10.80831432,0 106.63463593,10.80831432,0 106.63463593,10.80831432,0 106.63453674,10.80828857,0 106.63423157,10.80925274,0 106.63395691,10.81023788,0 106.63365173,10.81122112,0 106.63334656,10.81220436,0 106.63334656,10.81220436,0 106.63334656,10.81220436,0 106.63334656,10.81220436,0 106.63284302,10.81374741,0 106.63240051,10.81526852,0 106.63193512,10.81680012,0 106.6314621,10.81833172,0 106.6314621,10.81833172,0 106.6314621,10.81833172,0 106.6314621,10.81833172,0 106.63121033,10.81916523,0 106.63095856,10.81999969,0 106.63070679,10.82083321,0 106.63045502,10.82166672,0 106.6301651,10.82242012,0 106.63025665,10.82245159,0 106.63025665,10.82245159,0 106.63025665,10.82245159,0 106.63025665,10.82245159,0 106.63014984,10.82243061,0 106.62980652,10.82309532,0 106.6292572,10.82365322,0 106.62804413,10.82470703,0 106.62689209,10.82580853,0 106.62576294,10.82689381,0 106.6258316,10.82695675,0 106.6258316,10.82695675,0 106.6258316,10.82695675,0 106.6258316,10.82695675,0 106.62577057,10.8269043,0 106.62537384,10.82733631,0 106.62499237,10.82728386,0 106.62348175,10.82757854,0 106.62351227,10.82763672,0 106.62351227,10.82763672,0 106.62351227,10.82763672,0 106.62351227,10.82763672,0 106.62349701,10.82757854,0 106.62158966,10.82798481,0 106.61968231,10.82839012,0 106.6197052,10.82846928,0 106.6197052,10.82846928,0 106.6197052,10.82846928,0 106.6197052,10.82846928,0 106.61969757,10.8283844,0 106.61779785,10.82881737,0 106.61601257,10.82936001,0 106.61605072,10.82941818,0 106.61605072,10.82941818,0 106.61605072,10.82941818,0 106.61605072,10.82941818,0 106.6160202,10.82935429,0 106.61516571,10.82971287,0 106.61367035,10.83048153,0 106.61138153,10.83166695,0 106.61143494,10.8317461,0 106.61143494,10.8317461,0 106.61143494,10.8317461,0 106.61143494,10.8317461,0 106.61138916,10.83166695,0 106.61000061,10.83237362,0 106.60782623,10.8338747,0 106.60786438,10.83392811,0 106.60786438,10.83392811,0 106.60786438,10.83392811,0 106.60786438,10.83392811,0 106.60782623,10.83388042,0 106.60703278,10.83444405,0 106.60623932,10.83500767,0 106.60623932,10.83500767,0 106.60623932,10.83500767,0 106.60623932,10.83500767,0 106.60547638,10.83546352,0 106.60471344,10.83591938,0 106.60380554,10.83647251,0 106.60280609,10.83734226,0 106.60280609,10.83734226,0 106.60280609,10.83734226,0 106.60280609,10.83734226,0 106.60197449,10.83804035,0 106.60114288,10.83873844,0 106.6003952,10.83934116,0 106.59964752,10.83994484,0 106.5996933,10.8399868,0 106.5996933,10.8399868,0 106.5996933,10.8399868,0 106.5996933,10.8399868,0 106.59967041,10.83994484,0 106.59893036,10.84060287,0 106.59857178,10.84083462,0 106.59857178,10.84083462,0 106.59857178,10.84083462,0 106.59857178,10.84083462,0 106.59781647,10.84130955,0 106.59729767,10.84169865,0 106.5969696,10.84210491,0 106.5969696,10.84210491,0 106.5969696,10.84210491,0 106.5969696,10.84210491,0 106.5969696,10.84210491,0 106.59590912,10.84317398,0 106.594841,10.844244,0 106.59361267,10.84522629,0 106.59237671,10.84620857,0 106.59237671,10.84620857,0 106.59237671,10.84620857,0 106.59237671,10.84620857,0 106.59237671,10.84620857,0 106.59237671,10.84620857,0 106.59160614,10.84679317,0 106.59082794,10.84737873,0 106.59009552,10.84798145,0 106.58935547,10.84858513,0 106.58935547,10.84858513,0 106.58935547,10.84858513,0 106.58935547,10.84858513,0 106.58935547,10.84858513,0 106.58842468,10.84930706,0 106.5875473,10.85004997,0 106.58663177,10.85077667,0 106.58579254,10.8515358,0 106.58579254,10.8515358,0 106.58579254,10.8515358,0 106.58579254,10.8515358,0 106.58579254,10.8515358,0 106.58481598,10.85233402,0 106.58384705,10.85313225,0 106.582901,10.85393524,0 106.58195496,10.85473919,0 106.58195496,10.85473919,0 106.58195496,10.85473919,0 106.58195496,10.85473919,0 106.58195496,10.85473919,0 106.58022308,10.85616112,0 106.57855225,10.85759354,0 106.57855225,10.85759354,0 106.57855225,10.85759354,0 106.57855225,10.85759354,0 106.57855225,10.85759354,0 106.5777359,10.85824203,0 106.57691193,10.8589325,0 106.57613373,10.85958576,0 106.57536316,10.86026001,0 106.57536316,10.86026001,0 106.57536316,10.86026001,0 106.57536316,10.86026001,0 106.57536316,10.86026001,0 106.57536316,10.86026001,0 106.5743103,10.86109257,0 106.5734787,10.86186123,0 106.57235718,10.86226177,0 106.57118988,10.86258888,0 106.57011414,10.86292076,0 106.56900024,10.86327934,0 106.56900024,10.86327934,0 106.56900024,10.86327934,0 106.56900024,10.86327934,0 106.56900024,10.86327934,0 106.56900024,10.86327934,0 106.56900024,10.86327934,0 106.56834412,10.86345291,0 106.56784821,10.8636322,0 106.56674957,10.86422729,0 106.56563568,10.86483765,0 106.56563568,10.86483765,0 106.56563568,10.86483765,0 106.56563568,10.86483765,0 106.56563568,10.86483765,0 106.56563568,10.86483765,0 106.56563568,10.86483765,0 106.56414795,10.86550236,0 106.56266785,10.86616611,0 106.56266785,10.86616611,0 106.56266785,10.86616611,0 106.56266785,10.86616611,0 106.56266785,10.86616611,0 106.56266785,10.86616611,0 106.56186676,10.8665247,0 106.5610733,10.86688232,0 106.56027985,10.86724091,0 106.55947876,10.86759853,0 106.55947876,10.86759853,0 106.55947876,10.86759853,0 106.55947876,10.86759853,0 106.55866241,10.8679781,0 106.5578537,10.86835766,0 106.55607605,10.86864758,0 106.5542984,10.86893654,0 106.55252075,10.86923218,0 106.55075073,10.86947918,0 106.55075073,10.86947918,0 106.54974365,10.86961079,0 106.5487442,10.86974239,0 106.54773712,10.869874,0 106.54673004,10.87000561,0 106.54673004,10.87000561,0 106.54546356,10.87018013,0 106.54420471,10.8703537,0 106.54293823,10.87052822,0 106.54167938,10.87070179,0 106.54167938,10.87070179,0 106.5408783,10.87083912,0 106.54008484,10.87094402,0 106.53932953,10.87108135,0 106.53857422,10.87122345,0 106.53857422,10.87122345,0 106.53781891,10.8713789,0 106.53707123,10.87153435,0 106.53631592,10.8716898,0 106.53556061,10.87184525,0</coordinates>
        </LineString>
      </Placemark>
      <Placemark>
        <name>B 23 (Lượt về)</name>
        <description><![CDATA[&lt;b&gt;Tuyến:&lt;/b&gt; B 23 - Bến xe buýt Chợ Lớn - Ngã ba Giồng - Cầu Lớn&lt;br/&gt;&lt;b&gt;Hành trình:&lt;/b&gt; Bến xe buýt Cầu Lớn → Bến xe buýt Chợ Lớn - B&lt;br/&gt;&lt;b&gt;Lượt:&lt;/b&gt; Lượt về&lt;br/&gt;&lt;b&gt;Cự ly:&lt;/b&gt; 22.94 km (Định mức: 23 km)&lt;br/&gt;&lt;b&gt;Giờ hoạt động:&lt;/b&gt; 4:00 - 20:30&lt;br/&gt;&lt;b&gt;Thời gian chạy:&lt;/b&gt; 75 phút]]></description>
        <styleUrl>#style_route_3</styleUrl>
        <LineString>
          <tessellate>1</tessellate>
          <coordinates>106.53556061,10.87184525,0 106.53555298,10.87173462,0 106.53604889,10.87164974,0 106.5365448,10.87156582,0 106.5365448,10.87150764,0 106.5365448,10.87150764,0 106.53655243,10.87156582,0 106.53736115,10.87140274,0 106.53816986,10.87123871,0 106.53817749,10.87117577,0 106.53817749,10.87117577,0 106.53822327,10.87123394,0 106.54003906,10.87089634,0 106.54209137,10.87058544,0 106.54210663,10.87050056,0 106.54210663,10.87050056,0 106.54210663,10.87050056,0 106.54216003,10.87058544,0 106.54415894,10.87030888,0 106.54615784,10.87003231,0 106.54620361,10.86991119,0 106.54620361,10.86991119,0 106.54620361,10.86991119,0 106.54620361,10.86991119,0 106.54620361,10.86991119,0 106.54627991,10.87001705,0 106.54863739,10.86967754,0 106.55099487,10.86933708,0 106.55101013,10.86919498,0 106.55101013,10.86919498,0 106.55101013,10.86919498,0 106.55101013,10.86919498,0 106.55101013,10.86919498,0 106.55110931,10.86932182,0 106.55455017,10.86877155,0 106.5579834,10.86822033,0 106.55912781,10.86763573,0 106.55912781,10.86763573,0 106.55912781,10.86763573,0 106.55912781,10.86763573,0 106.55998993,10.86726189,0 106.56085205,10.86688709,0 106.56167603,10.86649799,0 106.5625,10.86610794,0 106.5625,10.86610794,0 106.5625,10.86610794,0 106.56258392,10.86613941,0 106.56421661,10.86541748,0 106.56581879,10.86468029,0 106.56581879,10.86461163,0 106.56581879,10.86461163,0 106.56581879,10.86461163,0 106.56586456,10.86465931,0 106.5668869,10.86410332,0 106.56790161,10.86354733,0 106.56787872,10.86349487,0 106.56787872,10.86349487,0 106.56787872,10.86349487,0 106.56789398,10.86354733,0 106.56880188,10.8632679,0 106.56970215,10.86298943,0 106.56968689,10.86293602,0 106.56968689,10.86293602,0 106.56968689,10.86293602,0 106.56968689,10.86298943,0 106.57099915,10.86260223,0 106.57231903,10.86221504,0 106.57327271,10.86187744,0 106.57365417,10.86162949,0 106.57474518,10.86067104,0 106.57471466,10.86064529,0 106.57471466,10.86064529,0 106.57471466,10.86064529,0 106.57479858,10.86066055,0 106.57678223,10.85899353,0 106.57875824,10.85732555,0 106.57872009,10.8572731,0 106.57872009,10.8572731,0 106.57872009,10.8572731,0 106.57872009,10.8572731,0 106.57878876,10.85731983,0 106.58049774,10.85589218,0 106.5821991,10.85446453,0 106.5821228,10.85441685,0 106.5821228,10.85441685,0 106.5821228,10.85441685,0 106.5821228,10.85441685,0 106.58224487,10.85442257,0 106.58422852,10.85275269,0 106.58621216,10.8510828,0 106.58616638,10.85096741,0 106.58616638,10.85096741,0 106.58616638,10.85096741,0 106.58616638,10.85096741,0 106.58625793,10.85103512,0 106.58755493,10.84995556,0 106.58885956,10.84887505,0 106.58880615,10.8487854,0 106.58880615,10.8487854,0 106.58880615,10.8487854,0 106.58880615,10.8487854,0 106.58888245,10.84884834,0 106.59111023,10.84710979,0 106.59333801,10.84537125,0 106.59329224,10.84527588,0 106.59329224,10.84527588,0 106.59329224,10.84527588,0 106.59329224,10.84527588,0 106.59341431,10.84531879,0 106.59469604,10.84431744,0 106.59571838,10.84327412,0 106.59674072,10.8422308,0 106.59674835,10.84212112,0 106.59674835,10.84212112,0 106.59674835,10.84212112,0 106.59680939,10.84214687,0 106.59734344,10.84156704,0 106.59803772,10.84105587,0 106.59802246,10.84103012,0 106.59802246,10.84103012,0 106.59802246,10.84103012,0 106.59811401,10.84105587,0 106.59897614,10.84050846,0 106.60002136,10.83957577,0 106.59996033,10.83950233,0 106.59996033,10.83950233,0 106.59996033,10.83950233,0 106.59996033,10.83950233,0 106.60007477,10.83958149,0 106.60137939,10.83848286,0 106.60268402,10.83738422,0 106.60263824,10.83732605,0 106.60263824,10.83732605,0 106.60263824,10.83732605,0 106.60263824,10.83732605,0 106.60269928,10.83735752,0 106.60335541,10.83681297,0 106.60401154,10.83626747,0 106.6047821,10.83581924,0 106.60555267,10.83537102,0 106.60549927,10.83525467,0 106.60549927,10.83525467,0 106.60549927,10.83525467,0 106.60549927,10.83525467,0 106.60559082,10.83535576,0 106.60605621,10.83507061,0 106.60678101,10.83457565,0 106.6075058,10.8340807,0 106.60836792,10.83347416,0 106.60835266,10.83341694,0 106.60835266,10.83341694,0 106.60835266,10.83341694,0 106.60835266,10.83341694,0 106.6084137,10.83344841,0 106.60926819,10.83286858,0 106.61012268,10.83228874,0 106.61133575,10.83166504,0 106.6125412,10.83104038,0 106.61253357,10.83097744,0 106.61253357,10.83097744,0 106.61253357,10.83097744,0 106.61253357,10.83097744,0 106.61257935,10.83102417,0 106.61335754,10.83062935,0 106.61412811,10.83023453,0 106.61486053,10.82986546,0 106.61559296,10.82949638,0 106.61560059,10.82942772,0 106.61560059,10.82942772,0 106.61560059,10.82942772,0 106.61564636,10.82947063,0 106.61608887,10.8293066,0 106.61730957,10.82895947,0 106.6185379,10.82863235,0 106.61854553,10.82856941,0 106.61854553,10.82856941,0 106.61854553,10.82856941,0 106.61865234,10.82859516,0 106.62127686,10.82802677,0 106.62390137,10.82745743,0 106.6239624,10.827384,0 106.6239624,10.827384,0 106.62410736,10.82740021,0 106.62487793,10.82723045,0 106.62512207,10.82730007,0 106.62560272,10.82676029,0 106.62599182,10.82637978,0 106.62586212,10.82623959,0 106.62586212,10.82623959,0 106.62600708,10.82635117,0 106.62802124,10.82440186,0 106.62945557,10.82314205,0 106.62996674,10.82238388,0 106.62982178,10.82231522,0 106.62982178,10.82231522,0 106.62982178,10.82231522,0 106.62982178,10.82231522,0 106.62982178,10.82231522,0 106.62997437,10.8223362,0 106.63045502,10.82090855,0 106.63089752,10.81946945,0 106.63061523,10.81938553,0 106.63061523,10.81938553,0 106.63061523,10.81938553,0 106.63061523,10.81938553,0 106.63061523,10.81938553,0 106.63061523,10.81938553,0 106.63061523,10.81938553,0 106.63082886,10.81943798,0 106.63152313,10.8171196,0 106.63146973,10.81711388,0 106.63146973,10.81711388,0 106.63146973,10.81711388,0 106.63146973,10.81711388,0 106.63237762,10.81445503,0 106.63259888,10.81373405,0 106.63282013,10.81301308,0 106.63304138,10.8122921,0 106.633255,10.81157112,0 106.63346863,10.81084919,0 106.63368988,10.81012726,0 106.63394165,10.80940533,0 106.63414001,10.80870533,0 106.63401794,10.80868912,0 106.63401794,10.80868912,0 106.63414001,10.80871582,0 106.63453674,10.80748463,0 106.63493346999999,10.80625439,0 106.63477325,10.80621243,0 106.63477325,10.80621243,0 106.63495636,10.80626011,0 106.63519287,10.80554581,0 106.63542938,10.8048315,0 106.63526917,10.80480003,0 106.63526917,10.80480003,0 106.63526917,10.80480003,0 106.63539886,10.80484772,0 106.63565826,10.80397797,0 106.63605499,10.80287743,0 106.63674164,10.80177593,0 106.63751984,10.80127525,0 106.63751984,10.80127525,0 106.63751984,10.80127525,0 106.63751984,10.80127525,0 106.63762665,10.80129623,0 106.63925171,10.80043316,0 106.64086914,10.79957008,0 106.6415863,10.79918957,0 106.64155579,10.79911518,0 106.64155579,10.79911518,0 106.64155579,10.79911518,0 106.64163971,10.79915142,0 106.64372253,10.79803944,0 106.64350128,10.7973814,0 106.64343262,10.7973814,0 106.64343262,10.7973814,0 106.64346313,10.79729176,0 106.64295959,10.79557896,0 106.6428299,10.79500008,0 106.64265442,10.79441929,0 106.64248657,10.79398251,0 106.64243317,10.79397202,0 106.64243317,10.79397202,0 106.64247894,10.79395008,0 106.6421051,10.79302502,0 106.64173126,10.79209995,0 106.6415329,10.79158974,0 106.64147186,10.79160786,0 106.64147186,10.79160786,0 106.64110565,10.79062557,0 106.64093781,10.79029846,0 106.64076233,10.79021454,0 106.64012909,10.79002476,0 106.64030457,10.78948212,0 106.64025116,10.7894659,0 106.64025116,10.7894659,0 106.64032745,10.78948689,0 106.64080048,10.78805447,0 106.64129639,10.78662586,0 106.64123535,10.78660488,0 106.64123535,10.78660488,0 106.64123535,10.78660488,0 106.64130402,10.78663158,0 106.64152527,10.78606701,0 106.64174652,10.78550911,0 106.64206696,10.78462315,0 106.64239502,10.78373814,0 106.64233398,10.78371239,0 106.64233398,10.78371239,0 106.64233398,10.78371239,0 106.64233398,10.78371239,0 106.64239502,10.78374386,0 106.64286804,10.78224182,0 106.64311981,10.78165627,0 106.64324188,10.78138828,0 106.6428299,10.7811718,0 106.6428299,10.7811718,0 106.6428299,10.7811718,0 106.6428299,10.7811718,0 106.64271545,10.78109837,0 106.64247894,10.78072357,0 106.6422348,10.78018665,0 106.64207458,10.77953339,0 106.64148712,10.77792072,0 106.64144135,10.77794075,0 106.64144135,10.77794075,0 106.64144135,10.77794075,0 106.64102173,10.77685547,0 106.64015961,10.77722454,0 106.63999176,10.77721977,0 106.63985443,10.77709866,0 106.6394043,10.77627087,0 106.6394043,10.77627087,0 106.63865662,10.77481079,0 106.63822174,10.77413177,0 106.63776398,10.77353573,0 106.63755035,10.77340412,0 106.6375351,10.77271938,0 106.6374588,10.77271938,0 106.63750458,10.77267742,0 106.63750458,10.77267742,0 106.63755035,10.77268219,0 106.6377182,10.77053165,0 106.63770294,10.77037907,0 106.63770294,10.77037907,0 106.63770294,10.77037907,0 106.63773346,10.7703104,0 106.63778687,10.76975727,0 106.6375885,10.76899815,0 106.63787079,10.76887703,0 106.63786316,10.76881409,0 106.63786316,10.76881409,0 106.63787842,10.76888752,0 106.63911438,10.76839733,0 106.63980865,10.76793957,0 106.63977814,10.76792908,0 106.63977814,10.76792908,0 106.63977051,10.76797104,0 106.64105988,10.76719093,0 106.6415863,10.76701736,0 106.64157104,10.76698017,0 106.64157104,10.76698017,0 106.6415863,10.76701736,0 106.6421051,10.76681709,0 106.64219666,10.76670647,0 106.64237976,10.76664257,0 106.64250946,10.76670074,0 106.64339447,10.76642132,0 106.64334869,10.76634216,0 106.64334869,10.76634216,0 106.64335632,10.76641655,0 106.64427948,10.76610279,0 106.64519501,10.76578903,0 106.64515686,10.76573658,0 106.64515686,10.76573658,0 106.64516449,10.76579475,0 106.64603424,10.76549911,0 106.64642334,10.76528358,0 106.64675903,10.76510429,0 106.6467514,10.76505661,0 106.6467514,10.76505661,0 106.64678192,10.76509857,0 106.64763641,10.76467705,0 106.64849091,10.76421833,0 106.6493454,10.76373863,0 106.65016937,10.76330662,0 106.65016937,10.76323795,0 106.65016937,10.76323795,0 106.65020752,10.76329136,0 106.65123749,10.76275349,0 106.65221405,10.76266956,0 106.6521759,10.76212597,0 106.65231323,10.7615099,0 106.65268707,10.76095104,0 106.6526413,10.76090431,0 106.6526413,10.76090431,0 106.65271759,10.76093006,0 106.65325928,10.76031303,0 106.65332794,10.76012421,0 106.65344238,10.75913811,0 106.65354919,10.75807953,0 106.65349579,10.75806808,0 106.65349579,10.75806808,0 106.65349579,10.75806808,0 106.65349579,10.75806808,0 106.65356445,10.75805283,0 106.65367126,10.75682449,0 106.65375519,10.75531769,0 106.65369415,10.75520134,0 106.65369415,10.75520134,0 106.65369415,10.75520134,0 106.65376282,10.75521755,0 106.65379333,10.75379944,0 106.65260315,10.75360966,0 106.65255737,10.75365734,0 106.65255737,10.75365734,0 106.65257263,10.75360012,0 106.6517868,10.75351048,0 106.65180206,10.75300026,0 106.65177917,10.75182343,0 106.65175629,10.75149632,0 106.65193939,10.7510004,0 106.65258026,10.75104046,0 106.652565,10.75125313,0</coordinates>
        </LineString>
      </Placemark>
    </Folder>
    <Folder>
      <name>TUYẾN B 24: Bến xe Miền Đông - Hóc Môn</name>
      <Placemark>
        <name>B 24 (Lượt đi)</name>
        <description><![CDATA[&lt;b&gt;Tuyến:&lt;/b&gt; B 24 - Bến xe Miền Đông - Hóc Môn&lt;br/&gt;&lt;b&gt;Hành trình:&lt;/b&gt; Bến xe Miền Đông → Bến xe buýt Hóc Môn&lt;br/&gt;&lt;b&gt;Lượt:&lt;/b&gt; Lượt đi&lt;br/&gt;&lt;b&gt;Cự ly:&lt;/b&gt; 29.05 km (Định mức: 27 km)&lt;br/&gt;&lt;b&gt;Giờ hoạt động:&lt;/b&gt; 4:00 - 20:30&lt;br/&gt;&lt;b&gt;Thời gian chạy:&lt;/b&gt; 75 phút]]></description>
        <styleUrl>#style_route_4</styleUrl>
        <LineString>
          <tessellate>1</tessellate>
          <coordinates>106.71129608,10.81473255,0 106.71129608,10.81473255,0 106.71129608,10.81473255,0 106.71071625,10.81501198,0 106.71111298,10.81580734,0 106.71092224,10.81608677,0 106.71050262,10.81534958,0 106.70986176,10.81398964,0 106.7095108,10.8133049,0 106.70925903,10.81261444,0 106.70922089,10.81262493,0 106.70922089,10.81262493,0 106.70922089,10.81262493,0 106.70922089,10.81262493,0 106.70922089,10.81262493,0 106.70925903,10.81262016,0 106.70916748,10.81226158,0 106.70912933,10.81192398,0 106.70912933,10.81159019,0 106.70916748,10.8105917,0 106.70920563,10.80976963,0 106.70914459,10.80975914,0 106.70914459,10.80975914,0 106.70914459,10.80975914,0 106.70918274,10.80975914,0 106.70922852,10.8090477,0 106.70927429,10.80833626,0 106.7093277,10.80761909,0 106.70938873,10.80691814,0 106.70934296,10.80690765,0 106.70934296,10.80690765,0 106.70934296,10.80690765,0 106.7093811,10.80690765,0 106.70943451,10.80628395,0 106.70948792,10.80565929,0 106.7094574,10.80504036,0 106.70943451,10.80442142,0 106.70939636,10.80442142,0 106.70939636,10.80442142,0 106.70939636,10.80442142,0 106.70939636,10.80442142,0 106.70939636,10.80442142,0 106.70939636,10.80442142,0 106.70943451,10.8044157,0 106.70940399,10.8037281,0 106.70936584,10.80301952,0 106.70869446,10.80306721,0 106.70836639,10.80310345,0 106.7080307,10.80311394,0 106.7080307,10.80317688,0 106.7080307,10.80317688,0 106.7080307,10.80317688,0 106.7080307,10.80317688,0 106.7080307,10.80317688,0 106.7080307,10.80317688,0 106.7080307,10.80310917,0 106.70703125,10.80318546,0 106.70602417,10.80326176,0 106.70501709,10.80333805,0 106.70401764,10.80341434,0 106.70401764,10.80348301,0 106.70401764,10.80348301,0 106.70401764,10.80348301,0 106.70401764,10.80348301,0 106.70402527,10.80340385,0 106.70278931,10.80359936,0 106.70159912,10.80389404,0 106.70122528,10.80379391,0 106.70118713,10.80387306,0 106.70118713,10.80387306,0 106.70118713,10.80387306,0 106.70118713,10.80387306,0 106.70121765,10.80381489,0 106.70030975,10.80344105,0 106.69939423,10.80306721,0 106.69937134,10.80312538,0 106.69937134,10.80312538,0 106.69937134,10.80312538,0 106.69937134,10.80312538,0 106.6993866,10.80307198,0 106.69862366,10.80277729,0 106.69842529,10.8030138,0 106.69834137,10.80353546,0 106.69841003,10.80354595,0 106.69841003,10.80354595,0 106.69841003,10.80354595,0 106.69834137,10.80352497,0 106.69808197,10.8047266,0 106.69790649,10.80523205,0 106.69740295,10.80585384,0 106.69692993,10.80653381,0 106.69697571,10.80655956,0 106.69697571,10.80655956,0 106.69692993,10.8065443,0 106.69682312,10.80673981,0 106.6964035,10.8071928,0 106.69535828,10.80817223,0 106.69438934,10.8086729,0 106.69441986,10.8087101,0 106.69441986,10.8087101,0 106.69441986,10.8087101,0 106.69438171,10.80864716,0 106.69386292,10.80892658,0 106.69333649,10.80927944,0 106.69271851,10.80973721,0 106.69256592,10.81000614,0 106.69263458,10.81003284,0 106.69263458,10.81003284,0 106.69263458,10.81003284,0 106.69263458,10.81003284,0 106.69255066,10.80999565,0 106.69218445,10.81068611,0 106.69203186,10.81080723,0 106.69129181,10.81099129,0 106.69104004,10.81117058,0 106.69076538,10.8116293,0 106.6908493,10.81166553,0 106.6908493,10.81166553,0 106.6908493,10.81166553,0 106.69075775,10.81161308,0 106.69035339,10.81221962,0 106.69008636,10.81270409,0 106.68990326,10.81321526,0 106.68981171,10.81386375,0 106.68965149,10.8145113,0 106.68974304,10.81452179,0 106.68974304,10.81452179,0 106.68974304,10.81452179,0 106.68963623,10.8145113,0 106.68958282,10.81474876,0 106.68937683,10.81495953,0 106.6889267,10.81537533,0 106.6886673,10.81585026,0 106.68862152,10.81661892,0 106.688797,10.81696129,0 106.68894958,10.81730938,0 106.68900299,10.81729412,0 106.68900299,10.81729412,0 106.68900299,10.81729412,0 106.68900299,10.81729412,0 106.68894196,10.81732559,0 106.6893158,10.81811523,0 106.68972015,10.81886387,0 106.69022369,10.81901646,0 106.69020844,10.81929016,0 106.69017792,10.81949615,0 106.69000244,10.81966972,0 106.689888,10.82008648,0 106.68950653,10.82044411,0 106.68913269,10.82075024,0 106.68873596,10.82158756,0 106.68877411,10.82159805,0 106.68877411,10.82159805,0 106.68877411,10.82159805,0 106.68877411,10.82159805,0 106.68872833,10.82158279,0 106.68804932,10.82299519,0 106.68779755,10.8232584,0 106.6865921,10.82416439,0 106.68540192,10.82506561,0 106.68502045,10.82526016,0 106.68503571,10.82529163,0 106.68503571,10.82529163,0 106.68503571,10.82529163,0 106.68503571,10.82529163,0 106.68503571,10.82529163,0 106.68502045,10.82525539,0 106.68443298,10.82556057,0 106.68372345,10.82610893,0 106.68341827,10.82623482,0 106.68312836,10.8262825,0 106.68283844,10.82631397,0 106.6828537,10.82636166,0 106.6828537,10.82636166,0 106.6828537,10.82636166,0 106.6828537,10.82636166,0 106.6828537,10.82636166,0 106.6828537,10.82631397,0 106.68238831,10.82639313,0 106.68199158,10.82633018,0 106.68115997,10.82621384,0 106.68041992,10.82630348,0 106.68000031,10.82647705,0 106.67919159,10.82679939,0 106.67920685,10.82684612,0 106.67920685,10.82684612,0 106.67920685,10.82684612,0 106.67919159,10.82679367,0 106.67728424,10.82741547,0 106.67544556,10.82804203,0 106.6754837,10.8281002,0 106.6754837,10.8281002,0 106.67546844,10.82804203,0 106.6740036,10.82854843,0 106.67255402,10.82908058,0 106.67260742,10.82918644,0 106.67260742,10.82918644,0 106.6725769,10.82907486,0 106.67164612,10.82949638,0 106.67076111,10.82993889,0 106.66989136,10.83043957,0 106.66919708,10.83098221,0 106.66923523,10.83102989,0 106.66923523,10.83102989,0 106.66918182,10.83097744,0 106.66799164,10.83194637,0 106.66674805,10.83290005,0 106.66679382,10.83294773,0 106.66679382,10.83294773,0 106.66679382,10.83294773,0 106.66674042,10.83290005,0 106.66513062,10.8341856,0 106.66474152,10.83443832,0 106.66433716,10.83464909,0 106.66334534,10.835145,0 106.66336823,10.83520317,0 106.66336823,10.83520317,0 106.66336823,10.83520317,0 106.66334534,10.835145,0 106.66220856,10.83551407,0 106.661026,10.83580875,0 106.66104126,10.83588791,0 106.66104126,10.83588791,0 106.66104126,10.83588791,0 106.66104126,10.83588791,0 106.661026,10.83582401,0 106.65905762,10.83633041,0 106.65705109,10.8368206,0 106.65707397,10.83689404,0 106.65707397,10.83689404,0 106.65707397,10.83689404,0 106.65707397,10.83689404,0 106.65707397,10.83689404,0 106.65705872,10.83683109,0 106.65483856,10.83737373,0 106.65261078,10.83793163,0 106.65262604,10.8380003,0 106.65262604,10.8380003,0 106.65262604,10.8380003,0 106.65261841,10.83794212,0 106.65155792,10.83821106,0 106.65049744,10.83848,0 106.65049744,10.83853817,0 106.65049744,10.83853817,0 106.65049744,10.83853817,0 106.65049744,10.83853817,0 106.65049744,10.83848,0 106.64862823,10.83892822,0 106.64723969,10.83932304,0 106.64702606,10.83941269,0 106.64646149,10.83988094,0 106.64650726,10.83992863,0 106.64650726,10.83992863,0 106.64650726,10.83992863,0 106.64650726,10.83992863,0 106.64646912,10.83988094,0 106.64492798,10.84109879,0 106.64328766,10.84221554,0 106.64332581,10.84227276,0 106.64332581,10.84227276,0 106.64328766,10.84221554,0 106.64199066,10.84307384,0 106.64071655,10.84396458,0 106.64074707,10.84400654,0 106.64074707,10.84400654,0 106.64070892,10.84395981,0 106.63961792,10.84474945,0 106.63845825,10.84545517,0 106.63848877,10.8455143,0 106.63848877,10.8455143,0 106.63845062,10.84544468,0 106.63736725,10.84605598,0 106.63630676,10.84680462,0 106.63430023,10.8481636,0 106.63436127,10.84825325,0 106.63436127,10.84825325,0 106.63433075,10.84821129,0 106.63320923,10.84899044,0 106.63214874,10.84977055,0 106.63218689,10.849823,0 106.63218689,10.849823,0 106.63218689,10.849823,0 106.63215637,10.84978104,0 106.6317749,10.85001278,0 106.63140869,10.85024452,0 106.63101196,10.85044479,0 106.63059998,10.8505764,0 106.63014984,10.85068226,0 106.62950897,10.85081387,0 106.62788391,10.85111427,0 106.62752533,10.85120392,0 106.62722015,10.851367,0 106.62696838,10.85160446,0 106.62666321,10.85214138,0 106.6264801,10.852705,0 106.62653351,10.85272598,0 106.62653351,10.85272598,0 106.62653351,10.85272598,0 106.6264801,10.85270023,0 106.62591553,10.85370636,0 106.62492371,10.85469151,0 106.62440491,10.85508156,0 106.62363434,10.85547066,0 106.62281036,10.85573959,0 106.62281799,10.85580254,0 106.62281799,10.85580254,0 106.6227951,10.8557291,0 106.62181091,10.85622406,0 106.62080383,10.85671425,0 106.62082672,10.85675144,0 106.62082672,10.85675144,0 106.62081146,10.85671425,0 106.62034607,10.85694122,0 106.61987305,10.85730457,0 106.61902618,10.85793686,0 106.61907196,10.85798359,0 106.61907196,10.85798359,0 106.61901855,10.85793114,0 106.61841583,10.85838985,0 106.61785889,10.85887432,0 106.61769867,10.85968304,0 106.61753845,10.86049175,0 106.61758423,10.86049747,0 106.61758423,10.86049747,0 106.61753845,10.86049175,0 106.6173172,10.86170387,0 106.61698914,10.86289978,0 106.61708832,10.86291504,0 106.61708832,10.86291504,0 106.61708832,10.86291504,0 106.61698914,10.86289978,0 106.61658478,10.86425304,0 106.61616516,10.86560726,0 106.61624146,10.86563396,0 106.61624146,10.86563396,0 106.61624146,10.86563396,0 106.61615753,10.86562824,0 106.61598206,10.86610794,0 106.61576843,10.86674023,0 106.61560059,10.8673563,0 106.61547852,10.8676672,0 106.61539459,10.86793613,0 106.61546326,10.86797333,0 106.61546326,10.86797333,0 106.61539459,10.86796188,0 106.61521912,10.8693428,0 106.61502075,10.87017441,0 106.61431122,10.8711071,0 106.61434174,10.87112808,0 106.61434174,10.87112808,0 106.61430359,10.87110233,0 106.61354065,10.87206078,0 106.61274719,10.87302494,0 106.61216736,10.87417316,0 106.61220551,10.87418365,0 106.61220551,10.87418365,0 106.61216736,10.87417316,0 106.61168671,10.87518978,0 106.61117554,10.87621212,0 106.61064911,10.87721062,0 106.61012268,10.87820911,0 106.61018372,10.87823486,0 106.61018372,10.87823486,0 106.61013031,10.87821388,0 106.60939026,10.8797102,0 106.60864258,10.88115883,0 106.60870361,10.88117981,0 106.60870361,10.88117981,0 106.60866547,10.8811636,0 106.60823059,10.88200951,0 106.60780334,10.88285542,0 106.60739899,10.88334465,0 106.60678101,10.88398743,0 106.60684204,10.88405132,0 106.60684204,10.88405132,0 106.60684204,10.88405132,0 106.60678101,10.88397694,0 106.60614014,10.88463306,0 106.60549164,10.88528919,0 106.60484314,10.88591099,0 106.60419464,10.88653183,0 106.60421753,10.88656425,0 106.60421753,10.88656425,0 106.60421753,10.88656425,0 106.60421753,10.88656425,0 106.60418701,10.88653755,0 106.60388947,10.88686943,0 106.60349274,10.88721657,0 106.60253906,10.88764858,0 106.60206604,10.88781261,0 106.6015625,10.88795471,0 106.6015625,10.8880024,0 106.6015625,10.8880024,0 106.6015625,10.8880024,0 106.60154724,10.88795471,0 106.60109711,10.88802814,0 106.60051727,10.88805485,0 106.59947205,10.88810158,0 106.59841919,10.8882761,0 106.59841919,10.88832283,0 106.59841919,10.88832283,0 106.59841919,10.88832283,0 106.59841919,10.88832283,0 106.59841919,10.88828087,0 106.597435,10.88834953,0 106.59622192,10.88840199,0 106.59512329,10.8885498,0 106.59506989,10.88863373,0 106.59496307,10.88864994,0 106.59487152,10.88858128,0 106.594841,10.88849163,0 106.59436798,10.88833332,0 106.59436798,10.88833332,0 106.59436798,10.88833332,0 106.59436798,10.88833332,0 106.59351349,10.88802528,0 106.59266663,10.88771725,0 106.59176636,10.88743401,0 106.59086609,10.88714981,0 106.59086609,10.88714981,0 106.59086609,10.88714981,0 106.59086609,10.88714981,0 106.59086609,10.88714981,0 106.58932495,10.88658428,0 106.58894348,10.88643742,0 106.58866882,10.88613701,0 106.58760071,10.88470936,0 106.58757019,10.8847332,0 106.58757019,10.8847332,0 106.58757019,10.8847332,0 106.58757019,10.8847332,0 106.58757019,10.8847332,0 106.58757019,10.8847332,0 106.58757019,10.8847332,0 106.58760834,10.88470459,0 106.58707428,10.88403511,0 106.58667755,10.88457775,0 106.58673096,10.88461494,0 106.58673096,10.88461494,0 106.58673096,10.88461494,0 106.58673096,10.88461494,0 106.58673096,10.88461494,0 106.58666992,10.88458252,0 106.58596039,10.88560772,0 106.58524323,10.88663197,0 106.58454132,10.88765717,0 106.58383179,10.88868141,0 106.58387756,10.88870811,0 106.58387756,10.88870811,0 106.58387756,10.88870811,0 106.58387756,10.88870811,0 106.58387756,10.88870811,0 106.58381653,10.8886652,0 106.5830307,10.88979053,0 106.58224487,10.89091492,0 106.58146667,10.89201832,0 106.58069611,10.89312172,0 106.58074188,10.89314747,0 106.58074188,10.89314747,0 106.58074188,10.89314747,0 106.58074188,10.89314747,0 106.58074188,10.89314747,0 106.58074188,10.89314747,0 106.58069611,10.89311123,0 106.57983398,10.89436054,0 106.57897949,10.8956089,0 106.57902527,10.89566135,0 106.57902527,10.89566135,0 106.57902527,10.89566135,0 106.57902527,10.89566135,0 106.57902527,10.89566135,0 106.57902527,10.89566135,0 106.57894897,10.89560318,0 106.57824707,10.89662647,0 106.57753754,10.89764977,0 106.576828,10.89866734,0 106.57611847,10.89968586,0 106.57619476,10.89973259,0 106.57619476,10.89973259,0 106.57619476,10.89973259,0 106.57619476,10.89973259,0 106.57619476,10.89973259,0 106.57619476,10.89973259,0 106.57611847,10.89968014,0 106.57540894,10.9006815,0 106.57470703,10.9016819,0 106.57398987,10.90268517,0 106.57327271,10.90368938,0 106.57337189,10.90375233,0 106.57337189,10.90375233,0 106.57337189,10.90375233,0 106.57337189,10.90375233,0 106.57337189,10.90375233,0 106.57337189,10.90375233,0 106.57328796,10.90369987,0 106.57264709,10.9046526,0 106.57194519,10.90561676,0 106.57206726,10.90569115,0 106.57206726,10.90569115,0 106.57206726,10.90569115,0 106.57206726,10.90569115,0 106.57206726,10.90569115,0 106.57206726,10.90569115,0 106.57206726,10.90569115,0 106.57192993,10.90560627,0 106.57087708,10.90711308,0 106.56982422,10.90861988,0 106.56877136,10.91011238,0 106.56771851,10.91160583,0 106.56781006,10.91166401,0 106.56781006,10.91166401,0 106.56781006,10.91166401,0 106.56781006,10.91166401,0 106.56781006,10.91166401,0 106.56781006,10.91166401,0 106.56781006,10.91166401,0 106.56776428,10.91162682,0 106.56682587,10.91293049,0 106.56588745,10.91423321,0 106.56497192,10.91554832,0 106.5640564,10.91687393,0 106.56410217,10.91690063,0 106.56410217,10.91690063,0 106.56410217,10.91690063,0 106.56410217,10.91690063,0 106.56410217,10.91690063,0 106.56410217,10.91690063,0 106.56410217,10.91690063,0 106.56410217,10.91690063,0 106.56410217,10.91690063,0 106.56403351,10.91686249,0 106.56349945,10.91765785,0 106.56297302,10.91844845,0 106.56255341,10.91899586,0 106.56186676,10.92006016,0 106.56109619,10.9211607,0 106.56126404,10.92126083,0 106.56126404,10.92126083,0 106.56126404,10.92126083,0 106.56126404,10.92126083,0 106.56126404,10.92126083,0 106.56126404,10.92126083,0 106.56126404,10.92126083,0 106.56109619,10.92116642,0 106.56057739,10.92191601,0 106.56005859,10.92266464,0 106.55953979,10.92341423,0 106.55902863,10.92416382,0 106.55851746,10.92489815,0 106.55800629,10.92563248,0 106.55750275,10.92636776,0 106.55699158,10.92710209,0 106.55679321,10.92697048,0 106.55742645,10.92605686,0 106.55806732,10.92514324,0 106.55870056,10.92422962,0 106.5593338,10.92331696,0 106.5593338,10.92331696,0 106.5593338,10.92331696,0 106.5593338,10.92331696,0 106.5593338,10.92331696,0 106.5593338,10.92331696,0 106.55993652,10.92246437,0 106.56053925,10.92161179,0 106.5611496,10.92076015,0 106.56175232,10.91990757,0 106.56238556,10.91901302,0 106.5630188,10.91811943,0 106.56367493,10.91722679,0 106.56428528,10.91633129,0 106.56420898,10.91626167,0 106.56420898,10.91626167,0 106.56420898,10.91626167,0 106.56420898,10.91626167,0 106.56420898,10.91626167,0 106.56420898,10.91626167,0 106.56428528,10.91631508,0 106.56507874,10.91514874,0 106.56633759,10.9133606,0 106.56543732,10.91272831,0 106.56513977,10.91313362,0 106.56513977,10.91313362,0</coordinates>
        </LineString>
      </Placemark>
      <Placemark>
        <name>B 24 (Lượt về)</name>
        <description><![CDATA[&lt;b&gt;Tuyến:&lt;/b&gt; B 24 - Bến xe Miền Đông - Hóc Môn&lt;br/&gt;&lt;b&gt;Hành trình:&lt;/b&gt; Bến xe buýt Hóc Môn → Bến xe Miền Đông&lt;br/&gt;&lt;b&gt;Lượt:&lt;/b&gt; Lượt về&lt;br/&gt;&lt;b&gt;Cự ly:&lt;/b&gt; 26.2 km (Định mức: 27 km)&lt;br/&gt;&lt;b&gt;Giờ hoạt động:&lt;/b&gt; 4:00 - 20:30&lt;br/&gt;&lt;b&gt;Thời gian chạy:&lt;/b&gt; 75 phút]]></description>
        <styleUrl>#style_route_4</styleUrl>
        <LineString>
          <tessellate>1</tessellate>
          <coordinates>106.56513977,10.91313362,0 106.56513977,10.91313362,0 106.56560516,10.91244888,0 106.56655884,10.9130497,0 106.56761932,10.9115057,0 106.56757355,10.91148472,0 106.56757355,10.91148472,0 106.56757355,10.91148472,0 106.56757355,10.91148472,0 106.56757355,10.91148472,0 106.56764221,10.91152191,0 106.56858826,10.91016769,0 106.56952667,10.90881443,0 106.57047272,10.90746021,0 106.57141876,10.90610695,0 106.57136536,10.90607166,0 106.57136536,10.90607166,0 106.57136536,10.90607166,0 106.57136536,10.90607166,0 106.57136536,10.90607166,0 106.57136536,10.90607166,0 106.5714035,10.90611172,0 106.57254028,10.90450001,0 106.57366943,10.9028883,0 106.57479858,10.90127373,0 106.57592773,10.89965916,0 106.57588959,10.89963818,0 106.57588959,10.89963818,0 106.57588959,10.89963818,0 106.57588959,10.89963818,0 106.57588959,10.89963818,0 106.57588959,10.89963818,0 106.57593536,10.89965916,0 106.57656097,10.89877319,0 106.57717896,10.89788723,0 106.57780457,10.89700031,0 106.57842255,10.89611435,0 106.57836151,10.89608288,0 106.57836151,10.89608288,0 106.57836151,10.89608288,0 106.57836151,10.89608288,0 106.57836151,10.89608288,0 106.57836151,10.89608288,0 106.57840729,10.89611435,0 106.57907104,10.89516163,0 106.5797348,10.89420986,0 106.58039093,10.89325809,0 106.58105469,10.89230537,0 106.58100128,10.89227867,0 106.58100128,10.89227867,0 106.58100128,10.89227867,0 106.58100128,10.89227867,0 106.58106995,10.89232635,0 106.58254242,10.89026165,0 106.58397675,10.88818645,0 106.58390808,10.88813877,0 106.58390808,10.88813877,0 106.58399963,10.88819122,0 106.58473206,10.88711643,0 106.58546448,10.88604259,0 106.58621216,10.88495731,0 106.58695984,10.88387203,0 106.58735657,10.88431931,0 106.58771515,10.88485146,0 106.58779907,10.88479424,0 106.58779907,10.88479424,0 106.58771515,10.88484669,0 106.58891296,10.88636875,0 106.5894165,10.88660622,0 106.59065247,10.8870163,0 106.59069061,10.8869381,0 106.59069061,10.8869381,0 106.59065247,10.88700581,0 106.59143066,10.88726997,0 106.59220123,10.88753319,0 106.59298706,10.88780689,0 106.59377289,10.8880806,0 106.59381104,10.88800716,0 106.59381104,10.88800716,0 106.59381104,10.88800716,0 106.59378815,10.88809109,0 106.59499359,10.88848114,0 106.59636688,10.88836575,0 106.59825134,10.88829136,0 106.59900665,10.88814926,0 106.59898376,10.88807583,0 106.59898376,10.88807583,0 106.59898376,10.88807583,0 106.59899902,10.88814926,0 106.59953308,10.88805962,0 106.60033417,10.88802814,0 106.60114288,10.88799667,0 106.60112762,10.88792801,0 106.60112762,10.88792801,0 106.60112762,10.88792801,0 106.60111237,10.88799667,0 106.60203552,10.88779068,0 106.60284424,10.88748074,0 106.60353088,10.88705349,0 106.60415649,10.88654232,0 106.60414124,10.88651562,0 106.60414124,10.88651562,0 106.60414124,10.88651562,0 106.60414124,10.88651562,0 106.60417938,10.88653183,0 106.60538483,10.88524151,0 106.6065979,10.88411427,0 106.60654449,10.88403988,0 106.60654449,10.88403988,0 106.60654449,10.88403988,0 106.6065979,10.88408756,0 106.60719299,10.88349247,0 106.60774994,10.88288116,0 106.60849762,10.88142776,0 106.60845184,10.88141155,0 106.60845184,10.88141155,0 106.60993958,10.87844563,0 106.60993958,10.87844563,0 106.61206818,10.87418938,0 106.61206818,10.87418938,0 106.61206818,10.87418938,0 106.61212158,10.87420464,0 106.61258698,10.87324047,0 106.61291504,10.87276649,0 106.61330414,10.87230301,0 106.61406708,10.87137032,0 106.61404419,10.87135506,0 106.61404419,10.87135506,0 106.61404419,10.87135506,0 106.61406708,10.87137604,0 106.6149292,10.87029076,0 106.6151123,10.86976433,0 106.61525726,10.86876869,0 106.61521912,10.86876774,0 106.61521912,10.86876774,0 106.61521912,10.86876774,0 106.61547852,10.86746693,0 106.61585999,10.86625481,0 106.61585999,10.86625481,0 106.61591339,10.86626053,0 106.61638641,10.86481667,0 106.61681366,10.86338425,0 106.61671448,10.86335754,0 106.61671448,10.86335754,0 106.61671448,10.86335754,0 106.61681366,10.86337852,0 106.61727905,10.86175632,0 106.61761475,10.85997581,0 106.61756134,10.85997581,0 106.61756134,10.85997581,0 106.61756134,10.85997581,0 106.61756134,10.85997581,0 106.61756134,10.85997581,0 106.61761475,10.85997581,0 106.61771393,10.85935402,0 106.61782837,10.85886383,0 106.61846161,10.85829544,0 106.61846161,10.85829544,0 106.61846161,10.85829544,0 106.61846161,10.85829544,0 106.61846161,10.85829544,0 106.61846161,10.85829544,0 106.61846161,10.85829544,0 106.61907959,10.85786247,0 106.61973572,10.85736275,0 106.6204071,10.85687733,0 106.62103271,10.85657215,0 106.62101746,10.85653019,0 106.62101746,10.85653019,0 106.62101746,10.85653019,0 106.62101746,10.85653019,0 106.62101746,10.85653019,0 106.62104034,10.85657787,0 106.62246704,10.85586071,0 106.62319183,10.85548115,0 106.62389374,10.85515499,0 106.62387848,10.8551178,0 106.62387848,10.8551178,0 106.62390137,10.85514927,0 106.62451172,10.85478592,0 106.62506866,10.85434341,0 106.62556458,10.85380077,0 106.6259613,10.85328484,0 106.62591553,10.85324764,0 106.62591553,10.85324764,0 106.62591553,10.85324764,0 106.62596893,10.85326862,0 106.62637329,10.85244179,0 106.62686157,10.85161495,0 106.62703705,10.85140419,0 106.62726593,10.85124588,0 106.62753296,10.85110378,0 106.62833405,10.85093975,0 106.63010406,10.85061359,0 106.63061523,10.8504715,0 106.63124084,10.85021305,0 106.63223267,10.84950733,0 106.63217163,10.84945965,0 106.63217163,10.84945965,0 106.63217163,10.84945965,0 106.63220978,10.84950161,0 106.63267517,10.84917259,0 106.63314819,10.84884357,0 106.63362122,10.84850597,0 106.63410187,10.84816933,0 106.63407135,10.84814835,0 106.63407135,10.84814835,0 106.63410187,10.84817982,0 106.63529205,10.8473711,0 106.63648224,10.84656239,0 106.63771057,10.84577656,0 106.6389389,10.84506035,0 106.63890076,10.84498692,0 106.63890076,10.84498692,0 106.6389389,10.84505558,0 106.63993835,10.8444128,0 106.64089966,10.84373283,0 106.64082336,10.84366989,0 106.64082336,10.84366989,0 106.64089966,10.84372711,0 106.64214325,10.84288979,0 106.64340973,10.84203625,0 106.64335632,10.8419733,0 106.64335632,10.8419733,0 106.64341736,10.84203148,0 106.64419556,10.84150982,0 106.64498138,10.84097195,0 106.64492035,10.840909,0 106.64492035,10.840909,0 106.64498901,10.84096718,0 106.64629364,10.83990765,0 106.64703369,10.83932304,0 106.64774323,10.83908558,0 106.6477356,10.83901215,0 106.6477356,10.83901215,0 106.64776611,10.83909607,0 106.64881897,10.83882809,0 106.64987183,10.83855915,0 106.64984131,10.83846855,0 106.64984131,10.83846855,0 106.6498642,10.83855915,0 106.65180206,10.83807468,0 106.65372467,10.83757401,0 106.65370178,10.83749485,0 106.65370178,10.83749485,0 106.6537323,10.83756351,0 106.65557098,10.83711052,0 106.65740204,10.83664608,0 106.65737915,10.83655167,0 106.65737915,10.83655167,0 106.65739441,10.83663559,0 106.65930176,10.83616734,0 106.66117096,10.83569813,0 106.66116333,10.8356142,0 106.66116333,10.8356142,0 106.66119385,10.83569813,0 106.66223907,10.8354187,0 106.6631546,10.8351078,0 106.66312408,10.83503437,0 106.66312408,10.83503437,0 106.66316223,10.83512402,0 106.66403198,10.83474445,0 106.66481781,10.83431721,0 106.66619873,10.83324814,0 106.66612244,10.83318043,0 106.66612244,10.83318043,0 106.6661911,10.83324242,0 106.66786194,10.83195686,0 106.66947937,10.83064556,0 106.66941071,10.83059311,0 106.66941071,10.83059311,0 106.66946411,10.83063984,0 106.67002869,10.83026028,0 106.67067719,10.82992363,0 106.67193604,10.82924938,0 106.67190552,10.82917976,0 106.67190552,10.82917976,0 106.67194366,10.82924366,0 106.67297363,10.82884312,0 106.67403412,10.82846355,0 106.67399596999999,10.82839012,0 106.67399596999999,10.82839012,0 106.67403412,10.82843781,0 106.67537689,10.82800007,0 106.67671967,10.82753086,0 106.67668915,10.82746792,0 106.67668915,10.82746792,0 106.67671204,10.82753086,0 106.67776489,10.82717323,0 106.67884064,10.82680988,0 106.67881012,10.82675743,0 106.67881012,10.82675743,0 106.67881012,10.82675743,0 106.67884064,10.82680988,0 106.67975616,10.82648849,0 106.68065643,10.82626152,0 106.68135071,10.82620335,0 106.68202209,10.8263092,0 106.68235016,10.82636642,0 106.68267822,10.82632446,0 106.68267059,10.82626724,0 106.68267059,10.82626724,0 106.68267059,10.82626724,0 106.68268585,10.82632446,0 106.68345642,10.82618237,0 106.68386841,10.82595634,0 106.68436432,10.82558727,0 106.68484497,10.82530212,0 106.68482208,10.82526016,0 106.68482208,10.82526016,0 106.68482208,10.82526016,0 106.6848526,10.82530785,0 106.68527985,10.82508087,0 106.68648529,10.82418537,0 106.68753815,10.82342148,0 106.68802643,10.82295799,0 106.68830109,10.82240963,0 106.68825531,10.82239437,0 106.68825531,10.82239437,0 106.68825531,10.82239437,0 106.68825531,10.82239437,0 106.68829346,10.82241535,0 106.68880463,10.82137203,0 106.68909454,10.82078171,0 106.68945313,10.82046604,0 106.68977356,10.82014942,0 106.689888,10.81995964,0 106.69001007,10.81965446,0 106.68994141,10.81931686,0 106.68980408,10.81906891,0 106.68945313,10.81847954,0 106.68912506,10.8177681,0 106.68909454,10.81778908,0 106.68909454,10.81778908,0 106.68909454,10.81778908,0 106.68909454,10.81778908,0 106.68909454,10.81778908,0 106.68909454,10.81778908,0 106.68912506,10.81776237,0 106.68856812,10.81651878,0 106.68860626,10.81595039,0 106.68878174,10.81553364,0 106.68904877,10.81520176,0 106.68901825,10.81517029,0 106.68901825,10.81517029,0 106.68901825,10.81517029,0 106.68901825,10.81517029,0 106.68901825,10.81517029,0 106.6890564,10.81520176,0 106.68952179,10.81476974,0 106.68972015,10.81415844,0 106.68982697,10.81354713,0 106.68995667,10.81294155,0 106.69017792,10.81248283,0 106.69045258,10.81204033,0 106.69042969,10.81201935,0 106.69042969,10.81201935,0 106.69042969,10.81201935,0 106.69042969,10.81201935,0 106.69042969,10.81201935,0 106.69048309,10.81204033,0 106.6907959,10.81152916,0 106.69100952,10.81118107,0 106.69122314,10.81096554,0 106.69205475,10.81077576,0 106.69226837,10.81048584,0 106.69250488,10.81002235,0 106.69272614,10.80971146,0 106.69309235,10.80941105,0 106.69306946,10.80937862,0 106.69306946,10.80937862,0 106.69306946,10.80937862,0 106.69306946,10.80937862,0 106.69306946,10.80937862,0 106.69306946,10.80937862,0 106.69312286,10.80942154,0 106.69390869,10.8088522,0 106.69467163,10.80847263,0 106.69528961,10.80816746,0 106.69589996,10.80760098,0 106.69651031,10.807024,0 106.69644928,10.8069706,0 106.69644928,10.8069706,0 106.69644928,10.8069706,0 106.69644928,10.8069706,0 106.69644928,10.8069706,0 106.69644928,10.8069706,0 106.69644928,10.8069706,0 106.69651794,10.80702972,0 106.69681549,10.80666065,0 106.69733429,10.80585957,0 106.69787598,10.80521679,0 106.69812775,10.80442142,0 106.69836426,10.80327797,0 106.69832611,10.80327797,0 106.69832611,10.80327797,0 106.69832611,10.80327797,0 106.69832611,10.80327797,0 106.69832611,10.80327797,0 106.69832611,10.80327797,0 106.69837189,10.80327797,0 106.6984024,10.80295563,0 106.69856262,10.8027668,0 106.6986618,10.80265045,0 106.69942474,10.80296707,0 106.69947052,10.80289268,0 106.69947052,10.80289268,0 106.69947052,10.80289268,0 106.69943237,10.80297756,0 106.70029449,10.80333042,0 106.70116425,10.80368328,0 106.70120239,10.80361462,0 106.70120239,10.80361462,0 106.70120239,10.80361462,0 106.70120239,10.80361462,0 106.70120239,10.80361462,0 106.70114899,10.80368328,0 106.70157623,10.80383587,0 106.70215607,10.80368328,0 106.7027359,10.80353069,0 106.70341492,10.80342007,0 106.70396423,10.80336666,0 106.70398712,10.80329323,0 106.70398712,10.80329323,0 106.70398712,10.80329323,0 106.70398712,10.80329323,0 106.70398712,10.80329323,0 106.70398712,10.80329323,0 106.70398712,10.80329323,0 106.70398712,10.80329323,0 106.70398712,10.80334568,0 106.70465851,10.80329704,0 106.70533752,10.80324841,0 106.70600891,10.80319977,0 106.7066803,10.80315113,0 106.70671082,10.80307674,0 106.70671082,10.80307674,0 106.70671082,10.80307674,0 106.70671082,10.80307674,0 106.70671082,10.80307674,0 106.70671082,10.80307674,0 106.70671082,10.80307674,0 106.70671082,10.80307674,0 106.70671844,10.80315113,0 106.70765686,10.80307865,0 106.70859528,10.80300617,0 106.70952606,10.80293369,0 106.71046448,10.80286121,0 106.71051025,10.80279255,0 106.71051025,10.80279255,0 106.71051025,10.80279255,0 106.71051025,10.80279255,0 106.71051025,10.80279255,0 106.71051025,10.80279255,0 106.71051025,10.80279255,0 106.71051025,10.80279255,0 106.71051025,10.80285549,0 106.71095276,10.80281639,0 106.71139526,10.80277729,0 106.71144104,10.80325127,0 106.7115097,10.80326176,0 106.7115097,10.80326176,0 106.7115097,10.80326176,0 106.7115097,10.80326176,0 106.7115097,10.80326176,0 106.7115097,10.80326176,0 106.71142578,10.80326653,0 106.7114563,10.80396748,0 106.71148682,10.80466843,0 106.71152496,10.80536652,0 106.71155548,10.80606461,0 106.71156311,10.80678463,0 106.71157074,10.8075037,0 106.71166229,10.80818367,0 106.71191406,10.80884743,0 106.71196747,10.80883121,0 106.71196747,10.80883121,0 106.71196747,10.80883121,0 106.71196747,10.80883121,0 106.71191406,10.8088522,0 106.71211243,10.80931568,0 106.7122345,10.80978012,0 106.71237183,10.81079197,0 106.71240997,10.81079102,0 106.71240997,10.81079102,0 106.71240997,10.81079102,0 106.71240997,10.81079102,0 106.71237946,10.81080246,0 106.71247864,10.81156158,0 106.71257019,10.81231976,0 106.71260834,10.81231976,0 106.71260834,10.81231976,0 106.71260834,10.81231976,0 106.7125473,10.81233501,0 106.71272278,10.81373692,0 106.71289063,10.81513882,0 106.7131424,10.81738853,0 106.71278381,10.81736755,0 106.71243286,10.81730938,0 106.71195221,10.81713009,0 106.71128845,10.8166399,0 106.71125793,10.81666088,0 106.71125793,10.81666088,0 106.71125793,10.81666088,0 106.71125793,10.81666088,0 106.71125793,10.81666088,0 106.71129608,10.81662464,0 106.71103668,10.81631374,0 106.71083832,10.81598663,0 106.71053314,10.8153677,0 106.71022797,10.81474876,0 106.70975494,10.81381607,0 106.71014404,10.81394291,0 106.71070099,10.81506443,0 106.71129608,10.81473255,0 106.71129608,10.81473255,0 106.71129608,10.81473255,0 106.71129608,10.81473255,0</coordinates>
        </LineString>
      </Placemark>
    </Folder>
    <Folder>
      <name>TUYẾN B 27: Bến xe buýt Sài Gòn - Bến xe An Sương</name>
      <Placemark>
        <name>B 27 (Lượt đi)</name>
        <description><![CDATA[&lt;b&gt;Tuyến:&lt;/b&gt; B 27 - Bến xe buýt Sài Gòn - Âu Cơ - Bến xe An Sương&lt;br/&gt;&lt;b&gt;Hành trình:&lt;/b&gt; Bến xe buýt Sài Gòn → Bến xe An Sương&lt;br/&gt;&lt;b&gt;Lượt:&lt;/b&gt; Lượt đi&lt;br/&gt;&lt;b&gt;Cự ly:&lt;/b&gt; 16.28 km (Định mức: 15 km)&lt;br/&gt;&lt;b&gt;Giờ hoạt động:&lt;/b&gt; 5:00 - 20:00&lt;br/&gt;&lt;b&gt;Thời gian chạy:&lt;/b&gt; 65 phút]]></description>
        <styleUrl>#style_route_5</styleUrl>
        <LineString>
          <tessellate>1</tessellate>
          <coordinates>106.68936157,10.76767635,0 106.68936157,10.76767635,0 106.68959808,10.76717472,0 106.69006348,10.76735687,0 106.69052124,10.76753902,0 106.69021606,10.76800251,0 106.68992615,10.76847172,0 106.68945313,10.76829243,0 106.68894196,10.76808643,0 106.688591,10.76769161,0 106.688591,10.76769161,0 106.688591,10.76769161,0 106.68840027,10.76723862,0 106.6882019,10.7667799,0 106.68778992,10.76694298,0 106.68778992,10.76694298,0 106.68694305,10.76731205,0 106.68608856,10.76768112,0 106.68525696,10.76805782,0 106.68442535,10.76843452,0 106.6840744,10.76805019,0 106.68372345,10.76766491,0 106.68365479,10.76772308,0 106.68365479,10.76772308,0 106.68370819,10.76766491,0 106.68308258,10.76699066,0 106.6824646,10.76631641,0 106.68238068,10.76639462,0 106.68238068,10.76639462,0 106.6824646,10.7663269,0 106.68214417,10.76600266,0 106.6818161,10.76567841,0 106.68159485,10.76570511,0 106.681427,10.76556778,0 106.68087769,10.76573658,0 106.680336,10.76590538,0 106.68036652,10.7659626,0 106.68036652,10.7659626,0 106.68034363,10.76589966,0 106.67920685,10.76624775,0 106.67807007,10.76659584,0 106.67810059,10.76667976,0 106.67810059,10.76667976,0 106.6780777,10.76659584,0 106.67686462,10.76697445,0 106.67563629,10.7673645,0 106.67566681,10.76742268,0 106.67566681,10.76742268,0 106.67564392,10.7673645,0 106.67514801,10.76751995,0 106.6746521,10.7676754,0 106.67449951,10.76790714,0 106.67424774,10.76790237,0 106.67404938,10.7677393,0 106.67355347,10.76776791,0 106.67304993,10.76779652,0 106.67304993,10.76786518,0 106.67304993,10.76786518,0 106.67304993,10.76778603,0 106.67222595,10.76782608,0 106.67139435,10.76786518,0 106.67056274,10.76790524,0 106.66973877,10.76794434,0 106.66973877,10.76802921,0 106.66973877,10.76802921,0 106.66973877,10.76794434,0 106.66898346,10.76798153,0 106.66822815,10.76802349,0 106.66783905,10.76815033,0 106.66668701,10.76752281,0 106.66551971,10.76690102,0 106.66459656,10.76637936,0 106.66366577,10.7658577,0 106.66272736,10.76536465,0 106.66178894,10.76487255,0 106.66174316,10.76497173,0 106.66174316,10.76497173,0 106.6618042,10.76487255,0 106.66096497,10.76441765,0 106.66012573,10.76396275,0 106.6592865,10.7635088,0 106.65844727,10.76305389,0 106.65840912,10.76311493,0 106.65840912,10.76311493,0 106.65844727,10.76307011,0 106.65795135,10.76280594,0 106.65746307,10.76254272,0 106.65686035,10.76265907,0 106.6565094,10.76313782,0 106.65616608,10.76361752,0 106.65621948,10.76365471,0 106.65621948,10.76365471,0 106.65615082,10.76362801,0 106.65581512,10.76410294,0 106.65547943,10.76457691,0 106.65513611,10.76505375,0 106.65480042,10.76553059,0 106.65484619,10.76556206,0 106.65484619,10.76556206,0 106.65480042,10.76553059,0 106.65416718,10.76641369,0 106.65354156,10.76729584,0 106.65361786,10.76734447,0 106.65361786,10.76734447,0 106.65361786,10.76734447,0 106.65361786,10.76734447,0 106.65361786,10.76734447,0 106.65351868,10.76731205,0 106.65318298,10.7678709,0 106.65284729,10.76842976,0 106.6529007,10.768466,0 106.6529007,10.768466,0 106.6529007,10.768466,0 106.6529007,10.768466,0 106.65283203,10.76844025,0 106.65245056,10.76906204,0 106.65197754,10.76915169,0 106.65154266,10.76960945,0 106.65159607,10.76964664,0 106.65159607,10.76964664,0 106.65154266,10.76960945,0 106.65110779,10.77019787,0 106.65067291,10.77078533,0 106.65029144,10.7713623,0 106.64990997,10.77193928,0 106.65000153,10.77199173,0 106.65000153,10.77199173,0 106.6499176,10.77193928,0 106.6495285,10.7725687,0 106.64914703,10.77319813,0 106.64875793,10.77378654,0 106.64837646,10.77437401,0 106.64842224,10.77439976,0 106.64842224,10.77439976,0 106.64836884,10.77436352,0 106.6477356,10.77523232,0 106.64709473,10.77607632,0 106.64716339,10.77611256,0 106.64716339,10.77611256,0 106.64709473,10.7760601,0 106.64624786,10.77721977,0 106.64546967,10.77833652,0 106.64552307,10.778368,0 106.64552307,10.778368,0 106.64546967,10.77832603,0 106.64502716,10.77899647,0 106.64458466,10.7796669,0 106.64411926,10.78031635,0 106.6436615,10.78096676,0 106.64370728,10.78098679,0 106.64370728,10.78098679,0 106.6436615,10.78096104,0 106.64335632,10.7814455,0 106.6431427,10.78195667,0 106.64290619,10.78246784,0 106.64271545,10.78297424,0 106.64278412,10.78299046,0 106.64278412,10.78299046,0 106.64272308,10.78296852,0 106.64253998,10.78356934,0 106.6423645,10.78417015,0 106.64215088,10.78474426,0 106.64193726,10.78531933,0 106.64199066,10.78533459,0 106.64199066,10.78533459,0 106.64192963,10.78530884,0 106.64172363,10.7858696,0 106.64151001,10.78643131,0 106.64113617,10.78728485,0 106.64118195,10.78728962,0 106.64118195,10.78728962,0 106.64113617,10.78727913,0 106.64089966,10.78803539,0 106.64066315,10.78879166,0 106.64041138,10.78953457,0 106.64015961,10.79027748,0 106.64022064,10.79029369,0 106.64022064,10.79029369,0 106.64022064,10.79029369,0 106.64015198,10.79027271,0 106.63983917,10.7911911,0 106.639534,10.79210854,0 106.63922119,10.79302692,0 106.63890839,10.79394531,0 106.63898468,10.79397202,0 106.63898468,10.79397202,0 106.63898468,10.79397202,0 106.63890839,10.79395103,0 106.63859558,10.79496193,0 106.63828278,10.79598427,0 106.63835144,10.79599953,0 106.63835144,10.79599953,0 106.63827515,10.79598427,0 106.63790131,10.79734898,0 106.63751984,10.79870415,0 106.63757324,10.79870892,0 106.63757324,10.79870892,0 106.63751984,10.79869843,0 106.63726044,10.79968071,0 106.63699341,10.80066395,0 106.63704681,10.80067444,0 106.63704681,10.80067444,0 106.63704681,10.80067444,0 106.63697815,10.80065823,0 106.63671112,10.80163383,0 106.63668823,10.80190754,0 106.63634491,10.80246639,0 106.6361084,10.80295563,0 106.63581848,10.80384159,0 106.63555908,10.8047266,0 106.63562775,10.80473232,0 106.63562775,10.80473232,0 106.63562775,10.80473232,0 106.63555145,10.80471611,0 106.6353302,10.80545139,0 106.63510895,10.80618572,0 106.63518524,10.80620193,0 106.63518524,10.80620193,0 106.63511658,10.80618095,0 106.6349411,10.80672932,0 106.63486481,10.80726147,0 106.63486481,10.80756664,0 106.63455963,10.80828857,0 106.63463593,10.80831432,0 106.63463593,10.80831432,0 106.63463593,10.80831432,0 106.63453674,10.80828857,0 106.63423157,10.80925274,0 106.63395691,10.81023788,0 106.63365173,10.81122112,0 106.63334656,10.81220436,0 106.63334656,10.81220436,0 106.63334656,10.81220436,0 106.63334656,10.81220436,0 106.63284302,10.81374741,0 106.63240051,10.81526852,0 106.63193512,10.81680012,0 106.6314621,10.81833172,0 106.6314621,10.81833172,0 106.6314621,10.81833172,0 106.6314621,10.81833172,0 106.63121033,10.81916523,0 106.63095856,10.81999969,0 106.63070679,10.82083321,0 106.63045502,10.82166672,0 106.6301651,10.82242012,0 106.63025665,10.82245159,0 106.63025665,10.82245159,0 106.63025665,10.82245159,0 106.63014984,10.82243061,0 106.62980652,10.82309532,0 106.6292572,10.82365322,0 106.62804413,10.82470703,0 106.62689209,10.82580853,0 106.62574005,10.82691002,0 106.6258316,10.82695675,0 106.6258316,10.82695675,0 106.62575531,10.82691002,0 106.62539673,10.82731533,0 106.62508392,10.82772064,0 106.62480164,10.82815266,0 106.62451935,10.82858467,0 106.62459564,10.82862663,0 106.62459564,10.82862663,0 106.62448883,10.8285799,0 106.62399292,10.82936001,0 106.62349701,10.83013916,0 106.6230011,10.83090878,0 106.62250519,10.83167839,0 106.62201691,10.83244228,0 106.621521,10.83320618,0 106.62102509,10.83397007,0 106.62052917,10.83473396,0 106.6206131,10.83478069,0 106.6206131,10.83478069,0 106.62052155,10.83473873,0 106.61995697,10.83561897,0 106.61940002,10.83649921,0 106.61885071,10.83733177,0 106.61830139,10.8381691,0 106.61840057,10.83822155,0 106.61840057,10.83822155,0 106.61840057,10.83822155,0 106.61828613,10.8381424,0 106.6179657,10.83863163,0 106.61765289,10.83911991,0 106.61734009,10.83960915,0 106.61701965,10.84009743,0 106.61670685,10.84059238,0 106.61639404,10.84108829,0 106.61608887,10.84158611,0 106.61577606,10.84208393,0 106.61547089,10.84256554,0 106.61516571,10.8430481,0 106.61483765,10.84353256,0 106.61450958,10.84401703,0 106.61421204,10.84451294,0 106.61390686,10.8450079,0 106.61360931,10.84550285,0 106.61330414,10.84599876,0 106.61335754,10.846035,0 106.61335754,10.846035,0 106.61335754,10.846035,0 106.61328888,10.84598732,0 106.61288452,10.84662819,0 106.61248016,10.8472681,0 106.61236572,10.84719467,0 106.6128006,10.84649181,0 106.61323547,10.84578991,0 106.61367035,10.84508801,0 106.61410522,10.8443861,0 106.61368561,10.8441124,0 106.6133728,10.8437376,0</coordinates>
        </LineString>
      </Placemark>
      <Placemark>
        <name>B 27 (Lượt về)</name>
        <description><![CDATA[&lt;b&gt;Tuyến:&lt;/b&gt; B 27 - Bến xe buýt Sài Gòn - Âu Cơ - Bến xe An Sương&lt;br/&gt;&lt;b&gt;Hành trình:&lt;/b&gt; Bến xe An Sương → Bến xe buýt Sài Gòn&lt;br/&gt;&lt;b&gt;Lượt:&lt;/b&gt; Lượt về&lt;br/&gt;&lt;b&gt;Cự ly:&lt;/b&gt; 15.29 km (Định mức: 15 km)&lt;br/&gt;&lt;b&gt;Giờ hoạt động:&lt;/b&gt; 5:00 - 20:00&lt;br/&gt;&lt;b&gt;Thời gian chạy:&lt;/b&gt; 65 phút]]></description>
        <styleUrl>#style_route_5</styleUrl>
        <LineString>
          <tessellate>1</tessellate>
          <coordinates>106.6133728,10.8437376,0 106.61418152,10.84418106,0 106.61734772,10.83889103,0 106.61734772,10.83889103,0 106.61751556,10.83894348,0 106.6203537,10.83460712,0 106.62020874,10.83449745,0 106.62020874,10.83449745,0 106.62020874,10.83449745,0 106.62033844,10.83462811,0 106.62194061,10.83214664,0 106.62179565,10.83201981,0 106.62179565,10.83201981,0 106.62179565,10.83201981,0 106.62179565,10.83201981,0 106.62197876,10.83206749,0 106.62510681,10.82725239,0 106.62592316,10.82639885,0 106.62586212,10.82623959,0 106.62586212,10.82623959,0 106.62586212,10.82623959,0 106.62586212,10.82623959,0 106.62600708,10.82635117,0 106.62802124,10.82440186,0 106.62945557,10.82314205,0 106.62996674,10.82238388,0 106.62982178,10.82231522,0 106.62982178,10.82231522,0 106.62982178,10.82231522,0 106.62982178,10.82231522,0 106.62982178,10.82231522,0 106.62982178,10.82231522,0 106.62992859,10.8223629,0 106.63041687,10.82091904,0 106.63085175,10.81945419,0 106.63061523,10.81938553,0 106.63061523,10.81938553,0 106.63061523,10.81938553,0 106.63061523,10.81938553,0 106.63061523,10.81938553,0 106.63082123,10.81945419,0 106.63124084,10.81818676,0 106.63166809,10.81691933,0 106.63201904,10.81568718,0 106.63237762,10.81445503,0 106.63237762,10.81445503,0 106.63259888,10.81373405,0 106.63282013,10.81301308,0 106.63304138,10.8122921,0 106.633255,10.81157112,0 106.63346863,10.81084919,0 106.63368988,10.81012726,0 106.63394165,10.80940533,0 106.63414001,10.80870533,0 106.63401794,10.80868912,0 106.63401794,10.80868912,0 106.63414001,10.80871582,0 106.63453674,10.80748463,0 106.63493346999999,10.80625439,0 106.63477325,10.80621243,0 106.63477325,10.80621243,0 106.63495636,10.80626011,0 106.63519287,10.80554581,0 106.63542938,10.8048315,0 106.63526917,10.80480003,0 106.63526917,10.80480003,0 106.63542175,10.8048315,0 106.63574982,10.80381012,0 106.63608551,10.80279255,0 106.63667297,10.80179691,0 106.63677216,10.80128288,0 106.63687134,10.80076885,0 106.6368103,10.80075932,0 106.6368103,10.80075932,0 106.63687134,10.80076885,0 106.63704681,10.80013657,0 106.63721466,10.79950428,0 106.63739777,10.7988615,0 106.63758087,10.79822445,0 106.63749695,10.7982111,0 106.63749695,10.7982111,0 106.63749695,10.7982111,0 106.63755798,10.79822445,0 106.63791656,10.79697227,0 106.63827515,10.79572105,0 106.63848114,10.79501534,0 106.63869476,10.79431438,0 106.63861847,10.79428291,0 106.63861847,10.79428291,0 106.63861847,10.79428291,0 106.63861847,10.79428291,0 106.63868713,10.79429817,0 106.63909912,10.79309464,0 106.63951111,10.79189014,0 106.63991547,10.79068851,0 106.64032745,10.78948689,0 106.64025116,10.7894659,0 106.64025116,10.7894659,0 106.64032745,10.78948689,0 106.64080048,10.78805447,0 106.64129639,10.78662586,0 106.64123535,10.78660488,0 106.64123535,10.78660488,0 106.64123535,10.78660488,0 106.64123535,10.78660488,0 106.64130402,10.78663158,0 106.64154053,10.78607273,0 106.64181519,10.78535557,0 106.64208984,10.78463936,0 106.64240265,10.78373241,0 106.64233398,10.78371239,0 106.64233398,10.78371239,0 106.64233398,10.78371239,0 106.64233398,10.78371239,0 106.64240265,10.78372192,0 106.64263153,10.78294277,0 106.64294434,10.78216267,0 106.64329529,10.78139877,0 106.64376068,10.78066635,0 106.64369965,10.78062344,0 106.64369965,10.78062344,0 106.64378357,10.78067684,0 106.64421082,10.7800312,0 106.64463806,10.77938557,0 106.64505005,10.7787714,0 106.64546204,10.77815723,0 106.64533234,10.77809429,0 106.64533234,10.77809429,0 106.64546967,10.77817345,0 106.64593506,10.77751732,0 106.64640045,10.77686119,0 106.64689636,10.77620792,0 106.64738464,10.77555466,0 106.64723969,10.77545929,0 106.64723969,10.77545929,0 106.64738464,10.77555943,0 106.64772034,10.77510643,0 106.64805603,10.77465343,0 106.64850616,10.7740097,0 106.64891052,10.77335644,0 106.64886475,10.77332973,0 106.64886475,10.77332973,0 106.64893341,10.77335644,0 106.64929962,10.77275372,0 106.64966583,10.77215004,0 106.6500473,10.77155113,0 106.6504364,10.77095318,0 106.6504364,10.77095318,0 106.65047455,10.77097511,0 106.65155792,10.76951504,0 106.6515274,10.76948261,0 106.6515274,10.76948261,0 106.65185547,10.76908779,0 106.6518631,10.76887703,0 106.65206146,10.76881886,0 106.6522522,10.76873016,0 106.65241241,10.76871872,0 106.65270233,10.76845551,0 106.65337372,10.76733017,0 106.65335846,10.76728058,0 106.65335846,10.76728058,0 106.65341949,10.76730156,0 106.65463257,10.76555157,0 106.65461731,10.76548386,0 106.65461731,10.76548386,0 106.65461731,10.76548386,0 106.65467072,10.76550484,0 106.65632629,10.76320171,0 106.65631866,10.76311684,0 106.65631866,10.76311684,0 106.65631866,10.76311684,0 106.65634918,10.76315403,0 106.65703583,10.76216888,0 106.65786743,10.76261139,0 106.65788269,10.7625742,0 106.65788269,10.7625742,0 106.65785217,10.76261139,0 106.65865326,10.76304913,0 106.65945435,10.76348591,0 106.6602478,10.76392365,0 106.66104889,10.76436043,0 106.66107941,10.7643404,0 106.66107941,10.7643404,0 106.66106415,10.76437664,0 106.66195679,10.76484585,0 106.66284943,10.76531506,0 106.66372681,10.76578617,0 106.66461182,10.76625824,0 106.66462708,10.76623154,0 106.66462708,10.76623154,0 106.66459656,10.76626873,0 106.66625214,10.76716423,0 106.66784668,10.7680397,0 106.66820526,10.76791286,0 106.66930389,10.76786518,0 106.67040253,10.76781845,0 106.67037964,10.76776505,0 106.67037964,10.76776505,0 106.67037964,10.76781845,0 106.67185974,10.76774693,0 106.67333221,10.7676754,0 106.6733551,10.76762295,0 106.6733551,10.76762295,0 106.67337036,10.76767063,0 106.67410278,10.76764393,0 106.67433167,10.76741791,0 106.67461395,10.7675705,0 106.67559052,10.7672596,0 106.67557526,10.7671957,0 106.67557526,10.7671957,0 106.67559052,10.76724911,0 106.67670441,10.76691437,0 106.6778183,10.76657963,0 106.67779541,10.76652241,0 106.67779541,10.76652241,0 106.6778183,10.76657963,0 106.67913055,10.76617622,0 106.68045044,10.76577282,0 106.68045044,10.76570988,0 106.68045044,10.76570988,0 106.68048859,10.76576233,0 106.68135834,10.76548862,0 106.68143463,10.7652092,0 106.68170929,10.76515102,0 106.68186951,10.76530933,0 106.68187714,10.76555729,0 106.68271637,10.76608944,0 106.68280029,10.76601982,0 106.68280029,10.76601982,0 106.68280029,10.76601982,0 106.68270874,10.76614761,0 106.68502808,10.76765442,0 106.68508148,10.7675972,0 106.68508148,10.7675972,0 106.68505859,10.7676754,0 106.68544769,10.76790237,0 106.6876297,10.7669487,0 106.68765259,10.76686287,0 106.68765259,10.76686287,0 106.68765259,10.76686287,0 106.68765259,10.76686287,0 106.68768311,10.76690102,0 106.6882019,10.76672745,0 106.68822479,10.7666111,0 106.68838501,10.76663208,0 106.68834686,10.76686954,0 106.68842316,10.76714325,0 106.68894958,10.76800728,0 106.68925476,10.76811314,0 106.68932343,10.76779652,0 106.68936157,10.76767635,0 106.68936157,10.76767635,0</coordinates>
        </LineString>
      </Placemark>
    </Folder>
    <Folder>
      <name>TUYẾN B 30: Chợ Tân Hương - Bến xe buýt Văn Thánh</name>
      <Placemark>
        <name>B 30 (Lượt đi)</name>
        <description><![CDATA[&lt;b&gt;Tuyến:&lt;/b&gt; B 30 - Chợ Tân Hương - Bến xe buýt Văn Thánh&lt;br/&gt;&lt;b&gt;Hành trình:&lt;/b&gt; Cư xá Nhiêu Lộc → Bến xe Văn Thánh&lt;br/&gt;&lt;b&gt;Lượt:&lt;/b&gt; Lượt đi&lt;br/&gt;&lt;b&gt;Cự ly:&lt;/b&gt; 18.38 km (Định mức: 18 km)&lt;br/&gt;&lt;b&gt;Giờ hoạt động:&lt;/b&gt; 5:00 - 22:00&lt;br/&gt;&lt;b&gt;Thời gian chạy:&lt;/b&gt; 50 phút]]></description>
        <styleUrl>#style_route_6</styleUrl>
        <LineString>
          <tessellate>1</tessellate>
          <coordinates>106.62205505,10.78761673,0 106.62205505,10.78761673,0 106.62207031,10.78765869,0 106.62241364,10.78756428,0 106.62245941,10.78769016,0 106.62197113,10.78784275,0 106.62199402,10.78788471,0 106.62199402,10.78788471,0 106.62199402,10.78788471,0 106.62199402,10.78788471,0 106.62199402,10.78788471,0 106.62197876,10.78784275,0 106.62179565,10.78790665,0 106.62114716,10.78838062,0 106.62098694,10.7884388,0 106.61994171,10.78839684,0 106.61889648,10.78829193,0 106.61889648,10.78829193,0 106.61889648,10.78829193,0 106.61889648,10.78829193,0 106.61889648,10.78829193,0 106.61889648,10.78829193,0 106.61889648,10.78829193,0 106.61813354,10.78824329,0 106.61736298,10.78816509,0 106.61714935,10.78881264,0 106.6169281,10.78946114,0 106.61762238,10.7895956,0 106.61830902,10.78973007,0 106.61833954,10.78967667,0 106.61833954,10.78967667,0 106.61833954,10.78967667,0 106.61833954,10.78967667,0 106.61833954,10.78972435,0 106.61917877,10.78990364,0 106.62002563,10.79005623,0 106.62084198,10.79019356,0 106.62167358,10.7900877,0 106.62166595,10.79004574,0 106.62166595,10.79004574,0 106.62167358,10.79007721,0 106.62312317,10.78991985,0 106.62458038,10.78973484,0 106.62456512,10.78968143,0 106.62456512,10.78968143,0 106.62456512,10.78968143,0 106.62457275,10.78971004,0 106.6246109,10.78974056,0 106.62585449,10.78953552,0 106.62709045,10.78932953,0 106.62815857,10.79013538,0 106.62825012,10.79034996,0 106.62827301,10.79034328,0 106.62827301,10.79034328,0 106.62827301,10.79034328,0 106.62841034,10.79088497,0 106.62854767,10.79142666,0 106.62869263,10.79197216,0 106.62882996,10.79251766,0 106.62889099,10.79251099,0 106.62889099,10.79251099,0 106.62882996,10.79252243,0 106.62892151,10.7928915,0 106.63017273,10.79269695,0 106.63142395,10.79249191,0 106.63142395,10.79249191,0 106.63142395,10.79251766,0 106.63239288,10.79236412,0 106.63334656,10.79221725,0 106.63333893,10.79218769,0 106.63333893,10.79218769,0 106.63334656,10.79222202,0 106.63504791,10.79194832,0 106.63676453,10.79168987,0 106.63674927,10.79166412,0 106.63674927,10.79166412,0 106.63674927,10.79166412,0 106.63676453,10.79169559,0 106.63761139,10.79156399,0 106.63780975,10.79290199,0 106.63807678,10.79454613,0 106.63811493,10.79454136,0 106.63811493,10.79454136,0 106.63811493,10.79454136,0 106.63808441,10.79454041,0 106.63822174,10.79525757,0 106.63840485,10.79524136,0 106.63870239,10.79430866,0 106.63861847,10.79428291,0 106.63861847,10.79428291,0 106.63871765,10.79430389,0 106.63925934,10.79270744,0 106.63961792,10.79281807,0 106.63994598,10.79297066,0 106.64014435,10.79318142,0 106.64061737,10.7948513,0 106.64065552,10.79484367,0 106.64065552,10.79484367,0 106.64060974,10.79485703,0 106.64112091,10.79639053,0 106.64160156,10.79792881,0 106.64167786,10.79789829,0 106.64167786,10.79789829,0 106.64167786,10.79789829,0 106.64167786,10.79789829,0 106.6415863,10.79791832,0 106.64194489,10.79897213,0 106.64312744,10.7983427,0 106.64430237,10.79771328,0 106.64427185,10.79767609,0 106.64426422,10.7976656,0 106.64426422,10.7976656,0 106.64426422,10.7976656,0 106.64426422,10.7976656,0 106.64426422,10.7976656,0 106.64430237,10.79772377,0 106.64528656,10.79719925,0 106.64626312,10.79667473,0 106.64621735,10.79660606,0 106.64621735,10.79660606,0 106.64621735,10.79660606,0 106.64621735,10.79660606,0 106.64621735,10.79660606,0 106.64624786,10.79669094,0 106.64778137,10.79586887,0 106.64931488,10.79504681,0 106.64926147,10.79497814,0 106.64926147,10.79497814,0 106.64926147,10.79497814,0 106.64926147,10.79497814,0 106.64926147,10.79497814,0 106.64932251,10.79504681,0 106.65037537,10.79448318,0 106.65142059,10.79391861,0 106.65136719,10.79385567,0 106.65136719,10.79385567,0 106.65136719,10.79385567,0 106.65136719,10.79385567,0 106.65136719,10.79385567,0 106.65136719,10.79385567,0 106.65143585,10.79390335,0 106.65278625,10.79318428,0 106.65413666,10.79246426,0 106.65412903,10.79239082,0 106.65412903,10.79239082,0 106.65412903,10.79239082,0 106.65412903,10.79239082,0 106.65412903,10.79239082,0 106.65419006,10.79243279,0 106.65589142,10.79154205,0 106.65588379,10.7914629,0 106.65588379,10.7914629,0 106.65588379,10.7914629,0 106.65588379,10.7914629,0 106.65588379,10.7914629,0 106.65593719,10.7915163,0 106.65720367,10.7908392,0 106.65847778,10.79016209,0 106.65846252,10.7901144,0 106.65846252,10.7901144,0 106.65846252,10.7901144,0 106.65846252,10.7901144,0 106.65849304,10.79016209,0 106.65955353,10.78959274,0 106.66062164,10.7890234,0 106.66170502,10.78845692,0 106.66278839,10.78789043,0 106.66274261,10.78785038,0 106.66274261,10.78785038,0 106.66277313,10.78788567,0 106.66425323,10.78708935,0 106.6657486,10.78629875,0 106.6672287,10.78550911,0 106.66871643,10.78471851,0 106.66868591,10.78467083,0 106.66868591,10.78467083,0 106.66868591,10.78467083,0 106.66874695,10.78472328,0 106.66973877,10.78419209,0 106.67073059,10.78366184,0 106.67173004,10.78313065,0 106.67272186,10.78259945,0 106.67269897,10.7825346,0 106.67269897,10.7825346,0 106.67269897,10.7825346,0 106.67269897,10.7825346,0 106.67269897,10.7825346,0 106.67269897,10.7825346,0 106.67273712,10.7825737,0 106.67389679,10.7819519,0 106.67505646,10.78133011,0 106.67506409,10.78124046,0 106.67506409,10.78124046,0 106.67506409,10.78124046,0 106.67506409,10.78124046,0 106.67510223,10.78128242,0 106.67584229,10.78090286,0 106.67657471,10.7805233,0 106.67657471,10.78043461,0 106.67657471,10.78043461,0 106.67657471,10.78043461,0 106.67657471,10.78043461,0 106.67657471,10.78043461,0 106.67657471,10.78043461,0 106.67657471,10.78043461,0 106.67660522,10.78049755,0 106.67762756,10.77995014,0 106.67865753,10.77940178,0 106.6796875,10.77885342,0 106.68070984,10.77830505,0 106.68070221,10.77820492,0 106.68070221,10.77820492,0 106.68070221,10.77820492,0 106.68070221,10.77820492,0 106.68074036,10.77826786,0 106.68136597,10.7779417,0 106.68145752,10.77763557,0 106.68171692,10.77750969,0 106.68197632,10.77767754,0 106.68251801,10.77733517,0 106.68245697,10.77721882,0 106.68245697,10.77721882,0 106.68253326,10.77733517,0 106.6836853,10.77667141,0 106.68409729,10.77704048,0 106.68414307,10.77700901,0 106.68414307,10.77700901,0 106.68414307,10.77700901,0 106.68414307,10.77700901,0 106.68410492,10.77706146,0 106.68476868,10.77768612,0 106.68543243,10.77831078,0 106.68547058,10.77825546,0 106.68547058,10.77825546,0 106.68547058,10.77825546,0 106.68547058,10.77825546,0 106.68547058,10.77825546,0 106.68547058,10.77825546,0 106.68545532,10.77832127,0 106.68598938,10.7788229,0 106.68651581,10.77932549,0 106.68704987,10.77982712,0 106.68757629,10.78032875,0 106.68762207,10.78028584,0 106.68762207,10.78028584,0 106.68762207,10.78028584,0 106.68762207,10.78028584,0 106.68762207,10.78028584,0 106.68762207,10.78028584,0 106.68759918,10.78035545,0 106.68827057,10.78100204,0 106.68894196,10.78164959,0 106.68961334,10.78229618,0 106.69028473,10.78294277,0 106.69036865,10.7828722,0 106.69036865,10.7828722,0 106.69036865,10.7828722,0 106.69036865,10.7828722,0 106.69036865,10.7828722,0 106.69036865,10.7828722,0 106.69036865,10.7828722,0 106.69029236,10.78297424,0 106.6907959,10.78347778,0 106.69129944,10.78398132,0 106.69180298,10.78448391,0 106.69230652,10.78500843,0 106.69237518,10.78496456,0 106.69237518,10.78496456,0 106.69237518,10.78496456,0 106.69237518,10.78496456,0 106.69237518,10.78496456,0 106.69231415,10.78499794,0 106.69281006,10.78553486,0 106.6934433,10.78493404,0 106.69337463,10.78482437,0 106.69337463,10.78482437,0 106.69337463,10.78482437,0 106.69348145,10.78491879,0 106.69436646,10.78410244,0 106.69524384,10.78328514,0 106.69519806,10.78321075,0 106.69519806,10.78321075,0 106.69519806,10.78321075,0 106.69525146,10.78324318,0 106.69554138,10.7829895,0 106.69552612,10.78261566,0 106.69568634,10.78236771,0 106.69591522,10.78227806,0 106.69622803,10.78233147,0 106.6967926,10.78174114,0 106.6967926,10.78174114,0 106.69722748,10.7813797,0 106.69722748,10.7813797,0 106.69782257,10.78085709,0 106.69841003,10.78033352,0 106.69839478,10.78020763,0 106.69853973,10.78019142,0 106.69857025,10.78034973,0 106.69905853,10.78089809,0 106.69905853,10.78089809,0 106.69959259,10.78149319,0 106.70062256,10.78258896,0 106.70219421,10.7842598,0 106.70230103,10.78417015,0 106.70230103,10.78417015,0 106.70230103,10.78417015,0 106.70230103,10.78417015,0 106.70223236,10.78424358,0 106.70257568,10.78461456,0 106.70292664,10.78498554,0 106.70326996,10.78535652,0 106.70361328,10.7857275,0 106.70396423,10.78609753,0 106.70430756,10.78646851,0 106.70465851,10.78683949,0 106.70500183,10.78721046,0 106.70556641,10.78673172,0 106.70600891,10.78631496,0 106.70645905,10.78592014,0 106.70680237,10.78556442,0 106.70717621,10.7852354,0 106.70754242,10.78490543,0 106.70791626,10.78457642,0 106.70804596,10.7844286,0 106.70834351,10.78480339,0 106.70857239,10.78510857,0 106.70862579,10.7850771,0 106.70862579,10.7850771,0 106.70862579,10.7850771,0 106.70862579,10.7850771,0 106.70856476,10.78509808,0 106.70898438,10.78592014,0 106.70948029,10.78719997,0 106.70993042,10.78833294,0 106.7102356,10.78880215,0 106.71047211,10.78902912,0 106.71073914,10.78918171,0 106.71077728,10.78911304,0 106.71077728,10.78911304,0 106.71077728,10.78911304,0 106.71077728,10.78911304,0 106.71077728,10.78911304,0 106.71077728,10.78911304,0 106.71074677,10.7891922,0 106.71116638,10.78941345,0 106.71214294,10.7895031,0 106.71350861,10.78927612,0 106.71485901,10.78899193,0 106.71575928,10.78896046,0 106.71666718,10.78927612,0 106.71765137,10.78997231,0 106.71805573,10.79039383,0 106.71828461,10.79099464,0 106.71834564,10.7921381,0 106.71838379,10.79326534,0 106.71844482,10.7932663,0 106.71844482,10.7932663,0 106.71844482,10.7932663,0 106.71844482,10.7932663,0 106.71844482,10.7932663,0 106.71844482,10.7932663,0 106.71844482,10.7932663,0 106.71844482,10.7932663,0 106.71844482,10.7932663,0 106.71837616,10.79326534,0 106.71837616,10.79447746,0 106.71839905,10.79497814,0 106.71852112,10.79536819,0 106.71875763,10.79576874,0 106.7191391,10.79607964,0 106.71949005,10.79635334,0 106.71987152,10.79665375,0 106.71990967,10.7966013,0 106.71990967,10.7966013,0 106.71990967,10.7966013,0 106.71990967,10.7966013,0 106.71990967,10.7966013,0 106.71990967,10.7966013,0 106.71990967,10.7966013,0 106.72040558,10.79714966,0 106.72076416,10.79743385,0 106.72123718,10.79747581,0 106.72239685,10.79742336,0 106.723526,10.79740238,0 106.72396088,10.79758167,0 106.72447205,10.79789257,0 106.72457123,10.79823494,0 106.72450256,10.79859257,0 106.72439575,10.79884624,0 106.72415161,10.79903603,0 106.72385406,10.79910374,0 106.72356415,10.79913044,0 106.72221375,10.79898262,0 106.72221375,10.79905319,0 106.72221375,10.79905319,0 106.72221375,10.79905319,0 106.72221375,10.79905319,0 106.72221375,10.79905319,0 106.72221375,10.79905319,0 106.72221375,10.79905319,0 106.72221375,10.79905319,0 106.72221375,10.79905319,0 106.72221375,10.79905319,0 106.72221375,10.79905319,0 106.72221375,10.79905319,0 106.72221375,10.79905319,0 106.72222137,10.79903603,0 106.72169495,10.79894638,0 106.72104645,10.79863548,0 106.72055054,10.79850388,0 106.72009277,10.79859257,0 106.71957397,10.79889297,0 106.71957397,10.79889297,0 106.71957397,10.79889297,0 106.71957397,10.79889297,0 106.71957397,10.79889297,0 106.71957397,10.79889297,0 106.71957397,10.79889297,0 106.71957397,10.79889297,0 106.71957397,10.79889297,0 106.71957397,10.79889297,0 106.71957397,10.79889297,0 106.71957397,10.79889297,0 106.71957397,10.79889297,0 106.71957397,10.79889297,0 106.71957397,10.79889297,0 106.71920013,10.79916763,0 106.71879578,10.79939365,0 106.71797943,10.79985809,0 106.71826172,10.80035782,0 106.71850586,10.80086899,0 106.71800232,10.80109882,0 106.71749878,10.80131721,0 106.71749878,10.80131721,0 106.71749878,10.80131721,0 106.71749878,10.80131721,0 106.71749878,10.80131721,0</coordinates>
        </LineString>
      </Placemark>
      <Placemark>
        <name>B 30 (Lượt về)</name>
        <description><![CDATA[&lt;b&gt;Tuyến:&lt;/b&gt; B 30 - Chợ Tân Hương - Bến xe buýt Văn Thánh&lt;br/&gt;&lt;b&gt;Hành trình:&lt;/b&gt; Bến xe Văn Thánh → Cư xá Nhiêu Lộc&lt;br/&gt;&lt;b&gt;Lượt:&lt;/b&gt; Lượt về&lt;br/&gt;&lt;b&gt;Cự ly:&lt;/b&gt; 19.93 km (Định mức: 18 km)&lt;br/&gt;&lt;b&gt;Giờ hoạt động:&lt;/b&gt; 5:00 - 22:00&lt;br/&gt;&lt;b&gt;Thời gian chạy:&lt;/b&gt; 50 phút]]></description>
        <styleUrl>#style_route_6</styleUrl>
        <LineString>
          <tessellate>1</tessellate>
          <coordinates>106.71749878,10.80131721,0 106.71749878,10.80131721,0 106.71749878,10.80131721,0 106.71846771,10.80090618,0 106.71820068,10.80039024,0 106.71792603,10.79989433,0 106.71722412,10.80022621,0 106.71722412,10.8002739,0 106.71722412,10.8002739,0 106.71722412,10.8002739,0 106.71722412,10.8002739,0 106.71722412,10.8002739,0 106.71722412,10.8002739,0 106.71722412,10.8002739,0 106.71722412,10.8002739,0 106.71686554,10.80035305,0 106.7165451,10.80042171,0 106.71604919,10.80069065,0 106.71582794,10.80087471,0 106.71485901,10.80122757,0 106.71485901,10.80122757,0 106.71485901,10.80122757,0 106.71485901,10.80122757,0 106.71485901,10.80122757,0 106.71485901,10.80122757,0 106.71485901,10.80122757,0 106.71485901,10.80122757,0 106.71485901,10.80122757,0 106.71485901,10.80122757,0 106.71392822,10.80148602,0 106.71337891,10.80161762,0 106.71283722,10.80169678,0 106.71283722,10.80169678,0 106.71283722,10.80169678,0 106.71283722,10.80169678,0 106.71283722,10.80169678,0 106.71283722,10.80169678,0 106.71283722,10.80169678,0 106.71266937,10.80163383,0 106.71160889,10.80163383,0 106.71129608,10.80171776,0 106.71104431,10.80148029,0 106.71124268,10.80117989,0 106.71173096,10.80125904,0 106.71273041,10.8012228,0 106.71427917,10.80091667,0 106.71425629,10.80082703,0 106.71425629,10.80082703,0 106.71425629,10.80082703,0 106.71429443,10.80084801,0 106.71552277,10.80044746,0 106.7159729,10.8004055,0 106.71647644,10.80016327,0 106.71681976,10.7998476,0 106.71740723,10.79953098,0 106.71740723,10.79953098,0 106.71775818,10.79939938,0 106.71858978,10.79891968,0 106.71907043,10.7986145,0 106.71949768,10.79852486,0 106.71949768,10.79852486,0 106.71998596,10.79813957,0 106.72015381,10.79789734,0 106.72013092,10.79764462,0 106.71971893,10.79718113,0 106.71924591,10.79668522,0 106.71809387,10.79526711,0 106.7182312,10.79522991,0 106.71817017,10.79491043,0 106.71813965,10.79345036,0 106.71810913,10.79109001,0 106.71807098,10.79090977,0 106.71797943,10.79067039,0 106.71787262,10.79045963,0 106.71766663,10.79020023,0 106.71743011,10.78997993,0 106.71724701,10.78985977,0 106.71675873,10.7896204,0 106.71650696,10.78950024,0 106.71645355,10.78946972,0 106.71595001,10.78925037,0 106.71552277,10.78913975,0 106.71533203,10.78911972,0 106.71498871,10.78911018,0 106.71450043,10.7891798,0 106.71424103,10.78921986,0 106.71385956,10.78936958,0 106.71199799,10.78964996,0 106.71166229,10.78966999,0 106.71134186,10.78962994,0 106.71112823,10.78958035,0 106.71067047,10.78938007,0 106.71064758,10.78936958,0 106.71052551,10.78947735,0 106.71052551,10.78947735,0 106.71055603,10.78942966,0 106.71001434,10.78901291,0 106.70964813,10.78841209,0 106.70903015,10.78688431,0 106.70871735,10.78602505,0 106.70857239,10.78548241,0 106.70825958,10.78494453,0 106.7075882,10.78412247,0 106.70755768,10.78414917,0 106.70755768,10.78414917,0 106.70755768,10.78414917,0 106.70755768,10.78414917,0 106.70755768,10.78414917,0 106.70755768,10.78414917,0 106.70759583,10.78412247,0 106.7068634,10.78331089,0 106.70616913,10.78247356,0 106.7052536,10.78336048,0 106.70478058,10.78377247,0 106.70429993,10.7842226,0 106.70436096,10.78428555,0 106.70436096,10.78428555,0 106.70436096,10.78428555,0 106.70436096,10.78428555,0 106.70436096,10.78428555,0 106.70436096,10.78428555,0 106.70430756,10.7842226,0 106.70372772,10.78474712,0 106.70314789,10.78527164,0 106.70263672,10.78474712,0 106.7021637,10.78423882,0 106.70211792,10.78427982,0 106.70211792,10.78427982,0 106.70211792,10.78427982,0 106.70211792,10.78427982,0 106.70211792,10.78427982,0 106.70211792,10.78427982,0 106.70211792,10.78427982,0 106.70211792,10.78427982,0 106.70211792,10.78427982,0 106.7021637,10.78422832,0 106.70132446,10.78335857,0 106.70050049,10.78249454,0 106.69967651,10.78159904,0 106.69887543,10.78073406,0 106.69870758,10.78091431,0 106.69870758,10.78091431,0 106.69870758,10.78091431,0 106.69870758,10.78091431,0 106.69870758,10.78091431,0 106.69888306,10.78077698,0 106.69845581,10.78034401,0 106.69722748,10.78149319,0 106.69722748,10.78149319,0 106.69722748,10.78149319,0 106.69722748,10.78149319,0 106.69684601,10.78182507,0 106.69687653,10.78186226,0 106.69687653,10.78186226,0 106.69687653,10.78186226,0 106.69683075,10.78180981,0 106.69618988,10.78236294,0 106.69631958,10.78249931,0 106.69635773,10.7826786,0 106.69631958,10.78285313,0 106.69622803,10.78299999,0 106.6960907,10.78306866,0 106.69593811,10.78311062,0 106.69576263,10.78307438,0 106.69558716,10.78297901,0 106.69452667,10.78398037,0 106.69457245,10.78401184,0 106.69457245,10.78401184,0 106.69457245,10.78401184,0 106.69457245,10.78401184,0 106.69457245,10.78401184,0 106.6945343,10.7839756,0 106.69393158,10.78452873,0 106.6933136,10.78509235,0 106.69335175,10.78514004,0 106.69335175,10.78514004,0 106.69335175,10.78514004,0 106.69335175,10.78514004,0 106.69335175,10.78514004,0 106.69329834,10.78510857,0 106.69248199,10.78582764,0 106.69166565,10.78654671,0 106.6917038,10.78658867,0 106.6917038,10.78658867,0 106.6917038,10.78658867,0 106.6917038,10.78658867,0 106.69165802,10.78654671,0 106.69111633,10.78702068,0 106.69097137,10.7868681,0 106.69091797,10.78691578,0 106.69091797,10.78691578,0 106.69091797,10.78691578,0 106.69091797,10.78691578,0 106.69091797,10.78691578,0 106.69095612,10.78688431,0 106.69031525,10.78621006,0 106.68966675,10.78553486,0 106.68961334,10.78558254,0 106.68961334,10.78558254,0 106.68961334,10.78558254,0 106.68961334,10.78558254,0 106.68961334,10.78558254,0 106.68961334,10.78558254,0 106.68961334,10.78558254,0 106.68966675,10.78553009,0 106.68861389,10.78450298,0 106.68756866,10.78347492,0 106.68751526,10.7835331,0 106.68751526,10.7835331,0 106.68751526,10.7835331,0 106.68751526,10.7835331,0 106.68751526,10.7835331,0 106.68756866,10.78348541,0 106.68693542,10.7828474,0 106.68630219,10.78222561,0 106.68624115,10.78229427,0 106.68624115,10.78229427,0 106.68624115,10.78229427,0 106.68624115,10.78229427,0 106.68624115,10.78229427,0 106.68624115,10.78229427,0 106.68630981,10.7822361,0 106.68534851,10.78129864,0 106.68426514,10.78011227,0 106.68348694,10.77931118,0 106.68270111,10.77849483,0 106.68261719,10.77858353,0 106.68261719,10.77858353,0 106.68261719,10.77858353,0 106.68269348,10.7784996,0 106.68215179,10.77794647,0 106.68198395,10.77789974,0 106.68180846999999,10.7780838,0 106.68156433,10.77807808,0 106.68133545,10.77801037,0 106.68045807,10.77846336,0 106.68048096,10.77851582,0 106.68048096,10.77851582,0 106.68048096,10.77851582,0 106.68044281,10.77846813,0 106.67941284,10.77901936,0 106.67838287,10.77956963,0 106.67734528,10.78012085,0 106.67631531,10.78067112,0 106.67634583,10.78070259,0 106.67634583,10.78070259,0 106.67634583,10.78070259,0 106.67634583,10.78070259,0 106.67630768,10.78067112,0 106.67549896,10.78110886,0 106.67469025,10.78154564,0 106.67474365,10.78162956,0 106.67474365,10.78162956,0 106.67474365,10.78162956,0 106.67474365,10.78162956,0 106.67474365,10.78162956,0 106.67474365,10.78162956,0 106.67468262,10.78154564,0 106.67369843,10.78208351,0 106.6727066,10.78262138,0 106.67172241,10.7831583,0 106.67073059,10.78369617,0 106.67075348,10.78373814,0 106.67075348,10.78373814,0 106.67075348,10.78373814,0 106.67075348,10.78373814,0 106.67075348,10.78373814,0 106.67075348,10.78373814,0 106.67073059,10.78367996,0 106.66992188,10.78411198,0 106.66994476,10.78414631,0 106.66994476,10.78414631,0 106.66994476,10.78414631,0 106.66994476,10.78414631,0 106.66994476,10.78414631,0 106.66994476,10.78414631,0 106.66994476,10.78414631,0 106.6699295,10.78410721,0 106.66915894,10.78452492,0 106.66838837,10.78494263,0 106.66764069,10.78534126,0 106.66690063,10.78574085,0 106.66693115,10.78581429,0 106.66693115,10.78581429,0 106.66693115,10.78581429,0 106.66693115,10.78581429,0 106.66693115,10.78581429,0 106.66693115,10.78581429,0 106.66693115,10.78581429,0 106.66693115,10.78581429,0 106.66690063,10.78573036,0 106.66608429,10.78616238,0 106.6652832,10.78658962,0 106.66448975,10.78701591,0 106.66368866,10.78744316,0 106.66372681,10.78748608,0 106.66372681,10.78748608,0 106.66372681,10.78748608,0 106.66372681,10.78748608,0 106.66372681,10.78748608,0 106.66372681,10.78748608,0 106.66372681,10.78748608,0 106.66370392,10.78743172,0 106.66313171,10.78773594,0 106.66255188,10.78804111,0 106.66197968,10.78834534,0 106.66140747,10.78864956,0 106.66145325,10.78869247,0 106.66145325,10.78869247,0 106.66145325,10.78869247,0 106.66145325,10.78869247,0 106.66143036,10.78864956,0 106.66053772,10.78911304,0 106.65964508,10.78957653,0 106.65969086,10.78962994,0 106.65969086,10.78962994,0 106.65969086,10.78962994,0 106.65969086,10.78962994,0 106.65966034,10.78957653,0 106.65879059,10.79003429,0 106.65792847,10.7904911,0 106.65705872,10.79094887,0 106.65618896,10.79140568,0 106.65621948,10.79144764,0 106.65621948,10.79144764,0 106.65621948,10.79144764,0 106.65621948,10.79144764,0 106.65619659,10.79139996,0 106.654953,10.79208279,0 106.65370941,10.79276466,0 106.65355682,10.79301834,0 106.65431976,10.79390335,0 106.655159,10.7947731,0 106.65519714,10.7947197,0 106.65519714,10.7947197,0 106.655159,10.79475689,0 106.65577698,10.79542637,0 106.65512085,10.7960844,0 106.65514374,10.7961216,0 106.65514374,10.7961216,0 106.65514374,10.7961216,0 106.65511322,10.79607964,0 106.65464783,10.7965498,0 106.65410614,10.79600048,0 106.65406799,10.79603195,0 106.65406799,10.79603195,0 106.65406799,10.79603195,0 106.65410614,10.79598999,0 106.65316772,10.79510975,0 106.65221405,10.79421902,0 106.65218353,10.79425621,0 106.65218353,10.79425621,0 106.65218353,10.79425621,0 106.65222931,10.79422474,0 106.65180206,10.79379272,0 106.65115356,10.79415131,0 106.65119171,10.79418182,0 106.65119171,10.79418182,0 106.65119171,10.79418182,0 106.65119171,10.79418182,0 106.65116119,10.79413986,0 106.64953613,10.79500484,0 106.64957428,10.79506779,0 106.64957428,10.79506779,0 106.64957428,10.79506779,0 106.64957428,10.79506779,0 106.64953613,10.79500484,0 106.64862061,10.79549217,0 106.64769745,10.7959795,0 106.64774323,10.79605293,0 106.64774323,10.79605293,0 106.64774323,10.79605293,0 106.64774323,10.79605293,0 106.64769745,10.79599476,0 106.64687347,10.79642963,0 106.64605713,10.79686451,0 106.64523315,10.79729939,0 106.64440918,10.79773426,0 106.64445496,10.79779243,0 106.64445496,10.79779243,0 106.64445496,10.79779243,0 106.64445496,10.79779243,0 106.64445496,10.79779243,0 106.64442444,10.79774475,0 106.64319611,10.79841709,0 106.64196014,10.79908848,0 106.64170074,10.79823494,0 106.6416626,10.79823399,0 106.6416626,10.79823399,0 106.6416626,10.79823399,0 106.6416626,10.79823399,0 106.6416626,10.79823399,0 106.6416626,10.79823399,0 106.6416626,10.79823399,0 106.64169312,10.79822922,0 106.6414032,10.797328,0 106.64111328,10.79642773,0 106.64082336,10.79554176,0 106.64054871,10.79463005,0 106.64048767,10.79464054,0 106.64048767,10.79464054,0 106.64048767,10.79464054,0 106.64048767,10.79464054,0 106.64054108,10.79462528,0 106.64017487,10.79327583,0 106.63998413,10.79302311,0 106.6392746,10.79272842,0 106.63887787,10.79395103,0 106.63898468,10.79397202,0 106.63898468,10.79397202,0 106.63887787,10.79393482,0 106.63857269,10.79482269,0 106.63826752,10.79571056,0 106.63808441,10.7950573,0 106.63796997,10.79435158,0 106.63790131,10.79436684,0 106.63790131,10.79436684,0 106.63796234,10.79435635,0 106.6377182,10.79296494,0 106.63751221,10.79156399,0 106.6370163,10.79166126,0 106.6370163,10.79166126,0 106.63611603,10.79180241,0 106.63521576,10.7919426,0 106.63431549,10.79207993,0 106.63341522,10.79221725,0 106.63342285,10.79226017,0 106.63342285,10.79226017,0 106.63341522,10.79222775,0 106.63237762,10.7923851,0 106.63134003,10.79254341,0 106.63134003,10.79254341,0 106.63134003,10.79254341,0 106.63011932,10.79273605,0 106.62890625,10.7929287,0 106.62886047,10.79265213,0 106.62886047,10.79265213,0 106.62886047,10.79265213,0 106.62886047,10.79265213,0 106.62886047,10.79265213,0 106.62851715,10.79140759,0 106.62817383,10.79016209,0 106.62778473,10.78986454,0 106.62778473,10.78986454,0 106.62778473,10.78986454,0 106.62778473,10.78986454,0 106.62705994,10.78934479,0 106.62590027,10.78952408,0 106.62495422,10.78970337,0 106.62399292,10.78983021,0 106.62400055,10.7898674,0 106.62400055,10.7898674,0 106.62400055,10.78983021,0 106.62268829,10.78997231,0 106.62136841,10.79013538,0 106.62138367,10.7901783,0 106.62138367,10.7901783,0 106.62138367,10.79014111,0 106.62082672,10.79020882,0 106.62018585,10.79010391,0 106.61899567,10.78988266,0 106.61899567,10.78988266,0 106.61899567,10.78988266,0 106.61899567,10.78988266,0 106.61794281,10.7896719,0 106.61688995,10.78946114,0 106.61739349,10.78801155,0 106.61882019,10.78815365,0 106.61882019,10.78811169,0 106.61882019,10.78811169,0 106.61882019,10.78811169,0 106.61882019,10.78811169,0 106.6187973,10.78816509,0 106.6197052,10.7882328,0 106.62060547,10.78830147,0 106.6210022,10.78833294,0 106.62126923,10.78807545,0 106.62174225,10.7877903,0 106.62207031,10.78766441,0 106.62205505,10.78761673,0</coordinates>
        </LineString>
      </Placemark>
    </Folder>
    <Folder>
      <name>TUYẾN B 33: Bến xe An Sương - Đại học Quốc gia</name>
      <Placemark>
        <name>B 33 (Lượt đi)</name>
        <description><![CDATA[&lt;b&gt;Tuyến:&lt;/b&gt; B 33 - Bến xe An Sương - Suối Tiên - Đại học Quốc gia&lt;br/&gt;&lt;b&gt;Hành trình:&lt;/b&gt; Bến xe An Sương → Bến xe buýt Khu A - Đại học Quốc gia TP.HCM&lt;br/&gt;&lt;b&gt;Lượt:&lt;/b&gt; Lượt đi&lt;br/&gt;&lt;b&gt;Cự ly:&lt;/b&gt; 25.59 km (Định mức: 25 km)&lt;br/&gt;&lt;b&gt;Giờ hoạt động:&lt;/b&gt; 4:30 - 22:00&lt;br/&gt;&lt;b&gt;Thời gian chạy:&lt;/b&gt; 60 phút]]></description>
        <styleUrl>#style_route_7</styleUrl>
        <LineString>
          <tessellate>1</tessellate>
          <coordinates>106.6133728,10.8437376,0 106.61354065,10.84395981,0 106.6140213,10.84438038,0 106.61486053,10.84325981,0 106.61509705,10.84277916,0 106.6150589,10.8425684,0 106.61533356,10.84227848,0 106.6155777,10.84231567,0 106.61566162,10.84257984,0 106.6157608,10.84284782,0 106.61625671,10.84329033,0 106.61739349,10.84432983,0 106.61773682,10.84465981,0 106.61780548,10.84461784,0 106.61780548,10.84461784,0 106.61780548,10.84461784,0 106.61780548,10.84461784,0 106.61780548,10.84461784,0 106.61773682,10.84469128,0 106.61867523,10.84554482,0 106.61962128,10.84629822,0 106.62044525,10.84692574,0 106.62147522,10.84745216,0 106.62150574,10.84741783,0 106.62150574,10.84741783,0 106.62150574,10.84741783,0 106.62149048,10.84746838,0 106.62316895,10.84826946,0 106.62482452,10.84902287,0 106.62490082,10.84890079,0 106.62490082,10.84890079,0 106.62484741,10.84902763,0 106.62615967,10.84963894,0 106.62747192,10.85025024,0 106.62757111,10.85007095,0 106.62757111,10.85007095,0 106.62757111,10.85007095,0 106.62757111,10.85007095,0 106.62757111,10.85007095,0 106.62749481,10.85024452,0 106.62870026,10.85081768,0 106.62992859,10.85140419,0 106.63111115,10.85201645,0 106.63230896,10.85262585,0 106.63234711,10.85258293,0 106.63234711,10.85258293,0 106.63234711,10.85258293,0 106.63234711,10.85258293,0 106.63234711,10.85258293,0 106.63233185,10.85264206,0 106.6346283,10.85387516,0 106.6346817,10.85380554,0 106.6346817,10.85380554,0 106.6346817,10.85380554,0 106.63462067,10.85388565,0 106.63593292,10.85459995,0 106.63724518,10.8553133,0 106.63852692,10.85600853,0 106.63980865,10.85670376,0 106.63983154,10.85666656,0 106.63983154,10.85666656,0 106.63983154,10.85666656,0 106.63980103,10.85671997,0 106.64185333,10.85785007,0 106.64417267,10.85910034,0 106.6442337,10.85895348,0 106.6442337,10.85895348,0 106.64417267,10.85908508,0 106.64594269,10.86004448,0 106.64775085,10.86104488,0 106.64778137,10.86096954,0 106.64777374,10.86102962,0 106.64784241,10.86104965,0 106.64851379,10.86139965,0 106.64910889,10.86168957,0 106.64945984,10.86180019,0 106.64978027,10.86188984,0 106.65019226,10.86194992,0 106.6506424,10.86196041,0 106.65119934,10.86194038,0 106.65119934,10.86188126,0 106.65119934,10.86198235,0 106.65265656,10.86190891,0 106.65405273,10.86180782,0 106.65406036,10.86186028,0 106.65550995,10.8617897,0 106.65712738,10.86172009,0 106.65712738,10.86165142,0 106.65712738,10.86165142,0 106.65712738,10.86165142,0 106.65712738,10.86165142,0 106.65712738,10.86172009,0 106.65968323,10.8616066,0 106.66223907,10.86149311,0 106.6622467,10.8613348,0 106.6622467,10.8613348,0 106.6622467,10.8613348,0 106.6622467,10.8613348,0 106.6622467,10.8613348,0 106.6622467,10.8613348,0 106.6622467,10.8613348,0 106.6622467,10.8613348,0 106.6622467,10.8613348,0 106.6622467,10.86149788,0 106.66432953,10.86155605,0 106.66640472,10.86158752,0 106.66645813,10.86150265,0 106.66645813,10.86150265,0 106.66645813,10.86150265,0 106.66645813,10.86150265,0 106.66645813,10.86150265,0 106.66645813,10.86150265,0 106.66644287,10.86163998,0 106.66763306,10.861619,0 106.67015076,10.86163998,0 106.67188263,10.86166954,0 106.67188263,10.86157703,0 106.67188263,10.86157703,0 106.67188263,10.86157703,0 106.67188263,10.86157703,0 106.67189789,10.8616724,0 106.673172,10.86169052,0 106.67445374,10.86170864,0 106.67444611,10.861619,0 106.67444611,10.861619,0 106.67444611,10.861619,0 106.67444611,10.861619,0 106.6762619,10.86158276,0 106.6780777,10.86147213,0 106.6780777,10.86147213,0 106.6780777,10.86155033,0 106.68005371,10.86143494,0 106.68200684,10.86127186,0 106.68200684,10.86117077,0 106.68200684,10.86117077,0 106.68200684,10.86117077,0 106.68199921,10.86127663,0 106.68382263,10.86116886,0 106.68564606,10.8610611,0 106.6866684,10.86099243,0 106.68665314,10.86089706,0 106.68665314,10.86089706,0 106.68667603,10.86098671,0 106.68792725,10.860919,0 106.68917084,10.86085033,0 106.68917847,10.8607502,0 106.68917847,10.8607502,0 106.68917847,10.8607502,0 106.68917847,10.86081028,0 106.69232941,10.86060238,0 106.69232941,10.86038589,0 106.69232941,10.86038589,0 106.69233704,10.86059189,0 106.69449615,10.86046028,0 106.69451141,10.86036491,0 106.69451141,10.86036491,0 106.69451141,10.86036491,0 106.69450378,10.86046505,0 106.69556427,10.86038685,0 106.69665527,10.86029148,0 106.69867706,10.8600359,0 106.70069885,10.85978031,0 106.70069885,10.85967541,0 106.70069885,10.85967541,0 106.70069885,10.85967541,0 106.70071411,10.85977554,0 106.7033844,10.85944366,0 106.70604706,10.85911179,0 106.70604706,10.85901737,0 106.70604706,10.85901737,0 106.70604706,10.85901737,0 106.70606232,10.85909081,0 106.70748138,10.85891151,0 106.70890045,10.85873222,0 106.70891571,10.85861588,0 106.70891571,10.85861588,0 106.70891571,10.85861588,0 106.70891571,10.85861588,0 106.70908356,10.85873032,0 106.70955658,10.85861969,0 106.70992279,10.85857964,0 106.7104187,10.8585701,0 106.71083069,10.85861969,0 106.71150208,10.85875988,0 106.7122345,10.85908031,0 106.71299744,10.85949612,0 106.71346283,10.85972309,0 106.71350098,10.85965919,0 106.71350098,10.85965919,0 106.71350098,10.85965919,0 106.71344757,10.85976505,0 106.71459961,10.86034966,0 106.71668243,10.86146164,0 106.71798706,10.86211491,0 106.71958923,10.86291981,0 106.72042847,10.8633604,0 106.72045135,10.86331463,0 106.72045135,10.86331463,0 106.72042847,10.8633604,0 106.72113037,10.86373997,0 106.72338104,10.86483002,0 106.72367859,10.86493969,0 106.72384644,10.86493015,0 106.72399139,10.86491966,0 106.72412872,10.86499977,0 106.72418213,10.86509991,0 106.72418976,10.86515045,0 106.72427368,10.8652401,0 106.72438049,10.86532974,0 106.72463989,10.86544991,0 106.72666168,10.86645985,0 106.72680664,10.86657047,0 106.72708893,10.86682034,0 106.72718048,10.86686993,0 106.72737885,10.86697006,0 106.72742462,10.86688995,0 106.72737122,10.86695099,0 106.7287674,10.86767006,0 106.73016357,10.86838913,0 106.73020172,10.86830997,0 106.73020172,10.86830997,0 106.73020172,10.86830997,0 106.73016357,10.86841011,0 106.73193359,10.86931038,0 106.73319244,10.86993027,0 106.73468781,10.87067986,0 106.73535919,10.87098026,0 106.73538208,10.8708601,0 106.73538208,10.8708601,0 106.73538208,10.8708601,0 106.73535919,10.87098026,0 106.73597717,10.87121964,0 106.73674774,10.87143993,0 106.73748779,10.87160969,0 106.73834991,10.87172985,0 106.73965454,10.87186623,0 106.7396698,10.87176609,0 106.7396698,10.87176609,0 106.7396698,10.87176609,0 106.7396698,10.87176609,0 106.7396698,10.87176609,0 106.73968506,10.87185001,0 106.73966217,10.87189198,0 106.74080658,10.87203407,0 106.74169922,10.87228489,0 106.74259186,10.87253475,0 106.74331665,10.87279224,0 106.74403381,10.87304974,0 106.74407959,10.8729353,0 106.74407959,10.8729353,0 106.74407959,10.8729353,0 106.74407959,10.8729353,0 106.74407959,10.8729353,0 106.74407959,10.8729353,0 106.74407959,10.87301922,0 106.7456131,10.87350941,0 106.7470932,10.87396812,0 106.74713135,10.87390518,0 106.74713135,10.87390518,0 106.74713135,10.87390518,0 106.74713135,10.87390518,0 106.74707794,10.87403011,0 106.74913025,10.87469006,0 106.75071716,10.87518978,0 106.75231171,10.87570667,0 106.75312042,10.87593842,0 106.75370026,10.87602043,0 106.75434113,10.87600994,0 106.75489807,10.87592983,0 106.75566101,10.87580013,0 106.75562286,10.87570572,0 106.75562286,10.87570572,0 106.75562286,10.87570572,0 106.75562286,10.87570572,0 106.75563812,10.8757906,0 106.75655365,10.87561703,0 106.75746918,10.87544346,0 106.75746918,10.87535286,0 106.75746918,10.87535286,0 106.75746918,10.87535286,0 106.75746918,10.87535286,0 106.75749969,10.87541676,0 106.75918579,10.87510014,0 106.76094055,10.87456894,0 106.76091003,10.87447357,0 106.76091003,10.87447357,0 106.76091003,10.87447357,0 106.76091003,10.87447357,0 106.76091003,10.87447357,0 106.76094818,10.87455273,0 106.76246643,10.87408352,0 106.76247406,10.87397289,0 106.76247406,10.87397289,0 106.76247406,10.87397289,0 106.76247406,10.87397289,0 106.76247406,10.87397289,0 106.76248169,10.87404919,0 106.76261902,10.87403679,0 106.76309204,10.87384033,0 106.76498413,10.87319565,0 106.76686859,10.87255001,0 106.76715088,10.87254524,0 106.76966095,10.87170982,0 106.76964569,10.87165546,0 106.76964569,10.87159729,0 106.76964569,10.87159729,0 106.76964569,10.87159729,0 106.76967621,10.87167645,0 106.7713623,10.87112331,0 106.77305603,10.87057495,0 106.77304077,10.87050724,0 106.77304077,10.87050724,0 106.77304077,10.87050724,0 106.77307129,10.87059975,0 106.77397919,10.87029648,0 106.77488708,10.86999226,0 106.77580261,10.86968899,0 106.77671051,10.86938477,0 106.77672577,10.86930561,0 106.77672577,10.86930561,0 106.77672577,10.86930561,0 106.77674103,10.86936378,0 106.77770233,10.86905003,0 106.77867126,10.86873627,0 106.77865601,10.86869144,0 106.77865601,10.86869144,0 106.77865601,10.86869144,0 106.77869415,10.86874199,0 106.78086853,10.86801529,0 106.78206635,10.8676405,0 106.78312683,10.86740398,0 106.7841568,10.86727238,0 106.7857132,10.86722755,0 106.78727721999999,10.86718273,0 106.78727721999999,10.8671217,0 106.78727721999999,10.8671217,0 106.78727721999999,10.86717987,0 106.78822327,10.86713028,0 106.78961182,10.8670702,0 106.79029846,10.86695957,0 106.7902832,10.86691189,0 106.7902832,10.86691189,0 106.7902832,10.86691189,0 106.7902832,10.86691189,0 106.79031372,10.86696148,0 106.79129028,10.86662388,0 106.7923584,10.8661499,0 106.79316711,10.8655386,0 106.7938385,10.86490631,0 106.79440308,10.8641243,0 106.79496002,10.86334229,0 106.79545593,10.86248589,0 106.79594421,10.86162949,0 106.79586792,10.86110306,0 106.79556274,10.86076546,0 106.79508972,10.86070251,0 106.79463959,10.86120796,0 106.79457855,10.86154556,0 106.79479218,10.86190414,0 106.79502869,10.86221504,0 106.7956543,10.86256027,0 106.79628754,10.8629055,0 106.79689026,10.86326599,0 106.79749298,10.86362648,0 106.79753876,10.86359501,0 106.79753876,10.86359501,0 106.79753876,10.86359501,0 106.79753876,10.86359501,0 106.79753876,10.86359501,0 106.79753876,10.86359501,0 106.79750061,10.86364746,0 106.79826355,10.86408997,0 106.79910278,10.86454296,0 106.8000412,10.86508846,0 106.80097198,10.86563396,0 106.8014679,10.86573887,0 106.80207825,10.86611271,0 106.80207825,10.86611271,0 106.80207825,10.86611271,0 106.80264282,10.86644745,0 106.80319977,10.86678219,0 106.80375671,10.86717224,0 106.8042984,10.86758804,0 106.80509949,10.86826801,0 106.80590057,10.86905766,0 106.80636597,10.86957741,0 106.80683136,10.87009621,0 106.80726624,10.87068558,0 106.80770111,10.8712759,0 106.80853271,10.87244034,0 106.80895233,10.87300873,0 106.80937195,10.87357807,0 106.80945587,10.87351513,0 106.80945587,10.87351513,0 106.80940247,10.87357807,0 106.80973053,10.8740263,0 106.8098526,10.8742733,0 106.80979919,10.87452126,0 106.80961609,10.87468433,0 106.80942535,10.87474728,0 106.80922699,10.87476826,0 106.80857849,10.87387848,0 106.80818939,10.87331963,0 106.80793762,10.87365723,0 106.80781555,10.87378883,0 106.80796814,10.87392044,0 106.80810547,10.87405777,0 106.80827332,10.87426281,0 106.80843353,10.87446308,0 106.80789185,10.87482643,0 106.80765533,10.87447929,0</coordinates>
        </LineString>
      </Placemark>
      <Placemark>
        <name>B 33 (Lượt về)</name>
        <description><![CDATA[&lt;b&gt;Tuyến:&lt;/b&gt; B 33 - Bến xe An Sương - Suối Tiên - Đại học Quốc gia&lt;br/&gt;&lt;b&gt;Hành trình:&lt;/b&gt; Bến xe buýt Khu A - Đại học Quốc gia TP.HCM → Bến xe An Sương&lt;br/&gt;&lt;b&gt;Lượt:&lt;/b&gt; Lượt về&lt;br/&gt;&lt;b&gt;Cự ly:&lt;/b&gt; 25.04 km (Định mức: 25 km)&lt;br/&gt;&lt;b&gt;Giờ hoạt động:&lt;/b&gt; 4:30 - 22:00&lt;br/&gt;&lt;b&gt;Thời gian chạy:&lt;/b&gt; 60 phút]]></description>
        <styleUrl>#style_route_7</styleUrl>
        <LineString>
          <tessellate>1</tessellate>
          <coordinates>106.80765533,10.87447929,0 106.80765533,10.87447929,0 106.80765533,10.87447929,0 106.80765533,10.87447929,0 106.80765533,10.87447929,0 106.80789948,10.87483692,0 106.80844879,10.87446308,0 106.80804443,10.87398338,0 106.80780792,10.87377262,0 106.8081131,10.87339401,0 106.80775452,10.87288761,0 106.80738068,10.87238789,0 106.80702209,10.87189484,0 106.80665588,10.87140179,0 106.80665588,10.87140179,0 106.80665588,10.87140179,0 106.80665588,10.87140179,0 106.80665588,10.87140179,0 106.80665588,10.87140179,0 106.80622864,10.87080669,0 106.8057785,10.87022209,0 106.80524445,10.86966419,0 106.80472565,10.8691721,0 106.80472565,10.8691721,0 106.80432129,10.86877346,0 106.80405426,10.86840439,0 106.80393982,10.867836,0 106.80269623,10.86691952,0 106.8019104,10.86648464,0 106.80111694,10.86604977,0 106.80111694,10.86604977,0 106.80111694,10.86604977,0 106.80111694,10.86604977,0 106.80111694,10.86604977,0 106.80115509,10.86597061,0 106.80004883,10.86532593,0 106.7989502,10.86468029,0 106.79875946,10.86464977,0 106.79828644,10.86450958,0 106.79799652,10.86443996,0 106.7976532,10.86439991,0 106.79727173,10.86441994,0 106.79627228,10.8645401,0 106.79530334,10.86468029,0 106.7949295,10.86474991,0 106.79467773,10.86483002,0 106.79414368,10.8651104,0 106.79388428,10.8652916,0 106.79393768,10.86533546,0 106.79393768,10.86533546,0 106.79393768,10.86533546,0 106.79393768,10.86533546,0 106.79393768,10.86533546,0 106.79393768,10.86533546,0 106.79393768,10.86533546,0 106.79393768,10.86533546,0 106.79393768,10.86533546,0 106.79389954,10.86530209,0 106.79307556,10.86581802,0 106.79216003,10.86644459,0 106.79163361,10.86670303,0 106.79106903,10.86689758,0 106.79109955,10.86696053,0 106.79109955,10.86696053,0 106.79109955,10.86696053,0 106.79109955,10.86696053,0 106.79109955,10.86696053,0 106.79109955,10.86696053,0 106.79109955,10.86696053,0 106.79109955,10.86696053,0 106.79107666,10.8669138,0 106.79008484,10.86714554,0 106.78874207,10.86728287,0 106.78726196,10.8673296,0 106.78726196,10.86740398,0 106.78726196,10.86740398,0 106.78726196,10.86740398,0 106.78726196,10.86740398,0 106.78726196,10.86740398,0 106.78726196,10.86740398,0 106.78726196,10.86740398,0 106.78726959,10.86731911,0 106.78652954,10.86734295,0 106.78578186,10.86736679,0 106.78503418,10.86739349,0 106.7842865,10.8674202,0 106.78352356,10.86748028,0 106.78308105,10.8675499,0 106.78216553,10.86777306,0 106.78220367,10.86786747,0 106.78220367,10.86786747,0 106.78220367,10.86786747,0 106.78220367,10.86786747,0 106.78220367,10.86786747,0 106.78220367,10.86786747,0 106.78218842,10.86777306,0 106.78131866,10.86804962,0 106.78044891,10.86832619,0 106.77957916,10.86860371,0 106.77870941,10.86888027,0 106.77787018,10.86915016,0 106.77722168,10.86934757,0 106.77725983,10.86942673,0 106.77725983,10.86942673,0 106.77725983,10.86942673,0 106.77722931,10.8693428,0 106.77604675,10.86973,0 106.7748642,10.87011719,0 106.77493286,10.87025356,0 106.77493286,10.87025356,0 106.77493286,10.87025356,0 106.77493286,10.87025356,0 106.77489471,10.87011719,0 106.77282715,10.87081718,0 106.7716217,10.87120724,0 106.77166748,10.8713131,0 106.77166748,10.8713131,0 106.77165985,10.87125969,0 106.7707901,10.87153244,0 106.76994324,10.87181568,0 106.76908875,10.87209892,0 106.76823425,10.87238216,0 106.76824951,10.87241936,0 106.76824951,10.87241936,0 106.76821899,10.87230873,0 106.76711273,10.87266922,0 106.7660141,10.87303066,0 106.76506042,10.87337971,0 106.76233673,10.87427998,0 106.76203918,10.87438011,0 106.76209259,10.87447357,0 106.76209259,10.87447357,0 106.76209259,10.87447357,0 106.76209259,10.87447357,0 106.76206207,10.87438965,0 106.76121521,10.87464714,0 106.76037598,10.87490559,0 106.75952911,10.87513733,0 106.75868988,10.87536907,0 106.75868988,10.87545395,0 106.75868988,10.87545395,0 106.75868988,10.87545395,0 106.75868988,10.87545395,0 106.75865936,10.87536907,0 106.75727081,10.8756485,0 106.75730133,10.87573814,0 106.75730133,10.87573814,0 106.75727844,10.8756485,0 106.75562286,10.87598038,0 106.75563049,10.87604904,0 106.75563049,10.87604904,0 106.75563049,10.87604904,0 106.75563049,10.87604904,0 106.75561523,10.87592793,0 106.75421906,10.87615967,0 106.75382996,10.87617016,0 106.75346375,10.87615013,0 106.75312805,10.87609959,0 106.75231934,10.87590027,0 106.75132751,10.8755703,0 106.74894714,10.87480068,0 106.74656677,10.87403107,0 106.74652863,10.87411499,0 106.74652863,10.87411499,0 106.74652863,10.87411499,0 106.74652863,10.87411499,0 106.74652863,10.87411499,0 106.74655151,10.87403107,0 106.74543762,10.87366772,0 106.7443161,10.87330437,0 106.74429321,10.87337303,0 106.74429321,10.87337303,0 106.74429321,10.87337303,0 106.74432373,10.87330437,0 106.74311066,10.87288284,0 106.74188995,10.87254047,0 106.74085999,10.87227726,0 106.73992157,10.87209225,0 106.73991394,10.87217712,0 106.73991394,10.87217712,0 106.73991394,10.87217712,0 106.73993683,10.87209797,0 106.73836517,10.87190247,0 106.73750305,10.87177658,0 106.73639679,10.87151814,0 106.73532104,10.8711338,0 106.7345047,10.87074375,0 106.73447418,10.87082767,0 106.73447418,10.87082767,0 106.73447418,10.87082767,0 106.73447418,10.87082767,0 106.73451996,10.87075996,0 106.733078,10.87003994,0 106.73206329,10.86951065,0 106.72918701,10.86807823,0 106.72915649,10.86812019,0 106.72915649,10.86812019,0 106.72915649,10.86812019,0 106.72653198,10.86666965,0 106.72357941,10.86522007,0 106.71989441,10.863451,0 106.71989441,10.863451,0 106.71989441,10.863451,0 106.71694183,10.86185074,0 106.71309662,10.85997009,0 106.71309662,10.85997009,0 106.71309662,10.85997009,0 106.7131424,10.85988045,0 106.71234131,10.85947037,0 106.71154022,10.85908985,0 106.71115875,10.85896969,0 106.71031189,10.85883713,0 106.70943451,10.85883713,0 106.7077179,10.85905361,0 106.70772552,10.85914803,0 106.70772552,10.85914803,0 106.70772552,10.85914803,0 106.70772552,10.85914803,0 106.70770264,10.85905361,0 106.70631409,10.85923004,0 106.70493317,10.85940647,0 106.70494843,10.85949612,0 106.70494843,10.85949612,0 106.70494843,10.85949612,0 106.70494843,10.85949612,0 106.70491791,10.85941219,0 106.7029953,10.85965443,0 106.70107269,10.85989666,0 106.70108795,10.86000729,0 106.70108795,10.86000729,0 106.70108795,10.86000729,0 106.70108795,10.86000729,0 106.70105743,10.85989094,0 106.69965363,10.86005974,0 106.69824219,10.86022854,0 106.69683838,10.86039639,0 106.69543457,10.86056519,0 106.69544983,10.86065006,0 106.69544983,10.86065006,0 106.69544983,10.86065006,0 106.69544983,10.86065006,0 106.6954422,10.86056042,0 106.69384003,10.86068439,0 106.69223785,10.86080837,0 106.69223785,10.86087608,0 106.69223785,10.86087608,0 106.69223785,10.86079693,0 106.69082642,10.86088181,0 106.68941498,10.86096573,0 106.68941498,10.86104012,0 106.68941498,10.86104012,0 106.68941498,10.86104012,0 106.68941498,10.86104012,0 106.68942261,10.86098194,0 106.68836212,10.86104774,0 106.68730164,10.86111355,0 106.68623352,10.86117935,0 106.68517303,10.86124516,0 106.68517303,10.86132431,0 106.68517303,10.86132431,0 106.68517303,10.86132431,0 106.68517303,10.86132431,0 106.68517303,10.86132431,0 106.68515015,10.86124039,0 106.68373108,10.86133003,0 106.68230438,10.86141872,0 106.68231964,10.86150265,0 106.68231964,10.86150265,0 106.68231964,10.86150265,0 106.68231964,10.86150265,0 106.68231964,10.86150265,0 106.68231201,10.86140347,0 106.6802063,10.86156654,0 106.67933655,10.8616457,0 106.67935181,10.86172485,0 106.67935181,10.86172485,0 106.67936707,10.86163998,0 106.67700195,10.8618145,0 106.67456055,10.86190891,0 106.67456055,10.86196709,0 106.67456055,10.86196709,0 106.67456055,10.86196709,0 106.67456055,10.86196709,0 106.67456055,10.86186695,0 106.67390442,10.86185837,0 106.67324829,10.86184883,0 106.67259216,10.86183929,0 106.67193604,10.86182976,0 106.67193604,10.86190414,0 106.67193604,10.86190414,0 106.67193604,10.86190414,0 106.67193604,10.86190414,0 106.67193604,10.86190414,0 106.67193604,10.86190414,0 106.67193604,10.86190414,0 106.67194366,10.86180878,0 106.66970062,10.86178017,0 106.66745758,10.8617506,0 106.66745758,10.86187744,0 106.66745758,10.86187744,0 106.66745758,10.86187744,0 106.66745758,10.86187744,0 106.66745758,10.86187744,0 106.66745758,10.86187744,0 106.66745758,10.86187744,0 106.66746521,10.86177731,0 106.66594696,10.86176395,0 106.66442871,10.8617506,0 106.66291046,10.86172199,0 106.66139221,10.86169338,0 106.66139221,10.86181927,0 106.66139221,10.86181927,0 106.66139221,10.86181927,0 106.66139221,10.86181927,0 106.66139221,10.86181927,0 106.66139221,10.86181927,0 106.66139221,10.86181927,0 106.66139221,10.86181927,0 106.66139221,10.86169338,0 106.66033936,10.86173534,0 106.65927887,10.86177731,0 106.65822601,10.86181927,0 106.65716553,10.86186123,0 106.65718079,10.86198807,0 106.65718079,10.86198807,0 106.65718079,10.86198807,0 106.65718079,10.86198807,0 106.65718079,10.86198807,0 106.65718079,10.86198807,0 106.65718079,10.86198807,0 106.65718842,10.86187744,0 106.65625,10.8619194,0 106.65530396,10.86196232,0 106.65436554,10.86200428,0 106.65341949,10.86204624,0 106.65342712,10.86211395,0 106.65342712,10.86211395,0 106.65342712,10.86211395,0 106.65342712,10.86211395,0 106.65342712,10.86211395,0 106.65342712,10.86204624,0 106.65267944,10.86205959,0 106.65244293,10.86209965,0 106.65189362,10.86211967,0 106.65074921,10.86218834,0 106.65075684,10.86227322,0 106.65075684,10.86227322,0 106.65075684,10.86227322,0 106.65075684,10.86227322,0 106.65075684,10.86217976,0 106.65035248,10.86217976,0 106.64987183,10.86213017,0 106.64955902,10.86207008,0 106.64903259,10.86190033,0 106.64859009,10.86170006,0 106.64853668,10.86176682,0 106.64853668,10.86176682,0 106.64853668,10.86176682,0 106.64853668,10.86176682,0 106.64859772,10.8616724,0 106.64789581,10.86130333,0 106.64719391,10.86093426,0 106.64648438,10.8605423,0 106.64576721,10.86014938,0 106.64568329,10.86030197,0 106.64568329,10.86030197,0 106.64568329,10.86030197,0 106.64568329,10.86030197,0 106.64568329,10.86030197,0 106.64568329,10.86030197,0 106.64576721,10.86015511,0 106.64382935,10.85907459,0 106.64100647,10.8575201,0 106.64091492,10.85766792,0 106.64091492,10.85766792,0 106.64091492,10.85766792,0 106.64091492,10.85766792,0 106.64091492,10.85766792,0 106.64091492,10.85766792,0 106.64091492,10.85766792,0 106.64099121,10.85755253,0 106.63964081,10.85681152,0 106.63829803,10.85607147,0 106.63816833,10.85625553,0 106.63816833,10.85625553,0 106.63816833,10.85625553,0 106.63816833,10.85625553,0 106.63816833,10.85625553,0 106.63831329,10.8560667,0 106.63687134,10.8552866,0 106.63542938,10.85450649,0 106.63398743,10.85371399,0 106.63254547,10.85292149,0 106.63246918,10.85304832,0 106.63246918,10.85304832,0 106.63246918,10.85304832,0 106.63246918,10.85304832,0 106.63253784,10.85294724,0 106.63098145,10.8521204,0 106.63093567,10.85224247,0 106.63093567,10.85224247,0 106.63093567,10.85224247,0 106.63093567,10.85224247,0 106.63101196,10.85211468,0 106.62950134,10.85138035,0 106.62734985,10.85037041,0 106.62438202,10.84899044,0 106.6243515,10.8490696,0 106.6243515,10.8490696,0 106.6243515,10.8490696,0 106.62437439,10.84899044,0 106.62271881,10.84822178,0 106.62108612,10.84745216,0 106.6210556,10.84749985,0 106.6210556,10.84749985,0 106.6210556,10.84749985,0 106.62107849,10.84745216,0 106.61991119,10.84677792,0 106.61933899,10.8463459,0 106.61880493,10.84588718,0 106.61875916,10.84593487,0 106.61875916,10.84593487,0 106.61875916,10.84593487,0 106.61875916,10.84593487,0 106.61880493,10.84589863,0 106.61756897,10.84479713,0 106.61722565,10.84459114,0 106.61611176,10.84359074,0 106.61608124,10.84362316,0 106.61608124,10.84362316,0 106.61608124,10.84362316,0 106.61608124,10.84362316,0 106.61608124,10.84362316,0 106.61612701,10.8435955,0 106.61579895,10.84337997,0 106.61538696,10.84325886,0 106.61505127,10.84341621,0 106.61415863,10.84463406,0 106.61347198,10.84577656,0 106.61351776,10.84580326,0 106.61351776,10.84580326,0 106.61351776,10.84580326,0 106.61351776,10.84580326,0 106.61343384,10.8457613,0 106.61292267,10.84655094,0 106.61248016,10.8472681,0 106.61235809,10.84719372,0 106.61273193,10.84657288,0 106.61313629,10.84595203,0 106.61356354,10.84520817,0 106.61352539,10.84518719,0 106.61352539,10.84518719,0 106.61352539,10.84518719,0 106.61352539,10.84518719,0 106.61352539,10.84518719,0 106.61352539,10.84518719,0 106.61358643,10.84522343,0 106.61406708,10.84443855,0 106.61330414,10.84384346,0 106.6133728,10.8437376,0</coordinates>
        </LineString>
      </Placemark>
    </Folder>
    <Folder>
      <name>TUYẾN B 41: Bến xe Miền Tây - Bến xe An Sương</name>
      <Placemark>
        <name>B 41 (Lượt đi)</name>
        <description><![CDATA[&lt;b&gt;Tuyến:&lt;/b&gt; B 41 - Bến xe Miền Tây - Ngã tư Bốn Xã - Bến xe An Sương&lt;br/&gt;&lt;b&gt;Hành trình:&lt;/b&gt; Bến xe Miền Tây → Bến xe An Sương&lt;br/&gt;&lt;b&gt;Lượt:&lt;/b&gt; Lượt đi&lt;br/&gt;&lt;b&gt;Cự ly:&lt;/b&gt; 22.86 km (Định mức: 22 km)&lt;br/&gt;&lt;b&gt;Giờ hoạt động:&lt;/b&gt; 5:00 - 19:20&lt;br/&gt;&lt;b&gt;Thời gian chạy:&lt;/b&gt; 60 phút]]></description>
        <styleUrl>#style_route_8</styleUrl>
        <LineString>
          <tessellate>1</tessellate>
          <coordinates>106.61943817,10.73948574,0 106.61952972,10.73958588,0 106.61917114,10.73998642,0 106.6198349,10.74056625,0 106.61986542,10.74078751,0 106.61959839,10.74117184,0 106.61911011,10.74184608,0 106.61776733,10.7407341,0 106.61643219,10.73962212,0 106.61639404,10.73967457,0 106.61639404,10.73967457,0 106.61639404,10.73967457,0 106.61639404,10.73967457,0 106.61643982,10.73961163,0 106.61549377,10.73881626,0 106.6151123,10.73835754,0 106.61480713,10.7385788,0 106.61475372,10.73937511,0 106.61465454,10.74017048,0 106.61455536,10.74085045,0 106.61423492,10.74172115,0 106.61423492,10.74172115,0 106.61423492,10.74172115,0 106.61423492,10.74172115,0 106.61368561,10.74311161,0 106.61317444,10.74450302,0 106.61225891,10.74400234,0 106.61225891,10.74400234,0 106.61225891,10.74400234,0 106.61225891,10.74400234,0 106.61101532,10.74316406,0 106.60965729,10.742342,0 106.60965729,10.742342,0 106.60965729,10.742342,0 106.60943604,10.74217892,0 106.60832977,10.74389172,0 106.60839081,10.74393368,0 106.60839081,10.74393368,0 106.60839081,10.74393368,0 106.60829926,10.74388123,0 106.60766602,10.74482441,0 106.60703278,10.74576759,0 106.60703278,10.74616337,0 106.60733032,10.7462368,0 106.60733032,10.7462368,0 106.60733032,10.7462368,0 106.60826874,10.74658489,0 106.60920715,10.74693203,0 106.61013794,10.747262,0 106.61107635,10.74759102,0 106.61112213,10.7475071,0 106.61112213,10.7475071,0 106.61109924,10.74757576,0 106.61193085,10.74791241,0 106.61172485,10.74849415,0 106.61151886,10.74907494,0 106.61130524,10.74965572,0 106.61109924,10.75023651,0 106.61089325,10.75081825,0 106.61067963,10.75139904,0 106.61047363,10.75197983,0 106.61026764,10.75256062,0 106.61026764,10.75256062,0 106.60995483,10.75345421,0 106.60964966,10.7543478,0 106.60964966,10.7543478,0 106.60928345,10.75523281,0 106.60829926,10.75508022,0 106.60829163,10.75513268,0 106.60829163,10.75513268,0 106.60831451,10.75506401,0 106.6076355,10.7549696,0 106.60694885,10.75487423,0 106.60613251,10.75484848,0 106.60611725,10.75532246,0 106.60609436,10.75579739,0 106.60614014,10.75580215,0 106.60614014,10.75580215,0 106.60609436,10.75580788,0 106.60606384,10.75654507,0 106.60600281,10.7572937,0 106.6064682,10.75786781,0 106.60689545,10.75808907,0 106.60694122,10.75800514,0 106.60694122,10.75800514,0 106.60688782,10.7580843,0 106.60703278,10.75812149,0 106.60670471,10.75848484,0 106.60640717,10.75886154,0 106.60640717,10.75886154,0 106.60591125,10.75932312,0 106.60547638,10.75980759,0 106.60519409,10.76039791,0 106.60508728,10.76098824,0 106.60508728,10.76098824,0 106.60488129,10.76163101,0 106.60470581,10.76227379,0 106.60453796,10.76291656,0 106.60437012,10.7635603,0 106.60437012,10.7635603,0 106.60420227,10.76412678,0 106.60403442,10.76469326,0 106.60379028,10.76582623,0 106.60360718,10.76697445,0 106.60347748,10.76754379,0 106.60324097,10.76809692,0 106.60324097,10.76809692,0 106.60288239,10.76905155,0 106.60259247,10.77001572,0 106.6023407,10.77097511,0 106.60205078,10.77192879,0 106.60205078,10.77192879,0 106.60190582,10.77265072,0 106.60172272,10.77337265,0 106.60151672,10.77408123,0 106.60131073,10.77478981,0 106.60131073,10.77478981,0 106.60109711,10.77556515,0 106.60087585,10.7763443,0 106.60183716,10.77636051,0 106.60279846,10.77632427,0 106.60279846,10.77632427,0 106.60359955,10.77632904,0 106.60440063,10.77633381,0 106.60520935,10.77630234,0 106.60601807,10.77627087,0 106.60601807,10.77627087,0 106.6068573,10.77626801,0 106.60769653,10.7762661,0 106.6085434,10.77624416,0 106.60939789,10.77622318,0 106.60939789,10.77622318,0 106.61035156,10.77623367,0 106.61129761,10.77619743,0 106.61227417,10.77614975,0 106.61322021,10.7760601,0 106.61321259,10.77602291,0 106.61321259,10.77602291,0 106.61323547,10.77607632,0 106.61375427,10.77586555,0 106.61425018,10.77560711,0 106.61469269,10.77550697,0 106.6155014,10.77549076,0 106.61627197,10.77531147,0 106.61775208,10.77481174,0 106.61850739,10.77457428,0 106.61924744,10.77435303,0 106.61923218,10.77431107,0 106.61923218,10.77431107,0 106.61925507,10.7743578,0 106.62039948,10.77398872,0 106.62156677,10.7735939,0 106.62152863,10.77423382,0 106.62149048,10.77487469,0 106.62148285,10.77551174,0 106.62146759,10.77614975,0 106.62152863,10.77615547,0 106.62152863,10.77615547,0 106.62152863,10.77615547,0 106.62147522,10.77615452,0 106.62129974,10.7771349,0 106.62111664,10.77767277,0 106.62091064,10.77826023,0 106.62070465,10.77884769,0 106.62075806,10.77886963,0 106.62075806,10.77886963,0 106.62070465,10.77884769,0 106.62042236,10.77968597,0 106.62014771,10.7805233,0 106.62039948,10.78125095,0 106.62065125,10.78197765,0 106.62075043,10.78194618,0 106.62075043,10.78194618,0 106.62075043,10.78194618,0 106.6206131,10.78199387,0 106.62142181,10.78450012,0 106.62215424,10.78672123,0 106.6222229,10.7866993,0 106.6222229,10.7866993,0 106.62213898,10.78672123,0 106.62272644,10.78845406,0 106.62319183,10.78993034,0 106.62458801,10.78974533,0 106.62457275,10.78971004,0 106.62456512,10.78968143,0 106.62456512,10.78968143,0 106.62456512,10.78968143,0 106.62457275,10.78971004,0 106.6246109,10.78974056,0 106.62585449,10.78953552,0 106.62709045,10.78932953,0 106.62815857,10.79013538,0 106.62825012,10.79034996,0 106.62827301,10.79034328,0 106.62827301,10.79034328,0 106.62827301,10.79034328,0 106.62841034,10.79088497,0 106.62854767,10.79142666,0 106.62869263,10.79197216,0 106.62882996,10.79251766,0 106.62889099,10.79251099,0 106.62889099,10.79251099,0 106.62889099,10.79251099,0 106.62889099,10.79251099,0 106.62882996,10.79250717,0 106.62893677,10.7929287,0 106.62840271,10.79300785,0 106.62852478,10.79353428,0 106.62872314,10.79384995,0 106.62876129,10.79382896,0 106.62876129,10.79382896,0 106.62876129,10.79382896,0 106.62876129,10.79382896,0 106.62872314,10.79384995,0 106.62915802,10.79456043,0 106.6293869,10.79491043,0 106.62921906,10.7950201,0 106.62879944,10.79528999,0 106.6282196,10.79564953,0 106.62824249,10.79569721,0 106.62824249,10.79569721,0 106.62792969,10.79576969,0 106.62737274,10.79580975,0 106.62692261,10.79585838,0 106.62546539,10.79587364,0 106.6248703,10.79590321,0 106.6248703,10.79590321,0 106.6248703,10.79590321,0 106.6245575,10.79590034,0 106.62380981,10.79590034,0 106.62380219,10.79646397,0 106.62387085,10.79646397,0 106.62387085,10.79646397,0 106.62387085,10.79646397,0 106.62380219,10.79646397,0 106.62380219,10.79743862,0 106.62384796,10.79845619,0 106.623909,10.79928303,0 106.62405396,10.79990482,0 106.62425232,10.80050087,0 106.62428284,10.80049706,0 106.62428284,10.80049706,0 106.62425232,10.80050087,0 106.62463379,10.80144882,0 106.6260376,10.8019762,0 106.62607574,10.80192947,0 106.62607574,10.80192947,0 106.62712096999999,10.80234528,0 106.62778473,10.80251312,0 106.62852478,10.80264282,0 106.62852478,10.80264282,0 106.62850189,10.80270863,0 106.6300354,10.80298805,0 106.63155365,10.80327797,0 106.6315918,10.80316639,0 106.6315918,10.80316639,0 106.63155365,10.80327225,0 106.63279724,10.80352497,0 106.63218689,10.80428219,0 106.63218689,10.80428219,0 106.63218689,10.80428219,0 106.63218689,10.80428219,0 106.6314621,10.80510044,0 106.63079834,10.80553246,0 106.62969971,10.80581188,0 106.62858582,10.80606461,0 106.62858582,10.80606461,0 106.62858582,10.80606461,0 106.62858582,10.80606461,0 106.62858582,10.80606461,0 106.6277771,10.80624485,0 106.62697601,10.80642509,0 106.62617493,10.80660439,0 106.62536621,10.80678463,0 106.62536621,10.80678463,0 106.62536621,10.80678463,0 106.62536621,10.80678463,0 106.62456512,10.80695438,0 106.62377167,10.80712414,0 106.62297821,10.80729389,0 106.62217712,10.80746365,0 106.62217712,10.80746365,0 106.62217712,10.80746365,0 106.62140656,10.80763435,0 106.62063599,10.80780411,0 106.61987305,10.80800152,0 106.61911774,10.80819893,0 106.619133,10.8082571,0 106.619133,10.8082571,0 106.61911774,10.80820942,0 106.61833191,10.8084259,0 106.61888123,10.80899525,0 106.61943054,10.80956364,0 106.61943054,10.80956364,0 106.62016296,10.81037235,0 106.62088776,10.81118107,0 106.62162018,10.81198978,0 106.62234497,10.81279755,0 106.62234497,10.81279755,0 106.62234497,10.81279755,0 106.62276459,10.81321049,0 106.62315369,10.81364727,0 106.62352753,10.81409836,0 106.62389374,10.81454849,0 106.62425995,10.81496429,0 106.62462616,10.81538105,0 106.62509918,10.81576824,0 106.62553406,10.81617641,0 106.62556458,10.81615639,0 106.62556458,10.81615639,0 106.62556458,10.81615639,0 106.62556458,10.81615639,0 106.62554169,10.81619263,0 106.62592316,10.81655598,0 106.62634277,10.81693554,0 106.62675476,10.81732273,0 106.62716675,10.81770992,0 106.62758636,10.81808949,0 106.62799835,10.81846905,0 106.62845612,10.81883717,0 106.62892151,10.81920624,0 106.6289444,10.81916904,0 106.6289444,10.81916904,0 106.6289444,10.81916904,0 106.62889862,10.81920624,0 106.62982178,10.81989098,0 106.63077545,10.82047653,0 106.63051605,10.82146454,0 106.63017273,10.82242584,0 106.63025665,10.82245159,0 106.63025665,10.82245159,0 106.63025665,10.82245159,0 106.63014984,10.82243061,0 106.62980652,10.82309532,0 106.6292572,10.82365322,0 106.62804413,10.82470703,0 106.62689209,10.82580853,0 106.62576294,10.82689381,0 106.6258316,10.82695675,0 106.6258316,10.82695675,0 106.6258316,10.82695675,0 106.62575531,10.82691002,0 106.62539673,10.82731533,0 106.62508392,10.82772064,0 106.62480164,10.82815266,0 106.62451935,10.82858467,0 106.62459564,10.82862663,0 106.62459564,10.82862663,0 106.62448883,10.8285799,0 106.62399292,10.82936001,0 106.62349701,10.83013916,0 106.6230011,10.83090878,0 106.62250519,10.83167839,0 106.62201691,10.83244228,0 106.621521,10.83320618,0 106.62102509,10.83397007,0 106.62052917,10.83473396,0 106.6206131,10.83478069,0 106.6206131,10.83478069,0 106.62052155,10.83473873,0 106.61995697,10.83561897,0 106.61940002,10.83649921,0 106.61885071,10.83733177,0 106.61830139,10.8381691,0 106.61840057,10.83822155,0 106.61840057,10.83822155,0 106.61840057,10.83822155,0 106.61828613,10.8381424,0 106.6179657,10.83863163,0 106.61765289,10.83911991,0 106.61734009,10.83960915,0 106.61701965,10.84009743,0 106.61670685,10.84059238,0 106.61639404,10.84108829,0 106.61608887,10.84158611,0 106.61577606,10.84208393,0 106.61547089,10.84256554,0 106.61516571,10.8430481,0 106.61483765,10.84353256,0 106.61450958,10.84401703,0 106.61421204,10.84451294,0 106.61390686,10.8450079,0 106.61360931,10.84550285,0 106.61330414,10.84599876,0 106.61335754,10.846035,0 106.61335754,10.846035,0 106.61335754,10.846035,0 106.61330414,10.84600925,0 106.61289215,10.84664917,0 106.61248016,10.84728909,0 106.61235046,10.84721565,0 106.61266327,10.84670925,0 106.61296844,10.8462038,0 106.61328125,10.84571934,0 106.61358643,10.84523392,0 106.61352539,10.84518719,0 106.61352539,10.84518719,0 106.61352539,10.84518719,0 106.61352539,10.84518719,0 106.61358643,10.84522343,0 106.61406708,10.84443855,0 106.61330414,10.84384346,0 106.6133728,10.8437376,0</coordinates>
        </LineString>
      </Placemark>
      <Placemark>
        <name>B 41 (Lượt về)</name>
        <description><![CDATA[&lt;b&gt;Tuyến:&lt;/b&gt; B 41 - Bến xe Miền Tây - Ngã tư Bốn Xã - Bến xe An Sương&lt;br/&gt;&lt;b&gt;Hành trình:&lt;/b&gt; Bến xe An Sương → Bến xe Miền Tây&lt;br/&gt;&lt;b&gt;Lượt:&lt;/b&gt; Lượt về&lt;br/&gt;&lt;b&gt;Cự ly:&lt;/b&gt; 22.22 km (Định mức: 22 km)&lt;br/&gt;&lt;b&gt;Giờ hoạt động:&lt;/b&gt; 5:00 - 19:20&lt;br/&gt;&lt;b&gt;Thời gian chạy:&lt;/b&gt; 60 phút]]></description>
        <styleUrl>#style_route_8</styleUrl>
        <LineString>
          <tessellate>1</tessellate>
          <coordinates>106.6133728,10.8437376,0 106.61422729,10.84423351,0 106.61467743,10.84355354,0 106.61501312,10.84290028,0 106.61509705,10.84251595,0 106.61535645,10.84222031,0 106.61579895,10.84156704,0 106.61659241,10.84021854,0 106.61742401,10.83893299,0 106.61734772,10.83889103,0 106.61734772,10.83889103,0 106.61734772,10.83889103,0 106.61734772,10.83889103,0 106.6174469,10.8389492,0 106.61816406,10.83785248,0 106.61888123,10.83675671,0 106.61959076,10.83566093,0 106.62030792,10.83456516,0 106.62020874,10.83449745,0 106.62020874,10.83449745,0 106.62020874,10.83449745,0 106.62020874,10.83449745,0 106.62020874,10.83449745,0 106.62031555,10.83455467,0 106.62110138,10.83332157,0 106.62189484,10.83208847,0 106.62179565,10.83201981,0 106.62179565,10.83201981,0 106.62179565,10.83201981,0 106.62179565,10.83201981,0 106.62179565,10.83201981,0 106.62179565,10.83201981,0 106.62189484,10.83208847,0 106.62268829,10.83087444,0 106.62347412,10.82966042,0 106.62429047,10.82844257,0 106.62516022,10.82727814,0 106.62593842,10.82631969,0 106.62586212,10.82623959,0 106.62586212,10.82623959,0 106.62586212,10.82623959,0 106.62586212,10.82623959,0 106.62586212,10.82623959,0 106.62586212,10.82623959,0 106.62593079,10.8263092,0 106.62697601,10.82535553,0 106.62802124,10.82440186,0 106.62873077,10.82374001,0 106.62944031,10.82307911,0 106.62973785,10.82272625,0 106.62992096,10.8223362,0 106.62982178,10.82231522,0 106.62982178,10.82231522,0 106.62982178,10.82231522,0 106.62982178,10.82231522,0 106.62982178,10.82231522,0 106.62982178,10.82231522,0 106.62992096,10.82235146,0 106.63024139,10.82139301,0 106.63050079,10.82043362,0 106.62983704,10.81995201,0 106.62917328,10.81946945,0 106.62911224,10.81952763,0 106.62911224,10.81952763,0 106.62911224,10.81952763,0 106.62911224,10.81952763,0 106.62911224,10.81952763,0 106.62911224,10.81952763,0 106.62915802,10.81946945,0 106.62826538,10.81875801,0 106.62738037,10.81798935,0 106.62649536,10.81718826,0 106.62564087,10.81638718,0 106.62558746,10.81645107,0 106.62558746,10.81645107,0 106.62558746,10.81645107,0 106.62558746,10.81645107,0 106.62558746,10.81645107,0 106.62563324,10.81640816,0 106.62507629,10.81586933,0 106.62452698,10.81532955,0 106.62372589,10.81442165,0 106.62319946,10.81378746,0 106.62266541,10.81315231,0 106.62214661,10.81261539,0 106.62214661,10.81261539,0 106.62214661,10.81261539,0 106.62214661,10.81261539,0 106.62214661,10.81261539,0 106.62214661,10.81261539,0 106.62125397,10.81163979,0 106.62080383,10.8111496,0 106.6203537,10.81065941,0 106.61975861,10.81002235,0 106.61917114,10.80938435,0 106.619133,10.80942726,0 106.619133,10.80942726,0 106.619133,10.80942726,0 106.619133,10.80942726,0 106.61917877,10.80939007,0 106.61867523,10.80885506,0 106.61816406,10.80832005,0 106.61903381,10.80810738,0 106.61990356,10.80789375,0 106.61981964,10.8076458,0 106.61981964,10.8076458,0 106.61981964,10.8076458,0 106.61981964,10.8076458,0 106.61981964,10.8076458,0 106.61981964,10.8076458,0 106.61988831,10.80787277,0 106.6211319,10.80759144,0 106.62236786,10.8073101,0 106.62236786,10.8073101,0 106.62236786,10.8073101,0 106.62236786,10.8073101,0 106.62236786,10.8073101,0 106.62236786,10.8073101,0 106.62362671,10.80703926,0 106.62488556,10.80676746,0 106.62488556,10.80676746,0 106.62488556,10.80676746,0 106.62488556,10.80676746,0 106.6258316,10.80656338,0 106.62678528,10.80636024,0 106.62772369,10.80615711,0 106.62866211,10.80595398,0 106.62866974,10.80585861,0 106.62866974,10.80585861,0 106.628685,10.80594921,0 106.62968445,10.80572224,0 106.63069153,10.80549622,0 106.63106537,10.80531693,0 106.63139343,10.80504227,0 106.6319809,10.80435944,0 106.6319809,10.80435944,0 106.6319809,10.80435944,0 106.63264465,10.80349922,0 106.63158417,10.80330372,0 106.63157654,10.80334568,0 106.63157654,10.80334568,0 106.63157654,10.80334568,0 106.63157654,10.80329895,0 106.6308136,10.8031559,0 106.63005066,10.8030138,0 106.62927246,10.8028717,0 106.62850189,10.80272961,0 106.62848663,10.80281734,0 106.62848663,10.80281734,0 106.62848663,10.80281734,0 106.62851715,10.80272961,0 106.62793732,10.80261898,0 106.62736511,10.80250835,0 106.62665558,10.80223942,0 106.62595367,10.80197048,0 106.62592316,10.80204391,0 106.62592316,10.80204391,0 106.62592316,10.80204391,0 106.62595367,10.80196571,0 106.62461853,10.80144882,0 106.6242218,10.80039883,0 106.6242218,10.80039883,0 106.6242218,10.80039883,0 106.62422943,10.80039978,0 106.62400818,10.79967022,0 106.623909,10.79926014,0 106.62384033,10.79883957,0 106.6237793,10.79788971,0 106.62378693,10.79666424,0 106.62374878,10.79665947,0 106.62374878,10.79665947,0 106.62380219,10.79666042,0 106.62380981,10.79590034,0 106.62394714,10.79590034,0 106.62474823,10.79586983,0 106.62474823,10.79582882,0 106.62474823,10.79586983,0 106.62606049,10.79585838,0 106.62737274,10.79580975,0 106.62792969,10.79576969,0 106.6280365,10.79572964,0 106.62811279,10.79570007,0 106.62808228,10.79562378,0 106.62808228,10.79562378,0 106.62812805,10.7956686,0 106.62935638,10.79489422,0 106.62879944,10.79404831,0 106.62879944,10.79404831,0 106.62879944,10.79404831,0 106.62879944,10.79404831,0 106.62879944,10.79404831,0 106.628479,10.79347134,0 106.62835693,10.79297543,0 106.62891388,10.79290199,0 106.62886047,10.79265213,0 106.62886047,10.79265213,0 106.62886047,10.79265213,0 106.62886047,10.79265213,0 106.62886047,10.79265213,0 106.62886047,10.79265213,0 106.62886047,10.79265213,0 106.62851715,10.79140759,0 106.62817383,10.79016209,0 106.62778473,10.78986454,0 106.62778473,10.78986454,0 106.62778473,10.78986454,0 106.62778473,10.78986454,0 106.62705994,10.78934479,0 106.62590027,10.78952408,0 106.62495422,10.78970337,0 106.62399292,10.78983021,0 106.62400055,10.7898674,0 106.62400055,10.7898674,0 106.62316132,10.7899456,0 106.62240601,10.7875433,0 106.62207031,10.78639984,0 106.62205505,10.78640175,0 106.62205505,10.78640175,0 106.62200165,10.78641033,0 106.62205505,10.78640175,0 106.62135315,10.78431129,0 106.6206665,10.78221512,0 106.62055206,10.78224659,0 106.62055206,10.78224659,0 106.62055206,10.78224659,0 106.62055206,10.78224659,0 106.62055206,10.78224659,0 106.62055206,10.78224659,0 106.62055206,10.78224659,0 106.62055206,10.78224659,0 106.62067413,10.78220463,0 106.6204071,10.78138256,0 106.62008667,10.78054428,0 106.62049103,10.77944374,0 106.6204071,10.77943325,0 106.6204071,10.77943325,0 106.6204071,10.77943325,0 106.6204071,10.77943325,0 106.62047577,10.779459,0 106.62085724,10.77831078,0 106.62123871,10.7771616,0 106.62139893,10.7762661,0 106.62142181,10.77592754,0 106.62142181,10.77592754,0 106.62142181,10.77592754,0 106.62142181,10.77592754,0 106.62145996,10.77537155,0 106.62149048,10.77481651,0 106.62150574,10.77425766,0 106.62151337,10.77369881,0 106.62076569,10.77393627,0 106.62002563,10.77417374,0 106.61928558,10.77441025,0 106.61854553,10.77464771,0 106.61854553,10.77464771,0 106.61854553,10.77464771,0 106.6179657,10.77482224,0 106.61738586,10.7749958,0 106.61679077,10.77519321,0 106.61620331,10.77539063,0 106.61559296,10.77552795,0 106.61495972,10.77553272,0 106.61431885,10.77562809,0 106.61377716,10.77591801,0 106.61377716,10.77591801,0 106.61377716,10.77591801,0 106.61377716,10.77591801,0 106.61328125,10.77610779,0 106.61238861,10.77620792,0 106.61108398,10.77625275,0 106.60977173,10.77629757,0 106.6097641,10.77638721,0 106.6097641,10.77638721,0 106.6097641,10.77638721,0 106.6097641,10.77638721,0 106.6097641,10.77638721,0 106.6097641,10.77638721,0 106.6097641,10.77627659,0 106.60871124,10.77629375,0 106.60766602,10.77631092,0 106.60661316,10.77632809,0 106.6055603,10.7763443,0 106.6055603,10.77645493,0 106.6055603,10.77645493,0 106.6055603,10.77641773,0 106.6055603,10.77641773,0 106.60556793,10.7763443,0 106.60457611,10.77636623,0 106.60358429,10.77638721,0 106.60358429,10.77645493,0 106.60358429,10.77645493,0 106.60358429,10.77645493,0 106.60358429,10.77645493,0 106.60358429,10.77645493,0 106.60358429,10.7764082,0 106.60223389,10.7764082,0 106.60088348,10.7764082,0 106.60105133,10.7756176,0 106.6009903,10.77560711,0 106.6009903,10.77560711,0 106.6009903,10.77560711,0 106.6009903,10.77560711,0 106.6009903,10.77560711,0 106.60105133,10.7756176,0 106.60128784,10.77480602,0 106.60152435,10.77399445,0 106.60173798,10.77318573,0 106.60194397,10.77237606,0 106.60185242,10.77235031,0 106.60185242,10.77235031,0 106.60185242,10.77235031,0 106.60195923,10.77238178,0 106.60224152,10.77133846,0 106.6025238,10.77029514,0 106.60280609,10.76926708,0 106.60315704,10.76824474,0 106.60311127,10.76822376,0 106.60311127,10.76822376,0 106.60311127,10.76822376,0 106.60311127,10.76822376,0 106.60316467,10.76823997,0 106.60340118,10.76762295,0 106.60357666,10.76700974,0 106.60372925,10.76603031,0 106.60386658,10.76529026,0 106.60417175,10.76401329,0 106.60379791,10.76394939,0 106.60379791,10.76394939,0 106.60379791,10.76394939,0 106.60379791,10.76394939,0 106.60379791,10.76394939,0 106.60379791,10.76394939,0 106.60379791,10.76394939,0 106.60379791,10.76394939,0 106.60420227,10.76401329,0 106.60439301,10.76329613,0 106.60459137,10.76257992,0 106.6047821,10.76185799,0 106.60497284,10.76113605,0 106.60493469,10.76112461,0 106.60493469,10.76112461,0 106.60493469,10.76112461,0 106.60493469,10.76112461,0 106.60493469,10.76112461,0 106.60498047,10.76113033,0 106.60510254,10.76061916,0 106.60529327,10.76008987,0 106.6054306,10.75981998,0 106.60553741,10.75965977,0 106.60605621,10.75914955,0 106.60619354,10.75895691,0 106.60619354,10.75895691,0 106.60619354,10.75895691,0 106.60619354,10.75895691,0 106.60619354,10.75895691,0 106.60696411,10.75817871,0 106.60641479,10.7578783,0 106.60596466,10.7572937,0 106.60604095,10.75657177,0 106.60604095,10.75583363,0 106.60604095,10.75583363,0 106.60604095,10.75583363,0 106.60604095,10.75583363,0 106.6060791,10.75533009,0 106.60611725,10.7548275,0 106.60684967,10.7548275,0 106.60790253,10.75498009,0 106.60790253,10.75498009,0 106.60790253,10.75498009,0 106.60790253,10.75498009,0 106.60790253,10.75498009,0 106.6085434,10.75509071,0 106.60918427,10.75520134,0 106.60942841,10.75452137,0 106.60967255,10.7538414,0 106.60990906,10.75315666,0 106.61013794,10.75247097,0 106.61013794,10.75247097,0 106.61013794,10.75247097,0 106.61013794,10.75247097,0 106.61035156,10.75190353,0 106.61055756,10.75133514,0 106.61077118,10.75076771,0 106.6109848,10.75020027,0 106.6111908,10.74962044,0 106.61139679,10.7490406,0 106.61160278,10.74846077,0 106.61180878,10.74788094,0 106.61151886,10.74780655,0 106.61151886,10.74780655,0 106.61151886,10.74780655,0 106.61061859,10.74744129,0 106.60970306,10.74711132,0 106.60877991,10.74678993,0 106.60786438,10.74646854,0 106.60783386,10.74653244,0 106.60783386,10.74653244,0 106.60783386,10.74653244,0 106.60786438,10.74645805,0 106.60702515,10.74616337,0 106.60703278,10.74577332,0 106.60749817,10.74506187,0 106.60796356,10.74434948,0 106.60790253,10.74431801,0 106.60790253,10.74431801,0 106.60795593,10.74433899,0 106.60869598,10.74321175,0 106.60943604,10.74211502,0 106.61001587,10.7424736,0 106.61006165,10.74244213,0 106.61006165,10.74244213,0 106.61003876,10.74249458,0 106.61069489,10.74290848,0 106.61135864,10.74332237,0 106.61203766,10.74376202,0 106.61270905,10.74420261,0 106.61276245,10.74417114,0 106.61276245,10.74417114,0 106.61307526,10.74439716,0 106.6132431,10.74386311,0 106.61341095,10.74332809,0 106.61341095,10.74332809,0 106.61383057,10.74237347,0 106.61422729,10.74142361,0 106.61422729,10.74142361,0 106.61443329,10.7407341,0 106.6145401,10.74002266,0 106.61477661,10.73843098,0 106.61495209,10.73827362,0 106.61516571,10.73816776,0 106.61560059,10.73872662,0 106.61620331,10.73921967,0 106.61681366,10.73971176,0 106.61686707,10.73966503,0 106.61686707,10.73966503,0 106.61686707,10.73966503,0 106.61686707,10.73966503,0 106.61686707,10.73966503,0 106.61686707,10.73966503,0 106.61679077,10.73972225,0 106.61844635,10.74102974,0 106.61856842,10.74085045,0 106.61933136,10.74150944,0 106.6195755,10.74120331,0 106.6193161,10.74101925,0 106.61979675,10.7404871,0 106.61917877,10.7399807,0 106.61953735,10.73956966,0 106.61943817,10.73948574,0</coordinates>
        </LineString>
      </Placemark>
    </Folder>
    <Folder>
      <name>TUYẾN B 48: Bến xe buýt Tân Phú - Chợ Hiệp Thành</name>
      <Placemark>
        <name>B 48 (Lượt đi)</name>
        <description><![CDATA[&lt;b&gt;Tuyến:&lt;/b&gt; B 48 - Bến xe buýt Tân Phú - Chợ Hiệp Thành&lt;br/&gt;&lt;b&gt;Hành trình:&lt;/b&gt; Bến xe buýt Tân Phú → Bến xe buýt Hiệp Thành&lt;br/&gt;&lt;b&gt;Lượt:&lt;/b&gt; Lượt đi&lt;br/&gt;&lt;b&gt;Cự ly:&lt;/b&gt; 21.5 km (Định mức: 21 km)&lt;br/&gt;&lt;b&gt;Giờ hoạt động:&lt;/b&gt; 4:30 - 20:00&lt;br/&gt;&lt;b&gt;Thời gian chạy:&lt;/b&gt; 55 phút]]></description>
        <styleUrl>#style_route_9</styleUrl>
        <LineString>
          <tessellate>1</tessellate>
          <coordinates>106.63353729,10.80916309,0 106.63399506,10.80925846,0 106.63432312,10.8082304,0 106.63426208,10.80820942,0 106.63426208,10.80820942,0 106.63433838,10.80821991,0 106.63448334,10.80759811,0 106.63496399,10.80626488,0 106.63477325,10.80621243,0 106.63477325,10.80621243,0 106.63492584,10.80620766,0 106.63505554,10.80590725,0 106.63285828,10.8057909,0 106.63273621,10.80583286,0 106.63261414,10.80597496,0 106.63213348,10.80601788,0 106.63209534,10.80532169,0 106.63220978,10.80497456,0 106.63199615,10.80454731,0 106.63140869,10.8051796,0 106.63117981,10.80535889,0 106.63089752,10.80552197,0 106.6304245,10.80568027,0 106.62952423,10.80589104,0 106.62858582,10.80606461,0 106.62858582,10.80606461,0 106.62536621,10.80678463,0 106.62536621,10.80678463,0 106.62217712,10.80746365,0 106.62217712,10.80746365,0 106.619133,10.8082571,0 106.619133,10.8082571,0 106.619133,10.8082571,0 106.61633301,10.809021,0 106.61630249,10.80916309,0 106.61630249,10.80916309,0 106.61630249,10.80916309,0 106.61624908,10.80900478,0 106.61493683,10.80935955,0 106.61396027,10.80979538,0 106.61344147,10.81007004,0 106.61351013,10.8102169,0 106.61344147,10.81007004,0 106.61267853,10.81040955,0 106.61192322,10.81079006,0 106.61134338,10.81105995,0 106.6102066,10.81163979,0 106.60958862,10.81198978,0 106.60967255,10.81211376,0 106.60957336,10.81198215,0 106.60852051,10.81262398,0 106.60747528,10.8132658,0 106.60641479,10.81389332,0 106.60536194,10.81452179,0 106.6054306,10.81461239,0 106.6054306,10.81461239,0 106.6054306,10.81461239,0 106.60536194,10.8145113,0 106.60468292,10.8149147,0 106.60400391,10.81531811,0 106.60299683,10.81587029,0 106.6030426,10.81597137,0 106.6030426,10.81597137,0 106.6030426,10.81597137,0 106.6030426,10.81597137,0 106.6030426,10.81597137,0 106.6029892,10.81587601,0 106.60163879,10.81612396,0 106.60029602,10.81637192,0 106.5993576,10.81601334,0 106.59713745,10.81585503,0 106.59492493,10.81569672,0 106.59492493,10.81569672,0 106.59492493,10.81569672,0 106.59492493,10.81569672,0 106.59492493,10.81569672,0 106.59368896,10.81560802,0 106.592453,10.81551838,0 106.592453,10.81551838,0 106.592453,10.81551838,0 106.592453,10.81550026,0 106.59126282,10.81538963,0 106.59046936,10.81534958,0 106.58978271,10.81531239,0 106.58909607,10.81527519,0 106.58908844,10.81531811,0 106.58908844,10.81531811,0 106.58908844,10.81525993,0 106.58782959,10.81521988,0 106.58656311,10.81517982,0 106.58655548,10.81522846,0 106.58655548,10.81522846,0 106.58656311,10.81520748,0 106.58591461,10.81515408,0 106.58490753,10.81492996,0 106.58390045,10.8147068,0 106.58386993,10.81481171,0 106.58386993,10.81481171,0 106.58389282,10.81472206,0 106.58291626,10.81449604,0 106.5819397,10.81426907,0 106.58097076,10.81403446,0 106.58000183,10.81379986,0 106.58000183,10.81379986,0 106.57940674,10.81367874,0 106.58229828,10.81592846,0 106.58547974,10.81869698,0 106.58547974,10.81869698,0 106.58547974,10.81869698,0 106.58547974,10.81869698,0 106.58547974,10.81869698,0 106.58547974,10.81869698,0 106.58547974,10.81869698,0 106.58547974,10.81869698,0 106.58551025,10.81877422,0 106.58635712,10.81952763,0 106.58718109,10.82029152,0 106.58737946,10.82032299,0 106.58763885,10.82057095,0 106.587677,10.82053947,0 106.587677,10.82053947,0 106.587677,10.82053947,0 106.587677,10.82053947,0 106.587677,10.82053947,0 106.587677,10.82053947,0 106.58763885,10.82056618,0 106.5885849,10.82146168,0 106.58953094,10.82239437,0 106.58956909,10.82236195,0 106.58956909,10.82236195,0 106.58956909,10.82236195,0 106.58956909,10.82236195,0 106.58953857,10.82239437,0 106.59002686,10.82288933,0 106.59050751,10.82338428,0 106.59095001,10.82389355,0 106.59139252,10.82440186,0 106.59139252,10.82440186,0 106.59139252,10.82440186,0 106.59139252,10.82440186,0 106.59204102,10.82523727,0 106.59268951,10.82607269,0 106.59268951,10.82607269,0 106.59307098,10.82661438,0 106.5933609,10.82715225,0 106.59406281,10.82819557,0 106.59477997,10.82922268,0 106.5954895,10.83023453,0 106.59558105,10.83019733,0 106.59558105,10.83019733,0 106.59547424,10.83023453,0 106.59592438,10.83100891,0 106.59632874,10.83185196,0 106.59670258,10.83267879,0 106.59710693,10.83351135,0 106.59716797,10.83347988,0 106.59716797,10.83347988,0 106.5970993,10.83350658,0 106.59750366,10.83427048,0 106.59790802,10.83503437,0 106.5983429,10.83578777,0 106.59877777,10.83653069,0 106.59885406,10.83647823,0 106.59885406,10.83647823,0 106.59877014,10.83651447,0 106.59937286,10.83747864,0 106.59983063,10.83851147,0 106.59993744,10.83846855,0 106.59993744,10.83846855,0 106.59983826,10.83851719,0 106.60023499,10.83943844,0 106.59964752,10.83992863,0 106.5996933,10.8399868,0 106.5996933,10.8399868,0 106.5996933,10.8399868,0 106.59964752,10.83991814,0 106.59883118,10.84061909,0 106.59931946,10.84111404,0 106.59963226,10.84149933,0 106.599823,10.8419199,0 106.59985352,10.84191036,0 106.59985352,10.84191036,0 106.59985352,10.84191036,0 106.59981537,10.84193134,0 106.59991455,10.84219933,0 106.59992218,10.84249496,0 106.59992981,10.84307957,0 106.59985352,10.84424877,0 106.60002899,10.84537697,0 106.60016632,10.84592438,0 106.60035706,10.84644604,0 106.60041046,10.84642982,0 106.60041046,10.84642982,0 106.60035706,10.84644604,0 106.60045624,10.84687805,0 106.60128784,10.84819508,0 106.60211945,10.84939671,0 106.60217285,10.84936047,0 106.60217285,10.84936047,0 106.60211945,10.84939098,0 106.60337067,10.85098267,0 106.60426331,10.85193634,0 106.60429382,10.85190964,0 106.60429382,10.85190964,0 106.60429382,10.85190964,0 106.60424042,10.85194111,0 106.60533142,10.85313511,0 106.60641479,10.85432816,0 106.60645294,10.85431671,0 106.60645294,10.85431671,0 106.60645294,10.85431671,0 106.60642242,10.85434914,0 106.60729218,10.85532856,0 106.60762024,10.85583496,0 106.60768127,10.85582447,0 106.60768127,10.85582447,0 106.60761261,10.85585594,0 106.60843658,10.85710907,0 106.60926056,10.8583107,0 106.60930634,10.858284,0 106.60930634,10.858284,0 106.60925293,10.85830021,0 106.61022949,10.85980701,0 106.61118317,10.86127663,0 106.61122894,10.86126137,0 106.61122894,10.86126137,0 106.61118317,10.86129284,0 106.61227417,10.86278915,0 106.61330414,10.86429596,0 106.61338043,10.86425304,0 106.61338043,10.86425304,0 106.61331177,10.86429024,0 106.61418915,10.86546993,0 106.61503601,10.86665535,0 106.61508942,10.86663532,0 106.61508942,10.86663532,0 106.61502075,10.86667156,0 106.61527252,10.86700916,0 106.61562347,10.86699295,0 106.6157608,10.86663246,0 106.6158905,10.86627102,0 106.61585999,10.86625481,0 106.61585999,10.86625481,0 106.61585999,10.86625481,0 106.61589813,10.86627674,0 106.61613464,10.86554718,0 106.61637878,10.86481667,0 106.61659241,10.86410046,0 106.61680603,10.86338425,0 106.61671448,10.86335754,0 106.61671448,10.86335754,0 106.61671448,10.86335754,0 106.61671448,10.86335754,0 106.61681366,10.86337852,0 106.61727905,10.86175632,0 106.61761475,10.85997581,0 106.61756134,10.85997581,0 106.61756134,10.85997581,0 106.61756134,10.85997581,0 106.61756134,10.85997581,0 106.61756134,10.85997581,0 106.61756134,10.85997581,0 106.61761475,10.85997581,0 106.61771393,10.85935402,0 106.61782837,10.85886383,0 106.61850739,10.85833168,0 106.61846161,10.85829544,0 106.61846161,10.85829544,0 106.61846161,10.85829544,0 106.61846161,10.85829544,0 106.61846161,10.85829544,0 106.61846161,10.85829544,0 106.61846161,10.85829544,0 106.61846161,10.85829544,0 106.61846161,10.85829544,0 106.61849976,10.8583374,0 106.61911774,10.85785007,0 106.61973572,10.85736275,0 106.6204071,10.85687733,0 106.62103271,10.85657215,0 106.62101746,10.85653019,0 106.62101746,10.85653019,0 106.62101746,10.85653019,0 106.62101746,10.85653019,0 106.62101746,10.85653019,0 106.62101746,10.85653019,0 106.62104034,10.85655594,0 106.62164307,10.85626411,0 106.62224579,10.85597134,0 106.62284851,10.85566044,0 106.62345886,10.85534954,0 106.62381744,10.8558321,0 106.62417603,10.85631371,0 106.62417603,10.85631371,0 106.62417603,10.85631371,0 106.62493134,10.85733128,0 106.62514496,10.85739899,0 106.6263504,10.85750961,0 106.62755585,10.85762024,0 106.62756348,10.85756302,0 106.62756348,10.85756302,0 106.62756348,10.85756302,0 106.62756348,10.85756302,0 106.62755585,10.85762024,0 106.62846375,10.8576889,0 106.62937164,10.85775757,0 106.62940216,10.85817909,0 106.62945557,10.85837936,0 106.62999725,10.85899544,0 106.63056183,10.85960102,0 106.63056183,10.85960102,0 106.63056183,10.85960102,0 106.63056183,10.85960102,0 106.63121796,10.86034393,0 106.63187408,10.86108685,0 106.63272095,10.86240196,0 106.63356781,10.86371613,0 106.63356781,10.86371613,0 106.63356781,10.86371613,0 106.63356781,10.86371613,0 106.63409424,10.86462784,0 106.63462067,10.8655386,0 106.63499451,10.86641884,0 106.63542175,10.86727238,0 106.63542175,10.86727238,0 106.63542175,10.86727238,0 106.63542175,10.86727238,0 106.63600922,10.86856842,0 106.63659668,10.86986446,0 106.63696289,10.87054348,0 106.63736725,10.87119198,0 106.63736725,10.87119198,0 106.63736725,10.87119198,0 106.63736725,10.87119198,0 106.63778687,10.8718605,0 106.63796234,10.87180805,0 106.63822174,10.87180805,0 106.63887024,10.87143898,0 106.63951874,10.87106514,0 106.63950348,10.87101841,0 106.63950348,10.87101841,0 106.63950348,10.87101841,0 106.63950348,10.87101841,0 106.639534,10.87105465,0 106.64031219,10.8706255,0 106.64109039,10.87019634,0 106.64186859,10.86976624,0 106.64265442,10.86933708,0 106.64284515,10.869627,0 106.64284515,10.869627,0 106.64284515,10.869627,0 106.64284515,10.869627,0 106.64318848,10.87021065,0 106.64352417,10.8707943,0 106.64385986,10.87137699,0 106.64420319,10.87196064,0 106.64420319,10.87196064,0 106.64420319,10.87196064,0 106.64420319,10.87196064,0 106.64487457,10.87311172,0 106.64554596,10.87426281,0 106.64584351,10.87485886,0 106.64614105,10.87545395,0 106.64614105,10.87545395,0 106.64614105,10.87545395,0 106.64614105,10.87545395,0 106.64614105,10.87545395,0 106.64644623,10.87605953,0 106.64665985,10.87623882,0 106.64672852,10.87650204,0 106.64544678,10.87665749,0 106.64417267,10.8768177,0 106.6441803,10.87687588,0 106.6441803,10.87687588,0 106.6441803,10.87687588,0 106.6441803,10.87687588,0 106.6441803,10.87687588,0 106.6441803,10.87687588,0 106.6441803,10.87687588,0 106.64417267,10.87681293,0 106.64300537,10.87695217,0 106.64183807,10.87709236,0 106.64207458,10.8774395,0 106.64173889,10.87775612,0 106.64173889,10.87775612,0</coordinates>
        </LineString>
      </Placemark>
      <Placemark>
        <name>B 48 (Lượt về)</name>
        <description><![CDATA[&lt;b&gt;Tuyến:&lt;/b&gt; B 48 - Bến xe buýt Tân Phú - Chợ Hiệp Thành&lt;br/&gt;&lt;b&gt;Hành trình:&lt;/b&gt; Bến xe buýt Hiệp Thành → Bến xe buýt Tân Phú&lt;br/&gt;&lt;b&gt;Lượt:&lt;/b&gt; Lượt về&lt;br/&gt;&lt;b&gt;Cự ly:&lt;/b&gt; 21.78 km (Định mức: 21 km)&lt;br/&gt;&lt;b&gt;Giờ hoạt động:&lt;/b&gt; 4:30 - 20:00&lt;br/&gt;&lt;b&gt;Thời gian chạy:&lt;/b&gt; 55 phút]]></description>
        <styleUrl>#style_route_9</styleUrl>
        <LineString>
          <tessellate>1</tessellate>
          <coordinates>106.64173889,10.87775612,0 106.64207458,10.87747669,0 106.64181519,10.87708664,0 106.64395905,10.8768177,0 106.64396667,10.87673855,0 106.64396667,10.87673855,0 106.64396667,10.87673855,0 106.64398956,10.87679195,0 106.64664459,10.87646484,0 106.64660645,10.87631702,0 106.64640045,10.87610149,0 106.64615631,10.87570572,0 106.64615631,10.87570572,0 106.64548492,10.87431526,0 106.64440918,10.87253475,0 106.64440918,10.87253475,0 106.64294434,10.87003326,0 106.64294434,10.87003326,0 106.64261627,10.86942196,0 106.64006042,10.87088108,0 106.64006042,10.87088108,0 106.64002991,10.87084961,0 106.63822174,10.87188721,0 106.63795471,10.87188721,0 106.63775635,10.87195015,0 106.63741302,10.87146568,0 106.63741302,10.87146568,0 106.63650513,10.86982155,0 106.63619995,10.86910534,0 106.63579559,10.86828899,0 106.63506317,10.86676121,0 106.63506317,10.86676121,0 106.63457489,10.86560726,0 106.63423157,10.86505413,0 106.63393402,10.86445332,0 106.63312531,10.86326313,0 106.63312531,10.86326313,0 106.63248444,10.8622303,0 106.632164,10.86163998,0 106.63178253,10.86107159,0 106.63096619,10.86021328,0 106.63096619,10.86021328,0 106.63096619,10.86021328,0 106.63026428,10.85940456,0 106.62957001,10.85859489,0 106.62928772,10.85782623,0 106.62865448,10.85777855,0 106.62802124,10.85773087,0 106.62802124,10.85773087,0 106.62802124,10.85773087,0 106.62802124,10.85773087,0 106.62658691,10.85759449,0 106.62514496,10.85745716,0 106.62485504,10.85731983,0 106.62444305,10.85673046,0 106.62438202,10.85676193,0 106.62438202,10.85676193,0 106.62438202,10.85676193,0 106.62444305,10.85671425,0 106.62398529,10.85613251,0 106.6235199,10.85554981,0 106.62315369,10.85565281,0 106.62278748,10.85575581,0 106.62281799,10.85580254,0 106.62281799,10.85580254,0 106.62277985,10.85575008,0 106.62178802,10.85623264,0 106.62080383,10.85671425,0 106.62082672,10.85675144,0 106.62082672,10.85675144,0 106.62082672,10.85675144,0 106.62033844,10.85699844,0 106.61986542,10.85731506,0 106.61907196,10.85798359,0 106.61907196,10.85798359,0 106.61907196,10.85798359,0 106.61846924,10.85844994,0 106.61787415,10.85891628,0 106.61772919,10.85970688,0 106.61758423,10.86049747,0 106.61758423,10.86049747,0 106.61746216,10.86110306,0 106.61734009,10.86170578,0 106.61717224,10.86229897,0 106.61701202,10.86289406,0 106.61708832,10.86291504,0 106.61708832,10.86291504,0 106.61708832,10.86291504,0 106.61701965,10.86289978,0 106.61660767,10.86425877,0 106.61619568,10.86561775,0 106.61624146,10.86563396,0 106.61624146,10.86563396,0 106.61624146,10.86563396,0 106.61624146,10.86563396,0 106.61618805,10.86562347,0 106.61585236,10.86653423,0 106.61553955,10.86745167,0 106.6151886,10.86694241,0 106.61484528,10.8664341,0 106.61480713,10.86646557,0 106.61480713,10.86646557,0 106.61480713,10.86646557,0 106.61486053,10.86644459,0 106.61318207,10.86408997,0 106.61312866,10.86413193,0 106.61312866,10.86413193,0 106.6131897,10.86409569,0 106.61090851,10.86088657,0 106.61084747,10.86090755,0 106.61084747,10.86090755,0 106.6089325,10.85794735,0 106.6089325,10.85794735,0 106.60799408,10.85655594,0 106.60799408,10.85655594,0 106.60799408,10.85655594,0 106.60761261,10.85591888,0 106.60736084,10.85543442,0 106.60667419,10.85466003,0 106.60660553,10.85462284,0 106.60660553,10.85462284,0 106.60660553,10.85462284,0 106.60662842,10.85460663,0 106.60390472,10.85154629,0 106.60387421,10.85158825,0 106.60395813,10.85170937,0 106.60340118,10.85103989,0 106.60178375,10.84903336,0 106.60176086,10.84899139,0 106.60178375,10.84903336,0 106.60079193,10.84745789,0 106.60042572,10.84681511,0 106.60031891,10.846241,0 106.60025787,10.84626198,0 106.60025787,10.84626198,0 106.60025787,10.84626198,0 106.60030365,10.846241,0 106.60010529,10.84551334,0 106.59992218,10.8448,0 106.59983826,10.84436989,0 106.59983063,10.84418011,0 106.59985352,10.84385967,0 106.59989929,10.84331989,0 106.59990692,10.84292984,0 106.59986115,10.84230042,0 106.59976959,10.84187984,0 106.59958649,10.84150028,0 106.59954834,10.84136009,0 106.59925842,10.84105015,0 106.59920502,10.84103012,0 106.59920502,10.84103012,0 106.59920502,10.84103012,0 106.59920502,10.84103012,0 106.59883118,10.84061909,0 106.60002899,10.83958149,0 106.59996033,10.83950233,0 106.59996033,10.83950233,0 106.59996033,10.83950233,0 106.59996033,10.83950233,0 106.59996033,10.83950233,0 106.6000061,10.83957577,0 106.60020447,10.83939648,0 106.5998764,10.83862782,0 106.59951782,10.83786297,0 106.59951782,10.83786297,0 106.59951782,10.83786297,0 106.59951782,10.83786297,0 106.5991745,10.83717346,0 106.59857941,10.83623505,0 106.59857941,10.83623505,0 106.59857941,10.83623505,0 106.59857941,10.83623505,0 106.59799194,10.83518314,0 106.59739685,10.83413124,0 106.59739685,10.83413124,0 106.59739685,10.83413124,0 106.59739685,10.83413124,0 106.59686279,10.83300018,0 106.59661865,10.8324995,0 106.59625244,10.83181,0 106.59625244,10.83181,0 106.59625244,10.83181,0 106.59594727,10.83109856,0 106.59555054,10.83038139,0 106.59509277,10.82966518,0 106.59468842,10.82911205,0 106.59436798,10.82870674,0 106.59422302,10.8286171,0 106.59407806,10.82840633,0 106.59357452,10.82770538,0 106.59307861,10.82697296,0 106.59235382,10.82604313,0 106.59235382,10.82604313,0 106.59235382,10.82604313,0 106.5918045,10.82532883,0 106.59123993,10.82460213,0 106.59120178,10.82462502,0 106.59120178,10.82462502,0 106.59122467,10.82459641,0 106.59082794,10.82409096,0 106.59038544,10.82359505,0 106.58992004,10.82312679,0 106.58945465,10.82265759,0 106.58942413,10.82267857,0 106.58942413,10.82267857,0 106.58944702,10.82266235,0 106.58901215,10.82220936,0 106.58855438,10.82176208,0 106.58809662,10.82132721,0 106.58764648,10.82089233,0 106.58761597,10.82091904,0 106.58761597,10.82091904,0 106.58763123,10.82090282,0 106.58731842,10.82061005,0 106.5872879,10.82050037,0 106.5872879,10.82040024,0 106.58706665,10.82017994,0 106.58631134,10.81946945,0 106.58553314,10.81877708,0 106.58553314,10.81877708,0 106.58482361,10.81815434,0 106.5841217,10.81753159,0 106.58341217,10.81690884,0 106.58270264,10.81628609,0 106.58270264,10.81628609,0 106.58196259,10.81568336,0 106.58123016,10.81508064,0 106.58046722,10.81450653,0 106.57968903,10.81393147,0 106.57975006,10.81372643,0 106.58049011,10.8138895,0 106.58049011,10.81383228,0 106.58049011,10.81383228,0 106.58049011,10.81390572,0 106.58136749,10.8140955,0 106.58224487,10.81428528,0 106.58314514,10.81449032,0 106.58405304,10.81469631,0 106.58409119,10.81454754,0 106.58409119,10.81454754,0 106.58404541,10.81469631,0 106.58509827,10.81494331,0 106.58604431,10.81515408,0 106.58627319,10.81516457,0 106.58628845,10.81497002,0 106.58628845,10.81497002,0 106.58628845,10.81513882,0 106.58708954,10.81517792,0 106.58789825,10.81521797,0 106.58874512,10.81524086,0 106.58959961,10.8152647,0 106.58960724,10.8151598,0 106.58960724,10.8151598,0 106.58959198,10.81528568,0 106.5903244,10.81531239,0 106.59106445,10.81533909,0 106.59181213,10.81540489,0 106.59255981,10.8154707,0 106.59255981,10.8154068,0 106.59255981,10.8154068,0 106.59257507,10.81548119,0 106.59373474,10.81557083,0 106.59489441,10.81566525,0 106.59490967,10.81554985,0 106.59490967,10.81554985,0 106.59489441,10.81567574,0 106.59684753,10.81580734,0 106.59879303,10.81595516,0 106.59947968,10.81604004,0 106.60024261,10.8163662,0 106.60074615,10.81626129,0 106.60172272,10.81602383,0 106.60276031,10.81579208,0 106.6027832,10.8157177,0 106.6027832,10.8157177,0 106.6027832,10.8157177,0 106.60280609,10.81580257,0 106.60312653,10.81567574,0 106.60342407,10.81552887,0 106.60398865,10.81519699,0 106.60450745,10.814888,0 106.60503387,10.81457996,0 106.60494995,10.81441116,0 106.60494995,10.81441116,0 106.60494995,10.81441116,0 106.60504913,10.81457996,0 106.60614777,10.81392384,0 106.60725403,10.81326771,0 106.60832214,10.81262207,0 106.60938263,10.81197739,0 106.60923767,10.81173515,0 106.60923767,10.81173515,0 106.60923767,10.81173515,0 106.60923767,10.81173515,0 106.60939026,10.81195068,0 106.61038971,10.81142044,0 106.61087036,10.8111496,0 106.61148071,10.81085968,0 106.61260223,10.8103199,0 106.61282349,10.81021976,0 106.61322021,10.81002712,0 106.61310577,10.80983734,0 106.61310577,10.80983734,0 106.61310577,10.80983734,0 106.61310577,10.80983734,0 106.61310577,10.80983734,0 106.61322784,10.81003761,0 106.61404419,10.809659,0 106.61486816,10.8092804,0 106.61598206,10.80895996,0 106.61591339,10.80872059,0 106.61591339,10.80872059,0 106.61591339,10.80872059,0 106.61595917,10.80894184,0 106.61824036,10.80832005,0 106.61923981,10.80803967,0 106.61988068,10.8078804,0 106.61981964,10.8076458,0 106.61981964,10.8076458,0 106.61981964,10.8076458,0 106.61981964,10.8076458,0 106.61988831,10.80787277,0 106.6211319,10.80759144,0 106.62236786,10.8073101,0 106.62236786,10.8073101,0 106.62236786,10.8073101,0 106.62236786,10.8073101,0 106.62236786,10.8073101,0 106.62236786,10.8073101,0 106.62362671,10.80703926,0 106.62488556,10.80676746,0 106.62488556,10.80676746,0 106.62488556,10.80676746,0 106.62488556,10.80676746,0 106.62488556,10.80676746,0 106.62488556,10.80676746,0 106.62488556,10.80676746,0 106.6261673,10.80648232,0 106.62745667,10.80619717,0 106.62738037,10.80649662,0 106.62734222,10.80679226,0 106.62727356,10.80741882,0 106.62734222,10.80741405,0 106.62734222,10.80741405,0 106.62734222,10.80741405,0 106.62734222,10.80741405,0 106.62727356,10.80741405,0 106.6272049,10.80816746,0 106.62711334,10.80892086,0 106.62705994,10.80967999,0 106.62702179,10.81043816,0 106.6270752,10.81043816,0 106.6270752,10.81043816,0 106.6270752,10.81043816,0 106.6270752,10.81043816,0 106.62700653,10.81044865,0 106.62695313,10.81136608,0 106.62746429,10.81160259,0 106.62799835,10.8117981,0 106.62813568,10.81185055,0 106.62815857,10.81177711,0 106.62815857,10.81177711,0 106.62815857,10.81177711,0 106.62815857,10.81177711,0 106.62815857,10.81177711,0 106.62815094,10.81185055,0 106.62862396,10.81200314,0 106.62957001,10.81215668,0 106.63050842,10.81228256,0 106.63239288,10.81254101,0 106.63243866,10.81248283,0 106.63243866,10.81248283,0 106.63243866,10.81248283,0 106.63243866,10.81248283,0 106.63243866,10.81248283,0 106.63244629,10.81254578,0 106.63289642,10.81262493,0 106.63316345,10.81179237,0 106.63343048,10.81095982,0 106.63369751,10.81012726,0 106.63395691,10.8092947,0 106.63353729,10.80916309,0 106.63353729,10.80916309,0</coordinates>
        </LineString>
      </Placemark>
    </Folder>
    <Folder>
      <name>TUYẾN B 60-1: Bến xe Miền Tây - Bến xe Biên Hòa</name>
      <Placemark>
        <name>B 60-1 (Lượt đi)</name>
        <description><![CDATA[&lt;b&gt;Tuyến:&lt;/b&gt; B 60-1 - Bến xe Miền Tây - Bến xe Biên Hòa&lt;br/&gt;&lt;b&gt;Hành trình:&lt;/b&gt; Bến xe Miền Tây → Bến xe Biên Hòa&lt;br/&gt;&lt;b&gt;Lượt:&lt;/b&gt; Lượt đi&lt;br/&gt;&lt;b&gt;Cự ly:&lt;/b&gt; 62.67 km (Định mức: 62 km)&lt;br/&gt;&lt;b&gt;Giờ hoạt động:&lt;/b&gt; 4:45 - 18:30&lt;br/&gt;&lt;b&gt;Thời gian chạy:&lt;/b&gt; 130 phút]]></description>
        <styleUrl>#style_route_10</styleUrl>
        <LineString>
          <tessellate>1</tessellate>
          <coordinates>106.61943817,10.73948574,0 106.61954498,10.73955345,0 106.61917877,10.73998642,0 106.61988068,10.74058151,0 106.61988068,10.74082375,0 106.61917877,10.74170971,0 106.61928558,10.74178886,0 106.61916351,10.74195194,0 106.61823273,10.74118996,0 106.61666107,10.73987961,0 106.61643219,10.73968029,0 106.61639404,10.73967457,0 106.61639404,10.73967457,0 106.61639404,10.73967457,0 106.615448,10.7388525,0 106.61504364,10.73830509,0 106.61314392,10.73513794,0 106.61314392,10.73513794,0 106.61103058,10.73167419,0 106.61103058,10.73167419,0 106.61064148,10.73102093,0 106.61013794,10.73030376,0 106.60967255,10.72996712,0 106.60827637,10.7290144,0 106.60827637,10.7290144,0 106.60706329,10.72817993,0 106.60575104,10.72733021,0 106.60575104,10.72733021,0 106.60440826,10.72639847,0 106.60302734,10.72546577,0 106.60302734,10.72546577,0 106.60253906,10.72501755,0 106.60188293,10.72422218,0 106.60170746,10.72407913,0 106.60147095,10.72408485,0 106.60132599,10.72434807,0 106.60215759,10.72917652,0 106.60308838,10.734025,0 106.60269928,10.73575401,0 106.60136414,10.73765659,0 106.60136414,10.73765659,0 106.59844208,10.74230671,0 106.59844208,10.74230671,0 106.59507751,10.74763393,0 106.59507751,10.74763393,0 106.59507751,10.74763393,0 106.59507751,10.74763393,0 106.59500885,10.74771023,0 106.59461975,10.74842358,0 106.59377289,10.74978352,0 106.59329224,10.75055313,0 106.5929718,10.75148106,0 106.59268951,10.75296688,0 106.59268951,10.75296688,0 106.59185791,10.75788403,0 106.59185791,10.75788403,0 106.59092712,10.76307487,0 106.59092712,10.76307487,0 106.59063721,10.76408958,0 106.59056854,10.76484013,0 106.59056854,10.76541042,0 106.59062958,10.76622963,0 106.5907135,10.76669025,0 106.59089661,10.76753044,0 106.59114838,10.76847649,0 106.59114838,10.76847649,0 106.59196472,10.77205467,0 106.59196472,10.77205467,0 106.59195709,10.77243996,0 106.59200287,10.77277184,0 106.59234619,10.77420998,0 106.59256744,10.77521133,0 106.59266663,10.77548027,0 106.59266663,10.77548027,0 106.59350586,10.77956963,0 106.59350586,10.77956963,0 106.59403992,10.78199387,0 106.59394836,10.78201008,0 106.59436798,10.78398991,0 106.59443665,10.78433037,0 106.5945282,10.78446007,0 106.59458923,10.78454971,0 106.59552002,10.7888546,0 106.59612274,10.7915163,0 106.59612274,10.7915163,0 106.5974884,10.79819298,0 106.5974884,10.79819298,0 106.59871674,10.80413055,0 106.59871674,10.80413055,0 106.59931946,10.80687141,0 106.59931946,10.80687141,0 106.60041046,10.81193542,0 106.60041046,10.81193542,0 106.60099792,10.81469631,0 106.60099792,10.81469631,0 106.60159302,10.81760406,0 106.60153198,10.81762028,0 106.60221863,10.82089043,0 106.60233307,10.82087135,0 106.60385132,10.82777882,0 106.60379791,10.8278923,0 106.60404205,10.82874298,0 106.60424805,10.82921696,0 106.60445404,10.82973385,0 106.60483551,10.83040333,0 106.60634613,10.83298206,0 106.60655975,10.83326912,0 106.6084137,10.83625698,0 106.61019897,10.83788967,0 106.61019897,10.83788967,0 106.61177063,10.83940983,0 106.61230469,10.83975506,0 106.61230469,10.83975506,0 106.61496735,10.84227371,0 106.61637878,10.84350586,0 106.61780548,10.84461784,0 106.61780548,10.84461784,0 106.61959076,10.84617233,0 106.62046814,10.84683609,0 106.62150574,10.84741783,0 106.62150574,10.84741783,0 106.62150574,10.84741783,0 106.62150574,10.84741783,0 106.62150574,10.84741783,0 106.62316895,10.84830093,0 106.62625122,10.84976578,0 106.62757111,10.85007095,0 106.62757111,10.85007095,0 106.62757111,10.85007095,0 106.62757111,10.85007095,0 106.62748718,10.85016537,0 106.62989807,10.85146141,0 106.63234711,10.85258293,0 106.63234711,10.85258293,0 106.63234711,10.85258293,0 106.63234711,10.85258293,0 106.63234711,10.85258293,0 106.63420105,10.8536644,0 106.63604736,10.85467529,0 106.63793182,10.85567665,0 106.63983154,10.85666656,0 106.63983154,10.85666656,0 106.63983154,10.85666656,0 106.63980103,10.85671997,0 106.64185333,10.85785007,0 106.64417267,10.85910034,0 106.6442337,10.85895348,0 106.6442337,10.85895348,0 106.6442337,10.85895348,0 106.64427948,10.85909557,0 106.64528656,10.85972786,0 106.64777374,10.86102962,0 106.64778137,10.86096954,0 106.64778137,10.86096954,0 106.64777374,10.86102962,0 106.64784241,10.86104965,0 106.64851379,10.86139965,0 106.64910889,10.86168957,0 106.64945984,10.86180019,0 106.64978027,10.86188984,0 106.65019226,10.86194992,0 106.6506424,10.86196041,0 106.65119934,10.86194038,0 106.65119934,10.86188126,0 106.65119934,10.86198235,0 106.65265656,10.86190891,0 106.65405273,10.86180782,0 106.65406036,10.86186028,0 106.65550995,10.8617897,0 106.65712738,10.86172009,0 106.65712738,10.86165142,0 106.65712738,10.86165142,0 106.65712738,10.86165142,0 106.65712738,10.86172009,0 106.66223907,10.86149311,0 106.6622467,10.8613348,0 106.6622467,10.8613348,0 106.6622467,10.8613348,0 106.6622467,10.8613348,0 106.6622467,10.8613348,0 106.6622467,10.8613348,0 106.66225433,10.86152458,0 106.66640472,10.86158752,0 106.66645813,10.86150265,0 106.66645813,10.86150265,0 106.66645813,10.86150265,0 106.66645813,10.86150265,0 106.66644287,10.86163998,0 106.66763306,10.861619,0 106.67015076,10.86163998,0 106.67188263,10.86166954,0 106.67188263,10.86157703,0 106.67188263,10.86157703,0 106.67495728,10.86157703,0 106.6780777,10.86147213,0 106.6780777,10.86147213,0 106.6780777,10.86147213,0 106.6780777,10.86153984,0 106.67881012,10.86156178,0 106.68047333,10.86143494,0 106.68120575,10.86138248,0 106.68195343,10.86127663,0 106.68200684,10.86117077,0 106.68200684,10.86117077,0 106.68200684,10.86117077,0 106.68199921,10.86127663,0 106.68564606,10.8610611,0 106.68621826,10.86099243,0 106.68665314,10.86089706,0 106.68665314,10.86089706,0 106.68681335,10.8609972,0 106.69224548,10.86053371,0 106.69232941,10.86038589,0 106.69232941,10.86038589,0 106.69232941,10.86038589,0 106.69522858,10.86038685,0 106.70069885,10.85967541,0 106.70069885,10.85967541,0 106.70075989,10.85977554,0 106.70330048,10.85949039,0 106.70599365,10.85911179,0 106.70604706,10.85901737,0 106.70604706,10.85901737,0 106.71084595,10.85853195,0 106.71350098,10.85965919,0 106.71450806,10.86017609,0 106.71459961,10.86030006,0 106.71668243,10.86146164,0 106.71798706,10.86211491,0 106.71958923,10.86291981,0 106.72042847,10.8633604,0 106.72045135,10.86331463,0 106.72042847,10.8633604,0 106.72113037,10.86373997,0 106.72338104,10.86483002,0 106.72367859,10.86493969,0 106.72384644,10.86493015,0 106.72399139,10.86491966,0 106.72412872,10.86499977,0 106.72418213,10.86509991,0 106.72418976,10.86515045,0 106.72427368,10.8652401,0 106.72438049,10.86532974,0 106.72463989,10.86544991,0 106.72666168,10.86645985,0 106.72680664,10.86657047,0 106.72708893,10.86682034,0 106.72718048,10.86686993,0 106.72737885,10.86697006,0 106.72742462,10.86688995,0 106.72742462,10.86688995,0 106.72742462,10.86688995,0 106.72737885,10.86697006,0 106.72898865,10.867836,0 106.7301178,10.86840439,0 106.73020172,10.86830997,0 106.73020172,10.86830997,0 106.73020172,10.86830997,0 106.73020172,10.86830997,0 106.73020172,10.86830997,0 106.73016357,10.86841011,0 106.73095703,10.86884022,0 106.73193359,10.86931038,0 106.73319244,10.86993027,0 106.73468781,10.87067986,0 106.73535919,10.87098026,0 106.73538208,10.8708601,0 106.73538208,10.8708601,0 106.73538208,10.8708601,0 106.73535919,10.87098026,0 106.73597717,10.87121964,0 106.73674774,10.87143993,0 106.73748779,10.87160969,0 106.73834991,10.87172985,0 106.73965454,10.87186623,0 106.7396698,10.87176609,0 106.7396698,10.87176609,0 106.7396698,10.87176609,0 106.7396698,10.87176609,0 106.73968506,10.87185001,0 106.73966217,10.87189198,0 106.74080658,10.87203407,0 106.74259186,10.87253475,0 106.74403381,10.87304974,0 106.74407959,10.8729353,0 106.74407959,10.8729353,0 106.74407959,10.8729353,0 106.74407959,10.8729353,0 106.74407959,10.8729353,0 106.74407196,10.87301445,0 106.74706268,10.87398911,0 106.74713135,10.87390518,0 106.74713135,10.87390518,0 106.74707794,10.87403011,0 106.74913025,10.87469006,0 106.75228119,10.87574005,0 106.7530899,10.87596035,0 106.75370026,10.87602043,0 106.75434113,10.87600994,0 106.75489807,10.87592983,0 106.75566101,10.87580013,0 106.75562286,10.87570572,0 106.75563812,10.8757906,0 106.75746918,10.87544346,0 106.75746918,10.87535286,0 106.75746918,10.87535286,0 106.75746918,10.87535286,0 106.75749969,10.87541676,0 106.75918579,10.87510014,0 106.76094055,10.87456894,0 106.76091003,10.87447357,0 106.76091003,10.87447357,0 106.76091003,10.87447357,0 106.76091003,10.87447357,0 106.76098633,10.87458992,0 106.76246643,10.87408352,0 106.76247406,10.87397289,0 106.76247406,10.87397289,0 106.76247406,10.87397289,0 106.76247406,10.87397289,0 106.76248169,10.87404919,0 106.76261902,10.87403679,0 106.76309204,10.87384033,0 106.76498413,10.87319565,0 106.76686859,10.87255001,0 106.76715088,10.87254524,0 106.76966095,10.87170982,0 106.76964569,10.87165546,0 106.76964569,10.87159729,0 106.76964569,10.87159729,0 106.76964569,10.87159729,0 106.76967621,10.87167645,0 106.7713623,10.87112331,0 106.77305603,10.87057495,0 106.77304077,10.87050724,0 106.77304077,10.87050724,0 106.77304077,10.87050724,0 106.77307129,10.87059975,0 106.77397919,10.87029648,0 106.77488708,10.86999226,0 106.77580261,10.86968899,0 106.77671051,10.86938477,0 106.77672577,10.86930561,0 106.77672577,10.86930561,0 106.77672577,10.86930561,0 106.77674103,10.86936378,0 106.77770233,10.86905003,0 106.77867126,10.86873627,0 106.77865601,10.86869144,0 106.77865601,10.86869144,0 106.77865601,10.86869144,0 106.77869415,10.86874199,0 106.78086853,10.86801529,0 106.78206635,10.8676405,0 106.78312683,10.86740398,0 106.7841568,10.86727238,0 106.7857132,10.86722755,0 106.78727721999999,10.86718273,0 106.78727721999999,10.8671217,0 106.78727721999999,10.8671217,0 106.78727721999999,10.86717987,0 106.78822327,10.86713028,0 106.78961182,10.8670702,0 106.79029846,10.86695957,0 106.7902832,10.86691189,0 106.7902832,10.86691189,0 106.7902832,10.86691189,0 106.79031372,10.86696148,0 106.79129028,10.86662388,0 106.7923584,10.8661499,0 106.79316711,10.8655386,0 106.7938385,10.86490631,0 106.79440308,10.8641243,0 106.79496002,10.86334229,0 106.79545593,10.86248589,0 106.79594421,10.86162949,0 106.79586792,10.86110306,0 106.79556274,10.86076546,0 106.79508972,10.86070251,0 106.79463959,10.86120796,0 106.79457855,10.86154556,0 106.79479218,10.86190414,0 106.79502869,10.86221504,0 106.7956543,10.86256027,0 106.79628754,10.8629055,0 106.79691315,10.86324978,0 106.79753876,10.86359501,0 106.79753876,10.86359501,0 106.79753876,10.86359501,0 106.79753876,10.86359501,0 106.79753876,10.86359501,0 106.79750061,10.86364746,0 106.79826355,10.86408997,0 106.79910278,10.86454296,0 106.8000412,10.86508846,0 106.80097198,10.86563396,0 106.8014679,10.86573887,0 106.80207825,10.86611271,0 106.80207825,10.86611271,0 106.80207825,10.86611271,0 106.80264282,10.86644745,0 106.80319977,10.86678219,0 106.80375671,10.86717224,0 106.8042984,10.86758804,0 106.80509949,10.86826801,0 106.80590057,10.86905766,0 106.80636597,10.86957741,0 106.80683136,10.87009621,0 106.80726624,10.87068558,0 106.80770111,10.8712759,0 106.80853271,10.87244034,0 106.80895233,10.87300873,0 106.80937195,10.87357807,0 106.80945587,10.87351513,0 106.80928802,10.87369442,0 106.80928802,10.87369442,0 106.80923462,10.87376213,0 106.81282806,10.87882042,0 106.81485748,10.88150692,0 106.81673431,10.88410378,0 106.81681824,10.88406658,0 106.81681824,10.88406658,0 106.81681824,10.88406658,0 106.81743622,10.8849678,0 106.81807709,10.8858633,0 106.81873322,10.88675308,0 106.81936646,10.8876543,0 106.81942749,10.88762283,0 106.81942749,10.88762283,0 106.81934357,10.88768005,0 106.81976318,10.88825512,0 106.82019043,10.88883018,0 106.82061768,10.88940525,0 106.82103729,10.88998032,0 106.8215332,10.89062691,0 106.82202911,10.8912735,0 106.82250214,10.89194202,0 106.82296753,10.8926096,0 106.82341003,10.89315033,0 106.82369232,10.89352989,0 106.82374573,10.89345932,0 106.82374573,10.89345932,0 106.82374573,10.89345932,0 106.82372284,10.89356995,0 106.82411194,10.89410973,0 106.82453918,10.89461994,0 106.82511139,10.89523029,0 106.82543182,10.89552975,0 106.82601166,10.8960104,0 106.82652283,10.89638042,0 106.82715607,10.89680386,0 106.82841492,10.89742565,0 106.82958221,10.89786816,0 106.8296051,10.89783669,0 106.8296051,10.89783669,0 106.8296051,10.89783669,0 106.8296051,10.89783669,0 106.8296051,10.89783669,0 106.8296051,10.89783669,0 106.84740448,10.90472698,0 106.84817505,10.90525913,0 106.84889221,10.90575886,0 106.85003662,10.90693378,0 106.85057068,10.90749741,0 106.85112,10.90805626,0 106.8513031,10.9078455,0 106.85074615,10.9073658,0 106.85048676,10.90729713,0 106.8503952,10.90699196,0 106.84913635,10.90580654,0 106.84872437,10.90616512,0 106.84788513,10.90551186,0 106.84697723,10.90487385,0 106.84663391,10.905406,0 106.84837341,10.90642262,0 106.84842682,10.90590096,0 106.84860229,10.90567493,0 106.85083008,10.90789223,0 106.85390472,10.91097927,0 106.8562851,10.91338158,0 106.8597641,10.91645718,0 106.8670578,10.92399979,0 106.8679657,10.92652798,0 106.86843109,10.92888832,0 106.86839294,10.93133163,0 106.86847687,10.93638802,0 106.86873627,10.94523716,0 106.86980438,10.94814396,0 106.8717804,10.95084095,0 106.8677063,10.95501137,0 106.85731506,10.95855141,0 106.85659027,10.95897198,0 106.8551712,10.96234322,0 106.85397339,10.967062,0 106.83646393,10.96293259,0 106.83248901,10.96044731,0 106.8307724,10.95859337,0 106.8291626,10.95737171,0 106.82836914,10.95686531,0 106.8264389,10.95640182,0 106.81161499,10.95635986,0 106.81039429,10.95602322,0 106.80919647,10.95526505,0 106.80845642,10.95456982,0 106.80895233,10.95412731,0 106.80895233,10.95412731,0 106.80895233,10.95412731,0 106.80895233,10.95412731,0</coordinates>
        </LineString>
      </Placemark>
      <Placemark>
        <name>B 60-1 (Lượt về)</name>
        <description><![CDATA[&lt;b&gt;Tuyến:&lt;/b&gt; B 60-1 - Bến xe Miền Tây - Bến xe Biên Hòa&lt;br/&gt;&lt;b&gt;Hành trình:&lt;/b&gt; Bến xe Biên Hòa → Bến xe Miền Tây&lt;br/&gt;&lt;b&gt;Lượt:&lt;/b&gt; Lượt về&lt;br/&gt;&lt;b&gt;Cự ly:&lt;/b&gt; 61.44 km (Định mức: 62 km)&lt;br/&gt;&lt;b&gt;Giờ hoạt động:&lt;/b&gt; 4:45 - 18:30&lt;br/&gt;&lt;b&gt;Thời gian chạy:&lt;/b&gt; 130 phút]]></description>
        <styleUrl>#style_route_10</styleUrl>
        <LineString>
          <tessellate>1</tessellate>
          <coordinates>106.80895233,10.95412731,0 106.80895233,10.95412731,0 106.80860138,10.95441628,0 106.80923462,10.95501709,0 106.80992126,10.95550156,0 106.81105042,10.95593357,0 106.81223297,10.95612335,0 106.81494904,10.95608616,0 106.82020569,10.95604897,0 106.82346344,10.9560442,0 106.82653046,10.95609188,0 106.82859039,10.95676517,0 106.8309021,10.95845604,0 106.8327713,10.96042633,0 106.83590698,10.96247959,0 106.85388184,10.96678829,0 106.85491943,10.96232224,0 106.85577393,10.96025753,0 106.85641479,10.95897198,0 106.85714722,10.95821381,0 106.86789703,10.95444298,0 106.87148285,10.95098782,0 106.86985779,10.94860268,0 106.86916351,10.94738007,0 106.86873627,10.94599533,0 106.86850739,10.94480515,0 106.86821747,10.94014931,0 106.86820984,10.93373871,0 106.86814117,10.93052101,0 106.86811066,10.92866135,0 106.86803436,10.92780781,0 106.8675766,10.9261179,0 106.86684418,10.92448425,0 106.8660202,10.92316818,0 106.86374664,10.92081833,0 106.86032104,10.91740513,0 106.8534317,10.9104948,0 106.84882355,10.90594864,0 106.84699249,10.9048214,0 106.84664154,10.90542698,0 106.84557343,10.90475273,0 106.84499359,10.90445805,0 106.84440613,10.90416813,0 106.84385681,10.90384197,0 106.84384155,10.90345192,0 106.84236145,10.90275097,0 106.83943939,10.90172958,0 106.83365631,10.89966106,0 106.83365631,10.89966106,0 106.83365631,10.89966106,0 106.83365631,10.89966106,0 106.82811737,10.89762115,0 106.82701111,10.89697266,0 106.82595062,10.89618778,0 106.82505798,10.89539242,0 106.82432556,10.89452362,0 106.82286072,10.89262199,0 106.82280731,10.89268494,0 106.82280731,10.89268494,0 106.82280731,10.89268494,0 106.82287598,10.89263725,0 106.82254028,10.89217091,0 106.82221222,10.89170551,0 106.8218689,10.89125347,0 106.82151794,10.89080143,0 106.82118225,10.89034271,0 106.82084656,10.889884,0 106.82048798,10.88939571,0 106.82013702,10.88890743,0 106.82004547,10.88896084,0 106.82004547,10.88896084,0 106.82004547,10.88896084,0 106.82012939,10.88888645,0 106.81967926,10.88828659,0 106.81923676,10.88766003,0 106.81846619,10.88659286,0 106.81769562,10.8855257,0 106.81689453,10.88448334,0 106.81613159,10.88341331,0 106.81536102,10.88234711,0 106.81459045,10.88127995,0 106.81381989,10.88020039,0 106.81356049,10.87978935,0 106.81300354,10.87917042,0 106.81291962,10.87924099,0 106.81291962,10.87924099,0 106.81161499,10.87736034,0 106.81098938,10.87713909,0 106.80980682,10.87557507,0 106.80905151,10.87453175,0 106.80828857,10.87345695,0 106.80815887,10.87330437,0 106.80797577,10.8732729,0 106.80731201,10.87235069,0 106.80697632,10.87188148,0 106.80665588,10.87140179,0 106.80665588,10.87140179,0 106.80635071,10.87096024,0 106.80551147,10.8699646,0 106.80448151,10.86894226,0 106.80416107,10.86859989,0 106.80402374,10.8681097,0 106.80393982,10.86782551,0 106.80361938,10.86756229,0 106.8030014,10.86715126,0 106.80238342,10.86676598,0 106.80111694,10.86604977,0 106.80111694,10.86604977,0 106.80111694,10.86604977,0 106.80111694,10.86604977,0 106.80111694,10.86604977,0 106.80111694,10.86604977,0 106.80115509,10.86597061,0 106.80004883,10.86532593,0 106.7989502,10.86468029,0 106.79875946,10.86464977,0 106.79828644,10.86450958,0 106.79799652,10.86443996,0 106.7976532,10.86439991,0 106.79727173,10.86441994,0 106.79627228,10.8645401,0 106.79530334,10.86468029,0 106.7949295,10.86474991,0 106.79467773,10.86483002,0 106.79414368,10.8651104,0 106.79388428,10.8652916,0 106.79393768,10.86533546,0 106.79393768,10.86533546,0 106.79393768,10.86533546,0 106.79393768,10.86533546,0 106.79393768,10.86533546,0 106.79393768,10.86533546,0 106.79393768,10.86533546,0 106.79387665,10.86530209,0 106.79307556,10.86581802,0 106.79228973,10.86629772,0 106.79107666,10.86690331,0 106.79109955,10.86696053,0 106.79109955,10.86696053,0 106.79109955,10.86696053,0 106.79109955,10.86696053,0 106.79109955,10.86696053,0 106.79109955,10.86696053,0 106.79107666,10.8669138,0 106.79008484,10.86714554,0 106.78874207,10.86728287,0 106.78726196,10.8673296,0 106.78726196,10.86740398,0 106.78726196,10.86740398,0 106.78726196,10.86740398,0 106.78726196,10.86740398,0 106.78726196,10.86740398,0 106.78726196,10.86740398,0 106.78726959,10.86731434,0 106.78578186,10.86736679,0 106.7842865,10.8674202,0 106.78352356,10.86748028,0 106.78308105,10.8675499,0 106.78216553,10.86777306,0 106.78220367,10.86786747,0 106.78220367,10.86786747,0 106.78220367,10.86786747,0 106.78220367,10.86786747,0 106.7821579,10.8677702,0 106.77870941,10.86888027,0 106.77787018,10.86915016,0 106.77722168,10.86934757,0 106.77725983,10.86942673,0 106.77725983,10.86942673,0 106.77722931,10.8693428,0 106.77604675,10.86973,0 106.7748642,10.87011719,0 106.77493286,10.87025356,0 106.77493286,10.87025356,0 106.77493286,10.87025356,0 106.77082062,10.87157059,0 106.76824951,10.87241936,0 106.76821899,10.87230873,0 106.76711273,10.87266922,0 106.7660141,10.87303066,0 106.76506042,10.87337971,0 106.76233673,10.87427998,0 106.76203918,10.87438011,0 106.76209259,10.87447357,0 106.76203918,10.87438011,0 106.76026917,10.87495041,0 106.75898743,10.87526989,0 106.75866699,10.87534046,0 106.75868988,10.87545395,0 106.75868988,10.87545395,0 106.75867462,10.87536907,0 106.75791168,10.87551689,0 106.75714874,10.87566471,0 106.75637817,10.87581158,0 106.75561523,10.8759594,0 106.75563049,10.87604904,0 106.75563049,10.87604904,0 106.75563049,10.87604904,0 106.75563049,10.87604904,0 106.75563049,10.87604904,0 106.75561523,10.87592793,0 106.75421906,10.87615967,0 106.75382996,10.87617016,0 106.75346375,10.87615013,0 106.75312805,10.87609959,0 106.75231934,10.87590027,0 106.75132751,10.8755703,0 106.74894714,10.87480068,0 106.74656677,10.87403107,0 106.74652863,10.87411499,0 106.74652863,10.87411499,0 106.74652863,10.87411499,0 106.74652863,10.87411499,0 106.74652863,10.87411499,0 106.74655151,10.87403107,0 106.74543762,10.87366772,0 106.7443161,10.87330437,0 106.74429321,10.87337303,0 106.74429321,10.87337303,0 106.74429321,10.87337303,0 106.74432373,10.87330437,0 106.74311066,10.87288284,0 106.74188995,10.87254047,0 106.74085999,10.87227726,0 106.73992157,10.87209225,0 106.73991394,10.87217712,0 106.73991394,10.87217712,0 106.73991394,10.87217712,0 106.73993683,10.87209797,0 106.73836517,10.87190247,0 106.73750305,10.87177658,0 106.73639679,10.87151814,0 106.73532104,10.8711338,0 106.7345047,10.87074375,0 106.73447418,10.87082767,0 106.73447418,10.87082767,0 106.73447418,10.87082767,0 106.73447418,10.87082767,0 106.73451996,10.87075996,0 106.733078,10.87003994,0 106.73206329,10.86951065,0 106.72918701,10.86807823,0 106.72915649,10.86812019,0 106.72915649,10.86812019,0 106.72915649,10.86812019,0 106.72653198,10.86666965,0 106.72357941,10.86522007,0 106.71989441,10.863451,0 106.71989441,10.863451,0 106.71989441,10.863451,0 106.71694183,10.86185074,0 106.71309662,10.85997009,0 106.71309662,10.85997009,0 106.71309662,10.85997009,0 106.7131424,10.85988045,0 106.71234131,10.85947037,0 106.71154022,10.85908985,0 106.71115875,10.85896969,0 106.71031189,10.85883713,0 106.70943451,10.85883713,0 106.7077179,10.85905361,0 106.70772552,10.85914803,0 106.70772552,10.85914803,0 106.70772552,10.85914803,0 106.70772552,10.85914803,0 106.70772552,10.85908031,0 106.70605469,10.859272,0 106.70438385,10.85946465,0 106.7027359,10.85969353,0 106.70108032,10.85992241,0 106.70108795,10.86000729,0 106.70108795,10.86000729,0 106.70108795,10.86000729,0 106.70108795,10.86000729,0 106.70105743,10.85989094,0 106.69965363,10.86005974,0 106.69824219,10.86022854,0 106.69683838,10.86039639,0 106.69543457,10.86056519,0 106.69544983,10.86065006,0 106.69544983,10.86065006,0 106.69544983,10.86065006,0 106.69544983,10.86065006,0 106.69544983,10.8605442,0 106.69393921,10.86067104,0 106.69243622,10.86079693,0 106.69091797,10.86088657,0 106.68940735,10.86097622,0 106.68941498,10.86104012,0 106.68941498,10.86104012,0 106.68941498,10.86104012,0 106.68941498,10.86104012,0 106.68941498,10.86104012,0 106.68942261,10.86098194,0 106.68836212,10.86104774,0 106.68730164,10.86111355,0 106.68623352,10.86117935,0 106.68517303,10.86124516,0 106.68517303,10.86132431,0 106.68517303,10.86132431,0 106.68517303,10.86132431,0 106.68517303,10.86132431,0 106.68517303,10.86132431,0 106.68517303,10.86124516,0 106.68370819,10.86132908,0 106.68223572,10.86141872,0 106.68079376,10.86150837,0 106.67935181,10.86159801,0 106.67935181,10.86172485,0 106.67935181,10.86172485,0 106.67935181,10.86172485,0 106.67936707,10.86163998,0 106.67700195,10.8618145,0 106.67456055,10.86190891,0 106.67456055,10.86196709,0 106.67456055,10.86196709,0 106.67456055,10.86196709,0 106.67456055,10.86187172,0 106.67279816,10.86183834,0 106.67102814,10.86180401,0 106.66924286,10.86179352,0 106.66746521,10.86178303,0 106.66745758,10.86187744,0 106.66745758,10.86187744,0 106.66745758,10.86187744,0 106.66745758,10.86187744,0 106.66745758,10.86187744,0 106.66745758,10.86187744,0 106.66746521,10.86177731,0 106.66594696,10.86176395,0 106.66442871,10.8617506,0 106.66291046,10.86172199,0 106.66139221,10.86169338,0 106.66139221,10.86181927,0 106.66139221,10.86181927,0 106.66139221,10.86181927,0 106.66139221,10.86181927,0 106.66139221,10.86181927,0 106.66139221,10.86181927,0 106.66139221,10.86181927,0 106.66139221,10.86181927,0 106.66139221,10.86169338,0 106.66033936,10.86173534,0 106.65927887,10.86177731,0 106.65822601,10.86181927,0 106.65716553,10.86186123,0 106.65718079,10.86198807,0 106.65718079,10.86198807,0 106.65718079,10.86198807,0 106.65718079,10.86198807,0 106.65718079,10.86198807,0 106.65718079,10.86198807,0 106.65718079,10.86198807,0 106.65718842,10.86187744,0 106.65625,10.8619194,0 106.65530396,10.86196232,0 106.65436554,10.86200428,0 106.65341949,10.86204624,0 106.65342712,10.86211395,0 106.65342712,10.86211395,0 106.65342712,10.86211395,0 106.65342712,10.86211395,0 106.65091705,10.86225128,0 106.64981079,10.86218834,0 106.64853668,10.86176682,0 106.64853668,10.86176682,0 106.64853668,10.86176682,0 106.64853668,10.86176682,0 106.6485672,10.86171436,0 106.64717102,10.86094189,0 106.64577484,10.86017036,0 106.64568329,10.86030197,0 106.64568329,10.86030197,0 106.64568329,10.86030197,0 106.64568329,10.86030197,0 106.64568329,10.86030197,0 106.64568329,10.86030197,0 106.64576721,10.86015511,0 106.64382935,10.85907459,0 106.64100647,10.8575201,0 106.64091492,10.85766792,0 106.64091492,10.85766792,0 106.64091492,10.85766792,0 106.64091492,10.85766792,0 106.64091492,10.85766792,0 106.64091492,10.85766792,0 106.64100647,10.857584,0 106.63964844,10.85684872,0 106.63828278,10.85611343,0 106.63816833,10.85625553,0 106.63816833,10.85625553,0 106.63816833,10.85625553,0 106.63816833,10.85625553,0 106.63831329,10.8560667,0 106.63687134,10.8552866,0 106.63542938,10.85450649,0 106.63398743,10.85371399,0 106.63254547,10.85292149,0 106.63246918,10.85304832,0 106.63246918,10.85304832,0 106.63246918,10.85304832,0 106.63253021,10.85295296,0 106.63054657,10.85189915,0 106.62851715,10.85093975,0 106.62644958,10.84998131,0 106.62438202,10.84900093,0 106.6243515,10.8490696,0 106.6243515,10.8490696,0 106.6243515,10.8490696,0 106.6243515,10.8490696,0 106.62437439,10.84899044,0 106.62271881,10.84822178,0 106.62108612,10.84745216,0 106.6210556,10.84749985,0 106.6210556,10.84749985,0 106.6210556,10.84749985,0 106.6210556,10.84749985,0 106.61985779,10.84687805,0 106.61800385,10.84520817,0 106.6161499,10.84356976,0 106.61608124,10.84362316,0 106.61608124,10.84362316,0 106.61608124,10.84362316,0 106.61611938,10.84359074,0 106.61515045,10.84279537,0 106.61427307,10.84194183,0 106.61422729,10.84197807,0 106.61422729,10.84197807,0 106.61422729,10.84197807,0 106.61425018,10.84193611,0 106.61339569,10.84114552,0 106.61258698,10.84033966,0 106.61253357,10.84039783,0 106.61253357,10.84039783,0 106.61253357,10.84039783,0 106.61253357,10.84039783,0 106.61253357,10.84039783,0 106.6125946,10.84033489,0 106.61169434,10.83953667,0 106.61079407,10.83873844,0 106.6098938,10.83794212,0 106.6089859,10.83714676,0 106.60801697,10.83613491,0 106.60797119,10.83616734,0 106.60797119,10.83616734,0 106.60797119,10.83616734,0 106.60797119,10.83616734,0 106.60803223,10.83612442,0 106.60694885,10.83447075,0 106.60586548,10.83262062,0 106.60580444,10.83267403,0 106.60580444,10.83267403,0 106.60580444,10.83267403,0 106.60401917,10.82942772,0 106.60321808,10.82639885,0 106.60255432,10.82331085,0 106.60255432,10.82331085,0 106.60255432,10.82331085,0 106.60255432,10.82331085,0 106.60229492,10.82198334,0 106.60202789,10.82065487,0 106.60174561,10.81932735,0 106.60132599,10.81769943,0 106.6010437,10.81636143,0 106.60076904,10.81502819,0 106.60069275,10.81503773,0 106.60069275,10.81503773,0 106.60076904,10.81502819,0 106.60054016,10.8139658,0 106.60031891,10.81290436,0 106.60009766,10.81184578,0 106.59986877,10.81078625,0 106.59978485,10.81080723,0 106.59978485,10.81080723,0 106.59986115,10.81079674,0 106.59962463,10.8097086,0 106.59939575,10.80861568,0 106.59916687,10.80753994,0 106.59893036,10.80646515,0 106.59884644,10.80646515,0 106.59884644,10.80646515,0 106.59893036,10.80646515,0 106.59873962,10.80554771,0 106.59854126,10.80462933,0 106.59835052,10.80371094,0 106.59815979,10.80279255,0 106.59796906,10.80188465,0 106.59777832,10.80097771,0 106.59758759,10.80006981,0 106.59740448,10.79916191,0 106.59733582,10.79916668,0 106.59733582,10.79916668,0 106.59739685,10.79915714,0 106.59725189,10.79840851,0 106.5970993,10.79765987,0 106.5969162,10.79691505,0 106.59674072,10.79616928,0 106.59658051,10.79542065,0 106.59642792,10.79467297,0 106.59627533,10.79392433,0 106.59612274,10.7931757,0 106.59605408,10.79318142,0 106.59605408,10.79318142,0 106.59612274,10.79316521,0 106.59590912,10.79217243,0 106.59570313,10.7911787,0 106.59549713,10.79018593,0 106.59529114,10.7891922,0 106.59522247,10.78919697,0 106.59522247,10.78919697,0 106.59528351,10.78918743,0 106.59509277,10.78821182,0 106.5949173,10.78723717,0 106.59471893,10.78627586,0 106.59451294,10.78531361,0 106.5943222,10.78447056,0 106.59413147,10.78362751,0 106.59394836,10.78278732,0 106.59375763,10.78194618,0 106.59369659,10.7819519,0 106.59369659,10.7819519,0 106.59369659,10.7819519,0 106.59369659,10.7819519,0 106.59377289,10.7819252,0 106.59354401,10.7807579,0 106.5933075,10.77959061,0 106.59326172,10.7796011,0 106.59326172,10.7796011,0 106.59326172,10.7796011,0 106.59326172,10.7796011,0 106.59326172,10.7796011,0 106.59326172,10.7796011,0 106.5933075,10.77958584,0 106.59288025,10.77752304,0 106.59244537,10.77545929,0 106.59237671,10.7754755,0 106.59237671,10.77547646,0 106.59237671,10.77547646,0 106.59237671,10.77547646,0 106.59237671,10.77547646,0 106.59237671,10.7754755,0 106.59243011,10.77545929,0 106.59210205,10.77389431,0 106.59176636,10.77232933,0 106.59166718,10.77233982,0 106.59166718,10.77233982,0 106.59166718,10.77233982,0 106.59166718,10.77233982,0 106.59166718,10.77233982,0 106.59166718,10.77233982,0 106.59177399,10.77232361,0 106.59135437,10.77043438,0 106.59093475,10.76854515,0 106.59093475,10.76854515,0 106.59093475,10.76854515,0 106.59093475,10.76854515,0 106.59098053,10.76854038,0 106.59059906,10.76671982,0 106.59052277,10.76624012,0 106.59043884,10.76539993,0 106.59044647,10.76469994,0 106.59050751,10.76410007,0 106.59056854,10.76379013,0 106.59078979,10.76241589,0 106.59068298,10.76240063,0 106.59068298,10.76240063,0 106.59068298,10.76240063,0 106.59078217,10.76241112,0 106.59092712,10.76160336,0 106.59107971,10.76079559,0 106.59120941,10.75998783,0 106.59134674,10.75897026,0 106.5914917,10.75802612,0 106.5914917,10.75802612,0 106.5914917,10.75802612,0 106.5914917,10.75802612,0 106.59157562,10.75745964,0 106.59165955,10.75689316,0 106.5917511,10.75632954,0 106.59185028,10.75576591,0 106.59185028,10.75576591,0 106.59185028,10.75576591,0 106.59198761,10.755023,0 106.59211731,10.75427914,0 106.59225464,10.75353622,0 106.59239197,10.75279331,0 106.59239197,10.75279331,0 106.59239197,10.75279331,0 106.59247589,10.75279808,0 106.5928421,10.75125408,0 106.5933075,10.75017357,0 106.59536743,10.74689865,0 106.59536743,10.74689865,0 106.59536743,10.74689865,0 106.59536743,10.74689865,0 106.59605408,10.74586487,0 106.59661102,10.74499989,0 106.59706879,10.7442627,0 106.59751892,10.74352646,0 106.59751892,10.74352646,0 106.59751892,10.74352646,0 106.59806824,10.74264431,0 106.59862518,10.74176311,0 106.5991745,10.74088192,0 106.59972382,10.74000072,0 106.59972382,10.74000072,0 106.60070801,10.73845959,0 106.60172272,10.73686028,0 106.60208893,10.73622036,0 106.6020813,10.73620415,0 106.6020813,10.73620415,0 106.60237122,10.73562717,0 106.60271454,10.73428822,0 106.60268402,10.73343468,0 106.60238647,10.73167801,0 106.6020813,10.72992039,0 106.60147858,10.7264061,0 106.60128784,10.7250061,0 106.60108948,10.72360516,0 106.60150909,10.7233839,0 106.60192108,10.72385311,0 106.60223389,10.72437477,0 106.6023407,10.7243166,0 106.6023407,10.7243166,0 106.6023407,10.7243166,0 106.60288239,10.72501755,0 106.60360718,10.72560787,0 106.60436249,10.72610378,0 106.60519409,10.72658253,0 106.60519409,10.72658253,0 106.60760498,10.72832012,0 106.60760498,10.72832012,0 106.6089325,10.72914886,0 106.61025238,10.72997665,0 106.61025238,10.72997665,0 106.61161804,10.73212719,0 106.6129837,10.73427773,0 106.6129837,10.73427773,0 106.61394501,10.73590946,0 106.61490631,10.7375412,0 106.61490631,10.7375412,0 106.61568451,10.73867416,0 106.61686707,10.73966503,0 106.61686707,10.73966503,0 106.61686707,10.73966503,0 106.61686707,10.73966503,0 106.61686707,10.73966503,0 106.61686707,10.73966503,0 106.61679077,10.73972225,0 106.61844635,10.74102974,0 106.61856842,10.74085045,0 106.61933136,10.74150944,0 106.6195755,10.74120331,0 106.6193161,10.74101925,0 106.61979675,10.7404871,0 106.61917877,10.7399807,0 106.61953735,10.73956966,0 106.61943817,10.73948574,0</coordinates>
        </LineString>
      </Placemark>
    </Folder>
    <Folder>
      <name>TUYẾN B 61-3: Bến xe An Sương - Thủ Dầu Một</name>
      <Placemark>
        <name>B 61-3 (Lượt đi)</name>
        <description><![CDATA[&lt;b&gt;Tuyến:&lt;/b&gt; B 61-3 - Thủ Dầu Một - Bến xe An Sương&lt;br/&gt;&lt;b&gt;Hành trình:&lt;/b&gt; Bến xe khách Bình Dương → Bến xe An Sương&lt;br/&gt;&lt;b&gt;Lượt:&lt;/b&gt; Lượt đi&lt;br/&gt;&lt;b&gt;Cự ly:&lt;/b&gt; 31.98 km (Định mức: 34 km)&lt;br/&gt;&lt;b&gt;Giờ hoạt động:&lt;/b&gt; 6:00 - 16:30&lt;br/&gt;&lt;b&gt;Thời gian chạy:&lt;/b&gt; 75 phút]]></description>
        <styleUrl>#style_route_11</styleUrl>
        <LineString>
          <tessellate>1</tessellate>
          <coordinates>106.6685257,10.96564007,0 106.6686554,10.96559238,0 106.66883087,10.96605778,0 106.66901398,10.96652412,0 106.66901398,10.96652412,0 106.66941833,10.96749115,0 106.66983032,10.96845818,0 106.67023468,10.96942616,0 106.67063904,10.97039318,0 106.67063904,10.97039318,0 106.67102051,10.97147465,0 106.67146301,10.97255993,0 106.67220306,10.97215462,0 106.67285156,10.97182274,0 106.67280579,10.97177505,0 106.67280579,10.97177505,0 106.67284393,10.97184849,0 106.6738739,10.97134304,0 106.67498779,10.9708643,0 106.67601013,10.97028732,0 106.6770401,10.96971035,0 106.67698669,10.9696579,0 106.67698669,10.9696579,0 106.67703247,10.96971035,0 106.6783371,10.96897125,0 106.67964172,10.9682312,0 106.68096161,10.9674778,0 106.68239594,10.96677685,0 106.68382263,10.96607685,0 106.68527985,10.96538734,0 106.68670654,10.96471786,0 106.68817902,10.96404934,0 106.68814087,10.96397018,0 106.68814087,10.96397018,0 106.68814087,10.96397018,0 106.68817902,10.96402836,0 106.69004059,10.96315956,0 106.69190216,10.96228981,0 106.69187164,10.96223354,0 106.69187164,10.96223354,0 106.69187164,10.96223354,0 106.69187164,10.96223354,0 106.69190979,10.96228981,0 106.69289398,10.96182156,0 106.69387817,10.9613533,0 106.69487,10.96090221,0 106.69586182,10.96045208,0 106.69689178,10.95988846,0 106.69779205,10.95926762,0 106.69831848,10.95882988,0 106.69882202,10.95836639,0 106.69929504,10.95791149,0 106.69976807,10.95745564,0 106.69973755,10.95741081,0 106.69973755,10.95741081,0 106.69973755,10.95741081,0 106.69979095,10.95745564,0 106.70069122,10.95656013,0 106.70159149,10.95567036,0 106.70249176,10.95478821,0 106.70339966,10.95390606,0 106.70463562,10.95271587,0 106.7053833,10.95176792,0 106.70603943,10.95073509,0 106.70645905,10.9497242,0 106.70637512,10.94970322,0 106.70637512,10.94970322,0 106.70637512,10.94970322,0 106.70645905,10.94972897,0 106.70664215,10.94929218,0 106.70677948,10.94888687,0 106.70693207,10.94819641,0 106.70710754,10.94741154,0 106.70743561,10.94601631,0 106.7077713,10.94462872,0 106.70809937,10.94323635,0 106.70842743,10.94184494,0 106.70867157,10.94081783,0 106.70891571,10.93979073,0 106.70915221999999,10.93876362,0 106.70939636,10.93773651,0 106.70962524,10.93674946,0 106.7098465,10.93576145,0 106.7101059,10.93469524,0 106.71035767,10.93362808,0 106.71025085,10.9336071,0 106.71025085,10.9336071,0 106.71025085,10.9336071,0 106.71025085,10.9336071,0 106.7103653,10.9336338,0 106.71056366,10.93275928,0 106.71075439,10.93188477,0 106.7106781,10.93187428,0 106.7106781,10.93187428,0 106.7106781,10.93187428,0 106.71075439,10.93188,0 106.71113586,10.93027306,0 106.71157074,10.92868805,0 106.71201324,10.92709446,0 106.71246338,10.92550087,0 106.7129364,10.92393208,0 106.71311951,10.92313099,0 106.71328735,10.92233086,0 106.71343994,10.92107677,0 106.71339417,10.92004967,0 106.71334839,10.91902256,0 106.71321106,10.91902828,0 106.71321106,10.91902828,0 106.71321106,10.91902828,0 106.71336365,10.91902256,0 106.71331787,10.91816425,0 106.71327209,10.91730499,0 106.71322632,10.91644669,0 106.71318054,10.91558838,0 106.7131424,10.91473007,0 106.71308899,10.91385555,0 106.71304321,10.91299152,0 106.71299744,10.91212749,0 106.71294403,10.91127205,0 106.712883,10.91041565,0 106.71282196,10.90954685,0 106.71279907,10.90869331,0 106.71274567,10.90783596,0 106.71269226,10.90697861,0 106.71264648,10.90612125,0 106.71259308,10.9052639,0 106.71251678,10.90527534,0 106.71251678,10.90527534,0 106.71251678,10.90527534,0 106.71251678,10.90527534,0 106.71259308,10.90528011,0 106.71253204,10.90441132,0 106.71247101,10.90355778,0 106.71234894,10.90299416,0 106.71213531,10.90243053,0 106.71190643,10.90182972,0 106.71154785,10.90122414,0 106.71116638,10.90061283,0 106.71077728,10.89999676,0 106.71071625,10.90004444,0 106.71071625,10.90004444,0 106.71071625,10.90004444,0 106.71071625,10.90004444,0 106.71079254,10.89999104,0 106.71050262,10.89952278,0 106.71018982,10.89904785,0 106.70951843,10.89823151,0 106.70885468,10.89741516,0 106.70815277,10.89658833,0 106.7074585,10.89576626,0 106.70740509,10.8958168,0 106.70740509,10.8958168,0 106.70740509,10.8958168,0 106.70745087,10.89576149,0 106.70688629,10.89509201,0 106.70619965,10.89429188,0 106.70494843,10.89282227,0 106.70378113,10.89139462,0 106.70310211,10.89068317,0 106.70237732,10.89002228,0 106.70237732,10.89002228,0 106.70114136,10.88868618,0 106.70072174,10.88828087,0 106.70030975,10.88779068,0 106.6999054,10.88725948,0 106.69974518,10.88704872,0 106.69960022,10.88685322,0 106.69948578,10.88646889,0 106.69947815,10.88623714,0 106.6989975,10.88524151,0 106.69889832,10.88529396,0 106.69889832,10.88529396,0 106.69898987,10.88527298,0 106.69869232,10.88465691,0 106.69844818,10.88411427,0 106.69822693,10.88349819,0 106.69810486,10.88285542,0 106.69817352,10.88219166,0 106.69824982,10.88179588,0 106.69843292,10.88109016,0 106.69869995,10.88037872,0 106.6986084,10.88035297,0 106.6986084,10.88035297,0 106.69872284,10.88039494,0 106.69895935,10.87971497,0 106.6993103,10.87867737,0 106.69960785,10.87789822,0 106.69989014,10.87713909,0 106.70026398,10.87638569,0 106.70066071,10.87571716,0 106.70136261,10.87482166,0 106.7020874,10.87393093,0 106.70201111,10.87390232,0 106.70201111,10.87390232,0 106.70207214,10.87393665,0 106.70248413,10.87349415,0 106.70304871,10.87277699,0 106.70355988,10.87220287,0 106.70423889,10.87158108,0 106.70471191,10.8712492,0 106.70516205,10.87106514,0 106.70692444,10.87067509,0 106.70690155,10.87059593,0 106.70690155,10.87059593,0 106.70690155,10.8706646,0 106.70708466,10.87063313,0 106.70835114,10.87039089,0 106.70964813,10.87018585,0 106.71120453,10.86998558,0 106.71198273,10.86986923,0 106.71272278,10.86965847,0 106.71406555,10.86913681,0 106.71537781,10.86857319,0 106.71681213,10.86798859,0 106.71717834,10.86790466,0 106.7175293,10.86788368,0 106.71825409,10.86786461,0 106.71825409,10.86786461,0 106.71825409,10.86786461,0 106.71941376,10.86788177,0 106.72058105,10.86789894,0 106.72129059,10.86781502,0 106.72193909,10.86757755,0 106.72261047,10.86710358,0 106.72257996,10.86706543,0 106.72257996,10.86706543,0 106.72257996,10.86706543,0 106.72290039,10.86680984,0 106.72315979,10.86645031,0 106.72353363,10.86579037,0 106.72358704,10.8655901,0 106.72355652,10.86544991,0 106.72354889,10.86542034,0 106.72344971,10.86530018,0 106.72315979,10.86513042,0 106.72203064,10.86455917,0 106.72090912,10.86398983,0 106.72039795,10.86372089,0 106.71989441,10.863451,0 106.71989441,10.863451,0 106.71989441,10.863451,0 106.71989441,10.863451,0 106.71989441,10.863451,0 106.71841431,10.86265087,0 106.71694183,10.86185074,0 106.71502686,10.86087608,0 106.71311951,10.85990143,0 106.71309662,10.85997009,0 106.71309662,10.85997009,0 106.71309662,10.85997009,0 106.71309662,10.85997009,0 106.7131424,10.85988045,0 106.71234131,10.85947037,0 106.71154022,10.85908985,0 106.71115875,10.85896969,0 106.71031189,10.85883713,0 106.70943451,10.85883713,0 106.7077179,10.85905361,0 106.70772552,10.85914803,0 106.70772552,10.85914803,0 106.70772552,10.85914803,0 106.70772552,10.85914803,0 106.70770264,10.85905361,0 106.70631409,10.85923004,0 106.70493317,10.85940647,0 106.70494843,10.85949612,0 106.70494843,10.85949612,0 106.70494843,10.85949612,0 106.70494843,10.85949612,0 106.70494843,10.85949612,0 106.7049408,10.85940647,0 106.7029953,10.85965443,0 106.7010498,10.85990715,0 106.70108795,10.86000729,0 106.70108795,10.86000729,0 106.70108795,10.86000729,0 106.70108795,10.86000729,0 106.70108795,10.86000729,0 106.70105743,10.85989094,0 106.69965363,10.86005974,0 106.69824219,10.86022854,0 106.69683838,10.86039639,0 106.69543457,10.86056519,0 106.69544983,10.86065006,0 106.69544983,10.86065006,0 106.69544983,10.86065006,0 106.69544983,10.86065006,0 106.6954422,10.86056042,0 106.69384003,10.86068439,0 106.69223785,10.86080837,0 106.69223785,10.86087608,0 106.69223785,10.86087608,0 106.69223785,10.86079693,0 106.69082642,10.86088181,0 106.68941498,10.86096573,0 106.68941498,10.86104012,0 106.68941498,10.86104012,0 106.68941498,10.86104012,0 106.68941498,10.86104012,0 106.68942261,10.86098194,0 106.68836212,10.86104774,0 106.68730164,10.86111355,0 106.68623352,10.86117935,0 106.68517303,10.86124516,0 106.68517303,10.86132431,0 106.68517303,10.86132431,0 106.68517303,10.86132431,0 106.68517303,10.86132431,0 106.68517303,10.86132431,0 106.68515015,10.86124039,0 106.68373108,10.86133003,0 106.68230438,10.86141872,0 106.68231964,10.86150265,0 106.68231964,10.86150265,0 106.68231964,10.86150265,0 106.68231964,10.86150265,0 106.68231964,10.86150265,0 106.68231201,10.86140347,0 106.6802063,10.86156654,0 106.67933655,10.8616457,0 106.67935181,10.86172485,0 106.67935181,10.86172485,0 106.67936707,10.86163998,0 106.67700195,10.8618145,0 106.67456055,10.86190891,0 106.67456055,10.86196709,0 106.67456055,10.86196709,0 106.67456055,10.86196709,0 106.67456055,10.86196709,0 106.67456055,10.86186695,0 106.67390442,10.86185837,0 106.67324829,10.86184883,0 106.67259216,10.86183929,0 106.67193604,10.86182976,0 106.67193604,10.86190414,0 106.67193604,10.86190414,0 106.67193604,10.86190414,0 106.67193604,10.86190414,0 106.67193604,10.86190414,0 106.67193604,10.86190414,0 106.67193604,10.86190414,0 106.67194366,10.86180878,0 106.66970062,10.86178017,0 106.66745758,10.8617506,0 106.66745758,10.86187744,0 106.66745758,10.86187744,0 106.66745758,10.86187744,0 106.66745758,10.86187744,0 106.66745758,10.86187744,0 106.66745758,10.86187744,0 106.66745758,10.86187744,0 106.66746521,10.86177731,0 106.66594696,10.86176395,0 106.66442871,10.8617506,0 106.66291046,10.86172199,0 106.66139221,10.86169338,0 106.66139221,10.86181927,0 106.66139221,10.86181927,0 106.66139221,10.86181927,0 106.66139221,10.86181927,0 106.66139221,10.86181927,0 106.66139221,10.86181927,0 106.66139221,10.86181927,0 106.66139221,10.86181927,0 106.66139221,10.86169338,0 106.66033936,10.86173534,0 106.65927887,10.86177731,0 106.65822601,10.86181927,0 106.65716553,10.86186123,0 106.65718079,10.86198807,0 106.65718079,10.86198807,0 106.65718079,10.86198807,0 106.65718079,10.86198807,0 106.65718079,10.86198807,0 106.65718079,10.86198807,0 106.65718079,10.86198807,0 106.65718842,10.86187744,0 106.65625,10.8619194,0 106.65530396,10.86196232,0 106.65436554,10.86200428,0 106.65341949,10.86204624,0 106.65342712,10.86211395,0 106.65342712,10.86211395,0 106.65342712,10.86211395,0 106.65342712,10.86211395,0 106.65342712,10.86211395,0 106.65342712,10.86204624,0 106.65267944,10.86205959,0 106.65244293,10.86209965,0 106.65189362,10.86211967,0 106.65074921,10.86218834,0 106.65075684,10.86227322,0 106.65075684,10.86227322,0 106.65075684,10.86227322,0 106.65075684,10.86227322,0 106.65075684,10.86217976,0 106.65035248,10.86217976,0 106.64987183,10.86213017,0 106.64955902,10.86207008,0 106.64903259,10.86190033,0 106.64859009,10.86170006,0 106.64853668,10.86176682,0 106.64853668,10.86176682,0 106.64853668,10.86176682,0 106.64853668,10.86176682,0 106.64853668,10.86176682,0 106.64859009,10.86170387,0 106.64789581,10.86130333,0 106.64719391,10.86093426,0 106.64648438,10.8605423,0 106.64575958,10.86015987,0 106.64568329,10.86030197,0 106.64568329,10.86030197,0 106.64568329,10.86030197,0 106.64568329,10.86030197,0 106.64568329,10.86030197,0 106.64568329,10.86030197,0 106.64568329,10.86030197,0 106.64576721,10.86015511,0 106.64382935,10.85907459,0 106.64100647,10.8575201,0 106.64091492,10.85766792,0 106.64091492,10.85766792,0 106.64091492,10.85766792,0 106.64091492,10.85766792,0 106.64091492,10.85766792,0 106.64091492,10.85766792,0 106.64091492,10.85766792,0 106.64099121,10.85755253,0 106.63964081,10.85681152,0 106.63829803,10.85607147,0 106.63816833,10.85625553,0 106.63816833,10.85625553,0 106.63816833,10.85625553,0 106.63816833,10.85625553,0 106.63816833,10.85625553,0 106.63831329,10.8560667,0 106.63687134,10.8552866,0 106.63542938,10.85450649,0 106.63398743,10.85371399,0 106.63254547,10.85292149,0 106.63246918,10.85304832,0 106.63246918,10.85304832,0 106.63246918,10.85304832,0 106.63246918,10.85304832,0 106.63246918,10.85304832,0 106.63253784,10.85294724,0 106.6309967,10.8521204,0 106.63093567,10.85224247,0 106.63093567,10.85224247,0 106.63093567,10.85224247,0 106.63093567,10.85224247,0 106.63093567,10.85224247,0 106.63101196,10.85211468,0 106.62950134,10.85138035,0 106.62734985,10.85037041,0 106.62438202,10.84899044,0 106.6243515,10.8490696,0 106.6243515,10.8490696,0 106.6243515,10.8490696,0 106.62437439,10.84899044,0 106.62271881,10.84822178,0 106.62108612,10.84745216,0 106.6210556,10.84749985,0 106.6210556,10.84749985,0 106.6210556,10.84749985,0 106.62107849,10.84745216,0 106.61991119,10.84677792,0 106.61933899,10.8463459,0 106.61880493,10.84588718,0 106.61875916,10.84593487,0 106.61875916,10.84593487,0 106.61875916,10.84593487,0 106.61875916,10.84593487,0 106.61880493,10.84589863,0 106.61756897,10.84479713,0 106.61722565,10.84459114,0 106.61611176,10.84359074,0 106.61608124,10.84362316,0 106.61608124,10.84362316,0 106.61608124,10.84362316,0 106.61608124,10.84362316,0 106.61608124,10.84362316,0 106.61612701,10.8435955,0 106.61579895,10.84337997,0 106.61538696,10.84325886,0 106.61505127,10.84341621,0 106.61415863,10.84463406,0 106.61347198,10.84577656,0 106.61351776,10.84580326,0 106.61351776,10.84580326,0 106.61351776,10.84580326,0 106.61351776,10.84580326,0 106.61343384,10.8457613,0 106.61292267,10.84655094,0 106.61248016,10.8472681,0 106.61235809,10.84719372,0 106.61273193,10.84657288,0 106.61313629,10.84595203,0 106.61356354,10.84520817,0 106.61352539,10.84518719,0 106.61352539,10.84518719,0 106.61352539,10.84518719,0 106.61352539,10.84518719,0 106.61352539,10.84518719,0 106.61352539,10.84518719,0 106.61358643,10.84522343,0 106.61406708,10.84443855,0 106.61330414,10.84384346,0 106.6133728,10.8437376,0</coordinates>
        </LineString>
      </Placemark>
      <Placemark>
        <name>B 61-3 (Lượt về)</name>
        <description><![CDATA[&lt;b&gt;Tuyến:&lt;/b&gt; B 61-3 - Thủ Dầu Một - Bến xe An Sương&lt;br/&gt;&lt;b&gt;Hành trình:&lt;/b&gt; Bến xe An Sương → Bến xe khách Bình Dương&lt;br/&gt;&lt;b&gt;Lượt:&lt;/b&gt; Lượt về&lt;br/&gt;&lt;b&gt;Cự ly:&lt;/b&gt; 31.66 km (Định mức: 34 km)&lt;br/&gt;&lt;b&gt;Giờ hoạt động:&lt;/b&gt; 6:00 - 16:30&lt;br/&gt;&lt;b&gt;Thời gian chạy:&lt;/b&gt; 75 phút]]></description>
        <styleUrl>#style_route_11</styleUrl>
        <LineString>
          <tessellate>1</tessellate>
          <coordinates>106.6133728,10.8437376,0 106.61352539,10.84354877,0 106.6136322,10.84366417,0 106.6135788,10.84382725,0 106.61361694,10.84400177,0 106.61398315,10.84427547,0 106.61449432,10.84352493,0 106.61500549,10.84277344,0 106.61505127,10.84249496,0 106.61531067,10.84233665,0 106.61556244,10.84245205,0 106.61565399,10.84259987,0 106.61565399,10.84276867,0 106.61669922,10.84370613,0 106.61773682,10.84464931,0 106.61780548,10.84461784,0 106.61780548,10.84461784,0 106.61780548,10.84461784,0 106.61773682,10.84469128,0 106.61867523,10.84554482,0 106.61962128,10.84629822,0 106.62044525,10.84692574,0 106.62147522,10.84745216,0 106.62150574,10.84741783,0 106.62150574,10.84741783,0 106.62150574,10.84741783,0 106.62149048,10.84746838,0 106.62316895,10.84826946,0 106.62482452,10.84902287,0 106.62490082,10.84890079,0 106.62490082,10.84890079,0 106.62484741,10.84902763,0 106.62615967,10.84963894,0 106.62747192,10.85025024,0 106.62757111,10.85007095,0 106.62757111,10.85007095,0 106.62757111,10.85007095,0 106.62757111,10.85007095,0 106.62757111,10.85007095,0 106.62749481,10.85024452,0 106.62870026,10.85081768,0 106.62992859,10.85140419,0 106.63111115,10.85201645,0 106.63230896,10.85262585,0 106.63234711,10.85258293,0 106.63234711,10.85258293,0 106.63234711,10.85258293,0 106.63234711,10.85258293,0 106.63234711,10.85258293,0 106.63233185,10.85264206,0 106.6346283,10.85387516,0 106.6346817,10.85380554,0 106.6346817,10.85380554,0 106.6346817,10.85380554,0 106.63462067,10.85388565,0 106.63593292,10.85459995,0 106.63724518,10.8553133,0 106.63852692,10.85600853,0 106.63980865,10.85670376,0 106.63983154,10.85666656,0 106.63983154,10.85666656,0 106.63983154,10.85666656,0 106.63980103,10.85671997,0 106.64185333,10.85785007,0 106.64417267,10.85910034,0 106.6442337,10.85895348,0 106.6442337,10.85895348,0 106.64417267,10.85908508,0 106.64594269,10.86004448,0 106.64775085,10.86104488,0 106.64778137,10.86096954,0 106.64777374,10.86102962,0 106.64784241,10.86104965,0 106.64851379,10.86139965,0 106.64910889,10.86168957,0 106.64945984,10.86180019,0 106.64978027,10.86188984,0 106.65019226,10.86194992,0 106.6506424,10.86196041,0 106.65119934,10.86194038,0 106.65119934,10.86188126,0 106.65118408,10.86194038,0 106.65213776,10.86188793,0 106.6526413,10.86190414,0 106.6533432,10.86188793,0 106.6540451,10.86187172,0 106.65405273,10.86180782,0 106.65406036,10.86186028,0 106.65550995,10.8617897,0 106.65712738,10.86172009,0 106.65712738,10.86165142,0 106.65712738,10.86165142,0 106.65712738,10.86165142,0 106.65712738,10.86165142,0 106.65712738,10.86172009,0 106.65968323,10.8616066,0 106.66223907,10.86149311,0 106.6622467,10.8613348,0 106.6622467,10.8613348,0 106.6622467,10.8613348,0 106.6622467,10.8613348,0 106.6622467,10.8613348,0 106.66223907,10.86149311,0 106.66435242,10.86153221,0 106.66645813,10.86157227,0 106.66645813,10.86150265,0 106.66645813,10.86150265,0 106.66644287,10.86163998,0 106.66763306,10.861619,0 106.67015076,10.86163998,0 106.67188263,10.86166954,0 106.67188263,10.86157703,0 106.67188263,10.86157703,0 106.67188263,10.86157703,0 106.67188263,10.86157703,0 106.67189789,10.8616724,0 106.673172,10.86169052,0 106.67445374,10.86170864,0 106.67444611,10.861619,0 106.67444611,10.861619,0 106.67444611,10.861619,0 106.67444611,10.861619,0 106.67444611,10.861619,0 106.67444611,10.86169338,0 106.675354,10.86165905,0 106.6762619,10.86162472,0 106.6771698,10.86157703,0 106.6780777,10.86152935,0 106.6780777,10.86147213,0 106.6780777,10.86147213,0 106.6780777,10.86147213,0 106.6780777,10.86155033,0 106.68005371,10.86143494,0 106.68200684,10.86127186,0 106.68200684,10.86117077,0 106.68200684,10.86117077,0 106.68200684,10.86117077,0 106.68199921,10.86127663,0 106.68382263,10.86116886,0 106.68564606,10.8610611,0 106.6866684,10.86099243,0 106.68665314,10.86089706,0 106.68665314,10.86089706,0 106.68667603,10.86098671,0 106.68792725,10.860919,0 106.68917084,10.86085033,0 106.68917847,10.8607502,0 106.68917847,10.8607502,0 106.68917847,10.8607502,0 106.68917847,10.86081028,0 106.69232941,10.86060238,0 106.69232941,10.86038589,0 106.69232941,10.86038589,0 106.69233704,10.86059189,0 106.69449615,10.86046028,0 106.69451141,10.86036491,0 106.69451141,10.86036491,0 106.69451141,10.86036491,0 106.69450378,10.86046505,0 106.69556427,10.86038685,0 106.69665527,10.86029148,0 106.69867706,10.8600359,0 106.70069885,10.85978031,0 106.70069885,10.85967541,0 106.70069885,10.85967541,0 106.70069885,10.85967541,0 106.70071411,10.85977554,0 106.7033844,10.85944366,0 106.70604706,10.85911179,0 106.70604706,10.85901737,0 106.70604706,10.85901737,0 106.70604706,10.85901737,0 106.70606232,10.85909081,0 106.70748138,10.85891151,0 106.70890045,10.85873222,0 106.70891571,10.85861588,0 106.70891571,10.85861588,0 106.70891571,10.85861588,0 106.70891571,10.85861588,0 106.70908356,10.85873032,0 106.70955658,10.85861969,0 106.70992279,10.85857964,0 106.7104187,10.8585701,0 106.71083069,10.85861969,0 106.71150208,10.85875988,0 106.7122345,10.85908031,0 106.71299744,10.85949612,0 106.71346283,10.85972309,0 106.71350098,10.85965919,0 106.71350098,10.85965919,0 106.71350098,10.85965919,0 106.71344757,10.85976505,0 106.71459961,10.86034966,0 106.71668243,10.86146164,0 106.71798706,10.86211491,0 106.71958923,10.86291981,0 106.72042847,10.8633604,0 106.72045135,10.86331463,0 106.72045135,10.86331463,0 106.72042847,10.8633604,0 106.72113037,10.86373997,0 106.72338104,10.86483002,0 106.72367859,10.86493969,0 106.72384644,10.86493015,0 106.72399139,10.86491966,0 106.72412872,10.86499977,0 106.72418213,10.86509991,0 106.72419739,10.86526012,0 106.72412872,10.86542988,0 106.72402954,10.86555958,0 106.72399139,10.86561012,0 106.72386932,10.86563969,0 106.72371674,10.86573029,0 106.72363281,10.86583996,0 106.72353363,10.8660202,0 106.72312164,10.86664009,0 106.72312164,10.86664009,0 106.72286224,10.8669796,0 106.72264099,10.8671999,0 106.72225189,10.86750031,0 106.72155762,10.86781979,0 106.72135925,10.86789036,0 106.72109222,10.86795044,0 106.72090149,10.86798954,0 106.72036743,10.86800957,0 106.7190094,10.86800003,0 106.71843719,10.86798,0 106.71795654,10.86800957,0 106.71796417,10.86803341,0 106.71796417,10.86803341,0 106.71715546,10.868083,0 106.71398163,10.86924744,0 106.71356201,10.86950016,0 106.71305084,10.86972141,0 106.71240997,10.86991692,0 106.71170807,10.8700695,0 106.71097565,10.87015915,0 106.71017456,10.87024879,0 106.70941162,10.87032795,0 106.70869446,10.87044334,0 106.70748138,10.87070656,0 106.70709229,10.87079144,0 106.70705414,10.87047958,0 106.70705414,10.87047958,0 106.70705414,10.87047958,0 106.70711517,10.87078571,0 106.70609283,10.87099648,0 106.70507813,10.87120724,0 106.70452881,10.87151814,0 106.70371246,10.87221336,0 106.70279694,10.87327766,0 106.70191956,10.87431526,0 106.70196533,10.87435436,0 106.70196533,10.87435436,0 106.70192719,10.87431526,0 106.70124054,10.87516403,0 106.70059967,10.87601757,0 106.70009613,10.8769598,0 106.69962311,10.87820339,0 106.69919586,10.87946224,0 106.69919586,10.87946224,0 106.69874573,10.88065338,0 106.69835663,10.88184929,0 106.69824982,10.88273907,0 106.69841003,10.88366604,0 106.69856262,10.88408756,0 106.69875336,10.88448811,0 106.69879913,10.88446999,0 106.69879913,10.88446999,0 106.69906616,10.8850832,0 106.69937134,10.88575745,0 106.69963074,10.88627434,0 106.69966888,10.88659573,0 106.69994354,10.88708019,0 106.70046997,10.88774395,0 106.70101929,10.888381,0 106.70211792,10.88953972,0 106.70219421,10.88950539,0 106.70219421,10.88950539,0 106.70214081,10.88956642,0 106.70307159,10.89049339,0 106.70350647,10.8909359,0 106.70391846,10.8913784,0 106.70455933,10.89212608,0 106.70568848,10.8934803,0 106.70681763,10.89479733,0 106.7068634,10.89477921,0 106.7068634,10.89477921,0 106.70732117,10.89540291,0 106.70783997,10.89600849,0 106.70884705,10.89719391,0 106.71032715,10.89900112,0 106.71073914,10.89958763,0 106.71073914,10.89958763,0 106.71118164,10.90031815,0 106.71162415,10.90104485,0 106.71204376,10.90178776,0 106.71235657,10.90256691,0 106.71244049,10.90252972,0 106.71244049,10.90252972,0 106.7123642,10.9025774,0 106.71252441,10.90309906,0 106.71263885,10.90362072,0 106.71271515,10.90464211,0 106.71278381,10.90570164,0 106.71285248,10.90676022,0 106.71290588,10.90779781,0 106.71296692,10.90884113,0 106.71302032,10.90988064,0 106.71308136,10.9109211,0 106.7131958,10.91302586,0 106.71331024,10.91512966,0 106.71344757,10.91723156,0 106.71350098,10.91827965,0 106.71353912,10.91933346,0 106.71365356,10.91932392,0 106.71365356,10.91932392,0 106.71354675,10.91932774,0 106.7135849,10.92019176,0 106.71361542,10.92106056,0 106.71343231,10.92233562,0 106.71311951,10.92380524,0 106.71270752,10.92526913,0 106.71228027,10.92674732,0 106.71186066,10.92822456,0 106.71149445,10.92970943,0 106.71112061,10.93119526,0 106.71118927,10.93121624,0 106.71118927,10.93121624,0 106.71118927,10.93121624,0 106.71118927,10.93121624,0 106.71112061,10.93119526,0 106.71091461,10.93210602,0 106.71070099,10.93301773,0 106.71048737,10.93392849,0 106.71027374,10.93485069,0 106.71035767,10.93487072,0 106.71035767,10.93487072,0 106.71035767,10.93487072,0 106.71035767,10.93487072,0 106.71035767,10.93487072,0 106.71027374,10.93486118,0 106.71004486,10.93558216,0 106.70986176,10.93629837,0 106.70967865,10.93708611,0 106.70948792,10.93787384,0 106.70955658,10.93787861,0 106.70955658,10.93787861,0 106.70955658,10.93787861,0 106.70955658,10.93787861,0 106.70948792,10.93785763,0 106.7092514,10.93890095,0 106.70899963,10.93993855,0 106.70874786,10.94097042,0 106.70849609,10.94199753,0 106.7085495,10.94201946,0 106.7085495,10.94201946,0 106.7085495,10.94201946,0 106.70850372,10.94200325,0 106.70832062,10.94280052,0 106.70813751,10.94359875,0 106.70794678,10.94439888,0 106.70775604,10.94519997,0 106.70757294,10.94598961,0 106.7073822,10.9467802,0 106.7071991,10.94756985,0 106.70700836,10.94836044,0 106.70716095,10.94839287,0 106.70716095,10.94839287,0 106.70701599,10.94834423,0 106.70683289,10.94911861,0 106.70620728,10.95060921,0 106.70539093,10.9519043,0 106.70448303,10.95295238,0 106.70358276,10.95384502,0 106.7026825,10.95473766,0 106.7027359,10.95477009,0 106.7027359,10.95477009,0 106.70269775,10.95472717,0 106.7021637,10.95526505,0 106.70224762,10.95532799,0 106.70224762,10.95532799,0 106.70224762,10.95532799,0 106.70219421,10.95524883,0 106.70156097,10.95587254,0 106.70093536,10.95649719,0 106.70030212,10.9571209,0 106.69967651,10.9577446,0 106.69967651,10.9577446,0 106.69967651,10.9577446,0 106.69965363,10.95772457,0 106.69851685,10.95879364,0 106.69774628,10.95942497,0 106.69626617,10.96035767,0 106.69524384,10.96085262,0 106.6942215,10.96134758,0 106.69320679,10.96184254,0 106.69218445,10.96233273,0 106.69218445,10.96233273,0 106.69119263,10.96278,0 106.69019318,10.96322727,0 106.68923187,10.96368027,0 106.68826294,10.96413326,0 106.68828583,10.96418095,0 106.68828583,10.96418095,0 106.68825531,10.96413326,0 106.68685913,10.96478367,0 106.68545532,10.96543407,0 106.68408966,10.96608734,0 106.68271637,10.96674538,0 106.68273163,10.96679306,0 106.68273163,10.96679306,0 106.68250275,10.96693516,0 106.68250275,10.96693516,0 106.68226624,10.967062,0 106.68226624,10.967062,0 106.68223572,10.96698284,0 106.68145752,10.96737003,0 106.68067932,10.96775723,0 106.67995453,10.9681673,0 106.67922211,10.96857834,0 106.67926788,10.96862125,0 106.67926788,10.96862125,0 106.67923737,10.96855736,0 106.67828369,10.96910763,0 106.67733002,10.9696579,0 106.67736053,10.969697,0 106.67736053,10.969697,0 106.67730713,10.96963692,0 106.67636108,10.97018719,0 106.67541504,10.97073746,0 106.67440796,10.97122478,0 106.67340851,10.97171211,0 106.67343903,10.97174931,0 106.67343903,10.97174931,0 106.67343903,10.97174931,0 106.67340851,10.97171688,0 106.67251587,10.9721756,0 106.67253876,10.97221756,0 106.67253876,10.97221756,0 106.67253876,10.97221756,0 106.67253876,10.97221756,0 106.6725235,10.9721756,0 106.67189026,10.97250175,0 106.67166901,10.97270203,0 106.67163849,10.97279167,0 106.67152405,10.97282314,0 106.67141724,10.97269154,0 106.67144012,10.97255993,0 106.6710434,10.9715538,0 106.67093658,10.9716053,0 106.67093658,10.9716053,0 106.67093658,10.9716053,0 106.67100525,10.97157001,0 106.67077637,10.97097969,0 106.67054749,10.97039032,0 106.67041016,10.97044277,0 106.67041016,10.97044277,0 106.67053986,10.97040081,0 106.67019653,10.96953964,0 106.66984558,10.96867847,0 106.66950226,10.96781731,0 106.66915131,10.96695614,0 106.66900635,10.96700954,0 106.66900635,10.96700954,0 106.66915894,10.96694088,0 106.66886902,10.96617699,0 106.6686554,10.96560287,0 106.6685257,10.96564007,0 106.6685257,10.96564007,0</coordinates>
        </LineString>
      </Placemark>
    </Folder>
    <Folder>
      <name>TUYẾN B 62: Bến xe buýt Quận 8 - Thới An</name>
      <Placemark>
        <name>B 62 (Lượt đi)</name>
        <description><![CDATA[&lt;b&gt;Tuyến:&lt;/b&gt; B 62 - Bến xe buýt Quận 8 - Thới An&lt;br/&gt;&lt;b&gt;Hành trình:&lt;/b&gt; Bến xe buýt Quận 8 → Bến xe buýt Thới An&lt;br/&gt;&lt;b&gt;Lượt:&lt;/b&gt; Lượt đi&lt;br/&gt;&lt;b&gt;Cự ly:&lt;/b&gt; 23.12 km (Định mức: 24 km)&lt;br/&gt;&lt;b&gt;Giờ hoạt động:&lt;/b&gt; 5:00 - 19:00&lt;br/&gt;&lt;b&gt;Thời gian chạy:&lt;/b&gt; 85 phút]]></description>
        <styleUrl>#style_route_12</styleUrl>
        <LineString>
          <tessellate>1</tessellate>
          <coordinates>106.65635681,10.7335453,0 106.65635681,10.7335453,0 106.65635681,10.7335453,0 106.6567688,10.73354053,0 106.65676117,10.73415661,0 106.65621948,10.73412037,0 106.65621948,10.7347002,0 106.65622711,10.73527908,0 106.65623474,10.7358675,0 106.65624237,10.73645496,0 106.65634918,10.73645973,0 106.65634918,10.73645973,0 106.65634918,10.73645973,0 106.65634918,10.73645973,0 106.65634918,10.73645973,0 106.65634918,10.73645973,0 106.65624237,10.73646545,0 106.65625763,10.73704433,0 106.65627289,10.73762226,0 106.65629578,10.73820114,0 106.65631104,10.73876858,0 106.65642548,10.73876858,0 106.65642548,10.73876858,0 106.65642548,10.73876858,0 106.65642548,10.73876858,0 106.65642548,10.73876858,0 106.65631866,10.73876858,0 106.65637207,10.73973083,0 106.65641785,10.74069214,0 106.65628052,10.74123478,0 106.65570831,10.74260998,0 106.65558624,10.74295044,0 106.6555481,10.74326038,0 106.65557861,10.74351978,0 106.6556778,10.74376965,0 106.65579987,10.74396992,0 106.65609741,10.74422359,0 106.65642548,10.74440002,0 106.65676117,10.74457645,0 106.65679932,10.74451256,0 106.65679932,10.74451256,0 106.65679932,10.74451256,0 106.65676117,10.74457645,0 106.65748596,10.744977,0 106.65821075,10.74537754,0 106.65895081,10.74577808,0 106.65970612,10.74616337,0 106.65975952,10.74607277,0 106.65975952,10.74607277,0 106.65970612,10.74617386,0 106.6603241,10.74646854,0 106.66041565,10.74661636,0 106.66053009,10.74738598,0 106.66062927,10.74812317,0 106.6605072,10.7488451,0 106.66004181,10.75017357,0 106.66052246,10.7505846,0 106.66099548,10.75086975,0 106.66148376,10.75104809,0 106.66148376,10.7512064,0 106.66099548,10.75105381,0 106.66030884,10.75064278,0 106.65995789,10.75052166,0 106.65950012,10.75072193,0 106.65920258,10.7508955,0 106.65911865,10.75135422,0 106.65920258,10.75136757,0 106.65920258,10.75136757,0 106.65912628,10.75135994,0 106.65893555,10.75256634,0 106.65893555,10.75256634,0 106.65840149,10.75444984,0 106.65921783,10.75459957,0 106.65923309,10.75455284,0 106.65923309,10.75455284,0 106.65921783,10.75459957,0 106.66153717,10.75502014,0 106.6624527,10.75520992,0 106.66236877,10.75539017,0 106.66223145,10.75598717,0 106.66233063,10.75601292,0 106.66233063,10.75601292,0 106.66223907,10.75598145,0 106.66156006,10.75843716,0 106.6608429,10.75829506,0 106.66082764,10.75836372,0 106.66082764,10.75836372,0 106.66082764,10.75836372,0 106.66082764,10.75836372,0 106.66082764,10.75836372,0 106.6608429,10.75830078,0 106.66020966,10.75813198,0 106.6595459,10.75802612,0 106.6588974,10.75785255,0 106.6582489,10.7577467,0 106.65843201,10.75830841,0 106.65862274,10.75886917,0 106.65884399,10.75966549,0 106.65853882,10.76007843,0 106.65823364,10.76049042,0 106.65792847,10.76094055,0 106.65762329,10.76138973,0 106.65732574,10.76183128,0 106.65732574,10.76183128,0 106.65732574,10.76183128,0 106.65732574,10.76183128,0 106.65703583,10.76231098,0 106.65672302,10.7621479,0 106.6558609,10.76228523,0 106.6558609,10.76228523,0 106.65483093,10.76240349,0 106.65380096,10.76252174,0 106.65380096,10.76252174,0 106.65301514,10.7626009,0 106.65222931,10.76267433,0 106.65125275,10.76278496,0 106.65094757,10.7629118,0 106.65074921,10.76307011,0 106.65074921,10.76307011,0 106.65003967,10.76341248,0 106.64939117,10.76381302,0 106.64939117,10.76381302,0 106.64875031,10.76412868,0 106.64812469,10.7644558,0 106.64751434,10.76477718,0 106.64692688,10.76511955,0 106.64692688,10.76511955,0 106.64692688,10.76511955,0 106.64633942,10.76543617,0 106.64582062,10.76560974,0 106.64530182,10.76578426,0 106.64417267,10.76616859,0 106.64362335,10.7663765,0 106.64308167,10.76659012,0 106.64308167,10.76659012,0 106.64308167,10.76659012,0 106.64260864,10.76674843,0 106.64239502,10.76697445,0 106.64202118,10.76693821,0 106.64117432,10.7671957,0 106.64117432,10.7671957,0 106.6410141,10.76724911,0 106.64019012,10.7677393,0 106.63970184,10.76804447,0 106.63925934,10.76836109,0 106.63925934,10.76836109,0 106.63869476,10.7685976,0 106.63813782,10.76883507,0 106.63758087,10.76902199,0 106.63703156,10.76920891,0 106.6370697,10.76936722,0 106.6370697,10.76936722,0 106.63703156,10.76920891,0 106.63645172,10.76943016,0 106.63584137,10.769557,0 106.63522339,10.76955223,0 106.63460541,10.76950932,0 106.63460541,10.76959896,0 106.63460541,10.76959896,0 106.63460541,10.76950455,0 106.63414764,10.76953602,0 106.63368988,10.76968861,0 106.63326263,10.76984692,0 106.63283539,10.77000999,0 106.63283539,10.77000999,0 106.63234711,10.77016354,0 106.63185883,10.77031612,0 106.63196564,10.77107239,0 106.63207245,10.7718277,0 106.63207245,10.7718277,0 106.63215637,10.77249813,0 106.63230133,10.77315617,0 106.63249969,10.77382565,0 106.63276672,10.77443695,0 106.63276672,10.77443695,0 106.63295746,10.77492714,0 106.63330078,10.77542782,0 106.6335907,10.77590179,0 106.63396454,10.77635479,0 106.63396454,10.77635479,0 106.63449097,10.77711391,0 106.63495636,10.77791023,0 106.63530731,10.7786684,0 106.63557434,10.77946377,0 106.63557434,10.77946377,0 106.63573456,10.78001213,0 106.63589478,10.78056049,0 106.6359787,10.78113461,0 106.63605499,10.78170967,0 106.63643646,10.78209972,0 106.63681793,10.78248882,0 106.63724518,10.78283215,0 106.63770294,10.78313732,0 106.63777161,10.78304291,0 106.63777161,10.78304291,0 106.63777161,10.78304291,0 106.63769531,10.78312206,0 106.63838959,10.78360939,0 106.63910675,10.78411198,0 106.63980865,10.78457642,0 106.64046478,10.78506088,0 106.64053345,10.78499794,0 106.64053345,10.78499794,0 106.64053345,10.78499794,0 106.64046478,10.7850771,0 106.64104462,10.78550339,0 106.64163971,10.78594589,0 106.64138794,10.78660965,0 106.64112091,10.78727913,0 106.64118195,10.78728962,0 106.64118195,10.78728962,0 106.64118195,10.78728962,0 106.64118195,10.78728962,0 106.64118195,10.78728962,0 106.64118195,10.78728962,0 106.64111328,10.78727436,0 106.64086914,10.78802299,0 106.64061737,10.78877068,0 106.6403656,10.78951931,0 106.64011383,10.79026699,0 106.64022064,10.79029369,0 106.64022064,10.79029369,0 106.64022064,10.79029369,0 106.64022064,10.79029369,0 106.64022064,10.79029369,0 106.64022064,10.79029369,0 106.64009857,10.79025173,0 106.6397934,10.79117107,0 106.63948059,10.79209042,0 106.63917542,10.79300976,0 106.63887024,10.7939291,0 106.63898468,10.79397202,0 106.63898468,10.79397202,0 106.63898468,10.79397202,0 106.63898468,10.79397202,0 106.63898468,10.79397202,0 106.63887024,10.7939291,0 106.6385498,10.79494381,0 106.63824463,10.79597378,0 106.63835144,10.79599953,0 106.63835144,10.79599953,0 106.63835144,10.79599953,0 106.63835144,10.79599953,0 106.63835144,10.79599953,0 106.63824463,10.7959795,0 106.63805389,10.79665661,0 106.63786316,10.79733372,0 106.63768005,10.79801369,0 106.63750458,10.7986927,0 106.63757324,10.79870892,0 106.63757324,10.79870892,0 106.63757324,10.79870892,0 106.63757324,10.79870892,0 106.63751221,10.79869843,0 106.63722992,10.79967594,0 106.63695526,10.80065346,0 106.63704681,10.80067444,0 106.63704681,10.80067444,0 106.63704681,10.80067444,0 106.63704681,10.80067444,0 106.63695526,10.80065823,0 106.63668823,10.80192375,0 106.6361084,10.80295563,0 106.63584137,10.80383587,0 106.63556671,10.80471611,0 106.63562775,10.80473232,0 106.63562775,10.80473232,0 106.63562775,10.80473232,0 106.63556671,10.80472088,0 106.63534546,10.8054533,0 106.63513184,10.80618572,0 106.63518524,10.80620193,0 106.63518524,10.80620193,0 106.63513184,10.80619144,0 106.63493346999999,10.80686092,0 106.63486481,10.80727196,0 106.63478851,10.80765629,0 106.63456726,10.80829906,0 106.63463593,10.80831432,0 106.63463593,10.80831432,0 106.63463593,10.80831432,0 106.63455963,10.80829906,0 106.63423157,10.80921078,0 106.6339035,10.81023312,0 106.63359833,10.81120777,0 106.63330078,10.81219292,0 106.63334656,10.81220436,0 106.63334656,10.81220436,0 106.63334656,10.81220436,0 106.63334656,10.81220436,0 106.63329315,10.81218815,0 106.63284302,10.81352615,0 106.63249207,10.81486988,0 106.63166809,10.81754112,0 106.63140869,10.81831551,0 106.6314621,10.81833172,0 106.6314621,10.81833172,0 106.6314621,10.81833172,0 106.6314621,10.81833172,0 106.63140106,10.818326,0 106.63090515,10.81998062,0 106.63041687,10.82164097,0 106.63014984,10.82241535,0 106.63025665,10.82245159,0 106.63025665,10.82245159,0 106.63025665,10.82245159,0 106.63025665,10.82245159,0 106.63014984,10.82239437,0 106.62976837,10.82297993,0 106.6295929,10.82320023,0 106.62840271,10.82431984,0 106.62654877,10.82602024,0 106.62669373,10.82703972,0 106.62670135,10.8273201,0 106.62676239,10.82732296,0 106.62676239,10.82732296,0 106.62676239,10.82732296,0 106.62676239,10.82732296,0 106.62676239,10.82732296,0 106.62679291,10.82793713,0 106.62685394,10.82865906,0 106.62696838,10.82938576,0 106.62715149,10.82990837,0 106.62715149,10.82990837,0 106.62715149,10.82990837,0 106.62715149,10.82990837,0 106.62731171,10.83046055,0 106.62749481,10.83100319,0 106.62767029,10.83154106,0 106.62789154,10.83206844,0 106.62789154,10.83206844,0 106.62812042,10.83303165,0 106.62841034,10.83399582,0 106.62875366,10.83511353,0 106.6289978,10.83590889,0 106.6289978,10.83590889,0 106.6289978,10.83590889,0 106.6289978,10.83590889,0 106.6291275,10.83644581,0 106.62926483,10.83698368,0 106.62941742,10.83750725,0 106.62957764,10.83803177,0 106.62957764,10.83803177,0 106.62957764,10.83803177,0 106.62957764,10.83803177,0 106.62976074,10.83891201,0 106.62998199,10.83978653,0 106.63015747,10.84066677,0 106.63027191,10.84110355,0 106.63045502,10.84152985,0 106.63045502,10.84152985,0 106.63072205,10.8422842,0 106.63101196,10.84304237,0 106.63134003,10.84374905,0 106.63161469,10.84408092,0 106.63194275,10.84436035,0 106.63194275,10.84436035,0 106.63240051,10.84489441,0 106.63285828,10.84542942,0 106.63332367,10.84596157,0 106.63388824,10.84641457,0 106.63388824,10.84641457,0 106.63455963,10.84700489,0 106.63496399,10.84728336,0 106.63516998,10.84759998,0 106.63475037,10.84791374,0 106.63432312,10.84822655,0 106.63436127,10.84825325,0 106.63436127,10.84825325,0 106.63433075,10.84821129,0 106.63320923,10.84899044,0 106.63214874,10.84977055,0 106.63218689,10.849823,0 106.63218689,10.849823,0 106.63214111,10.84976578,0 106.63162994,10.85021305,0 106.63108826,10.85066128,0 106.63098907,10.85092926,0 106.63124847,10.85124588,0 106.63150024,10.85156155,0 106.63166809,10.85202503,0 106.63186646,10.85238934,0 106.63230133,10.85264683,0 106.63234711,10.85258293,0 106.63234711,10.85258293,0 106.63233185,10.85264206,0 106.6346283,10.85387516,0 106.6346817,10.85380554,0 106.6346817,10.85380554,0 106.6346817,10.85380554,0 106.63462067,10.85388565,0 106.63593292,10.85459995,0 106.63724518,10.8553133,0 106.63852692,10.85600853,0 106.63980865,10.85670376,0 106.63983154,10.85666656,0 106.63983154,10.85666656,0 106.63983154,10.85666656,0 106.63980103,10.85671997,0 106.64185333,10.85785007,0 106.64417267,10.85910034,0 106.6442337,10.85895348,0 106.6442337,10.85895348,0 106.64417267,10.85908508,0 106.64594269,10.86004448,0 106.64775085,10.86104488,0 106.64778137,10.86096954,0 106.64778137,10.86096954,0 106.64772797,10.86101913,0 106.64880371,10.861619,0 106.64935303,10.86181927,0 106.64984131,10.86191463,0 106.64974976,10.8628149,0 106.64970398,10.86371136,0 106.64970398,10.86371136,0 106.64962006,10.86480141,0 106.64957428,10.86589718,0 106.64954376,10.86699295,0 106.64955139,10.86809444,0 106.64955139,10.86809444,0 106.64946747,10.86908722,0 106.64938354,10.87007999,0 106.64936066,10.87107277,0 106.64933777,10.87206554,0 106.64933777,10.87206554,0 106.64920044,10.87364101,0 106.64918518,10.87519455,0 106.64918518,10.87519455,0 106.64906311,10.8768568,0 106.64894104,10.87851906,0 106.64797974,10.87846661,0</coordinates>
        </LineString>
      </Placemark>
      <Placemark>
        <name>B 62 (Lượt về)</name>
        <description><![CDATA[&lt;b&gt;Tuyến:&lt;/b&gt; B 62 - Bến xe buýt Quận 8 - Thới An&lt;br/&gt;&lt;b&gt;Hành trình:&lt;/b&gt; Bến xe buýt Thới An → Bến xe buýt Quận 8&lt;br/&gt;&lt;b&gt;Lượt:&lt;/b&gt; Lượt về&lt;br/&gt;&lt;b&gt;Cự ly:&lt;/b&gt; 25.73 km (Định mức: 24 km)&lt;br/&gt;&lt;b&gt;Giờ hoạt động:&lt;/b&gt; 5:00 - 19:00&lt;br/&gt;&lt;b&gt;Thời gian chạy:&lt;/b&gt; 85 phút]]></description>
        <styleUrl>#style_route_12</styleUrl>
        <LineString>
          <tessellate>1</tessellate>
          <coordinates>106.64797974,10.87846661,0 106.64884949,10.8785038,0 106.64884949,10.8785038,0 106.64892578,10.87850857,0 106.64896393,10.87775421,0 106.64900208,10.87699986,0 106.64904785,10.8762455,0 106.649086,10.87549019,0 106.64899445,10.87549591,0 106.64899445,10.87549591,0 106.64899445,10.87549591,0 106.64899445,10.87549591,0 106.64899445,10.87549591,0 106.649086,10.87549591,0 106.64916229,10.87403584,0 106.6492157,10.87249279,0 106.64915466,10.87248802,0 106.64915466,10.87248802,0 106.64915466,10.87248802,0 106.64915466,10.87248802,0 106.64915466,10.87248802,0 106.64915466,10.87248802,0 106.64920807,10.87248802,0 106.6492691,10.87148666,0 106.64932251,10.87048531,0 106.64936829,10.8694973,0 106.64942169,10.86851025,0 106.64935303,10.86850452,0 106.64935303,10.86850452,0 106.64935303,10.86850452,0 106.64935303,10.86850452,0 106.64935303,10.86850452,0 106.64935303,10.86850452,0 106.64942932,10.86851025,0 106.64955139,10.86596584,0 106.64966583,10.86338425,0 106.64962006,10.86337852,0 106.64962006,10.86337852,0 106.64962006,10.86337852,0 106.64962006,10.86337852,0 106.64962006,10.86337852,0 106.64962006,10.86337852,0 106.64962006,10.86337852,0 106.64966583,10.86337852,0 106.64968109,10.86275196,0 106.64970398,10.8621254,0 106.64912415,10.86194611,0 106.64857483,10.86169815,0 106.64853668,10.86176682,0 106.64853668,10.86176682,0 106.64853668,10.86176682,0 106.64853668,10.86176682,0 106.64853668,10.86176682,0 106.64853668,10.86176682,0 106.64853668,10.86176682,0 106.64859009,10.86170387,0 106.64789581,10.86130333,0 106.64719391,10.86093426,0 106.64648438,10.8605423,0 106.64575958,10.86015987,0 106.64568329,10.86030197,0 106.64568329,10.86030197,0 106.64568329,10.86030197,0 106.64568329,10.86030197,0 106.64568329,10.86030197,0 106.64568329,10.86030197,0 106.64568329,10.86030197,0 106.64576721,10.86015511,0 106.64382935,10.85907459,0 106.64100647,10.8575201,0 106.64091492,10.85766792,0 106.64091492,10.85766792,0 106.64091492,10.85766792,0 106.64091492,10.85766792,0 106.64091492,10.85766792,0 106.64091492,10.85766792,0 106.64091492,10.85766792,0 106.64099121,10.85755253,0 106.63964081,10.85681152,0 106.63829803,10.85607147,0 106.63816833,10.85625553,0 106.63816833,10.85625553,0 106.63816833,10.85625553,0 106.63816833,10.85625553,0 106.63816833,10.85625553,0 106.63831329,10.8560667,0 106.63687134,10.8552866,0 106.63542938,10.85450649,0 106.63398743,10.85371399,0 106.63254547,10.85292149,0 106.63246918,10.85304832,0 106.63246918,10.85304832,0 106.63246918,10.85304832,0 106.63246918,10.85304832,0 106.63246918,10.85304832,0 106.63253784,10.85294724,0 106.6309967,10.8521204,0 106.63093567,10.85224247,0 106.63093567,10.85224247,0 106.63093567,10.85224247,0 106.63093567,10.85224247,0 106.63093567,10.85224247,0 106.63093567,10.85224247,0 106.6309967,10.85212517,0 106.62882996,10.8510828,0 106.62810516,10.85116673,0 106.62761688,10.85132504,0 106.62724304,10.85151482,0 106.62696838,10.85185146,0 106.6264801,10.852705,0 106.62653351,10.85272598,0 106.62653351,10.85272598,0 106.62653351,10.85272598,0 106.62653351,10.85272598,0 106.62653351,10.85272598,0 106.6264801,10.85271549,0 106.62597656,10.8536005,0 106.62548828,10.8541851,0 106.62490845,10.85473347,0 106.62426758,10.8551712,0 106.62355804,10.85552883,0 106.62345886,10.85536003,0 106.62394714,10.85512829,0 106.62445831,10.85481262,0 106.62490845,10.85448551,0 106.62528992,10.85412216,0 106.62594604,10.85329533,0 106.62591553,10.85324764,0 106.62591553,10.85324764,0 106.62591553,10.85324764,0 106.62591553,10.85324764,0 106.62591553,10.85324764,0 106.62596893,10.85326862,0 106.62637329,10.85244179,0 106.62686157,10.85161495,0 106.62703705,10.85140419,0 106.62726593,10.85124588,0 106.62753296,10.85110378,0 106.62833405,10.85093975,0 106.63010406,10.85061359,0 106.63061523,10.8504715,0 106.63124084,10.85021305,0 106.63223267,10.84950733,0 106.63217163,10.84945965,0 106.63217163,10.84945965,0 106.63217163,10.84945965,0 106.63220978,10.84950161,0 106.63267517,10.84917259,0 106.63314819,10.84884357,0 106.63362122,10.84850597,0 106.63410187,10.84816933,0 106.63407135,10.84814835,0 106.63407135,10.84814835,0 106.6341095,10.8481636,0 106.63507843,10.84749413,0 106.63497162,10.84734154,0 106.63455963,10.84704113,0 106.63414764,10.84673595,0 106.63414764,10.84673595,0 106.63414764,10.84673595,0 106.63414764,10.84673595,0 106.63339233,10.84606171,0 106.63271332,10.84531403,0 106.6320343,10.84456539,0 106.6314621,10.8439703,0 106.63142395,10.84400082,0 106.63142395,10.84400082,0 106.63142395,10.84400082,0 106.63142395,10.84400082,0 106.63142395,10.84400082,0 106.63142395,10.84400082,0 106.63146973,10.84395981,0 106.63130188,10.84371185,0 106.63088226,10.84276867,0 106.63046265,10.84182644,0 106.63046265,10.84182644,0 106.63046265,10.84182644,0 106.63046265,10.84182644,0 106.63018036,10.84096718,0 106.63000488,10.84010315,0 106.62981415,10.8392334,0 106.62958527,10.83835888,0 106.62953186,10.83837509,0 106.62953186,10.83837509,0 106.62957001,10.83835888,0 106.62934113,10.83749485,0 106.62910461,10.83663559,0 106.62889862,10.83579254,0 106.62860107,10.83489704,0 106.62860107,10.83489704,0 106.62863922,10.83488178,0 106.62845612,10.83426476,0 106.62828064,10.83364868,0 106.62809753,10.83301353,0 106.6279068,10.83237839,0 106.62786865,10.83240032,0 106.62786865,10.83240032,0 106.6279068,10.83237839,0 106.62773895,10.83185482,0 106.62756348,10.8313303,0 106.62738037,10.83079815,0 106.62719727,10.830266,0 106.62715149,10.83028221,0 106.62715149,10.83028221,0 106.6272049,10.83027077,0 106.62703705,10.82974911,0 106.62687683,10.82921219,0 106.62671661,10.82810593,0 106.62671661,10.82810593,0 106.62669373,10.82764721,0 106.62667847,10.82718849,0 106.62657928,10.82638836,0 106.62640381,10.82631397,0 106.62578583,10.82692528,0 106.6258316,10.82695675,0 106.6258316,10.82695675,0 106.6258316,10.82695675,0 106.6257782,10.82692051,0 106.62537384,10.8273735,0 106.62513733,10.82721519,0 106.62553406,10.82676697,0 106.62593079,10.82631969,0 106.62586212,10.82623959,0 106.62586212,10.82623959,0 106.62586212,10.82623959,0 106.62586212,10.82623959,0 106.62593842,10.8263092,0 106.62645721,10.82582378,0 106.62697601,10.82535553,0 106.62749481,10.8248806,0 106.62801361,10.82440662,0 106.62871552,10.82374573,0 106.62941742,10.82308388,0 106.62971497,10.82274723,0 106.62992096,10.82235718,0 106.62982178,10.82231522,0 106.62982178,10.82231522,0 106.62982178,10.82231522,0 106.62982178,10.82231522,0 106.62982178,10.82231522,0 106.62991333,10.82234097,0 106.63014984,10.82170868,0 106.63034821,10.82108212,0 106.63059235,10.82026005,0 106.63083649,10.8194437,0 106.63061523,10.81938553,0 106.63061523,10.81938553,0 106.63061523,10.81938553,0 106.63061523,10.81938553,0 106.63083649,10.8194437,0 106.63103485,10.81881905,0 106.63123322,10.81819439,0 106.63143158,10.81757069,0 106.63162994,10.81694603,0 106.63181305,10.81632328,0 106.63200378,10.81570053,0 106.63218689,10.81507778,0 106.63237762,10.81445503,0 106.63237762,10.81445503,0 106.63237762,10.81445503,0 106.63259888,10.81373405,0 106.63282013,10.81301308,0 106.63304138,10.8122921,0 106.633255,10.81157112,0 106.63346863,10.81084919,0 106.63368988,10.81012726,0 106.63394165,10.80940533,0 106.63414001,10.8087101,0 106.63401794,10.80868912,0 106.63401794,10.80868912,0 106.63401794,10.80868912,0 106.63414001,10.80871582,0 106.63453674,10.80748463,0 106.63493346999999,10.80625439,0 106.63477325,10.80621243,0 106.63477325,10.80621243,0 106.63495636,10.80626011,0 106.63519287,10.80554581,0 106.63542938,10.8048315,0 106.63526917,10.80480003,0 106.63526917,10.80480003,0 106.63542175,10.8048315,0 106.63574982,10.80381012,0 106.63608551,10.80279255,0 106.63667297,10.80179691,0 106.63677216,10.80128288,0 106.63687134,10.80076885,0 106.6368103,10.80075932,0 106.6368103,10.80075932,0 106.63687134,10.80076885,0 106.63704681,10.80013657,0 106.63721466,10.79950428,0 106.63739777,10.7988615,0 106.63758087,10.79822445,0 106.63749695,10.7982111,0 106.63749695,10.7982111,0 106.63749695,10.7982111,0 106.63755798,10.79822445,0 106.63791656,10.79697227,0 106.63827515,10.79572105,0 106.63848114,10.79501534,0 106.63869476,10.79431438,0 106.63861847,10.79428291,0 106.63861847,10.79428291,0 106.63861847,10.79428291,0 106.63861847,10.79428291,0 106.63868713,10.79429817,0 106.63909912,10.79309464,0 106.63951111,10.79189014,0 106.63991547,10.79068851,0 106.64032745,10.78948689,0 106.64025116,10.7894659,0 106.64025116,10.7894659,0 106.64032745,10.78948689,0 106.64080048,10.78805447,0 106.64129639,10.78662586,0 106.64123535,10.78660488,0 106.64123535,10.78660488,0 106.64123535,10.78660488,0 106.64123535,10.78660488,0 106.64123535,10.78660488,0 106.64130402,10.78662109,0 106.64144135,10.78628349,0 106.64157867,10.78594589,0 106.64110565,10.78557968,0 106.64048767,10.78511333,0 106.64048004,10.78512955,0 106.64048004,10.78512955,0 106.64050293,10.78512955,0 106.63991547,10.78470993,0 106.63922119,10.78420162,0 106.6384964,10.7837038,0 106.63777924,10.78320599,0 106.63777924,10.78320599,0 106.63777924,10.78320599,0 106.63728333,10.78286839,0 106.63677979,10.78248882,0 106.63635254,10.78205967,0 106.63591766,10.78163052,0 106.63583374,10.78099823,0 106.63574219,10.78036594,0 106.63554382,10.77976513,0 106.63533783,10.77916431,0 106.63523865,10.77921104,0 106.63523865,10.77921104,0 106.63523865,10.77921104,0 106.6353302,10.7791748,0 106.63488007,10.7780571,0 106.63422394,10.77700901,0 106.63415527,10.77706146,0 106.63415527,10.77706146,0 106.63415527,10.77706146,0 106.63421631,10.77700901,0 106.63342285,10.77582073,0 106.63302612,10.77522659,0 106.63267517,10.77461052,0 106.63262177,10.77463245,0 106.63262177,10.77463245,0 106.63269043,10.77461624,0 106.63243103,10.77387333,0 106.63222504,10.77312469,0 106.63202667,10.77237606,0 106.63189697,10.77162266,0 106.63182831,10.77163315,0 106.63182831,10.77163315,0 106.63182831,10.77163315,0 106.63191223,10.77162266,0 106.63182068,10.7709589,0 106.6317215,10.77029514,0 106.63256836,10.77002621,0 106.63253784,10.7699728,0 106.63253784,10.7699728,0 106.63253784,10.7699728,0 106.6325531,10.77004147,0 106.633255,10.76981258,0 106.63396454,10.76958275,0 106.63396454,10.76958275,0 106.63396454,10.76958275,0 106.6342392,10.76949883,0 106.63454437,10.76947308,0 106.63482666,10.76948833,0 106.63551331,10.76954174,0 106.63603973,10.76949883,0 106.63790131,10.76888752,0 106.63786316,10.76881409,0 106.63786316,10.76881409,0 106.63786316,10.76881409,0 106.63786316,10.76881409,0 106.63787842,10.76888752,0 106.63911438,10.76839733,0 106.63980865,10.76793957,0 106.63977814,10.76792908,0 106.63977814,10.76792908,0 106.63977051,10.76797104,0 106.64105988,10.76719093,0 106.6415863,10.76701736,0 106.64157104,10.76698017,0 106.64157104,10.76698017,0 106.6415863,10.76701736,0 106.6421051,10.76681709,0 106.64219666,10.76670647,0 106.64237976,10.76664257,0 106.64250946,10.76670074,0 106.64339447,10.76642132,0 106.64334869,10.76634216,0 106.64334869,10.76634216,0 106.64335632,10.76641655,0 106.64427948,10.76610279,0 106.64519501,10.76578903,0 106.64515686,10.76573658,0 106.64515686,10.76573658,0 106.64516449,10.76579475,0 106.64603424,10.76549911,0 106.64642334,10.76528358,0 106.64675903,10.76510429,0 106.6467514,10.76505661,0 106.6467514,10.76505661,0 106.64678192,10.76509857,0 106.64763641,10.76467705,0 106.64849091,10.76421833,0 106.6493454,10.76373863,0 106.65016937,10.76330662,0 106.65016937,10.76323795,0 106.65016937,10.76323795,0 106.65020752,10.76329136,0 106.65123749,10.76275349,0 106.65221405,10.76266956,0 106.6521759,10.76212597,0 106.65231323,10.7615099,0 106.65268707,10.76095104,0 106.6526413,10.76090431,0 106.6526413,10.76090431,0 106.6526413,10.76090431,0 106.65267944,10.76093006,0 106.65306854,10.76054573,0 106.65331268,10.76013947,0 106.65376282,10.76037121,0 106.65376282,10.76037121,0 106.65376282,10.76037121,0 106.65431976,10.76070023,0 106.65486908,10.7610302,0 106.65544128,10.76129341,0 106.65600586,10.76156235,0 106.65600586,10.76156235,0 106.65600586,10.76156235,0 106.65600586,10.76156235,0 106.65702057,10.76217365,0 106.65698242,10.76103592,0 106.65698242,10.76103592,0 106.65698242,10.76103592,0 106.65698242,10.76103592,0 106.65698242,10.76103592,0 106.65698242,10.76103592,0 106.65702057,10.76015282,0 106.65705872,10.75926971,0 106.65710449,10.75749969,0 106.65761566,10.75756836,0 106.65761566,10.75756836,0 106.65761566,10.75756836,0 106.65761566,10.75756836,0 106.65761566,10.75756836,0 106.65761566,10.75756836,0 106.65761566,10.75762558,0 106.65886688,10.75782394,0 106.66012573,10.75807858,0 106.66012573,10.75807858,0 106.66012573,10.75807858,0 106.66012573,10.75807858,0 106.66012573,10.75807858,0 106.66153717,10.75834274,0 106.66187286,10.75702286,0 106.66220856,10.75570202,0 106.66220856,10.75570202,0 106.66220856,10.75570202,0 106.66220856,10.75570202,0 106.66230774,10.75542259,0 106.66108704,10.75515366,0 106.66107178,10.75519562,0 106.66107178,10.75519562,0 106.66107178,10.75519562,0 106.66107178,10.75519562,0 106.66107178,10.75519562,0 106.66107178,10.75519562,0 106.66107941,10.75516415,0 106.66029358,10.75500393,0 106.65950775,10.75484276,0 106.65950012,10.75487518,0 106.65950012,10.75487518,0 106.65950012,10.75487518,0 106.65950012,10.75487518,0 106.65950012,10.75487518,0 106.65950012,10.75487518,0 106.65950775,10.75484276,0 106.65825653,10.75460052,0 106.65827179,10.75423717,0 106.65859985,10.75310421,0 106.65879059,10.75244522,0 106.65879059,10.75244522,0 106.65879059,10.75244522,0 106.65879059,10.75244522,0 106.65879059,10.75244522,0 106.65882111,10.75244522,0 106.65896606,10.75139141,0 106.6588974,10.75138092,0 106.6588974,10.75138092,0 106.6588974,10.75138092,0 106.6588974,10.75138092,0 106.6588974,10.75138092,0 106.6588974,10.75138092,0 106.6588974,10.75138092,0 106.65898132,10.7514019,0 106.65905762,10.75088501,0 106.65901947,10.75078487,0 106.65907288,10.75065899,0 106.65917206,10.75060558,0 106.65929413,10.75060558,0 106.65965271,10.75050068,0 106.65979004,10.75035286,0 106.66042328,10.7487402,0 106.66049957,10.74831867,0 106.6605072,10.74790764,0 106.66036224,10.74702168,0 106.65978241,10.7468853,0 106.65922546,10.74632645,0 106.65883636,10.74577808,0 106.65789795,10.74528313,0 106.6569519,10.74477673,0 106.65692902,10.74483013,0 106.65692902,10.74483013,0 106.65692902,10.74483013,0 106.65692902,10.74483013,0 106.65692902,10.74483013,0 106.65692902,10.74483013,0 106.65692902,10.74483013,0 106.65692902,10.74483013,0 106.65696716,10.74476624,0 106.65616608,10.74436092,0 106.65563965,10.74380684,0 106.65553284,10.74354362,0 106.65547943,10.74324799,0 106.65550995,10.74296379,0 106.65557098,10.7426796,0 106.65631104,10.74052906,0 106.65621185,10.73934269,0 106.65611267,10.7392168,0 106.65619659,10.73910046,0 106.65620422,10.73864174,0 106.65614319,10.73864174,0 106.65614319,10.73864174,0 106.65614319,10.73864174,0 106.65614319,10.73864174,0 106.65614319,10.73864174,0 106.65614319,10.73864174,0 106.65614319,10.73864174,0 106.65614319,10.73864174,0 106.65614319,10.73864174,0 106.65621948,10.73864174,0 106.65623474,10.73806477,0 106.65621948,10.73748302,0 106.65618896,10.73645973,0 106.65612793,10.73645973,0 106.65612793,10.73645973,0 106.65612793,10.73645973,0 106.65612793,10.73645973,0 106.65612793,10.73645973,0 106.65612793,10.73645973,0 106.65612793,10.73645973,0 106.65612793,10.73645973,0 106.65612793,10.73645973,0 106.65620422,10.73646545,0 106.65618134,10.73500538,0 106.65615082,10.73403549,0 106.6566925,10.73404121,0 106.65670013,10.73351955,0 106.65635681,10.7335453,0 106.65635681,10.7335453,0 106.65635681,10.7335453,0 106.65635681,10.7335453,0</coordinates>
        </LineString>
      </Placemark>
    </Folder>
    <Folder>
      <name>TUYẾN B 62-5: Bến xe An Sương - Bến xe Hậu Nghĩa</name>
      <Placemark>
        <name>B 62-5 (Lượt đi)</name>
        <description><![CDATA[&lt;b&gt;Tuyến:&lt;/b&gt; B 62-5 - Bến xe An Sương - Bến xe Hậu Nghĩa&lt;br/&gt;&lt;b&gt;Hành trình:&lt;/b&gt; Bến xe An Sương → Bến xe Hậu Nghĩa&lt;br/&gt;&lt;b&gt;Lượt:&lt;/b&gt; Lượt đi&lt;br/&gt;&lt;b&gt;Cự ly:&lt;/b&gt; 31.89 km (Định mức: 31 km)&lt;br/&gt;&lt;b&gt;Giờ hoạt động:&lt;/b&gt; 4:00 - 19:30&lt;br/&gt;&lt;b&gt;Thời gian chạy:&lt;/b&gt; 70 phút]]></description>
        <styleUrl>#style_route_13</styleUrl>
        <LineString>
          <tessellate>1</tessellate>
          <coordinates>106.6133728,10.8437376,0 106.61407471,10.84440231,0 106.61444092,10.84387493,0 106.61480713,10.8433485,0 106.61507416,10.84273148,0 106.61525726,10.84234715,0 106.61556244,10.84234715,0 106.61566925,10.84260559,0 106.61547852,10.84297371,0 106.61494446,10.8434906,0 106.61457825,10.84401226,0 106.61421204,10.84453392,0 106.61393738,10.8449688,0 106.61365509,10.84540272,0 106.61339569,10.84583473,0 106.61314392,10.84626675,0 106.61319733,10.84629345,0 106.61319733,10.84629345,0 106.61319733,10.84629345,0 106.61314392,10.84625626,0 106.61218262,10.84778976,0 106.61121368,10.84932804,0 106.61127472,10.84936047,0 106.61127472,10.84936047,0 106.61127472,10.84936047,0 106.61127472,10.84936047,0 106.61127472,10.84936047,0 106.61118317,10.84931755,0 106.61030579,10.85063457,0 106.60943604,10.8519516,0 106.6085968,10.85328484,0 106.60775757,10.85461712,0 106.60786438,10.85466003,0 106.60786438,10.85466003,0 106.60786438,10.85466003,0 106.60786438,10.85466003,0 106.60786438,10.85466003,0 106.60786438,10.85466003,0 106.60786438,10.85466003,0 106.60777283,10.85460186,0 106.60756683,10.85491085,0 106.60736084,10.85522079,0 106.60715485,10.85553074,0 106.60695648,10.85583973,0 106.60675049,10.85614967,0 106.60654449,10.85645866,0 106.6063385,10.85676861,0 106.60613251,10.8570776,0 106.60620117,10.85711479,0 106.60620117,10.85711479,0 106.60620117,10.85711479,0 106.60620117,10.85711479,0 106.60620117,10.85711479,0 106.60620117,10.85711479,0 106.60612488,10.85706234,0 106.60565186,10.85773945,0 106.6051712,10.85841656,0 106.60469818,10.85909271,0 106.60421753,10.85976982,0 106.60430908,10.85982323,0 106.60430908,10.85982323,0 106.60430908,10.85982323,0 106.60430908,10.85982323,0 106.60430908,10.85982323,0 106.6042099,10.85976505,0 106.60401154,10.86004162,0 106.60381317,10.86031914,0 106.60362244,10.86059666,0 106.60342407,10.86087418,0 106.60322571,10.86115074,0 106.60302734,10.86142826,0 106.60283661,10.86170578,0 106.60263824,10.86198235,0 106.60269928,10.86201382,0 106.60269928,10.86201382,0 106.60269928,10.86201382,0 106.60263824,10.86197758,0 106.60173798,10.86324978,0 106.60083771,10.86452198,0 106.60092163,10.86456871,0 106.60092163,10.86456871,0 106.60083771,10.86452198,0 106.60004425,10.86564445,0 106.59926605,10.86674023,0 106.59934998,10.86678219,0 106.59934998,10.86678219,0 106.59934998,10.86678219,0 106.59934998,10.86678219,0 106.59927368,10.86674023,0 106.59898376,10.86714935,0 106.59870148,10.86755753,0 106.59841156,10.86796665,0 106.59812927,10.86837578,0 106.59783936,10.8687849,0 106.59754944,10.86919403,0 106.59726715,10.8696022,0 106.59697723,10.87001133,0 106.59707642,10.87007523,0 106.59707642,10.87007523,0 106.59707642,10.87007523,0 106.59707642,10.87007523,0 106.59700775,10.8700428,0 106.59672546,10.87043858,0 106.59693909,10.87090969,0 106.59715271,10.87138081,0 106.5973587,10.87185287,0 106.59757233,10.87232399,0 106.59777832,10.87283516,0 106.59797668,10.87334633,0 106.59816742,10.8738575,0 106.59835815,10.87436867,0 106.59854889,10.87487698,0 106.59873199,10.87538528,0 106.59892273,10.87589359,0 106.59911346,10.8764019,0 106.59929657,10.87694931,0 106.59937286,10.87751293,0 106.59937286,10.87815094,0 106.5993576,10.87878799,0 106.5993576,10.87941551,0 106.5993576,10.88004208,0 106.5993576,10.88067913,0 106.59919739,10.88126945,0 106.5989151,10.88187027,0 106.59863281,10.88247013,0 106.59843445,10.88294506,0 106.598526,10.88376141,0 106.59861755,10.88445663,0 106.59851074,10.88515759,0 106.59841156,10.88585472,0 106.59830475,10.88655281,0 106.59817505,10.8874464,0 106.59805298,10.88833904,0 106.59712219,10.88838387,0 106.59619904,10.88842869,0 106.59570313,10.88847828,0 106.59521484,10.88852882,0 106.59494781,10.88862896,0 106.59479523,10.88848114,0 106.59436798,10.88833332,0 106.59436798,10.88833332,0 106.59351349,10.88802528,0 106.59266663,10.88771725,0 106.59176636,10.88743401,0 106.59086609,10.88714981,0 106.59086609,10.88714981,0 106.59086609,10.88714981,0 106.59086609,10.88714981,0 106.59086609,10.88714981,0 106.58932495,10.88658428,0 106.58894348,10.88643742,0 106.58866882,10.88613701,0 106.58760071,10.88470936,0 106.58757019,10.8847332,0 106.58757019,10.8847332,0 106.58757019,10.8847332,0 106.58757019,10.8847332,0 106.58757019,10.8847332,0 106.58757019,10.8847332,0 106.58757019,10.8847332,0 106.58757019,10.8847332,0 106.58760834,10.88469887,0 106.58713531,10.88405132,0 106.58690643,10.8838768,0 106.58605957,10.88344479,0 106.58601379,10.88349247,0 106.58601379,10.88349247,0 106.58601379,10.88349247,0 106.58601379,10.88349247,0 106.58601379,10.88349247,0 106.58601379,10.88349247,0 106.58600616,10.88342381,0 106.58570862,10.88335037,0 106.58511353,10.88332939,0 106.5845108,10.88325024,0 106.58413696,10.8830452,0 106.58390808,10.88281822,0 106.58349609,10.88213825,0 106.58344269,10.88216496,0 106.58344269,10.88216496,0 106.58344269,10.88216496,0 106.58344269,10.88216496,0 106.58344269,10.88216496,0 106.58344269,10.88216496,0 106.58348083,10.88212776,0 106.58290863,10.88114834,0 106.58233643,10.88016796,0 106.58167267,10.87943649,0 106.58164978,10.8794632,0 106.58164978,10.8794632,0 106.58164978,10.8794632,0 106.58164978,10.8794632,0 106.58164978,10.8794632,0 106.58164978,10.8794632,0 106.58100128,10.87888336,0 106.58036041,10.87830353,0 106.5798645,10.87780094,0 106.57927704,10.87730217,0 106.5787735,10.87695503,0 106.57807922,10.87655735,0 106.57748413,10.87618446,0 106.57688904,10.87581158,0 106.57627869,10.87544727,0 106.57567596,10.87508202,0 106.57507324,10.87471771,0 106.57446289,10.87435246,0 106.57443237,10.87439537,0 106.57443237,10.87439537,0 106.57443237,10.87439537,0 106.57443237,10.87439537,0 106.57443237,10.87439537,0 106.57443237,10.87439537,0 106.57445526,10.87436295,0 106.57388306,10.87406158,0 106.57331085,10.87376022,0 106.57273865,10.87345791,0 106.57216644,10.87315655,0 106.57136536,10.87280369,0 106.57079315,10.87267971,0 106.57021332,10.87255573,0 106.57021332,10.87255573,0 106.57021332,10.87255573,0 106.57021332,10.87255573,0 106.57021332,10.87255573,0 106.56924438,10.8723259,0 106.56827545,10.87209511,0 106.56730652,10.87186623,0 106.56633759,10.87163448,0 106.56491852,10.87107086,0 106.56489563,10.87111282,0 106.56489563,10.87111282,0 106.56489563,10.87111282,0 106.56489563,10.87111282,0 106.56491852,10.87105465,0 106.56428528,10.87079906,0 106.56365967,10.87054348,0 106.56303406,10.8702879,0 106.56240845,10.87003231,0 106.56177521,10.86977673,0 106.5611496,10.86952209,0 106.56051636,10.86926651,0 106.55989075,10.86901093,0 106.55987549,10.86904716,0 106.55987549,10.86904716,0 106.55987549,10.86904716,0 106.55989838,10.86902142,0 106.5589447,10.86863899,0 106.5579834,10.86825752,0 106.5561676,10.86855125,0 106.55435944,10.86884499,0 106.55255127,10.86913872,0 106.55073547,10.86943245,0 106.55075073,10.86947918,0 106.55075073,10.86947918,0 106.55075073,10.86947918,0 106.55075073,10.86947918,0 106.55075073,10.86947918,0 106.55073547,10.86944294,0 106.55024719,10.86950588,0 106.54975891,10.86956978,0 106.54927063,10.86963272,0 106.54878235,10.86969566,0 106.54827118,10.86976147,0 106.54776001,10.86982727,0 106.54724884,10.86989307,0 106.54673767,10.86995888,0 106.54673004,10.87000561,0 106.54673004,10.87000561,0 106.54673004,10.87000561,0 106.54673004,10.87000561,0 106.54673004,10.87000561,0 106.54673004,10.87000561,0 106.54673004,10.87000561,0 106.54673004,10.87000561,0 106.54673004,10.86996937,0 106.5460968,10.87005615,0 106.54546356,10.87014389,0 106.54483795,10.87023067,0 106.54420471,10.87031746,0 106.54357147,10.87040424,0 106.5429306,10.87049103,0 106.54229736,10.87057495,0 106.54166412,10.87065983,0 106.54167938,10.87070179,0 106.54167938,10.87070179,0 106.54167938,10.87070179,0 106.54167938,10.87070179,0 106.54167938,10.87070179,0 106.54167938,10.87070179,0 106.54167938,10.87070179,0 106.54167938,10.87070179,0 106.54167938,10.87065411,0 106.54089355,10.87077522,0 106.54011536,10.87089634,0 106.53934479,10.87103081,0 106.53857422,10.87116528,0 106.53857422,10.87122345,0 106.53857422,10.87122345,0 106.53857422,10.87122345,0 106.53857422,10.87122345,0 106.53857422,10.87122345,0 106.53857422,10.87122345,0 106.53855896,10.871171,0 106.5370636,10.87146091,0 106.53556061,10.87174988,0 106.53556061,10.87184525,0 106.53556061,10.87184525,0 106.53556061,10.87184525,0 106.53555298,10.87174988,0 106.53330994,10.87219238,0 106.53108978,10.87263012,0 106.53109741,10.87271404,0 106.53109741,10.87271404,0 106.53109741,10.87271404,0 106.53108978,10.87263489,0 106.52965546,10.87291431,0 106.5282135,10.87319374,0 106.52677155,10.87347317,0 106.52532959,10.87375164,0 106.51956177,10.87484264,0 106.50808716,10.87723446,0 106.50727081,10.87713909,0 106.50656891,10.87686539,0 106.50528717,10.8769598,0 106.50474548,10.87700748,0 106.50416565,10.87708092,0 106.5032196,10.87721348,0 106.49986267,10.87776661,0 106.4989624,10.87790871,0 106.49684143,10.8779192,0 106.49520874,10.87792969,0 106.49365234,10.87800312,0 106.49339294,10.87796116,0 106.49243927,10.87766647,0 106.48822021,10.87878799,0 106.48673248,10.87883568,0 106.48464203,10.87897301,0 106.48152161,10.87927818,0 106.47977448,10.87952042,0 106.47799683,10.87983608,0 106.47600555,10.88036346,0 106.47486877,10.88059998,0 106.47380066,10.88081074,0 106.47340393,10.8810215,0 106.47298431,10.88139057,0 106.47239685,10.88182735,0 106.4720993,10.88195992,0 106.47171783,10.88201714,0 106.47042847,10.88207054,0 106.46916199,10.88218594,0 106.46881104,10.88220692,0 106.46803284,10.88230228,0 106.46702576,10.88261795,0 106.45825195,10.88564205,0 106.45481873,10.88655853,0 106.45233154,10.88766956,0 106.45201111,10.88783836,0 106.44104004,10.8926897,0 106.43951416,10.89336491,0 106.43802643,10.8939333,0 106.43725586,10.89409161,0 106.43642426,10.89414978,0 106.43584442,10.89411736,0 106.43495941,10.89388561,0 106.43341827,10.89331722,0 106.43122864,10.89250088,0 106.425354,10.89728355,0 106.41969299,10.90191936,0 106.41876221,10.90226173,0 106.41860962,10.90241432,0 106.41771698,10.90166092,0 106.41710663,10.90122414,0 106.41648865,10.90100765,0 106.41578674,10.90083885,0 106.41447449,10.90048599,0 106.40462494,10.89776802,0 106.39291382,10.89443398,0 106.39186859,10.89680958,0 106.39016724,10.90100765,0 106.39097595,10.90124512,0 106.39200592,10.90113449,0 106.39251709,10.90110302,0 106.39299011,10.90112877,0 106.39303589,10.9009819,0 106.39303589,10.9009819,0</coordinates>
        </LineString>
      </Placemark>
      <Placemark>
        <name>B 62-5 (Lượt về)</name>
        <description><![CDATA[&lt;b&gt;Tuyến:&lt;/b&gt; B 62-5 - Bến xe An Sương - Bến xe Hậu Nghĩa&lt;br/&gt;&lt;b&gt;Hành trình:&lt;/b&gt; Bến xe Hậu Nghĩa → Bến xe An Sương&lt;br/&gt;&lt;b&gt;Lượt:&lt;/b&gt; Lượt về&lt;br/&gt;&lt;b&gt;Cự ly:&lt;/b&gt; 31.28 km (Định mức: 31 km)&lt;br/&gt;&lt;b&gt;Giờ hoạt động:&lt;/b&gt; 4:00 - 19:30&lt;br/&gt;&lt;b&gt;Thời gian chạy:&lt;/b&gt; 70 phút]]></description>
        <styleUrl>#style_route_13</styleUrl>
        <LineString>
          <tessellate>1</tessellate>
          <coordinates>106.39303589,10.9009819,0 106.39303589,10.90105534,0 106.39306641,10.90120792,0 106.39254761,10.90116024,0 106.39160919,10.90123463,0 106.39100647,10.90129757,0 106.39080048,10.90128136,0 106.39003754,10.90102386,0 106.39143372,10.89756775,0 106.39287567,10.89431763,0 106.41433716,10.90027523,0 106.41493988,10.90049171,0 106.41696167,10.90104485,0 106.41764069,10.90145016,0 106.41860962,10.90231991,0 106.41871643,10.90219307,0 106.419487,10.90193462,0 106.41999817,10.90162945,0 106.42095947,10.90078163,0 106.42240143,10.89958572,0 106.42389679,10.8984108,0 106.42752838,10.89547157,0 106.42935944,10.89396477,0 106.43038177,10.89312172,0 106.43123627,10.89240074,0 106.43218994,10.89279556,0 106.435112,10.89388084,0 106.43583679,10.89403915,0 106.43643188,10.89408588,0 106.43721771,10.89400673,0 106.43792725,10.89386463,0 106.43907166,10.89345932,0 106.44021606,10.89299583,0 106.44152069,10.892416,0 106.44281769,10.89184189,0 106.44515991,10.89078331,0 106.4509964,10.88820171,0 106.45464325,10.8865633,0 106.4552002,10.88637447,0 106.45590973,10.88617897,0 106.45822144,10.88556767,0 106.46134186,10.88453007,0 106.46304321,10.8839407,0 106.46466827,10.88337135,0 106.4679718,10.8822813,0 106.4686203,10.88214397,0 106.47028351,10.88199139,0 106.47169495,10.8819437,0 106.47203827,10.88189125,0 106.47223663,10.8818388,0 106.47248077,10.88165951,0 106.47332764,10.88098526,0 106.47359467,10.88084793,0 106.47384644,10.88074303,0 106.47567749,10.88035774,0 106.47802734,10.87974739,0 106.47977448,10.87945747,0 106.48092651,10.87927818,0 106.48149109,10.87919903,0 106.48212433,10.87914085,0 106.48414612,10.87895679,0 106.4851532,10.87886238,0 106.48616791,10.87879848,0 106.48710632,10.87872982,0 106.48820496,10.87870884,0 106.48991394,10.87826157,0 106.49230957,10.87759781,0 106.49253845,10.87761879,0 106.49333954,10.87786674,0 106.49369812,10.87791348,0 106.49536133,10.87784481,0 106.49710083,10.87786102,0 106.49861908,10.8778553,0 106.49903107,10.87782383,0 106.50180054,10.87737656,0 106.50330353,10.87712383,0 106.50411987,10.8769865,0 106.50456238,10.87694931,0 106.50486755,10.87690258,0 106.50537109,10.87612247,0 106.50662231,10.87682343,0 106.50724792,10.87705994,0 106.50772858,10.87710762,0 106.50823212,10.87710285,0 106.51067352,10.87659168,0 106.5125885,10.87618065,0 106.51487732,10.87573814,0 106.53058624,10.87267208,0 106.53059387,10.87261868,0 106.53059387,10.87261868,0 106.53817749,10.87117577,0 106.53817749,10.87117577,0 106.53817749,10.87117577,0 106.5382309,10.87121296,0 106.53984833,10.87089634,0 106.541008,10.87070179,0 106.54203796,10.87058067,0 106.54210663,10.87050056,0 106.54210663,10.87050056,0 106.54210663,10.87050056,0 106.54210663,10.87050056,0 106.54220581,10.8705492,0 106.54415131,10.87028503,0 106.54610443,10.87001705,0 106.54620361,10.86991119,0 106.54620361,10.86991119,0 106.54620361,10.86991119,0 106.54627991,10.87001705,0 106.55090332,10.86937428,0 106.55101013,10.86919498,0 106.5511322,10.86925793,0 106.55789948,10.86817265,0 106.55924225,10.86864662,0 106.55924225,10.86864662,0 106.56459045,10.87084389,0 106.56459045,10.87084389,0 106.56622314,10.87152386,0 106.56977081,10.87231922,0 106.56977081,10.87231922,0 106.57155609,10.8727932,0 106.57405853,10.8740263,0 106.57405853,10.8740263,0 106.57935333,10.87720299,0 106.58126831,10.87892532,0 106.58126831,10.87892532,0 106.58240509,10.88003635,0 106.58312988,10.88131714,0 106.58312988,10.88131714,0 106.58367157,10.88230705,0 106.58398438,10.88282394,0 106.58421326,10.88303375,0 106.58450317,10.88318729,0 106.58479309,10.88323402,0 106.58576202,10.88328743,0 106.58641815,10.88350773,0 106.58641815,10.88350773,0 106.5864563,10.88358688,0 106.58709717,10.8839035,0 106.58737946,10.88438797,0 106.58773041,10.88480949,0 106.58779907,10.88479424,0 106.58779907,10.88479424,0 106.58779907,10.88479424,0 106.58779907,10.88479424,0 106.5877533,10.88487816,0 106.58839417,10.88566303,0 106.58904266,10.88644791,0 106.58982086,10.88671684,0 106.59059143,10.88698483,0 106.59069061,10.8869381,0 106.59069061,10.8869381,0 106.59069061,10.8869381,0 106.59069061,10.8869381,0 106.59069824,10.88702202,0 106.59220886,10.88753891,0 106.59371948,10.88805485,0 106.59381104,10.88800716,0 106.59381104,10.88800716,0 106.59381104,10.88800716,0 106.59378815,10.88809109,0 106.59443665,10.88830757,0 106.59482574,10.88847065,0 106.59507751,10.88850212,0 106.59593201,10.888381,0 106.59696198,10.88832855,0 106.59801483,10.88828659,0 106.59810638,10.88754845,0 106.5982132,10.88657951,0 106.59838867,10.88560009,0 106.59851074,10.88464642,0 106.59854126,10.88414574,0 106.59846497,10.88365078,0 106.59835815,10.88293457,0 106.59861755,10.88230705,0 106.5989151,10.88168526,0 106.59921265,10.88106918,0 106.59931946,10.88049507,0 106.59928131,10.87985229,0 106.59929657,10.87923336,0 106.5993042,10.87861443,0 106.59928894,10.87806892,0 106.59927368,10.87752342,0 106.59921265,10.87699223,0 106.59903717,10.87644386,0 106.59884644,10.87590694,0 106.5986557,10.87537479,0 106.59846497,10.87484264,0 106.5982666,10.87430477,0 106.59806061,10.87376213,0 106.59784698,10.87321949,0 106.59767914,10.87267685,0 106.597435,10.87213421,0 106.597229,10.8716526,0 106.59702301,10.871171,0 106.59680176,10.87071705,0 106.59658051,10.87026978,0 106.59675598,10.86995411,0 106.59675598,10.86995411,0 106.59675598,10.86995411,0 106.59675598,10.86995411,0 106.59681702,10.86996937,0 106.59735107,10.8692131,0 106.59788513,10.86845779,0 106.59841919,10.86770153,0 106.59895325,10.86694527,0 106.59890747,10.86691856,0 106.59890747,10.86691856,0 106.59890747,10.86691856,0 106.59890747,10.86691856,0 106.59890747,10.86691856,0 106.59890747,10.86691856,0 106.59896088,10.86695576,0 106.59973907,10.86587048,0 106.60050964,10.86478519,0 106.60128021,10.86367893,0 106.60205078,10.86257267,0 106.60197449,10.86254597,0 106.60197449,10.86254597,0 106.60197449,10.86254597,0 106.60197449,10.86254597,0 106.60197449,10.86254597,0 106.60197449,10.86254597,0 106.60205841,10.86258888,0 106.60270691,10.861619,0 106.60340118,10.86066532,0 106.60332489,10.86060238,0 106.60332489,10.86060238,0 106.60332489,10.86060238,0 106.60332489,10.86060238,0 106.60332489,10.86060238,0 106.60340118,10.86065006,0 106.60375977,10.86015224,0 106.60412598,10.85965443,0 106.60448456,10.85915852,0 106.60485077,10.85866356,0 106.60520935,10.85817146,0 106.60557556,10.85767841,0 106.60590363,10.85718346,0 106.60623932,10.8566885,0 106.60617828,10.85661983,0 106.60617828,10.85661983,0 106.60617828,10.85661983,0 106.60617828,10.85661983,0 106.60617828,10.85661983,0 106.60627747,10.8566618,0 106.60676575,10.85591221,0 106.60726166,10.85516262,0 106.60774994,10.85441399,0 106.60823822,10.85364246,0 106.6081543,10.85359478,0 106.6081543,10.85359478,0 106.6081543,10.85359478,0 106.6081543,10.85359478,0 106.6081543,10.85359478,0 106.6081543,10.85359478,0 106.60823059,10.8536272,0 106.60881805,10.85268116,0 106.60940552,10.85173607,0 106.61006165,10.8507452,0 106.61070251,10.84973907,0 106.61064148,10.84971333,0 106.61064148,10.84971333,0 106.61064148,10.84971333,0 106.61064148,10.84971333,0 106.61064148,10.84971333,0 106.61064148,10.84971333,0 106.61070251,10.84973907,0 106.61142731,10.84860897,0 106.6121521,10.84747887,0 106.61287689,10.84635639,0 106.6135788,10.84521294,0 106.61352539,10.84518719,0 106.61352539,10.84518719,0 106.61352539,10.84518719,0 106.61352539,10.84518719,0 106.61352539,10.84518719,0 106.61352539,10.84518719,0 106.61358643,10.84522343,0 106.61406708,10.84443855,0 106.61330414,10.84384346,0 106.6133728,10.8437376,0</coordinates>
        </LineString>
      </Placemark>
    </Folder>
    <Folder>
      <name>TUYẾN B 65: Bến Thành - Bến xe An Sương</name>
      <Placemark>
        <name>B 65 (Lượt đi)</name>
        <description><![CDATA[&lt;b&gt;Tuyến:&lt;/b&gt; B 65 - Bến Thành - Cách Mạng Tháng Tám - Bến xe An Sương&lt;br/&gt;&lt;b&gt;Hành trình:&lt;/b&gt; Bến xe buýt Sài Gòn → Bến xe An Sương&lt;br/&gt;&lt;b&gt;Lượt:&lt;/b&gt; Lượt đi&lt;br/&gt;&lt;b&gt;Cự ly:&lt;/b&gt; 17.73 km (Định mức: 16 km)&lt;br/&gt;&lt;b&gt;Giờ hoạt động:&lt;/b&gt; 4:45 - 20:45&lt;br/&gt;&lt;b&gt;Thời gian chạy:&lt;/b&gt; 70 phút]]></description>
        <styleUrl>#style_route_14</styleUrl>
        <LineString>
          <tessellate>1</tessellate>
          <coordinates>106.68936157,10.76767635,0 106.68936157,10.76767635,0 106.68955994,10.76718521,0 106.69024658,10.76744652,0 106.69093323,10.76770687,0 106.69094086,10.76766968,0 106.69094086,10.76766968,0 106.69094086,10.76766968,0 106.69091797,10.76771259,0 106.69160461,10.7679863,0 106.69229889,10.76826096,0 106.69299316,10.76853752,0 106.69367981,10.76881409,0 106.6937027,10.76878834,0 106.6937027,10.76878834,0 106.69367218,10.76882458,0 106.69461823,10.76919365,0 106.6955719,10.76956272,0 106.69558716,10.76950359,0 106.69558716,10.76950359,0 106.69558716,10.76950359,0 106.69558716,10.76950359,0 106.69558716,10.76950359,0 106.69555664,10.7695837,0 106.69616699,10.76980495,0 106.69650269,10.76918793,0 106.69697571,10.76972294,0 106.69745636,10.77025795,0 106.69792938,10.77079296,0 106.69841003,10.77132797,0 106.69879913,10.77117729,0 106.69918823,10.77102757,0 106.69997406,10.77100563,0 106.70075989,10.77098465,0 106.70075989,10.77098465,0 106.70075989,10.77098465,0 106.70075989,10.77098465,0 106.70349121,10.77080059,0 106.70341492,10.77095318,0 106.70185089,10.77104282,0 106.70185089,10.77104282,0 106.6995163,10.77104282,0 106.6995163,10.77104282,0 106.69923401,10.77105331,0 106.69856262,10.77134895,0 106.69789886,10.77167034,0 106.69662476,10.77118587,0 106.69581604,10.77121162,0 106.69582367,10.77128983,0 106.69582367,10.77128983,0 106.69582367,10.77128983,0 106.69582367,10.77128983,0 106.69582367,10.77128983,0 106.69581604,10.77120686,0 106.69464111,10.77128029,0 106.69345856,10.77135372,0 106.69321442,10.77159119,0 106.69197845,10.77227402,0 106.69075012,10.77295589,0 106.69081116,10.77304554,0 106.69081116,10.77304554,0 106.69081116,10.77304554,0 106.69081116,10.77304554,0 106.69081116,10.77304554,0 106.69081116,10.77304554,0 106.69081116,10.77304554,0 106.69081116,10.77304554,0 106.69075012,10.77296162,0 106.69028473,10.77321434,0 106.68981934,10.77346802,0 106.68935394,10.77372074,0 106.68888855,10.77397346,0 106.68894958,10.77406788,0 106.68894958,10.77406788,0 106.68894958,10.77406788,0 106.68894958,10.77406788,0 106.68894958,10.77406788,0 106.6888504,10.77396774,0 106.68775177,10.77455807,0 106.68666077,10.77514839,0 106.68553925,10.77576733,0 106.6844101,10.77638721,0 106.6844635,10.77646065,0 106.6844635,10.77646065,0 106.6844635,10.77646065,0 106.6844635,10.77646065,0 106.68442535,10.77638721,0 106.68341064,10.77692127,0 106.68240356,10.77745628,0 106.68245697,10.77752972,0 106.68245697,10.77752972,0 106.68245697,10.77752972,0 106.68245697,10.77752972,0 106.68245697,10.77752972,0 106.68245697,10.77752972,0 106.68241119,10.77746201,0 106.68191528,10.7777462,0 106.68193817,10.77789974,0 106.68190765,10.77797031,0 106.68184662,10.77803993,0 106.68177795,10.77807999,0 106.68166351,10.77810955,0 106.68153381,10.77807999,0 106.6813736,10.77798367,0 106.68045044,10.77846336,0 106.68048096,10.77851582,0 106.68048096,10.77851582,0 106.68048096,10.77851582,0 106.68048096,10.77851582,0 106.68044281,10.77846813,0 106.67941284,10.77901936,0 106.67838287,10.77956963,0 106.67734528,10.78012085,0 106.67631531,10.78067112,0 106.67634583,10.78070259,0 106.67634583,10.78070259,0 106.67634583,10.78070259,0 106.67634583,10.78070259,0 106.67630768,10.78067112,0 106.67549896,10.78110886,0 106.67469025,10.78154564,0 106.67474365,10.78162956,0 106.67474365,10.78162956,0 106.67474365,10.78162956,0 106.67474365,10.78162956,0 106.67468262,10.78155136,0 106.67314911,10.78238869,0 106.67317963,10.78245544,0 106.67314911,10.78236771,0 106.67317963,10.78245544,0 106.67314911,10.78238869,0 106.67153931,10.78325081,0 106.6699295,10.78411198,0 106.66994476,10.78414631,0 106.66994476,10.78414631,0 106.66994476,10.78414631,0 106.66994476,10.78414631,0 106.66994476,10.78414631,0 106.66994476,10.78414631,0 106.6699295,10.78410721,0 106.66915894,10.78452492,0 106.66838837,10.78494263,0 106.66764069,10.78534126,0 106.66690063,10.78574085,0 106.66693115,10.78581429,0 106.66693115,10.78581429,0 106.66693115,10.78581429,0 106.66693115,10.78581429,0 106.66693115,10.78581429,0 106.66693115,10.78581429,0 106.66693115,10.78581429,0 106.66693115,10.78581429,0 106.66690063,10.78573036,0 106.66608429,10.78616238,0 106.6652832,10.78658962,0 106.66448975,10.78701591,0 106.66368866,10.78744316,0 106.66372681,10.78748608,0 106.66372681,10.78748608,0 106.66372681,10.78748608,0 106.66372681,10.78748608,0 106.66372681,10.78748608,0 106.66372681,10.78748608,0 106.66372681,10.78748608,0 106.66370392,10.78743172,0 106.66313171,10.78773594,0 106.66255188,10.78804111,0 106.66197968,10.78834534,0 106.66140747,10.78864956,0 106.66145325,10.78869247,0 106.66145325,10.78869247,0 106.66145325,10.78869247,0 106.66145325,10.78869247,0 106.66143036,10.78864956,0 106.66053772,10.78911304,0 106.65964508,10.78957653,0 106.65969086,10.78962994,0 106.65969086,10.78962994,0 106.65969086,10.78962994,0 106.65969086,10.78962994,0 106.65966034,10.78957653,0 106.65879059,10.79003429,0 106.65792847,10.7904911,0 106.65705872,10.79094887,0 106.65618896,10.79140568,0 106.65621948,10.79144764,0 106.65621948,10.79144764,0 106.65621948,10.79144764,0 106.65621948,10.79144764,0 106.65619659,10.79139996,0 106.654953,10.79208279,0 106.65370941,10.79276466,0 106.65355682,10.79301834,0 106.65431976,10.79390335,0 106.655159,10.7947731,0 106.65519714,10.7947197,0 106.65519714,10.7947197,0 106.65514374,10.79476738,0 106.65575409,10.79538918,0 106.65522766,10.79596329,0 106.65465546,10.79650116,0 106.65409851,10.79598427,0 106.65406799,10.79603195,0 106.65406799,10.79603195,0 106.65410614,10.79598999,0 106.65316772,10.79510975,0 106.65221405,10.79421902,0 106.65218353,10.79425621,0 106.65218353,10.79425621,0 106.65218353,10.79425621,0 106.65222931,10.79422474,0 106.65180206,10.79379272,0 106.65115356,10.79415131,0 106.65119171,10.79418182,0 106.65119171,10.79418182,0 106.65119171,10.79418182,0 106.65119171,10.79418182,0 106.65116119,10.79413986,0 106.64953613,10.79500484,0 106.64957428,10.79506779,0 106.64957428,10.79506779,0 106.64957428,10.79506779,0 106.64957428,10.79506779,0 106.64953613,10.79500484,0 106.64862061,10.79549217,0 106.64769745,10.7959795,0 106.64774323,10.79605293,0 106.64774323,10.79605293,0 106.64774323,10.79605293,0 106.64774323,10.79605293,0 106.64769745,10.79599476,0 106.64687347,10.79642963,0 106.64605713,10.79686451,0 106.64523315,10.79729939,0 106.64440918,10.79773426,0 106.64445496,10.79779243,0 106.64445496,10.79779243,0 106.64445496,10.79779243,0 106.64445496,10.79779243,0 106.64445496,10.79779243,0 106.64441681,10.79774475,0 106.64356232,10.79820442,0 106.64271545,10.79866409,0 106.64186096,10.79912376,0 106.64100647,10.79958344,0 106.64103699,10.79964161,0 106.64103699,10.79964161,0 106.64103699,10.79964161,0 106.64103699,10.79964161,0 106.64103699,10.79964161,0 106.64100647,10.79958916,0 106.64019775,10.80001545,0 106.63939667,10.8004427,0 106.63859558,10.80086899,0 106.63779449,10.80129623,0 106.63782501,10.8013649,0 106.63782501,10.8013649,0 106.63782501,10.8013649,0 106.63782501,10.8013649,0 106.63778687,10.80128002,0 106.63672638,10.8018446,0 106.63645172,10.80234146,0 106.6361084,10.80288029,0 106.63582611,10.80379581,0 106.63554382,10.80471039,0 106.63562775,10.80473232,0 106.63562775,10.80473232,0 106.63562775,10.80473232,0 106.63555145,10.80471611,0 106.6353302,10.80545139,0 106.63510895,10.80618572,0 106.63518524,10.80620193,0 106.63518524,10.80620193,0 106.63511658,10.80618095,0 106.6349411,10.80672932,0 106.63486481,10.80726147,0 106.63486481,10.80756664,0 106.63455963,10.80828857,0 106.63463593,10.80831432,0 106.63463593,10.80831432,0 106.63463593,10.80831432,0 106.63453674,10.80828857,0 106.63423157,10.80925274,0 106.63395691,10.81023788,0 106.63365173,10.81122112,0 106.63334656,10.81220436,0 106.63334656,10.81220436,0 106.63334656,10.81220436,0 106.63334656,10.81220436,0 106.63284302,10.81374741,0 106.63240051,10.81526852,0 106.63193512,10.81680012,0 106.6314621,10.81833172,0 106.6314621,10.81833172,0 106.6314621,10.81833172,0 106.6314621,10.81833172,0 106.63121033,10.81916523,0 106.63095856,10.81999969,0 106.63070679,10.82083321,0 106.63045502,10.82166672,0 106.6301651,10.82242012,0 106.63025665,10.82245159,0 106.63025665,10.82245159,0 106.63025665,10.82245159,0 106.63025665,10.82245159,0 106.63014984,10.82243061,0 106.62980652,10.82309532,0 106.6292572,10.82365322,0 106.62804413,10.82470703,0 106.62689209,10.82580853,0 106.62576294,10.82689381,0 106.6258316,10.82695675,0 106.6258316,10.82695675,0 106.6258316,10.82695675,0 106.62575531,10.82691002,0 106.62539673,10.82731533,0 106.62508392,10.82772064,0 106.62480164,10.82815266,0 106.62451935,10.82858467,0 106.62459564,10.82862663,0 106.62459564,10.82862663,0 106.62448883,10.8285799,0 106.62399292,10.82936001,0 106.62349701,10.83013916,0 106.6230011,10.83090878,0 106.62250519,10.83167839,0 106.62201691,10.83244228,0 106.621521,10.83320618,0 106.62102509,10.83397007,0 106.62052917,10.83473396,0 106.6206131,10.83478069,0 106.6206131,10.83478069,0 106.62052155,10.83473873,0 106.61995697,10.83561897,0 106.61940002,10.83649921,0 106.61885071,10.83733177,0 106.61830139,10.8381691,0 106.61840057,10.83822155,0 106.61840057,10.83822155,0 106.61840057,10.83822155,0 106.61828613,10.8381424,0 106.6179657,10.83863163,0 106.61765289,10.83911991,0 106.61734009,10.83960915,0 106.61701965,10.84009743,0 106.61670685,10.84059238,0 106.61639404,10.84108829,0 106.61608887,10.84158611,0 106.61577606,10.84208393,0 106.61547089,10.84256554,0 106.61516571,10.8430481,0 106.61483765,10.84353256,0 106.61450958,10.84401703,0 106.61421204,10.84451294,0 106.61390686,10.8450079,0 106.61360931,10.84550285,0 106.61330414,10.84599876,0 106.61335754,10.846035,0 106.61335754,10.846035,0 106.61335754,10.846035,0 106.61330414,10.84600925,0 106.61289215,10.84664917,0 106.61248016,10.84728909,0 106.61235046,10.84721565,0 106.61266327,10.84670925,0 106.61296844,10.8462038,0 106.61328125,10.84571934,0 106.61358643,10.84523392,0 106.61352539,10.84518719,0 106.61352539,10.84518719,0 106.61352539,10.84518719,0 106.61402893,10.84436512,0 106.61326599,10.84382725,0 106.6133728,10.8437376,0</coordinates>
        </LineString>
      </Placemark>
      <Placemark>
        <name>B 65 (Lượt về)</name>
        <description><![CDATA[&lt;b&gt;Tuyến:&lt;/b&gt; B 65 - Bến Thành - Cách Mạng Tháng Tám - Bến xe An Sương&lt;br/&gt;&lt;b&gt;Hành trình:&lt;/b&gt; Bến xe An Sương → Bến xe buýt Sài Gòn&lt;br/&gt;&lt;b&gt;Lượt:&lt;/b&gt; Lượt về&lt;br/&gt;&lt;b&gt;Cự ly:&lt;/b&gt; 13.85 km (Định mức: 16 km)&lt;br/&gt;&lt;b&gt;Giờ hoạt động:&lt;/b&gt; 4:45 - 20:45&lt;br/&gt;&lt;b&gt;Thời gian chạy:&lt;/b&gt; 70 phút]]></description>
        <styleUrl>#style_route_14</styleUrl>
        <LineString>
          <tessellate>1</tessellate>
          <coordinates>106.6133728,10.8437376,0 106.61418152,10.84418106,0 106.61500549,10.84297943,0 106.61504364,10.84253693,0 106.61533356,10.8422842,0 106.61598206,10.84128857,0 106.61662292,10.84029198,0 106.61704254,10.83962631,0 106.61746216,10.83895969,0 106.61734772,10.83889103,0 106.61734772,10.83889103,0 106.61734772,10.83889103,0 106.61734772,10.83889103,0 106.61746216,10.83895397,0 106.61816406,10.83785248,0 106.6188736,10.83675194,0 106.61959076,10.83565044,0 106.62030792,10.83454895,0 106.62020874,10.83449745,0 106.62020874,10.83449745,0 106.62030029,10.83453846,0 106.62109375,10.83330059,0 106.62188721,10.83206749,0 106.62179565,10.83201981,0 106.62179565,10.83201981,0 106.62179565,10.83201981,0 106.62188721,10.83207321,0 106.62268829,10.83086681,0 106.62348175,10.82966518,0 106.62510681,10.82725239,0 106.62549591,10.82677746,0 106.62594604,10.8263092,0 106.62586212,10.82623959,0 106.62586212,10.82623959,0 106.62586212,10.82623959,0 106.62586212,10.82623959,0 106.62593842,10.8263092,0 106.62645721,10.82582378,0 106.62697601,10.82535553,0 106.62749481,10.8248806,0 106.62801361,10.82440662,0 106.62871552,10.82374573,0 106.62941742,10.82308388,0 106.62971497,10.82274723,0 106.62992096,10.82235718,0 106.62982178,10.82231522,0 106.62982178,10.82231522,0 106.62982178,10.82231522,0 106.62982178,10.82231522,0 106.62982178,10.82231522,0 106.62991333,10.82234097,0 106.63014984,10.82170868,0 106.63034821,10.82108212,0 106.63059235,10.82026005,0 106.63083649,10.8194437,0 106.63061523,10.81938553,0 106.63061523,10.81938553,0 106.63061523,10.81938553,0 106.63061523,10.81938553,0 106.63083649,10.8194437,0 106.63103485,10.81881905,0 106.63123322,10.81819439,0 106.63143158,10.81757069,0 106.63162994,10.81694603,0 106.63181305,10.81632328,0 106.63200378,10.81570053,0 106.63218689,10.81507778,0 106.63237762,10.81445503,0 106.63237762,10.81445503,0 106.63237762,10.81445503,0 106.63259888,10.81373405,0 106.63282013,10.81301308,0 106.63304138,10.8122921,0 106.633255,10.81157112,0 106.63346863,10.81084919,0 106.63368988,10.81012726,0 106.63394165,10.80940533,0 106.63414001,10.8087101,0 106.63401794,10.80868912,0 106.63401794,10.80868912,0 106.63401794,10.80868912,0 106.63414001,10.80871582,0 106.63453674,10.80748463,0 106.63493346999999,10.80625439,0 106.63477325,10.80621243,0 106.63477325,10.80621243,0 106.63495636,10.80626011,0 106.63519287,10.80554581,0 106.63542938,10.8048315,0 106.63526917,10.80480003,0 106.63526917,10.80480003,0 106.63526917,10.80480003,0 106.63526917,10.80480003,0 106.63540649,10.80484295,0 106.63565826,10.80397797,0 106.63605499,10.80287743,0 106.63665009,10.8018074,0 106.6375351,10.80132294,0 106.63751984,10.80127525,0 106.63751984,10.80127525,0 106.63751984,10.80127525,0 106.63751984,10.80127525,0 106.63751984,10.80127525,0 106.63762665,10.80129623,0 106.63925171,10.80043316,0 106.64086914,10.79957008,0 106.6415863,10.79918957,0 106.64155579,10.79911518,0 106.64155579,10.79911518,0 106.64157104,10.79916191,0 106.64429474,10.79771805,0 106.64426422,10.7976656,0 106.64426422,10.7976656,0 106.64426422,10.7976656,0 106.64430237,10.79772377,0 106.64528656,10.79719925,0 106.64626312,10.79667473,0 106.64621735,10.79660606,0 106.64621735,10.79660606,0 106.64621735,10.79660606,0 106.64621735,10.79660606,0 106.64621735,10.79660606,0 106.64624786,10.79669094,0 106.64778137,10.79586887,0 106.64931488,10.79504681,0 106.64926147,10.79497814,0 106.64926147,10.79497814,0 106.64926147,10.79497814,0 106.64926147,10.79497814,0 106.64926147,10.79497814,0 106.64932251,10.79504681,0 106.65037537,10.79448318,0 106.65142059,10.79391861,0 106.65136719,10.79385567,0 106.65136719,10.79385567,0 106.65136719,10.79385567,0 106.65136719,10.79385567,0 106.65136719,10.79385567,0 106.65136719,10.79385567,0 106.65143585,10.79390335,0 106.65278625,10.79318428,0 106.65413666,10.79246426,0 106.65412903,10.79239082,0 106.65412903,10.79239082,0 106.65412903,10.79239082,0 106.65412903,10.79239082,0 106.65412903,10.79239082,0 106.65419006,10.79243279,0 106.65589142,10.79154205,0 106.65588379,10.7914629,0 106.65588379,10.7914629,0 106.65588379,10.7914629,0 106.65588379,10.7914629,0 106.65588379,10.7914629,0 106.65593719,10.7915163,0 106.65720367,10.7908392,0 106.65847778,10.79016209,0 106.65846252,10.7901144,0 106.65846252,10.7901144,0 106.65846252,10.7901144,0 106.65846252,10.7901144,0 106.65849304,10.79016209,0 106.65955353,10.78959274,0 106.66062164,10.7890234,0 106.66170502,10.78845692,0 106.66278839,10.78789043,0 106.66274261,10.78785038,0 106.66274261,10.78785038,0 106.66277313,10.78788567,0 106.66425323,10.78708935,0 106.6657486,10.78629875,0 106.6672287,10.78550911,0 106.66871643,10.78471851,0 106.66868591,10.78467083,0 106.66868591,10.78467083,0 106.66868591,10.78467083,0 106.66874695,10.78472328,0 106.66973877,10.78419209,0 106.67073059,10.78366184,0 106.67173004,10.78313065,0 106.67272186,10.78259945,0 106.67269897,10.7825346,0 106.67269897,10.7825346,0 106.67269897,10.7825346,0 106.67269897,10.7825346,0 106.67269897,10.7825346,0 106.67269897,10.7825346,0 106.67273712,10.7825737,0 106.67389679,10.7819519,0 106.67505646,10.78133011,0 106.67506409,10.78124046,0 106.67506409,10.78124046,0 106.67506409,10.78124046,0 106.67506409,10.78124046,0 106.67510223,10.78128242,0 106.67584229,10.78090286,0 106.67657471,10.7805233,0 106.67657471,10.78043461,0 106.67657471,10.78043461,0 106.67657471,10.78043461,0 106.67657471,10.78043461,0 106.67657471,10.78043461,0 106.67657471,10.78043461,0 106.67657471,10.78043461,0 106.67660522,10.78049755,0 106.67762756,10.77995014,0 106.67865753,10.77940178,0 106.6796875,10.77885342,0 106.68070984,10.77830505,0 106.68070221,10.77820492,0 106.68070221,10.77820492,0 106.68070221,10.77820492,0 106.68070221,10.77820492,0 106.68074036,10.77826786,0 106.68136597,10.7779417,0 106.68145752,10.77763557,0 106.68171692,10.77750969,0 106.68197632,10.77767754,0 106.68251801,10.77733517,0 106.68245697,10.77721882,0 106.68245697,10.77721882,0 106.68253326,10.77734089,0 106.68439484,10.77630234,0 106.68434143,10.7762022,0 106.68434143,10.7762022,0 106.68439484,10.77629185,0 106.68595886,10.77545929,0 106.68682098,10.77501011,0 106.68724823,10.77476883,0 106.68720245,10.77468967,0 106.68720245,10.77468967,0 106.68720245,10.77468967,0 106.68727112,10.77478027,0 106.68940735,10.77361012,0 106.69154358,10.77243996,0 106.6914978,10.77234459,0 106.6914978,10.77234459,0 106.6914978,10.77234459,0 106.6914978,10.77234459,0 106.69152832,10.77241325,0 106.69313049,10.77151775,0 106.69306946,10.7714386,0 106.6930542,10.77134895,0 106.6930542,10.7712698,0 106.69306946,10.77118587,0 106.69271851,10.77093792,0 106.69268036,10.77097034,0 106.69268036,10.77097034,0 106.69268036,10.77097034,0 106.69268036,10.77097034,0 106.69268036,10.77097034,0 106.69268036,10.77097034,0 106.69271851,10.77094269,0 106.69176483,10.77028179,0 106.69081116,10.76961994,0 106.69078827,10.76964569,0 106.69078827,10.76964569,0 106.69078827,10.76964569,0 106.69078827,10.76964569,0 106.69078827,10.76964569,0 106.69078827,10.76964569,0 106.69078827,10.76964569,0 106.69078827,10.76964569,0 106.69080353,10.76962566,0 106.69022369,10.7692194,0 106.68967438,10.76875591,0 106.68994141,10.76844501,0 106.68914795,10.76812935,0 106.68936157,10.76767635,0 106.68936157,10.76767635,0 106.68936157,10.76767635,0 106.68936157,10.76767635,0</coordinates>
        </LineString>
      </Placemark>
    </Folder>
    <Folder>
      <name>TUYẾN B 70-1: Bến xe Củ Chi - Bến xe Tây Ninh</name>
      <Placemark>
        <name>B 70-1 (Lượt đi)</name>
        <description><![CDATA[&lt;b&gt;Tuyến:&lt;/b&gt; B 70-1 -  Bến xe Củ Chi - Bến xe Tây Ninh&lt;br/&gt;&lt;b&gt;Hành trình:&lt;/b&gt; Bến xe Củ Chi → Bến xe Tây Ninh&lt;br/&gt;&lt;b&gt;Lượt:&lt;/b&gt; Lượt đi&lt;br/&gt;&lt;b&gt;Cự ly:&lt;/b&gt; 67.11 km (Định mức: 66 km)&lt;br/&gt;&lt;b&gt;Giờ hoạt động:&lt;/b&gt; 3:00 - 19:00&lt;br/&gt;&lt;b&gt;Thời gian chạy:&lt;/b&gt; 115 phút]]></description>
        <styleUrl>#style_route_15</styleUrl>
        <LineString>
          <tessellate>1</tessellate>
          <coordinates>106.48210144,10.97161674,0 106.48210144,10.97161674,0 106.48210144,10.97161674,0 106.48210144,10.97161674,0 106.48187256,10.97175407,0 106.4832077,10.97370815,0 106.48303986,10.97380257,0 106.48154449,10.97150612,0 106.48094177,10.97202015,0 106.48064423,10.97227573,0 106.48030853,10.9724865,0 106.48034668,10.97253323,0 106.48034668,10.97253323,0 106.48034668,10.97253323,0 106.48034668,10.97253323,0 106.48034668,10.97253323,0 106.48031616,10.97248077,0 106.47977448,10.97278118,0 106.47917938,10.97306538,0 106.47802734,10.97359753,0 106.47686768,10.97415066,0 106.47570801,10.97469234,0 106.47573853,10.97475624,0 106.47573853,10.97475624,0 106.47572327,10.97468758,0 106.47505951,10.97502708,0 106.47438812,10.97536659,0 106.47373962,10.97572708,0 106.47309875,10.97608852,0 106.47312927,10.97613335,0 106.47312927,10.97613335,0 106.47310638,10.9760828,0 106.47216797,10.97659397,0 106.47125244,10.97710991,0 106.47033691,10.9776001,0 106.46942139,10.97811604,0 106.4694519,10.97817898,0 106.4694519,10.97817898,0 106.4694519,10.97817898,0 106.46940613,10.97810555,0 106.46873474,10.97847557,0 106.46807098,10.9788456,0 106.4673996,10.97921467,0 106.46672821,10.97958469,0 106.4661026,10.97994137,0 106.46547699,10.980299,0 106.46485901,10.98065567,0 106.4642334,10.98101711,0 106.46430206,10.98113346,0 106.46430206,10.98113346,0 106.46430206,10.98113346,0 106.46430206,10.98113346,0 106.46421814,10.98101234,0 106.46342468,10.98147869,0 106.46263885,10.98194408,0 106.46189117,10.98244476,0 106.46114349,10.98294449,0 106.46123505,10.98305035,0 106.46123505,10.98305035,0 106.46123505,10.98305035,0 106.46116638,10.98295498,0 106.46046448,10.98340797,0 106.4597702,10.98386097,0 106.45907593,10.9843111,0 106.45837402,10.98476124,0 106.4584198,10.98480892,0 106.4584198,10.98480892,0 106.45839691,10.98475075,0 106.45732117,10.98546505,0 106.45624542,10.9861784,0 106.45517731,10.9868679,0 106.45411682,10.98755836,0 106.45295715,10.98830032,0 106.45191193,10.9890852,0 106.45101929,10.99002743,0 106.4502182,10.99092293,0 106.45037842,10.99103546,0 106.45037842,10.99103546,0 106.45022583,10.99089146,0 106.44994354,10.99120426,0 106.44965363,10.99151707,0 106.44937134,10.99182987,0 106.44908142,10.99214172,0 106.44879913,10.99245453,0 106.44850922,10.99276733,0 106.44822693,10.99308014,0 106.44793701,10.99339294,0 106.44799042,10.99342442,0 106.44799042,10.99342442,0 106.44792938,10.99337673,0 106.44755554,10.99379253,0 106.4471817,10.99420929,0 106.44680786,10.99462509,0 106.44643402,10.99504089,0 106.44606018,10.9954567,0 106.44569397,10.99587345,0 106.44532013,10.99628925,0 106.44494629,10.99670506,0 106.44506073,10.99678898,0 106.44506073,10.99678898,0 106.44494629,10.99669933,0 106.44412994,10.99761105,0 106.44329071,10.9985323,0 106.44238281,10.99943256,0 106.44187164,10.99982262,0 106.44133759,11.00016499,0 106.43898773,11.0014286,0 106.43782043,11.00205517,0 106.43666077,11.00268173,0 106.43667603,11.00271893,0 106.43667603,11.00271893,0 106.43666077,11.00266647,0 106.4355545,11.00326061,0 106.4344635,11.00375557,0 106.43319702,11.00415325,0 106.4319458,11.00456142,0 106.43196869,11.00463009,0 106.43196869,11.00463009,0 106.43196869,11.00463009,0 106.43196869,11.00463009,0 106.4319458,11.00455666,0 106.43119812,11.00477505,0 106.43045807,11.00499344,0 106.42972565,11.00524902,0 106.42899323,11.00550461,0 106.42814636,11.00576687,0 106.42814636,11.00576687,0 106.42814636,11.00576687,0 106.42814636,11.00576687,0 106.4187851,11.00885296,0 106.41801453,11.00918007,0 106.41703796,11.00979042,0 106.41625977,11.01052761,0 106.41454315,11.01203346,0 106.41300201,11.01336098,0 106.40552521,11.01692009,0 106.39746857,11.02068996,0 106.38716888,11.02544022,0 106.37459564,11.02846241,0 106.36972809,11.03079987,0 106.36493683,11.03291607,0 106.36190796,11.03166294,0 106.35946655,11.03071594,0 106.35858154,11.03045273,0 106.35774231,11.03049469,0 106.35722351,11.03081036,0 106.35562897,11.03213692,0 106.35125732,11.03592873,0 106.3422699,11.04412079,0 106.33177948,11.05334473,0 106.32969666,11.05517769,0 106.32666016,11.05729389,0 106.32583618,11.05788326,0 106.32492065,11.05831528,0 106.31804657,11.06083202,0 106.3042984,11.06589603,0 106.29747772,11.06833935,0 106.28971863,11.07115078,0 106.27729797,11.07563591,0 106.27616119,11.0763092,0 106.27407837,11.07774162,0 106.27085876,11.07984734,0 106.2669754,11.08251095,0 106.26586914,11.08295345,0 106.26560211,11.08441734,0 106.26248932,11.10029411,0 106.26219177,11.10196781,0 106.26134491,11.10424137,0 106.25950623,11.10835838,0 106.25765991,11.11188507,0 106.2565155,11.11454868,0 106.25511932,11.11767483,0 106.24819946,11.13240242,0 106.24460602,11.14002419,0 106.24228668,11.14487648,0 106.24043274,11.14936161,0 106.23924255,11.15212917,0 106.23737335,11.15563488,0 106.23197937,11.15924549,0 106.22577667,11.16319275,0 106.22399902,11.16431904,0 106.22270966,11.16482353,0 106.21933746,11.16552925,0 106.21636963,11.16641331,0 106.21016693,11.16966534,0 106.20396423,11.17301273,0 106.19187164,11.17958069,0 106.18304443,11.18450642,0 106.18245697,11.18468571,0 106.1811676,11.18484306,0 106.17131805,11.18420124,0 106.16696167,11.18392754,0 106.16345215,11.18390656,0 106.16143799,11.18440151,0 106.1594162,11.18499088,0 106.15249634,11.18947411,0 106.15207672,11.18990612,0 106.15182495,11.19043159,0 106.1517334,11.19095802,0 106.15161133,11.19320011,0 106.15126801,11.19489479,0 106.14936829,11.1991148,0 106.1492691,11.20000935,0 106.14964294,11.20492458,0 106.15032959,11.21062851,0 106.15116882,11.21811104,0 106.15112305,11.21920586,0 106.15074921,11.21983719,0 106.14996338,11.22046852,0 106.14797211,11.22119427,0 106.14738464,11.22148895,0 106.14654541,11.22269917,0 106.14544678,11.22479343,0 106.14361572,11.22809792,0 106.1413269,11.23132896,0 106.14039612,11.23295975,0 106.13961029,11.23447514,0 106.13905334,11.23579025,0 106.13860321,11.23732662,0 106.13804626,11.23883152,0 106.13742828,11.23976803,0 106.13674164,11.2406311,0 106.13319397,11.24309349,0 106.13280487,11.24817085,0 106.13232422,11.25332737,0 106.13148499,11.26356506,0 106.13106537,11.2686739,0 106.13058472,11.27378178,0 106.13010406,11.27948475,0 106.12992859,11.28224182,0 106.13041687,11.28228378,0 106.13056183,11.28235245,0 106.13065338,11.28249359,0 106.13056183,11.28389835,0 106.13040924,11.28404045,0 106.12975311,11.28402519,0 106.12954712,11.28625584,0 106.12947083,11.28646088,0 106.12955475,11.28695011,0 106.1293869,11.28741264,0 106.12934875,11.28792572,0 106.12923431,11.28939056,0 106.12900543,11.29207897,0 106.12876129,11.29476166,0 106.12783051,11.29493523,0 106.12715912,11.29508781,0 106.12718964,11.29577732,0 106.12820435,11.29921532,0 106.12924957,11.30334187,0 106.12930298,11.30539322,0 106.12586975,11.3064661,0 106.12241364,11.30722332,0 106.11501312,11.30871773,0 106.11277008,11.30890751,0 106.11035919,11.30866528,0 106.10794067,11.30861282,0 106.10378265,11.31055832,0 106.09700775,11.31362057,0 106.09677887,11.31389904,0 106.09648132,11.31379414,0 106.0966568,11.3128624,0 106.09697723,11.31192112,0 106.09747314,11.31039047,0 106.09814453,11.30826569,0 106.09824371,11.30774975,0 106.0982132,11.30720234,0 106.09802246,11.30708694,0 106.09796143,11.30695057,0 106.09796906,11.30677128,0 106.09767151,11.30645561,0 106.09732819,11.30626106,0 106.09708405,11.3061924,0 106.09680939,11.30619812,0 106.09481049,11.30643463,0 106.09259796,11.306777,0 106.09214783,11.3069191,0 106.09172821,11.30710316,0 106.08960724,11.30851746,0 106.08773804,11.30975914,0 106.08783722,11.30993843,0 106.08783722,11.30993843,0 106.08783722,11.30993843,0</coordinates>
        </LineString>
      </Placemark>
      <Placemark>
        <name>B 70-1 (Lượt về)</name>
        <description><![CDATA[&lt;b&gt;Tuyến:&lt;/b&gt; B 70-1 -  Bến xe Củ Chi - Bến xe Tây Ninh&lt;br/&gt;&lt;b&gt;Hành trình:&lt;/b&gt; Bến xe Tây Ninh → Bến xe Củ Chi&lt;br/&gt;&lt;b&gt;Lượt:&lt;/b&gt; Lượt về&lt;br/&gt;&lt;b&gt;Cự ly:&lt;/b&gt; 67.85 km (Định mức: 66 km)&lt;br/&gt;&lt;b&gt;Giờ hoạt động:&lt;/b&gt; 3:00 - 19:00&lt;br/&gt;&lt;b&gt;Thời gian chạy:&lt;/b&gt; 115 phút]]></description>
        <styleUrl>#style_route_15</styleUrl>
        <LineString>
          <tessellate>1</tessellate>
          <coordinates>106.08783722,11.30993843,0 106.087677,11.30966473,0 106.0916214,11.30703449,0 106.09218597,11.30678177,0 106.09257507,11.30667114,0 106.09675598,11.30608273,0 106.09725952,11.30613518,0 106.09758759,11.30628777,0 106.09806061,11.30669785,0 106.09825897,11.30671883,0 106.09838104,11.30680275,0 106.09844971,11.30696106,0 106.09830475,11.30718708,0 106.09832764,11.30778122,0 106.09822845,11.3083334,0 106.09765625,11.31010628,0 106.09705353,11.31195259,0 106.09707642,11.3121109,0 106.09677887,11.31301498,0 106.09680176,11.31339931,0 106.09689331,11.31348324,0 106.10208893,11.31111145,0 106.1076355,11.30857563,0 106.10801697,11.30842304,0 106.11074829,11.30852795,0 106.11260986,11.30869102,0 106.11506653,11.3085022,0 106.12271881,11.30694485,0 106.12573242,11.30629253,0 106.12916565,11.30518246,0 106.12909698,11.30339432,0 106.12765503,11.29784489,0 106.1271286,11.29581356,0 106.12708282,11.29503059,0 106.12870026,11.29469872,0 106.1292038,11.28842258,0 106.12931061,11.28738117,0 106.12918854,11.28692341,0 106.12939453,11.28641891,0 106.12935638,11.28625011,0 106.12954712,11.28403568,0 106.12889862,11.28394032,0 106.1288147,11.28373528,0 106.12891388,11.28234196,0 106.1290741,11.28221035,0 106.1297226,11.28224182,0 106.12995148,11.27947426,0 106.13084412,11.2698946,0 106.13130951,11.26436996,0 106.13170624,11.25926685,0 106.13252258,11.25035477,0 106.13304901,11.24304104,0 106.13667297,11.24055767,0 106.1372757,11.23973656,0 106.13790894,11.23881054,0 106.13817596,11.23820019,0 106.13899994,11.23555946,0 106.13944244,11.23449612,0 106.14093018,11.23178101,0 106.14308929,11.2286768,0 106.14461517,11.22600365,0 106.14612579,11.22319412,0 106.14696503,11.22175217,0 106.14746857,11.22125816,0 106.14826965,11.22092056,0 106.15016937,11.22024727,0 106.1506958,11.21975327,0 106.15093994,11.21936321,0 106.15106964,11.21882153,0 106.15106964,11.21799564,0 106.15065002,11.2143116,0 106.150383,11.21184921,0 106.15003967,11.20905018,0 106.14953613,11.20503998,0 106.14939117,11.203125,0 106.14916229,11.1999836,0 106.14930725,11.19904613,0 106.15034485,11.19673634,0 106.15114594,11.19487858,0 106.15146637,11.19358444,0 106.15153503,11.19281578,0 106.15161133,11.19091606,0 106.15171051,11.19046402,0 106.15194702,11.18992138,0 106.15253448,11.18930054,0 106.15937805,11.18488503,0 106.16036987,11.18455887,0 106.16234589,11.18399048,0 106.16339111,11.18381214,0 106.16711426,11.18381214,0 106.17266846,11.18414879,0 106.18128204,11.18474865,0 106.18236542,11.18459034,0 106.18312836,11.18433762,0 106.1882019,11.18149662,0 106.19562531,11.17738056,0 106.21430969,11.16734982,0 106.21637726,11.1663084,0 106.21929932,11.16545582,0 106.22278595,11.16472435,0 106.22389221,11.16423416,0 106.22805786,11.16162682,0 106.23069763,11.15998745,0 106.23432922,11.15757656,0 106.23731232,11.15555096,0 106.23916626,11.15204525,0 106.24169159,11.14607143,0 106.24463654,11.13968754,0 106.24884033,11.13062859,0 106.25104523,11.12589169,0 106.25228882,11.12319183,0 106.25370026,11.12026501,0 106.25733185,11.11218452,0 106.2596817,11.107584,0 106.26029968,11.10631084,0 106.26139832,11.10359383,0 106.2620163,11.10176754,0 106.26364899,11.09357643,0 106.26462555,11.08843327,0 106.26527405,11.0849905,0 106.26580811,11.08256912,0 106.26686859,11.08231068,0 106.2765274,11.07578278,0 106.28884125,11.0712347,0 106.30922699,11.06388569,0 106.31815338,11.06049442,0 106.32527924,11.05794621,0 106.32686615,11.05689335,0 106.32933044,11.05520916,0 106.33360291,11.05156517,0 106.34020996,11.04571056,0 106.34542084,11.04099846,0 106.35134888,11.03553867,0 106.35440826,11.032938,0 106.35701752,11.03069496,0 106.35778046,11.03032589,0 106.35858154,11.03026772,0 106.35929108,11.03041553,0 106.361763,11.03142166,0 106.36439514,11.03250599,0 106.36523438,11.03258991,0 106.36780548,11.03147411,0 106.37234497,11.02926254,0 106.37411499,11.02845192,0 106.37775421,11.0274725,0 106.38658142,11.02541828,0 106.38761139,11.02502918,0 106.39006042,11.02389145,0 106.4092865,11.01494026,0 106.41175842,11.01380253,0 106.41282654,11.01321888,0 106.41699982,11.00960636,0 106.41773987,11.00910568,0 106.41873932,11.0086422,0 106.42245483,11.00744247,0 106.42802429,11.00567245,0 106.42807007,11.0055666,0 106.42809296,11.00564671,0 106.43164825,11.0045042,0 106.43164825,11.0045042,0 106.43165588,11.00456142,0 106.43273163,11.00420856,0 106.43382263,11.00384045,0 106.43483734,11.00349808,0 106.43578339,11.00303459,0 106.43575287,11.00296593,0 106.43575287,11.00296593,0 106.43580627,11.0030241,0 106.43778229,11.00198174,0 106.43877411,11.00144196,0 106.43976593,11.00090218,0 106.44074249,11.0003624,0 106.44171143,10.99982262,0 106.44216156,10.99950123,0 106.44258118,10.99915886,0 106.44329071,10.99839497,0 106.4432373,10.99835873,0 106.4432373,10.99835873,0 106.44329834,10.9983902,0 106.44368744,10.99795341,0 106.44407654,10.99751568,0 106.44448853,10.99707413,0 106.44487,10.99661732,0 106.44487,10.99661732,0 106.44487,10.99661732,0 106.44487,10.99661732,0 106.44491577,10.99664211,0 106.44532776,10.99616814,0 106.44578552,10.99568844,0 106.44620514,10.99521255,0 106.44663239,10.99473572,0 106.44706726,10.99425697,0 106.44750214,10.99377728,0 106.44792175,10.99328899,0 106.44833374,10.99279976,0 106.44833374,10.99279976,0 106.44836426,10.99269772,0 106.44836426,10.99269772,0 106.44833374,10.99279976,0 106.44871521,10.99242496,0 106.44909668,10.99205017,0 106.44947815,10.99163151,0 106.44985199,10.99121284,0 106.45023346,10.99079418,0 106.4506073,10.99037552,0 106.45126343,10.9895668,0 106.45126343,10.9895668,0 106.45126343,10.9895668,0 106.45173645,10.98910618,0 106.45226288,10.98869038,0 106.45340729,10.98792171,0 106.45458984,10.9871521,0 106.45570374,10.9864254,0 106.45565796,10.98633575,0 106.45565796,10.98633575,0 106.45571899,10.98639965,0 106.45700073,10.98556232,0 106.45827484,10.98471451,0 106.45823669,10.98466206,0 106.45823669,10.98466206,0 106.45826721,10.98470879,0 106.45897675,10.98425579,0 106.45967865,10.9838028,0 106.46038055,10.98334503,0 106.46108246,10.98288727,0 106.46103668,10.98285484,0 106.46101379,10.98288345,0 106.46101379,10.98288345,0 106.46105194,10.98292923,0 106.46173096,10.98248196,0 106.46240997,10.98203373,0 106.46311188,10.98159981,0 106.46380615,10.98116493,0 106.46374512,10.98104858,0 106.46374512,10.98104858,0 106.46374512,10.98104858,0 106.46374512,10.98104858,0 106.46379852,10.98114395,0 106.46451569,10.98073292,0 106.46524048,10.98031712,0 106.4659729,10.97991467,0 106.46670532,10.97951126,0 106.46744537,10.97910309,0 106.46818542,10.97869492,0 106.46892548,10.97828674,0 106.46966553,10.97787857,0 106.46963501,10.97778416,0 106.46963501,10.97778416,0 106.46963501,10.97778416,0 106.46963501,10.97778416,0 106.46966553,10.97787857,0 106.47042084,10.97744942,0 106.47117615,10.97702026,0 106.47195435,10.97659683,0 106.47274017,10.97617245,0 106.47271729,10.97610855,0 106.47271729,10.97610855,0 106.47271729,10.97610855,0 106.47271729,10.97610855,0 106.47273254,10.97614956,0 106.47273254,10.97614956,0 106.47333527,10.97581673,0 106.47393799,10.97548294,0 106.47455597,10.97516727,0 106.47518158,10.97485065,0 106.47574615,10.97456169,0 106.47631073,10.97427177,0 106.47689056,10.97400284,0 106.4774704,10.97373295,0 106.4774704,10.97373295,0 106.47743988,10.97365475,0 106.47743988,10.97365475,0 106.47657776,10.97406101,0 106.47689819,10.97399235,0 106.47734833,10.97375488,0 106.47782135,10.97355556,0 106.47809601,10.97330761,0 106.47809601,10.97330761,0 106.4785614,10.97319698,0 106.47930908,10.97284985,0 106.4799881,10.97250748,0 106.48049164,10.97209072,0 106.48049164,10.97209072,0 106.48049164,10.97209072,0 106.48056793,10.97216511,0 106.48134613,10.97150135,0 106.48191071,10.97102737,0 106.48249054,10.9705534,0 106.48245239,10.97049522,0 106.48245239,10.97049522,0 106.48245239,10.97049522,0 106.48248291,10.97053242,0 106.48420715,10.96936321,0 106.48522949,10.9686842,0 106.48571014,10.96838856,0 106.48602295,10.96812534,0 106.48632813,10.96824646,0 106.48619843,10.96862602,0 106.48579407,10.9686203,0 106.48487091,10.9690733,0 106.48377991,10.96977901,0 106.48271942,10.9705162,0 106.48174286,10.97130108,0 106.48210144,10.97161674,0</coordinates>
        </LineString>
      </Placemark>
    </Folder>
    <Folder>
      <name>TUYẾN B 70-2: Bến xe Củ Chi - Khu du lịch Núi Bà Đen</name>
      <Placemark>
        <name>B 70-2 (Lượt đi)</name>
        <description><![CDATA[&lt;b&gt;Tuyến:&lt;/b&gt; B 70-2 - Bến xe Củ Chi - Tòa Thánh - Khu du lịch Núi Bà Đen&lt;br/&gt;&lt;b&gt;Hành trình:&lt;/b&gt; Bến xe Củ Chi → Khu du lịch Núi Bà Đen&lt;br/&gt;&lt;b&gt;Lượt:&lt;/b&gt; Lượt đi&lt;br/&gt;&lt;b&gt;Cự ly:&lt;/b&gt; 69.71 km (Định mức: 73 km)&lt;br/&gt;&lt;b&gt;Giờ hoạt động:&lt;/b&gt; 2:55 - 19:00&lt;br/&gt;&lt;b&gt;Thời gian chạy:&lt;/b&gt; 105 phút]]></description>
        <styleUrl>#style_route_16</styleUrl>
        <LineString>
          <tessellate>1</tessellate>
          <coordinates>106.48210144,10.97161674,0 106.48210144,10.97161674,0 106.48210144,10.97161674,0 106.48210144,10.97161674,0 106.48187256,10.97175407,0 106.4832077,10.97370815,0 106.48303986,10.97380257,0 106.48154449,10.97150612,0 106.48094177,10.97202015,0 106.48064423,10.97227573,0 106.48030853,10.9724865,0 106.48034668,10.97253323,0 106.48034668,10.97253323,0 106.48034668,10.97253323,0 106.48034668,10.97253323,0 106.48034668,10.97253323,0 106.48031616,10.97248077,0 106.47977448,10.97278118,0 106.47917938,10.97306538,0 106.47802734,10.97359753,0 106.47686768,10.97415066,0 106.47570801,10.97469234,0 106.47573853,10.97475624,0 106.47573853,10.97475624,0 106.47572327,10.97468758,0 106.47505951,10.97502708,0 106.47438812,10.97536659,0 106.47373962,10.97572708,0 106.47309875,10.97608852,0 106.47312927,10.97613335,0 106.47312927,10.97613335,0 106.47310638,10.9760828,0 106.47216797,10.97659397,0 106.47125244,10.97710991,0 106.47033691,10.9776001,0 106.46942139,10.97811604,0 106.4694519,10.97817898,0 106.4694519,10.97817898,0 106.4694519,10.97817898,0 106.46940613,10.97810555,0 106.46873474,10.97847557,0 106.46807098,10.9788456,0 106.4673996,10.97921467,0 106.46672821,10.97958469,0 106.4661026,10.97994137,0 106.46547699,10.980299,0 106.46485901,10.98065567,0 106.4642334,10.98101711,0 106.46430206,10.98113346,0 106.46430206,10.98113346,0 106.46430206,10.98113346,0 106.46430206,10.98113346,0 106.46421814,10.98101234,0 106.46342468,10.98147869,0 106.46263885,10.98194408,0 106.46189117,10.98244476,0 106.46114349,10.98294449,0 106.46123505,10.98305035,0 106.46123505,10.98305035,0 106.46123505,10.98305035,0 106.46116638,10.98295498,0 106.46046448,10.98340797,0 106.4597702,10.98386097,0 106.45907593,10.9843111,0 106.45837402,10.98476124,0 106.4584198,10.98480892,0 106.4584198,10.98480892,0 106.4584198,10.98480892,0 106.45839691,10.98475075,0 106.45732117,10.98546505,0 106.45624542,10.9861784,0 106.45517731,10.9868679,0 106.45411682,10.98755836,0 106.45295715,10.98830032,0 106.45191193,10.9890852,0 106.4513092,10.98966408,0 106.45136261,10.98970699,0 106.45136261,10.98970699,0 106.4513092,10.98967457,0 106.45104218,10.98997879,0 106.45076752,10.99028301,0 106.45050049,10.99058723,0 106.45022583,10.99089146,0 106.44994354,10.99120426,0 106.44965363,10.99151707,0 106.44937134,10.99182987,0 106.44908142,10.99214172,0 106.44879913,10.99245453,0 106.44850922,10.99276733,0 106.44822693,10.99308014,0 106.44793701,10.99339294,0 106.44799042,10.99342442,0 106.44799042,10.99342442,0 106.44799042,10.99342442,0 106.44792938,10.99337673,0 106.44755554,10.99379253,0 106.4471817,10.99420929,0 106.44680786,10.99462509,0 106.44643402,10.99504089,0 106.44606018,10.9954567,0 106.44569397,10.99587345,0 106.44532013,10.99628925,0 106.44494629,10.99670506,0 106.44506073,10.99678898,0 106.44506073,10.99678898,0 106.44494629,10.99669933,0 106.44412994,10.99761105,0 106.44329071,10.9985323,0 106.44238281,10.99943256,0 106.44187164,10.99982262,0 106.44133759,11.00016499,0 106.43898773,11.0014286,0 106.43782043,11.00205517,0 106.43666077,11.00268173,0 106.43667603,11.00271893,0 106.43667603,11.00271893,0 106.43666077,11.00266647,0 106.4355545,11.00326061,0 106.4344635,11.00375557,0 106.43319702,11.00415325,0 106.4319458,11.00456142,0 106.43196869,11.00463009,0 106.43196869,11.00463009,0 106.43196869,11.00463009,0 106.43196869,11.00463009,0 106.4319458,11.00455666,0 106.43119812,11.00477505,0 106.43045807,11.00499344,0 106.42972565,11.00524902,0 106.42899323,11.00550461,0 106.42814636,11.00576687,0 106.42814636,11.00576687,0 106.42814636,11.00576687,0 106.42814636,11.00576687,0 106.42444611,11.00692558,0 106.42073822,11.0080843,0 106.41842651,11.00883198,0 106.41714478,11.00956917,0 106.41582489,11.01074123,0 106.41451263,11.01191235,0 106.41323853,11.01303387,0 106.41194153,11.01387691,0 106.40834808,11.01555157,0 106.40500641,11.01709938,0 106.40166473,11.01864719,0 106.39830017,11.02021122,0 106.39493561,11.02177525,0 106.39157104,11.02333927,0 106.38821411,11.02490234,0 106.38610077,11.02569294,0 106.38066101,11.02693558,0 106.37506104,11.02823067,0 106.37315369,11.02904606,0 106.36899567,11.03107357,0 106.36463165,11.03299046,0 106.3633728,11.03391647,0 106.36210632,11.03547573,0 106.35983276,11.03822422,0 106.35866547,11.03973007,0 106.35762024,11.04122543,0 106.35566711,11.04425812,0 106.35375214,11.04730606,0 106.35183716,11.05035496,0 106.34993744,11.05330944,0 106.34803009,11.05626488,0 106.34613037,11.05921936,0 106.34422302,11.06217384,0 106.3422699,11.06511211,0 106.34030914,11.06804943,0 106.33831787,11.07096863,0 106.3363266,11.07388783,0 106.33579254,11.07472515,0 106.33538055,11.07557774,0 106.33457184,11.07727337,0 106.33377075,11.07896328,0 106.33297729,11.08066368,0 106.33219147,11.08236122,0 106.33140564,11.08405876,0 106.33059692,11.0857563,0 106.32979584,11.0874548,0 106.32813263,11.0909977,0 106.32689667,11.09454536,0 106.3267746,11.09814644,0 106.32666016,11.10175705,0 106.32653046,11.1053791,0 106.32640076,11.10900021,0 106.32624054,11.11263752,0 106.32608032,11.11627483,0 106.32597351,11.11719608,0 106.32559204,11.11808014,0 106.32476044,11.11967564,0 106.32388306,11.12134171,0 106.32301331,11.12300682,0 106.32215118,11.12466431,0 106.32128143,11.12632084,0 106.32041931,11.12797737,0 106.31955719,11.1296339,0 106.31855011,11.13152885,0 106.31754303,11.13342381,0 106.31690979,11.13427639,0 106.31598663,11.13488674,0 106.31482697,11.13545513,0 106.31403351,11.13618183,0 106.31297302,11.13794518,0 106.31192017,11.13970852,0 106.31072998,11.14143467,0 106.30941772,11.14315033,0 106.30899048,11.14406681,0 106.30880737,11.14496613,0 106.30877686,11.14675617,0 106.30875397,11.14851856,0 106.30865479,11.15028763,0 106.30849457,11.15207195,0 106.30833435,11.15385628,0 106.30818176,11.15563965,0 106.30802155,11.15742397,0 106.3080368,11.15796089,0 106.30809784,11.15850353,0 106.30827332,11.15955544,0 106.30848694,11.16060352,0 106.30879974,11.16162968,0 106.30912018,11.16263676,0 106.30944061,11.16364479,0 106.30982971,11.16459751,0 106.31027222,11.165555,0 106.31069946,11.16649246,0 106.3110733,11.16745567,0 106.31143951,11.16842365,0 106.3117981,11.16939163,0 106.31221771,11.17033958,0 106.31263733,11.17128658,0 106.31292725,11.17229176,0 106.31308746,11.17334938,0 106.31323242,11.17427063,0 106.31328583,11.1751709,0 106.31295013,11.17560768,0 106.31255341,11.17602348,0 106.31170654,11.17687607,0 106.31032562,11.17831802,0 106.3089447,11.17975998,0 106.30757141,11.18120193,0 106.30619812,11.18264389,0 106.30344391,11.18554878,0 106.29853821,11.19069481,0 106.29360962,11.19586277,0 106.28374481,11.20622921,0 106.26387024,11.22682953,0 106.24385834,11.24733448,0 106.2338562,11.25758362,0 106.22880554,11.26269722,0 106.22612762,11.26515961,0 106.22348785,11.26764774,0 106.22213745,11.26898956,0 106.2208252,11.27035713,0 106.21819305,11.27308273,0 106.21281433,11.27846432,0 106.20197296,11.28920174,0 106.18015289,11.31062698,0 106.17880249,11.31196594,0 106.17745209,11.3133049,0 106.17605591,11.31474018,0 106.17555237,11.31546116,0 106.17517853,11.31624985,0 106.1735611,11.31934357,0 106.17276764,11.32090569,0 106.17228699,11.32164192,0 106.17195892,11.3222208,0 106.1717453,11.32233047,0 106.17095184,11.3220787,0 106.16944885,11.32142067,0 106.16701508,11.3203373,0 106.16441345,11.31913853,0 106.16191101,11.31789684,0 106.16040802,11.31707096,0 106.15962219,11.31631374,0 106.15876007,11.31529808,0 106.15761566,11.31444645,0 106.15304565,11.31133175,0 106.1512146,11.30991173,0 106.15044403,11.30933285,0 106.14967346,11.30875492,0 106.14881134,11.30832863,0 106.14632416,11.30704975,0 106.14492798,11.30617142,0 106.14438629,11.30594063,0 106.14376068,11.30580902,0 106.14220428,11.30551434,0 106.14064789,11.30522442,0 106.13942719,11.30526733,0 106.13819885,11.30535126,0 106.13538361,11.30547714,0 106.13478851,11.3055191,0 106.13275146,11.30537701,0 106.13245392,11.30773926,0 106.13219452,11.31011677,0 106.13162231,11.31486702,0 106.13103485,11.31961918,0 106.1307373,11.32199574,0 106.13044739,11.32437134,0 106.12986755,11.32912445,0 106.12928772,11.33387661,0 106.12900543,11.3362484,0 106.128685,11.33862591,0 106.12841797,11.3410511,0 106.1280899,11.34347534,0 106.1394043,11.34872437,0 106.15070343,11.35396862,0 106.15293121,11.35493565,0 106.15509796,11.35594559,0 106.15942383,11.35796547,0 106.16377258,11.35996914,0 106.16597748,11.36099434,0 106.1680603,11.36194706,0 106.16799927,11.36207294,0</coordinates>
        </LineString>
      </Placemark>
      <Placemark>
        <name>B 70-2 (Lượt về)</name>
        <description><![CDATA[&lt;b&gt;Tuyến:&lt;/b&gt; B 70-2 - Bến xe Củ Chi - Tòa Thánh - Khu du lịch Núi Bà Đen&lt;br/&gt;&lt;b&gt;Hành trình:&lt;/b&gt; Khu du lịch Núi Bà Đen → Bến xe Củ Chi&lt;br/&gt;&lt;b&gt;Lượt:&lt;/b&gt; Lượt về&lt;br/&gt;&lt;b&gt;Cự ly:&lt;/b&gt; 70.53 km (Định mức: 73 km)&lt;br/&gt;&lt;b&gt;Giờ hoạt động:&lt;/b&gt; 2:55 - 19:00&lt;br/&gt;&lt;b&gt;Thời gian chạy:&lt;/b&gt; 105 phút]]></description>
        <styleUrl>#style_route_16</styleUrl>
        <LineString>
          <tessellate>1</tessellate>
          <coordinates>106.16799927,11.36207294,0 106.16801453,11.36198902,0 106.16737366,11.36175251,0 106.16592407,11.36105824,0 106.1638031,11.36006355,0 106.16168976,11.35905933,0 106.1595459,11.35811806,0 106.15744019,11.35712337,0 106.15533447,11.35612965,0 106.15319824,11.35514927,0 106.15106964,11.35416794,0 106.13946533,11.3487978,0 106.13661194,11.34747028,0 106.13375854,11.34614182,0 106.13091278,11.3448143,0 106.12805939,11.34348583,0 106.1282196,11.34230232,0 106.12837219,11.34111881,0 106.12850189,11.3399353,0 106.12862396,11.33875179,0 106.12893677,11.33638,0 106.12923431,11.33401299,0 106.12980652,11.32927418,0 106.13008881,11.32690144,0 106.13037872,11.32454014,0 106.13153076,11.31511402,0 106.13210297,11.31040096,0 106.13237762,11.30804443,0 106.1325531,11.30665588,0 106.13272858,11.30526733,0 106.13516235,11.30541992,0 106.13778687,11.3052721,0 106.14041901,11.30512524,0 106.14286804,11.30555058,0 106.1444397,11.30588722,0 106.14511871,11.3061924,0 106.14584351,11.30665016,0 106.1485672,11.3081131,0 106.14992523,11.3087759,0 106.15113831,11.30975437,0 106.15289307,11.31117916,0 106.1536026,11.31164265,0 106.15500641,11.31246281,0 106.15628815,11.31339931,0 106.15879822,11.31523514,0 106.16033936,11.31692886,0 106.16124725,11.31744957,0 106.16363525,11.31868553,0 106.16604614,11.31980038,0 106.16847992,11.3208952,0 106.1709137,11.32198906,0 106.17119598,11.32203102,0 106.17153931,11.32201576,0 106.17203522,11.32179928,0 106.17235565,11.32147312,0 106.17285156,11.32063198,0 106.17329407,11.31979561,0 106.17470551,11.31704426,0 106.17539215,11.31569767,0 106.17578888,11.31504536,0 106.17630005,11.31442547,0 106.17855835,11.31215286,0 106.18399048,11.30679989,0 106.18942261,11.30144787,0 106.20030975,11.29073715,0 106.20307159,11.28809166,0 106.20580292,11.28538704,0 106.21122742,11.2799902,0 106.21660614,11.27462959,0 106.21928406,11.27190399,0 106.22187805,11.26922131,0 106.22449493,11.26663208,0 106.22719574,11.26413918,0 106.22856903,11.26287651,0 106.22985077,11.26158714,0 106.23239899,11.25903034,0 106.23748016,11.25383186,0 106.24002075,11.25121689,0 106.24255371,11.24861813,0 106.24760437,11.24341965,0 106.25269318,11.2382164,0 106.26285553,11.22782421,0 106.272995,11.21741676,0 106.27802277,11.21217537,0 106.28302002,11.20692921,0 106.29298401,11.19645214,0 106.30298615,11.18596458,0 106.30755615,11.18115902,0 106.30984497,11.17877579,0 106.31318665,11.17529202,0 106.31324768,11.17504406,0 106.31298828,11.17339134,0 106.31283569,11.17240238,0 106.31260681,11.17153358,0 106.31240845,11.17098713,0 106.31188202,11.16985512,0 106.31121826,11.16817665,0 106.31056213,11.16641331,0 106.30975342,11.16472435,0 106.30912781,11.16294003,0 106.30856323,11.16114521,0 106.30818939,11.15952396,0 106.30795288,11.15782452,0 106.30821228,11.15443516,0 106.30847931,11.15107727,0 106.30862427,11.14936161,0 106.30867004,11.14765549,0 106.3086853,11.14600849,0 106.30870056,11.14520359,0 106.30880737,11.14440823,0 106.30909729,11.14351368,0 106.3095932,11.14284515,0 106.31069183,11.14132977,0 106.31175232,11.13977146,0 106.31225586,11.13901901,0 106.31271362,11.13821316,0 106.31370544,11.13645554,0 106.31443787,11.1356554,0 106.31537628,11.1350975,0 106.31636047,11.13456059,0 106.31698608,11.13405037,0 106.31745911,11.13337612,0 106.31784821,11.13267136,0 106.31939697,11.12973404,0 106.32085419,11.12692356,0 106.32229614,11.12416553,0 106.32544708,11.11821175,0 106.32579803,11.11741161,0 106.32596588,11.1166544,0 106.32604218,11.11499023,0 106.32614136,11.11334801,0 106.32618713,11.11172676,0 106.32633209,11.10847378,0 106.32645416,11.10522652,0 106.3265686,11.10200405,0 106.32667542,11.0987463,0 106.3267746,11.09548759,0 106.3269043,11.09385586,0 106.32746124,11.09222889,0 106.32891083,11.0890913,0 106.33039093,11.08596992,0 106.33349609,11.07939434,0 106.3350296,11.07607841,0 106.33586884,11.07445145,0 106.33688354,11.07288742,0 106.34113312,11.06668091,0 106.34323883,11.06358528,0 106.34427643,11.0620079,0 106.34532166,11.06043148,0 106.3534317,11.04776382,0 106.35743713,11.04145622,0 106.35848999,11.0398407,0 106.35968781,11.0383606,0 106.36214447,11.03538036,0 106.36343384,11.03381157,0 106.36376953,11.03345394,0 106.36417389,11.03313255,0 106.36522675,11.03263187,0 106.36751556,11.03166294,0 106.36972809,11.0306263,0 106.37387085,11.02859879,0 106.37491608,11.02824593,0 106.3760376,11.02796173,0 106.37837982,11.02741909,0 106.38310242,11.02632999,0 106.38546753,11.02575588,0 106.3866272,11.02546597,0 106.38769531,11.02507687,0 106.39187622,11.02312851,0 106.39597321,11.02121735,0 106.4121933,11.01364994,0 106.41313171,11.01304436,0 106.41390991,11.01233959,0 106.41546631,11.01093292,0 106.41709137,11.00950623,0 106.41808319,11.00892162,0 106.41925049,11.00844765,0 106.42370605,11.00706291,0 106.42589569,11.00636005,0 106.42809296,11.0056572,0 106.42807007,11.0055666,0 106.42807007,11.0055666,0 106.42807007,11.0055666,0 106.42808533,11.00567245,0 106.4289856,11.00539112,0 106.42988586,11.00510979,0 106.43077087,11.00483036,0 106.43165588,11.00455093,0 106.43164825,11.0045042,0 106.43164825,11.0045042,0 106.43164825,11.0045042,0 106.43165588,11.00456142,0 106.43273163,11.00420856,0 106.43382263,11.00384045,0 106.43483734,11.00349808,0 106.43578339,11.00303459,0 106.43575287,11.00296593,0 106.43575287,11.00296593,0 106.43580627,11.0030241,0 106.43778229,11.00198174,0 106.43877411,11.00144196,0 106.43976593,11.00090218,0 106.44074249,11.0003624,0 106.44171143,10.99982262,0 106.44216156,10.99950123,0 106.44258118,10.99915886,0 106.44329071,10.99839497,0 106.4432373,10.99835873,0 106.4432373,10.99835873,0 106.44329834,10.9983902,0 106.44368744,10.99795341,0 106.44407654,10.99751568,0 106.44448853,10.99707413,0 106.44487,10.99661732,0 106.44487,10.99661732,0 106.44487,10.99661732,0 106.44487,10.99661732,0 106.44491577,10.99664211,0 106.44532776,10.99616814,0 106.44578552,10.99568844,0 106.44620514,10.99521255,0 106.44663239,10.99473572,0 106.44706726,10.99425697,0 106.44750214,10.99377728,0 106.44792175,10.99328899,0 106.44833374,10.99279976,0 106.44833374,10.99279976,0 106.44836426,10.99269772,0 106.44836426,10.99269772,0 106.44833374,10.99279976,0 106.44871521,10.99242496,0 106.44909668,10.99205017,0 106.44947815,10.99163151,0 106.44985199,10.99121284,0 106.45023346,10.99079418,0 106.4506073,10.99037552,0 106.45126343,10.9895668,0 106.45126343,10.9895668,0 106.45126343,10.9895668,0 106.45173645,10.98910618,0 106.45226288,10.98869038,0 106.45340729,10.98792171,0 106.45458984,10.9871521,0 106.45570374,10.9864254,0 106.45565796,10.98633575,0 106.45565796,10.98633575,0 106.45571899,10.98639965,0 106.45700073,10.98556232,0 106.45827484,10.98471451,0 106.45823669,10.98466206,0 106.45823669,10.98466206,0 106.45826721,10.98470879,0 106.45897675,10.98425579,0 106.45967865,10.9838028,0 106.46038055,10.98334503,0 106.46108246,10.98288727,0 106.46103668,10.98285484,0 106.46101379,10.98288345,0 106.46101379,10.98288345,0 106.46105194,10.98292923,0 106.46173096,10.98248196,0 106.46240997,10.98203373,0 106.46311188,10.98159981,0 106.46380615,10.98116493,0 106.46374512,10.98104858,0 106.46374512,10.98104858,0 106.46374512,10.98104858,0 106.46374512,10.98104858,0 106.46379852,10.98114395,0 106.46451569,10.98073292,0 106.46524048,10.98031712,0 106.4659729,10.97991467,0 106.46670532,10.97951126,0 106.46744537,10.97910309,0 106.46818542,10.97869492,0 106.46892548,10.97828674,0 106.46966553,10.97787857,0 106.46963501,10.97778416,0 106.46963501,10.97778416,0 106.46963501,10.97778416,0 106.46963501,10.97778416,0 106.46966553,10.97787857,0 106.47042084,10.97744942,0 106.47117615,10.97702026,0 106.47195435,10.97659683,0 106.47274017,10.97617245,0 106.47271729,10.97610855,0 106.47271729,10.97610855,0 106.47271729,10.97610855,0 106.47271729,10.97610855,0 106.47273254,10.97614956,0 106.47273254,10.97614956,0 106.47333527,10.97581673,0 106.47393799,10.97548294,0 106.47455597,10.97516727,0 106.47518158,10.97485065,0 106.47574615,10.97456169,0 106.47631073,10.97427177,0 106.47689056,10.97400284,0 106.4774704,10.97373295,0 106.4774704,10.97373295,0 106.47743988,10.97365475,0 106.47743988,10.97365475,0 106.47657776,10.97406101,0 106.47689819,10.97399235,0 106.47734833,10.97375488,0 106.47782135,10.97355556,0 106.47809601,10.97330761,0 106.47809601,10.97330761,0 106.4785614,10.97319698,0 106.47930908,10.97284985,0 106.4799881,10.97250748,0 106.48049164,10.97209072,0 106.48049164,10.97209072,0 106.48049164,10.97209072,0 106.48056793,10.97216511,0 106.48134613,10.97150135,0 106.48191071,10.97102737,0 106.48249054,10.9705534,0 106.48245239,10.97049522,0 106.48245239,10.97049522,0 106.48245239,10.97049522,0 106.48248291,10.97053242,0 106.48420715,10.96936321,0 106.48522949,10.9686842,0 106.48571014,10.96838856,0 106.48602295,10.96812534,0 106.48632813,10.96824646,0 106.48619843,10.96862602,0 106.48579407,10.9686203,0 106.48487091,10.9690733,0 106.48377991,10.96977901,0 106.48271942,10.9705162,0 106.48174286,10.97130108,0 106.48210144,10.97161674,0</coordinates>
        </LineString>
      </Placemark>
    </Folder>
    <Folder>
      <name>TUYẾN B 71: Bến xe An Sương - Phật Cô Đơn</name>
      <Placemark>
        <name>B 71 (Lượt đi)</name>
        <description><![CDATA[&lt;b&gt;Tuyến:&lt;/b&gt; B 71 - Bến xe An Sương - Phật Cô Đơn&lt;br/&gt;&lt;b&gt;Hành trình:&lt;/b&gt; Bến xe An Sương → Phật Cô Đơn&lt;br/&gt;&lt;b&gt;Lượt:&lt;/b&gt; Lượt đi&lt;br/&gt;&lt;b&gt;Cự ly:&lt;/b&gt; 25.09 km (Định mức: 24 km)&lt;br/&gt;&lt;b&gt;Giờ hoạt động:&lt;/b&gt; 5:00 - 20:30&lt;br/&gt;&lt;b&gt;Thời gian chạy:&lt;/b&gt; 65 phút]]></description>
        <styleUrl>#style_route_17</styleUrl>
        <LineString>
          <tessellate>1</tessellate>
          <coordinates>106.6133728,10.8437376,0 106.6133194,10.84385967,0 106.61410522,10.84443378,0 106.61462402,10.84361649,0 106.61486053,10.84324837,0 106.61502075,10.84288406,0 106.61500549,10.84266281,0 106.6151123,10.84247875,0 106.61531067,10.84236813,0 106.61556244,10.84245205,0 106.61565399,10.84266281,0 106.61557007,10.84288979,0 106.615242,10.84305859,0 106.6144104,10.84423828,0 106.61328125,10.84600353,0 106.61335754,10.846035,0 106.61335754,10.846035,0 106.61335754,10.846035,0 106.61335754,10.846035,0 106.61335754,10.846035,0 106.61335754,10.846035,0 106.61328888,10.84599876,0 106.61224365,10.84767914,0 106.61121368,10.84932232,0 106.61127472,10.84936047,0 106.61127472,10.84936047,0 106.61127472,10.84936047,0 106.61127472,10.84936047,0 106.61127472,10.84936047,0 106.61127472,10.84936047,0 106.61118317,10.84931755,0 106.61030579,10.85063457,0 106.60943604,10.8519516,0 106.6085968,10.85328484,0 106.60775757,10.85461712,0 106.60786438,10.85466003,0 106.60786438,10.85466003,0 106.60786438,10.85466003,0 106.60786438,10.85466003,0 106.60786438,10.85466003,0 106.60786438,10.85466003,0 106.60786438,10.85466003,0 106.60786438,10.85466003,0 106.60778046,10.85461712,0 106.6073761,10.85523415,0 106.60696411,10.85585308,0 106.60655975,10.85647106,0 106.6061554,10.85708809,0 106.60620117,10.85711479,0 106.60620117,10.85711479,0 106.60620117,10.85711479,0 106.60620117,10.85711479,0 106.60620117,10.85711479,0 106.60620117,10.85711479,0 106.60620117,10.85711479,0 106.60620117,10.85711479,0 106.60613251,10.85708332,0 106.60565948,10.85775852,0 106.60518646,10.85843468,0 106.60471344,10.85910988,0 106.60424042,10.85978603,0 106.60430908,10.85982323,0 106.60430908,10.85982323,0 106.60430908,10.85982323,0 106.60430908,10.85982323,0 106.60430908,10.85982323,0 106.60424805,10.85980129,0 106.60360718,10.86071014,0 106.60297394,10.861619,0 106.60277557,10.86136627,0 106.60245514,10.86008358,0 106.60212708,10.85880089,0 106.60203552,10.85882092,0 106.60203552,10.85882092,0 106.60212708,10.85880089,0 106.60186768,10.85771275,0 106.60160828,10.8566246,0 106.60135651,10.85554218,0 106.60109711,10.85445976,0 106.6010437,10.85448074,0 106.6010437,10.85448074,0 106.60109711,10.85446453,0 106.60090637,10.85367966,0 106.60071564,10.85289478,0 106.6005249,10.85210991,0 106.60033417,10.85132504,0 106.60025024,10.85135269,0 106.60025024,10.85135269,0 106.60033417,10.85132504,0 106.6001358,10.85047626,0 106.59997559,10.84962845,0 106.60011292,10.84893322,0 106.60024261,10.84824276,0 106.6003418,10.84756088,0 106.60044098,10.84687805,0 106.60025787,10.84626198,0 106.60025787,10.84626198,0 106.60025787,10.84626198,0 106.60025787,10.84626198,0 106.60025787,10.84626198,0 106.60002899,10.84552383,0 106.59992218,10.8448,0 106.59983826,10.84436989,0 106.59983063,10.84418011,0 106.59985352,10.84385967,0 106.59989929,10.84331989,0 106.59990692,10.84292984,0 106.59989929,10.84229946,0 106.59980774,10.84185696,0 106.599617,10.84148788,0 106.59920502,10.84103012,0 106.59920502,10.84103012,0 106.59920502,10.84103012,0 106.59920502,10.84103012,0 106.59920502,10.84103012,0 106.59920502,10.84103012,0 106.59883118,10.84061909,0 106.60002899,10.83958149,0 106.59996033,10.83950233,0 106.59996033,10.83950233,0 106.59996033,10.83950233,0 106.59996033,10.83950233,0 106.59996033,10.83950233,0 106.6000061,10.83957577,0 106.60020447,10.83939648,0 106.5998764,10.83862782,0 106.59951782,10.83786297,0 106.59951782,10.83786297,0 106.59951782,10.83786297,0 106.59951782,10.83786297,0 106.5991745,10.83717346,0 106.59857941,10.83623505,0 106.59857941,10.83623505,0 106.59857941,10.83623505,0 106.59857941,10.83623505,0 106.59799194,10.83518314,0 106.59739685,10.83413124,0 106.59739685,10.83413124,0 106.59739685,10.83413124,0 106.59739685,10.83413124,0 106.59686279,10.83300018,0 106.59661865,10.8324995,0 106.59625244,10.83181,0 106.59625244,10.83181,0 106.59625244,10.83181,0 106.59594727,10.83109856,0 106.59555054,10.83038139,0 106.59509277,10.82966518,0 106.59468842,10.82911205,0 106.59436798,10.82870674,0 106.59422302,10.8286171,0 106.59407806,10.82840633,0 106.59357452,10.82770538,0 106.59307861,10.82697296,0 106.59235382,10.82604313,0 106.59235382,10.82604313,0 106.59235382,10.82604313,0 106.5918045,10.82532883,0 106.59123993,10.82460213,0 106.59120178,10.82462502,0 106.59120178,10.82462502,0 106.59122467,10.82459641,0 106.59082794,10.82409096,0 106.59038544,10.82359505,0 106.58992004,10.82312679,0 106.58945465,10.82265759,0 106.58942413,10.82267857,0 106.58942413,10.82267857,0 106.58944702,10.82266235,0 106.58901215,10.82220936,0 106.58855438,10.82176208,0 106.58809662,10.82132721,0 106.58764648,10.82089233,0 106.58761597,10.82091904,0 106.58761597,10.82091904,0 106.58763123,10.82090282,0 106.58731842,10.82061005,0 106.5872879,10.82050037,0 106.5872879,10.82040024,0 106.58706665,10.82017994,0 106.58631134,10.81946945,0 106.58553314,10.81877708,0 106.58553314,10.81877708,0 106.58482361,10.81815434,0 106.5841217,10.81753159,0 106.58341217,10.81690884,0 106.58270264,10.81628609,0 106.58270264,10.81628609,0 106.58189392,10.81562042,0 106.58107758,10.8149538,0 106.58023071,10.81431675,0 106.57939148,10.81367874,0 106.57846069,10.81309128,0 106.57752991,10.81250381,0 106.57660675,10.81191921,0 106.57568359,10.81133461,0 106.57565308,10.81137562,0 106.57565308,10.81137562,0 106.57565308,10.81137562,0 106.57565308,10.81137562,0 106.57565308,10.81137562,0 106.57565308,10.81137562,0 106.57568359,10.81132412,0 106.57489014,10.81080723,0 106.57409668,10.81029129,0 106.57328033,10.8098011,0 106.57247162,10.80931091,0 106.57245636,10.80933189,0 106.57245636,10.80933189,0 106.57245636,10.80933189,0 106.57245636,10.80933189,0 106.57245636,10.80933189,0 106.57245636,10.80933189,0 106.57247925,10.80930996,0 106.57180023,10.80887032,0 106.57112885,10.80843067,0 106.56982422,10.80762959,0 106.56854248,10.80681038,0 106.56850433,10.80684471,0 106.56854248,10.80681038,0 106.56813049,10.80655003,0 106.56762695,10.80626011,0 106.56649017,10.80550957,0 106.56555176,10.80494976,0 106.56522369,10.8046999,0 106.56504059,10.80453014,0 106.56477356,10.80418015,0 106.56476593,10.80416775,0 106.56477356,10.80418015,0 106.56386566,10.80301952,0 106.56290436,10.80188084,0 106.56200409,10.80066395,0 106.56106567,10.79957294,0 106.56106567,10.79957294,0 106.5607605,10.79913998,0 106.56002045,10.79819965,0 106.55991364,10.79811001,0 106.55860138,10.79646015,0 106.55812073,10.79589462,0 106.55812073,10.79589462,0 106.55812073,10.79589462,0 106.55709076,10.7945509,0 106.55648041,10.79316521,0 106.55641937,10.7931757,0 106.55641937,10.7931757,0 106.55641937,10.7931757,0 106.55641937,10.7931757,0 106.55641937,10.7931757,0 106.55645752,10.79316044,0 106.55612183,10.79233265,0 106.55575562,10.79149532,0 106.5553894,10.79065704,0 106.55500031,10.78983498,0 106.55500031,10.78983498,0 106.55500031,10.78983498,0 106.55500031,10.78983498,0 106.55500031,10.78983498,0 106.55443573,10.78825378,0 106.55422211,10.78677368,0 106.55394745,10.78529263,0 106.55394745,10.78529263,0 106.55394745,10.78529263,0 106.55394745,10.78529263,0 106.55378723,10.78398609,0 106.55358887,10.78271103,0 106.5533905,10.78139877,0 106.55311584,10.78012753,0 106.55311584,10.78012753,0 106.55311584,10.78012753,0 106.55311584,10.78012753,0 106.55306244,10.77933788,0 106.55284882,10.77809429,0 106.55266571,10.77688217,0 106.5524292,10.77581215,0 106.5524292,10.77581215,0 106.55239105,10.7751379,0 106.55224609,10.77403641,0 106.55201721,10.77271366,0 106.55184174,10.77198124,0 106.55184174,10.77198124,0 106.55184174,10.77198124,0 106.55184174,10.77198124,0 106.55168915,10.77071667,0 106.55036926,10.77132797,0 106.55039978,10.77138042,0 106.55039978,10.77138042,0 106.55039978,10.77138042,0 106.54925537,10.77193928,0 106.54811859,10.77249813,0 106.54701996,10.77308273,0 106.5459137,10.77366829,0 106.5459137,10.77366829,0 106.54515076,10.7740469,0 106.54438019,10.77442646,0 106.54364014,10.774827,0 106.54290771,10.77522659,0 106.54290771,10.77522659,0 106.54176331,10.77579117,0 106.5406189,10.77635479,0 106.53947449,10.77691936,0 106.53833008,10.77748299,0 106.53833008,10.77748299,0 106.5370636,10.77810478,0 106.53580475,10.77872658,0 106.5345993,10.7793541,0 106.53340149,10.77998066,0 106.53343964,10.78003407,0 106.53343964,10.78003407,0 106.53340149,10.77998638,0 106.53192139,10.78069782,0 106.53044128,10.78140354,0 106.5289917,10.7821207,0 106.52754211,10.78284264,0 106.52758026,10.78289032,0 106.52758026,10.78289032,0 106.52754974,10.7828474,0 106.52642059,10.78341103,0 106.52529144,10.78397274,0 106.52416229,10.78453541,0 106.52303314,10.78509808,0 106.52306366,10.78515625,0 106.52306366,10.78515625,0 106.52303314,10.78508759,0 106.52167511,10.78576279,0 106.52031708,10.78643894,0 106.51896667,10.7871151,0 106.51760864,10.7877903,0 106.51763153,10.78783321,0 106.51763153,10.78783321,0 106.51760864,10.78779602,0 106.51714325,10.7880249,0 106.51668549,10.78826523,0 106.51655579,10.78833294,0 106.51647186,10.78832245,0 106.5164032,10.78827,0 106.51622772,10.78822803,0 106.51593018,10.78831196,0 106.51554871,10.78859138,0 106.51517487,10.78880215,0 106.51475525,10.78900814,0 106.51449585,10.78903389,0 106.51425934,10.78814983,0 106.51420593,10.78800678,0 106.51420593,10.78800678,0 106.51420593,10.78800678,0 106.51420593,10.78800678,0 106.51420593,10.78800678,0 106.51420593,10.78800678,0 106.51420593,10.78800678,0 106.51399231,10.78726864,0 106.5138092,10.78646755,0 106.51361847,10.78568268,0 106.51348114,10.78490829,0 106.51348114,10.78490829,0 106.51348114,10.78490829,0 106.51348114,10.78490829,0 106.51322937,10.78414345,0 106.51303864,10.78335857,0 106.51268768,10.78185177,0 106.51278687,10.78183079,0 106.51278687,10.78183079,0 106.51278687,10.78183079,0 106.51268768,10.78185654,0 106.51251221,10.7811451,0 106.51235199,10.78042889,0 106.51215363,10.77972507,0 106.51195526,10.77902222,0 106.51153564,10.77761745,0 106.51132965,10.77690887,0 106.51104736,10.7762289,0 106.51112366,10.77620792,0 106.51112366,10.77620792,0 106.51104736,10.77621841,0 106.51054382,10.77510643,0 106.50997162,10.7740097,0 106.50981903,10.77385044,0 106.50886536,10.77280331,0 106.50761414,10.77175999,0 106.50761414,10.77173424,0 106.50761414,10.77173424,0 106.5063858,10.77079296,0 106.50515747,10.76985264,0 106.50392914,10.76890373,0 106.50268555,10.76798725,0 106.50268555,10.76798725,0 106.5021286,10.76753902,0 106.50157166,10.7670908,0 106.50095367,10.76668739,0 106.50032806,10.76628399,0 106.50032806,10.76628399,0 106.50032806,10.76628399,0 106.49990082,10.7659626,0 106.49925232,10.76558399,0 106.49891663,10.76495075,0 106.49874115,10.76474571,0 106.49795532,10.76423931,0 106.49785614,10.76435566,0 106.49785614,10.76435566,0 106.49785614,10.76435566,0 106.49785614,10.76435566,0 106.49796295,10.76423454,0 106.49748993,10.76391792,0 106.4968338,10.76342773,0 106.49617767,10.76293755,0 106.49555206,10.76247883,0 106.49493408,10.76202106,0 106.49485779,10.7621212,0 106.49485779,10.7621212,0 106.49485779,10.7621212,0 106.49494934,10.76199436,0 106.49414063,10.76140404,0 106.49339294,10.76078224,0 106.49254608,10.76019192,0 106.49175262,10.75957775,0 106.49093628,10.7589798,0 106.49014282,10.75837421,0 106.48928833,10.7578001,0 106.48854828,10.75716019,0 106.4885025,10.75706673,0</coordinates>
        </LineString>
      </Placemark>
      <Placemark>
        <name>B 71 (Lượt về)</name>
        <description><![CDATA[&lt;b&gt;Tuyến:&lt;/b&gt; B 71 - Bến xe An Sương - Phật Cô Đơn&lt;br/&gt;&lt;b&gt;Hành trình:&lt;/b&gt; Phật Cô Đơn → Bến xe An Sương&lt;br/&gt;&lt;b&gt;Lượt:&lt;/b&gt; Lượt về&lt;br/&gt;&lt;b&gt;Cự ly:&lt;/b&gt; 24.93 km (Định mức: 24 km)&lt;br/&gt;&lt;b&gt;Giờ hoạt động:&lt;/b&gt; 5:00 - 20:30&lt;br/&gt;&lt;b&gt;Thời gian chạy:&lt;/b&gt; 65 phút]]></description>
        <styleUrl>#style_route_17</styleUrl>
        <LineString>
          <tessellate>1</tessellate>
          <coordinates>106.4885025,10.75706673,0 106.48929596,10.75767803,0 106.49008942,10.75828934,0 106.49090576,10.75889587,0 106.49171448,10.75950146,0 106.49251556,10.76010227,0 106.49332428,10.76070881,0 106.49412537,10.76131248,0 106.49493408,10.76191521,0 106.49485016,10.76199532,0 106.49485016,10.76199532,0 106.49491119,10.76193142,0 106.49565887,10.76247406,0 106.49639893,10.7630167,0 106.49713898,10.7635603,0 106.49787903,10.76410294,0 106.49778748,10.76419163,0 106.49778748,10.76419163,0 106.49787903,10.76408195,0 106.49835968,10.76440811,0 106.4988327,10.76473522,0 106.49906921,10.76514053,0 106.49930573,10.7655468,0 106.49958801,10.76570988,0 106.49986267,10.76587296,0 106.49990082,10.76584721,0 106.49990082,10.76584721,0 106.49986267,10.76589966,0 106.50058746,10.76633167,0 106.50127411,10.76685905,0 106.50196838,10.76738358,0 106.50267029,10.76790714,0 106.50270081,10.7678709,0 106.50270081,10.7678709,0 106.50270081,10.7678709,0 106.50266266,10.76791286,0 106.50325775,10.76835918,0 106.50385284,10.76880646,0 106.50444794,10.76925278,0 106.50504303,10.7696991,0 106.50563049,10.77015781,0 106.50621796,10.77061081,0 106.50679016,10.77107239,0 106.50737762,10.77154922,0 106.50745392,10.77148056,0 106.50745392,10.77148056,0 106.50745392,10.77148056,0 106.50737762,10.77155972,0 106.5085907,10.7725029,0 106.50933838,10.77322483,0 106.50999451,10.77400494,0 106.51045227,10.7748642,0 106.51086426,10.77573299,0 106.51100922,10.77566528,0 106.51100922,10.77566528,0 106.51100922,10.77566528,0 106.51100922,10.77566528,0 106.51087952,10.77571964,0 106.51126862,10.77667141,0 106.51159668,10.77777958,0 106.51187897,10.77871418,0 106.51216125,10.77964878,0 106.51239777,10.78062344,0 106.51262665,10.78159904,0 106.51282501,10.78155613,0 106.51282501,10.78155613,0 106.51282501,10.78155613,0 106.51282501,10.78155613,0 106.51282501,10.78155613,0 106.51264954,10.78158283,0 106.51282501,10.7823391,0 106.51300049,10.78309536,0 106.51318359,10.78383064,0 106.51337433,10.78456593,0 106.51350403,10.78452873,0 106.51350403,10.78452873,0 106.51350403,10.78452873,0 106.51350403,10.78452873,0 106.51350403,10.78452873,0 106.5133667,10.78455448,0 106.51358032,10.78540611,0 106.51379395,10.78625679,0 106.51400757,10.78710556,0 106.51421356,10.78795433,0 106.51429749,10.78792763,0 106.51429749,10.78792763,0 106.51429749,10.78792763,0 106.51429749,10.78792763,0 106.51429749,10.78792763,0 106.51429749,10.78792763,0 106.51419067,10.78796482,0 106.51448822,10.78904438,0 106.51475525,10.78902912,0 106.51551056,10.78861809,0 106.51635742,10.78796482,0 106.51702881,10.78794861,0 106.51760101,10.78765392,0 106.51756287,10.78757954,0 106.51756287,10.78757954,0 106.51756287,10.78757954,0 106.51756287,10.78757954,0 106.51756287,10.78757954,0 106.51760864,10.78765869,0 106.5189209,10.78700542,0 106.52023315,10.78635216,0 106.52155304,10.78569794,0 106.52278137,10.78509808,0 106.52275848,10.78503418,0 106.52275848,10.78503418,0 106.52275848,10.78503418,0 106.52281189,10.78511906,0 106.52431488,10.78433323,0 106.52574158,10.78362274,0 106.52716064,10.7829113,0 106.52709961,10.78281593,0 106.52709961,10.78281593,0 106.52709961,10.78281593,0 106.5271225,10.78287888,0 106.52841949,10.78226948,0 106.52970886,10.78166008,0 106.53083801,10.78110886,0 106.53197479,10.78055859,0 106.53330994,10.77992249,0 106.53327179,10.77982807,0 106.53327179,10.77982807,0 106.53330231,10.77990723,0 106.53570557,10.7786684,0 106.53824615,10.77736187,0 106.53820801,10.77731419,0 106.53820801,10.77731419,0 106.53820801,10.77731419,0 106.53820801,10.77731419,0 106.53820801,10.77731419,0 106.53820801,10.77731419,0 106.53820801,10.77731419,0 106.5382309,10.77737713,0 106.53943634,10.77676964,0 106.54063416,10.7761631,0 106.5418396,10.77555561,0 106.54290009,10.77503777,0 106.54285431,10.77494812,0 106.54285431,10.77494812,0 106.54290009,10.77502155,0 106.54360199,10.77466869,0 106.54431152,10.77431583,0 106.54502106,10.77394676,0 106.54572296,10.77357769,0 106.5456543,10.7734623,0 106.5456543,10.7734623,0 106.54573059,10.77358818,0 106.54653168,10.77317524,0 106.54732513,10.77276134,0 106.54827118,10.77228165,0 106.54920959,10.77180195,0 106.55015564,10.77132225,0 106.55012512,10.77128029,0 106.55012512,10.77128029,0 106.55012512,10.77128029,0 106.55012512,10.77128029,0 106.55012512,10.77128029,0 106.55012512,10.77128029,0 106.55014038,10.77133846,0 106.55091858,10.77097988,0 106.55169678,10.7706213,0 106.55181885,10.77139378,0 106.55193329,10.7721653,0 106.55197144,10.77215958,0 106.55197144,10.77215958,0 106.55197144,10.77215958,0 106.55197144,10.77215958,0 106.55197144,10.77215958,0 106.55197144,10.77215958,0 106.55192566,10.7721653,0 106.55208588,10.7731142,0 106.55223083,10.77405739,0 106.55238342,10.77500343,0 106.55252838,10.77594948,0 106.55258942,10.77594376,0 106.55258942,10.77594376,0 106.55258942,10.77594376,0 106.55258942,10.77594376,0 106.55258942,10.77594376,0 106.55258942,10.77594376,0 106.55252838,10.77594948,0 106.5526886,10.77700615,0 106.55284882,10.77806282,0 106.55302429,10.77914524,0 106.5532074,10.78022861,0 106.55330658,10.78021336,0 106.55330658,10.78021336,0 106.55330658,10.78021336,0 106.55330658,10.78021336,0 106.55330658,10.78021336,0 106.55330658,10.78021336,0 106.55330658,10.78021336,0 106.5532074,10.78022289,0 106.55342102,10.78154087,0 106.55361176,10.78286362,0 106.55382538,10.78418064,0 106.554039,10.78554535,0 106.55413055,10.78553009,0 106.55413055,10.78553009,0 106.55413055,10.78553009,0 106.55413055,10.78553009,0 106.55413055,10.78553009,0 106.55413055,10.78553009,0 106.55408478,10.78565121,0 106.55423737,10.78684235,0 106.55440521,10.78803253,0 106.55467224,10.78898144,0 106.55519104,10.79019356,0 106.55529022,10.79015064,0 106.55529022,10.79015064,0 106.55529022,10.79015064,0 106.55529022,10.79015064,0 106.55521393,10.79018307,0 106.5555191,10.79092312,0 106.55583191,10.79166412,0 106.55612946,10.79228592,0 106.55641937,10.79298115,0 106.55653381,10.79293442,0 106.55653381,10.79293442,0 106.55653381,10.79293442,0 106.55653381,10.79293442,0 106.55640411,10.79297066,0 106.55673218,10.79375553,0 106.55709076,10.79451466,0 106.55778503,10.79542065,0 106.55788422,10.79537868,0 106.55788422,10.79537868,0 106.55788422,10.79537868,0 106.55788422,10.79537868,0 106.55779266,10.79542637,0 106.55858612,10.796422,0 106.55937958,10.79739666,0 106.56016541,10.79837132,0 106.5609436,10.7993679,0 106.56102753,10.79930401,0 106.56102753,10.79930401,0 106.56102753,10.79930401,0 106.56102753,10.79930401,0 106.56102753,10.79937267,0 106.5609436,10.7993784,0 106.56185913,10.80049038,0 106.56273651,10.80160141,0 106.56359863,10.80268764,0 106.56450653,10.80383587,0 106.56459808,10.80379391,0 106.56459808,10.80379391,0 106.56459808,10.80379391,0 106.56459808,10.80379391,0 106.5644989,10.80384159,0 106.56522369,10.80471611,0 106.56584167,10.8051424,0 106.56645203,10.8055172,0 106.56733704,10.80605412,0 106.56822205,10.80659199,0 106.56824493,10.80653858,0 106.56824493,10.80653858,0 106.56824493,10.80653858,0 106.56824493,10.80653858,0 106.56819916,10.80660725,0 106.56929779,10.80727482,0 106.57029724,10.80789852,0 106.57129669,10.80853081,0 106.57234955,10.80920506,0 106.57239532,10.80915833,0 106.57239532,10.80915833,0 106.57239532,10.80915833,0 106.57239532,10.80915833,0 106.57239532,10.80915833,0 106.57235718,10.80921555,0 106.57355499,10.80993271,0 106.57444763,10.81052303,0 106.57529449,10.81103897,0 106.57534027,10.81102276,0 106.57534027,10.81102276,0 106.57534027,10.81102276,0 106.57534027,10.81102276,0 106.57534027,10.81102276,0 106.57529449,10.81105995,0 106.57646179,10.81180859,0 106.57765198,10.81254101,0 106.57850647,10.81311035,0 106.57936859,10.81365299,0 106.58074188,10.81464863,0 106.5821228,10.81577587,0 106.58347321,10.81691456,0 106.58447266,10.81780624,0 106.58545685,10.81872177,0 106.58547974,10.81869698,0 106.58547974,10.81869698,0 106.58547974,10.81869698,0 106.58547974,10.81869698,0 106.58547974,10.81869698,0 106.58547974,10.81869698,0 106.58547974,10.81869698,0 106.58547974,10.81869698,0 106.58551025,10.81877422,0 106.58635712,10.81952763,0 106.58718109,10.82029152,0 106.58737946,10.82032299,0 106.58763885,10.82057095,0 106.587677,10.82053947,0 106.587677,10.82053947,0 106.587677,10.82053947,0 106.587677,10.82053947,0 106.587677,10.82053947,0 106.587677,10.82053947,0 106.58763885,10.82056618,0 106.5885849,10.82146168,0 106.58953094,10.82239437,0 106.58956909,10.82236195,0 106.58956909,10.82236195,0 106.58956909,10.82236195,0 106.58956909,10.82236195,0 106.58953857,10.82239437,0 106.59002686,10.82288933,0 106.59050751,10.82338428,0 106.59095001,10.82389355,0 106.59139252,10.82440186,0 106.59139252,10.82440186,0 106.59139252,10.82440186,0 106.59139252,10.82440186,0 106.59204102,10.82523727,0 106.59268951,10.82607269,0 106.59268951,10.82607269,0 106.59307098,10.82661438,0 106.5933609,10.82715225,0 106.59406281,10.82819557,0 106.59477997,10.82922268,0 106.5954895,10.83023453,0 106.59558105,10.83019733,0 106.59558105,10.83019733,0 106.59547424,10.83023453,0 106.59592438,10.83100891,0 106.59632874,10.83185196,0 106.59670258,10.83267879,0 106.59710693,10.83351135,0 106.59716797,10.83347988,0 106.59716797,10.83347988,0 106.5970993,10.83350658,0 106.59750366,10.83427048,0 106.59790802,10.83503437,0 106.5983429,10.83578777,0 106.59877777,10.83653069,0 106.59885406,10.83647823,0 106.59885406,10.83647823,0 106.59877014,10.83651447,0 106.59937286,10.83747864,0 106.59983063,10.83851147,0 106.59993744,10.83846855,0 106.59993744,10.83846855,0 106.59983826,10.83851719,0 106.60023499,10.83943844,0 106.59964752,10.83992863,0 106.5996933,10.8399868,0 106.5996933,10.8399868,0 106.5996933,10.8399868,0 106.59964752,10.83991814,0 106.59883118,10.84061909,0 106.59931946,10.84111404,0 106.59963226,10.84149933,0 106.599823,10.8419199,0 106.59985352,10.84191036,0 106.59985352,10.84191036,0 106.59985352,10.84191036,0 106.59981537,10.84193134,0 106.59991455,10.84219933,0 106.59992218,10.84249496,0 106.59992981,10.84307957,0 106.59985352,10.84424877,0 106.60002899,10.84537697,0 106.60016632,10.84592438,0 106.60035706,10.84644604,0 106.60041046,10.84642982,0 106.60041046,10.84642982,0 106.60034943,10.84645176,0 106.60049438,10.84696198,0 106.6003418,10.84788704,0 106.60018921,10.8488121,0 106.60002899,10.84965992,0 106.60020447,10.85046864,0 106.60038757,10.85127735,0 106.60044098,10.85126686,0 106.60044098,10.85126686,0 106.60037994,10.85127163,0 106.60063934,10.85234642,0 106.60089874,10.85342121,0 106.60115814,10.854496,0 106.60140991,10.85557079,0 106.60144806,10.85555935,0 106.60144806,10.85555935,0 106.60140228,10.85556602,0 106.60170746,10.85678291,0 106.60201263,10.8579998,0 106.60206604,10.85797882,0 106.60206604,10.85797882,0 106.60201263,10.8579998,0 106.60219574,10.85877991,0 106.60237885,10.85956192,0 106.60256958,10.86034393,0 106.60275269,10.86112404,0 106.60294342,10.86121845,0 106.6033783,10.86065006,0 106.60332489,10.86060238,0 106.60332489,10.86060238,0 106.60332489,10.86060238,0 106.60340118,10.86065006,0 106.60375977,10.86015224,0 106.60412598,10.85965443,0 106.60448456,10.85915852,0 106.60485077,10.85866356,0 106.60520935,10.85817146,0 106.60557556,10.85767841,0 106.60590363,10.85718346,0 106.60623932,10.8566885,0 106.60617828,10.85661983,0 106.60617828,10.85661983,0 106.60617828,10.85661983,0 106.60617828,10.85661983,0 106.60617828,10.85661983,0 106.60617828,10.85661983,0 106.60626221,10.85666656,0 106.60676575,10.85591221,0 106.60726166,10.85516262,0 106.60774994,10.85441399,0 106.60823822,10.85364246,0 106.6081543,10.85359478,0 106.6081543,10.85359478,0 106.6081543,10.85359478,0 106.6081543,10.85359478,0 106.6081543,10.85359478,0 106.6081543,10.85359478,0 106.6081543,10.85359478,0 106.60823059,10.8536272,0 106.60881805,10.85268116,0 106.60940552,10.85173607,0 106.61006165,10.8507452,0 106.61070251,10.84973907,0 106.61064148,10.84971333,0 106.61064148,10.84971333,0 106.61064148,10.84971333,0 106.61064148,10.84971333,0 106.61064148,10.84971333,0 106.61064148,10.84971333,0 106.61070251,10.84973907,0 106.61142731,10.84860897,0 106.6121521,10.84747887,0 106.61287689,10.84635639,0 106.6135788,10.84521294,0 106.61352539,10.84518719,0 106.61352539,10.84518719,0 106.61352539,10.84518719,0 106.61352539,10.84518719,0 106.61352539,10.84518719,0 106.61352539,10.84518719,0 106.61358643,10.84522343,0 106.61406708,10.84443855,0 106.61330414,10.84384346,0 106.6133728,10.8437376,0</coordinates>
        </LineString>
      </Placemark>
    </Folder>
    <Folder>
      <name>TUYẾN B 74: Bến xe An Sương - Bến xe Củ Chi</name>
      <Placemark>
        <name>B 74 (Lượt đi)</name>
        <description><![CDATA[&lt;b&gt;Tuyến:&lt;/b&gt; B 74 - Bến xe An Sương - Bến xe Củ Chi&lt;br/&gt;&lt;b&gt;Hành trình:&lt;/b&gt; Bến xe An Sương → Bến xe Củ Chi&lt;br/&gt;&lt;b&gt;Lượt:&lt;/b&gt; Lượt đi&lt;br/&gt;&lt;b&gt;Cự ly:&lt;/b&gt; 22.38 km (Định mức: 21 km)&lt;br/&gt;&lt;b&gt;Giờ hoạt động:&lt;/b&gt; 3:30 - 21:00&lt;br/&gt;&lt;b&gt;Thời gian chạy:&lt;/b&gt; 45 phút]]></description>
        <styleUrl>#style_route_18</styleUrl>
        <LineString>
          <tessellate>1</tessellate>
          <coordinates>106.6133728,10.8437376,0 106.61407471,10.84440231,0 106.61444092,10.84387493,0 106.61480713,10.8433485,0 106.61507416,10.84273148,0 106.61525726,10.84234715,0 106.61556244,10.84234715,0 106.61566925,10.84260559,0 106.61547852,10.84297371,0 106.61494446,10.8434906,0 106.61457825,10.84401226,0 106.61421204,10.84453392,0 106.61393738,10.8449688,0 106.61365509,10.84540272,0 106.61339569,10.84583473,0 106.61314392,10.84626675,0 106.61319733,10.84629345,0 106.61319733,10.84629345,0 106.61319733,10.84629345,0 106.61314392,10.84625626,0 106.61218262,10.84778976,0 106.61121368,10.84932804,0 106.61127472,10.84936047,0 106.61127472,10.84936047,0 106.61127472,10.84936047,0 106.61127472,10.84936047,0 106.61127472,10.84936047,0 106.61118317,10.84931755,0 106.61030579,10.85063457,0 106.60943604,10.8519516,0 106.6085968,10.85328484,0 106.60775757,10.85461712,0 106.60786438,10.85466003,0 106.60786438,10.85466003,0 106.60786438,10.85466003,0 106.60786438,10.85466003,0 106.60786438,10.85466003,0 106.60786438,10.85466003,0 106.60786438,10.85466003,0 106.60777283,10.85460186,0 106.60756683,10.85491085,0 106.60736084,10.85522079,0 106.60715485,10.85553074,0 106.60695648,10.85583973,0 106.60675049,10.85614967,0 106.60654449,10.85645866,0 106.6063385,10.85676861,0 106.60613251,10.8570776,0 106.60620117,10.85711479,0 106.60620117,10.85711479,0 106.60620117,10.85711479,0 106.60620117,10.85711479,0 106.60620117,10.85711479,0 106.60620117,10.85711479,0 106.60612488,10.85706234,0 106.60565186,10.85773945,0 106.6051712,10.85841656,0 106.60469818,10.85909271,0 106.60421753,10.85976982,0 106.60430908,10.85982323,0 106.60430908,10.85982323,0 106.60430908,10.85982323,0 106.60430908,10.85982323,0 106.60430908,10.85982323,0 106.6042099,10.85976505,0 106.60401154,10.86004162,0 106.60381317,10.86031914,0 106.60362244,10.86059666,0 106.60342407,10.86087418,0 106.60322571,10.86115074,0 106.60302734,10.86142826,0 106.60283661,10.86170578,0 106.60263824,10.86198235,0 106.60269928,10.86201382,0 106.60269928,10.86201382,0 106.60269928,10.86201382,0 106.60263824,10.86197758,0 106.60173798,10.86324978,0 106.60083771,10.86452198,0 106.60092163,10.86456871,0 106.60092163,10.86456871,0 106.60083771,10.86452198,0 106.60004425,10.86564445,0 106.59926605,10.86674023,0 106.59934998,10.86678219,0 106.59934998,10.86678219,0 106.59934998,10.86678219,0 106.59934998,10.86678219,0 106.59927368,10.86674023,0 106.59898376,10.86714935,0 106.59870148,10.86755753,0 106.59841156,10.86796665,0 106.59812927,10.86837578,0 106.59783936,10.8687849,0 106.59754944,10.86919403,0 106.59726715,10.8696022,0 106.59697723,10.87001133,0 106.59707642,10.87007523,0 106.59707642,10.87007523,0 106.59707642,10.87007523,0 106.59707642,10.87007523,0 106.59707642,10.87007523,0 106.59707642,10.87007523,0 106.59696198,10.87000656,0 106.59673309,10.87033463,0 106.59650421,10.87066174,0 106.59627533,10.8709898,0 106.59604645,10.87131786,0 106.59614563,10.87139702,0 106.59614563,10.87139702,0 106.59614563,10.87139702,0 106.59614563,10.87139702,0 106.59614563,10.87139702,0 106.59614563,10.87139702,0 106.59603119,10.87132835,0 106.59570313,10.8717947,0 106.59536743,10.87226105,0 106.59503174,10.87272739,0 106.59470367,10.87319374,0 106.59436798,10.87366009,0 106.59403229,10.87412643,0 106.59370422,10.87459183,0 106.59337616,10.87506866,0 106.59342194,10.87509346,0 106.59342194,10.87509346,0 106.59342194,10.87509346,0 106.59342194,10.87509346,0 106.59342194,10.87509346,0 106.59342194,10.87509346,0 106.59337616,10.87506866,0 106.59317017,10.87536621,0 106.59295654,10.8756628,0 106.59275055,10.87596035,0 106.59253693,10.87625694,0 106.5923233,10.87655354,0 106.59211731,10.87685108,0 106.59190369,10.87714767,0 106.59169769,10.87744522,0 106.5917511,10.87748241,0 106.5917511,10.87748241,0 106.5917511,10.87748241,0 106.5917511,10.87748241,0 106.5917511,10.87748241,0 106.5917511,10.87748241,0 106.5917511,10.87748241,0 106.59168243,10.8774395,0 106.59102631,10.87833881,0 106.59039307,10.87924862,0 106.58974457,10.88016701,0 106.58911896,10.88107967,0 106.58917999,10.88110924,0 106.58917999,10.88110924,0 106.58917999,10.88110924,0 106.58917999,10.88110924,0 106.58917999,10.88110924,0 106.58917999,10.88110924,0 106.58917999,10.88110924,0 106.58917999,10.88110924,0 106.58911133,10.88107491,0 106.58850861,10.8819437,0 106.58789063,10.88281822,0 106.58728027,10.88369274,0 106.58666229,10.88456726,0 106.58673096,10.88461494,0 106.58673096,10.88461494,0 106.58673096,10.88461494,0 106.58673096,10.88461494,0 106.58673096,10.88461494,0 106.58673096,10.88461494,0 106.58666992,10.88458252,0 106.58596039,10.88560772,0 106.58524323,10.88663197,0 106.58454132,10.88765717,0 106.58383179,10.88868141,0 106.58387756,10.88870811,0 106.58387756,10.88870811,0 106.58387756,10.88870811,0 106.58387756,10.88870811,0 106.58387756,10.88870811,0 106.58381653,10.8886652,0 106.5830307,10.88979053,0 106.58224487,10.89091492,0 106.58146667,10.89201832,0 106.58069611,10.89312172,0 106.58074188,10.89314747,0 106.58074188,10.89314747,0 106.58074188,10.89314747,0 106.58074188,10.89314747,0 106.58074188,10.89314747,0 106.58074188,10.89314747,0 106.58069611,10.89311123,0 106.57983398,10.89436054,0 106.57897949,10.8956089,0 106.57902527,10.89566135,0 106.57902527,10.89566135,0 106.57902527,10.89566135,0 106.57902527,10.89566135,0 106.57902527,10.89566135,0 106.57902527,10.89566135,0 106.57894897,10.89560318,0 106.57824707,10.89662647,0 106.57753754,10.89764977,0 106.576828,10.89866734,0 106.57611847,10.89968586,0 106.57619476,10.89973259,0 106.57619476,10.89973259,0 106.57619476,10.89973259,0 106.57619476,10.89973259,0 106.57619476,10.89973259,0 106.57619476,10.89973259,0 106.57611847,10.89968014,0 106.57540894,10.9006815,0 106.57470703,10.9016819,0 106.57398987,10.90268517,0 106.57327271,10.90368938,0 106.57337189,10.90375233,0 106.57337189,10.90375233,0 106.57337189,10.90375233,0 106.57337189,10.90375233,0 106.57337189,10.90375233,0 106.57328796,10.90369987,0 106.57259369,10.9046526,0 106.57194519,10.90561676,0 106.57206726,10.90569115,0 106.57206726,10.90569115,0 106.57206726,10.90569115,0 106.57206726,10.90569115,0 106.57206726,10.90569115,0 106.57206726,10.90569115,0 106.57192993,10.90560627,0 106.57087708,10.90711308,0 106.56982422,10.90861988,0 106.56877136,10.91011238,0 106.56771851,10.91160583,0 106.56781006,10.91166401,0 106.56781006,10.91166401,0 106.56781006,10.91166401,0 106.56781006,10.91166401,0 106.56781006,10.91166401,0 106.56781006,10.91166401,0 106.56771851,10.91161156,0 106.56680298,10.91291809,0 106.56588745,10.91422367,0 106.56494904,10.9155407,0 106.56401825,10.91685772,0 106.56410217,10.91690063,0 106.56410217,10.91690063,0 106.56410217,10.91690063,0 106.56410217,10.91690063,0 106.56410217,10.91690063,0 106.56410217,10.91690063,0 106.56403351,10.91684723,0 106.56328583,10.91791153,0 106.56254578,10.91897583,0 106.56180573,10.92005539,0 106.56106567,10.92112923,0 106.56126404,10.92126083,0 106.56126404,10.92126083,0 106.56126404,10.92126083,0 106.56126404,10.92126083,0 106.56126404,10.92126083,0 106.56126404,10.92126083,0 106.56105804,10.92114544,0 106.56005859,10.92258358,0 106.55905914,10.92402077,0 106.55805969,10.92544842,0 106.55704498,10.92689705,0 106.55711365,10.92692947,0 106.55711365,10.92692947,0 106.55711365,10.92692947,0 106.55711365,10.92692947,0 106.55711365,10.92692947,0 106.55711365,10.92692947,0 106.55705261,10.92688084,0 106.55615234,10.92815876,0 106.5552597,10.92943573,0 106.55445099,10.9303627,0 106.55363464,10.9312849,0 106.55371094,10.93134308,0 106.55371094,10.93134308,0 106.55371094,10.93134308,0 106.55371094,10.93134308,0 106.55371094,10.93134308,0 106.55371094,10.93134308,0 106.55361938,10.93127918,0 106.552742,10.93222713,0 106.55187225,10.93317509,0 106.55092621,10.9340601,0 106.54948425,10.93492413,0 106.54955292,10.93498325,0 106.54955292,10.93498325,0 106.54955292,10.93498325,0 106.54955292,10.93498325,0 106.54955292,10.93498325,0 106.5495224,10.9349184,0 106.54794312,10.93565845,0 106.54640198,10.93640423,0 106.5448761,10.93715191,0 106.54336548,10.93789482,0 106.54342651,10.93797874,0 106.54342651,10.93797874,0 106.54342651,10.93797874,0 106.54342651,10.93797874,0 106.54342651,10.93797874,0 106.54338074,10.93788433,0 106.5418396,10.93863201,0 106.54029846,10.93937969,0 106.54033661,10.9394331,0 106.54033661,10.9394331,0 106.54033661,10.9394331,0 106.54033661,10.9394331,0 106.54033661,10.9394331,0 106.54033661,10.9394331,0 106.54030609,10.93936443,0 106.53904724,10.93997002,0 106.53778839,10.9405756,0 106.53653717,10.9411869,0 106.53528595,10.94179726,0 106.5353241,10.94184971,0 106.5353241,10.94184971,0 106.5353241,10.94184971,0 106.5353241,10.94184971,0 106.5353241,10.94184971,0 106.5353241,10.94184971,0 106.53527832,10.941782,0 106.53377533,10.94250584,0 106.53226471,10.94323063,0 106.53074646,10.94396496,0 106.52922821,10.94469929,0 106.52926636,10.94476795,0 106.52926636,10.94476795,0 106.52926636,10.94476795,0 106.52926636,10.94476795,0 106.52924347,10.94469929,0 106.52804565,10.94527626,0 106.52685547,10.94585323,0 106.52563477,10.9464426,0 106.52457428,10.94705391,0 106.52463531,10.94713306,0 106.52463531,10.94713306,0 106.52463531,10.94713306,0 106.52463531,10.94713306,0 106.52455902,10.94704342,0 106.52349091,10.94777012,0 106.52242279,10.94849682,0 106.52135468,10.94922352,0 106.52028656,10.94995022,0 106.52037048,10.95003033,0 106.52037048,10.95003033,0 106.52037048,10.95003033,0 106.52037048,10.95003033,0 106.52037048,10.95003033,0 106.52030182,10.94994545,0 106.51927948,10.95064545,0 106.51825714,10.9513464,0 106.51721191,10.95204926,0 106.51617432,10.95275211,0 106.51622772,10.95282078,0 106.51622772,10.95282078,0 106.51622772,10.95282078,0 106.51618195,10.95275211,0 106.51529694,10.95336819,0 106.51441193,10.95398521,0 106.51353455,10.95457745,0 106.51265717,10.95516968,0 106.51271057,10.95523071,0 106.51271057,10.95523071,0 106.51267242,10.95516968,0 106.51125336,10.95612812,0 106.51055908,10.9566021,0 106.50980377,10.95700264,0 106.50983429,10.95705032,0 106.50983429,10.95705032,0 106.50983429,10.95705032,0 106.50980377,10.95697594,0 106.50858307,10.95760345,0 106.50736237,10.95823002,0 106.50614929,10.95885944,0 106.50493622,10.95948887,0 106.50495911,10.95954609,0 106.50495911,10.95954609,0 106.50495911,10.95954609,0 106.50492859,10.95948887,0 106.50323486,10.96035767,0 106.50239563,10.96077919,0 106.50157928,10.96125793,0 106.50161743,10.96131706,0 106.50161743,10.96131706,0 106.50156403,10.96124744,0 106.50058746,10.96180534,0 106.4996109,10.9623642,0 106.49865723,10.96291924,0 106.49769592,10.96347523,0 106.49774933,10.96354961,0 106.49774933,10.96354961,0 106.49771118,10.96345425,0 106.49659729,10.96408367,0 106.49549103,10.9647131,0 106.49427032,10.96522617,0 106.49304962,10.9657402,0 106.49308014,10.96580029,0 106.49308014,10.96580029,0 106.49306488,10.96571922,0 106.49185944,10.96618748,0 106.49064636,10.96665573,0 106.48947144,10.96710682,0 106.48828125,10.96755695,0 106.4883194,10.96765041,0 106.4883194,10.96765041,0 106.4883194,10.96765041,0 106.4883194,10.96765041,0 106.48828888,10.96757793,0 106.4877243,10.96774101,0 106.48649596999999,10.9681778,0 106.48506927,10.96894169,0 106.48329926,10.9701004,0 106.48253632,10.97063732,0 106.48181152,10.97132778,0 106.48210144,10.97161674,0 106.48210144,10.97161674,0 106.48210144,10.97161674,0</coordinates>
        </LineString>
      </Placemark>
      <Placemark>
        <name>B 74 (Lượt về)</name>
        <description><![CDATA[&lt;b&gt;Tuyến:&lt;/b&gt; B 74 - Bến xe An Sương - Bến xe Củ Chi&lt;br/&gt;&lt;b&gt;Hành trình:&lt;/b&gt; Bến xe Củ Chi → Bến xe An Sương&lt;br/&gt;&lt;b&gt;Lượt:&lt;/b&gt; Lượt về&lt;br/&gt;&lt;b&gt;Cự ly:&lt;/b&gt; 22.29 km (Định mức: 21 km)&lt;br/&gt;&lt;b&gt;Giờ hoạt động:&lt;/b&gt; 3:30 - 21:00&lt;br/&gt;&lt;b&gt;Thời gian chạy:&lt;/b&gt; 45 phút]]></description>
        <styleUrl>#style_route_18</styleUrl>
        <LineString>
          <tessellate>1</tessellate>
          <coordinates>106.48210144,10.97161674,0 106.48188782,10.97178078,0 106.48249054,10.97271252,0 106.48316956,10.97370815,0 106.48303986,10.9737606,0 106.48152161,10.97139072,0 106.48188782,10.97103214,0 106.48246765,10.97056961,0 106.48245239,10.97049522,0 106.48264313,10.97044277,0 106.4841156,10.96945286,0 106.48487091,10.96893692,0 106.485672,10.96852016,0 106.48731995,10.96777248,0 106.48893738,10.96716213,0 106.48902893,10.96704102,0 106.48902893,10.96704102,0 106.48906708,10.96715641,0 106.49303436,10.96561337,0 106.49299622,10.96552372,0 106.49299622,10.96552372,0 106.49299622,10.96552372,0 106.4930191,10.96562386,0 106.49552155,10.96459675,0 106.49738312,10.96354866,0 106.4973526,10.96344852,0 106.4973526,10.96344852,0 106.4973526,10.96344852,0 106.49741364,10.96353817,0 106.50028229,10.96184826,0 106.50184631,10.96096325,0 106.50314331,10.960289,0 106.50315857,10.96020031,0 106.50315857,10.96020031,0 106.50315857,10.96020031,0 106.50318909,10.96027851,0 106.50505066,10.95932007,0 106.50502777,10.95920372,0 106.50502777,10.95920372,0 106.50502777,10.95920372,0 106.50502777,10.95920372,0 106.50508881,10.95929909,0 106.50971222,10.95692348,0 106.50969696,10.95681763,0 106.50969696,10.95681763,0 106.50969696,10.95681763,0 106.50973511,10.95688629,0 106.51079559,10.95627594,0 106.51177216,10.9556179,0 106.51274109,10.95494843,0 106.51370239,10.95428467,0 106.51365662,10.95420074,0 106.51365662,10.95420074,0 106.51370239,10.95429039,0 106.51456451,10.95367908,0 106.51543427,10.95306778,0 106.51543427,10.95306778,0 106.51543427,10.95306778,0 106.51543427,10.95306778,0 106.51550293,10.95312119,0 106.51726532,10.95192051,0 106.51902008,10.95071983,0 106.5189743,10.95065117,0 106.5189743,10.95065117,0 106.5189743,10.95065117,0 106.5189743,10.95065117,0 106.5189743,10.95065117,0 106.5189743,10.95065117,0 106.5190506,10.95071411,0 106.52100372,10.9493742,0 106.52296448,10.94803333,0 106.52292633,10.94795418,0 106.52292633,10.94795418,0 106.52292633,10.94795418,0 106.52292633,10.94795418,0 106.52292633,10.94795418,0 106.52292633,10.94795418,0 106.52297974,10.94800663,0 106.52497101,10.94672203,0 106.52789307,10.94526863,0 106.53082275,10.94381428,0 106.53077698,10.9436779,0 106.53077698,10.9436779,0 106.53077698,10.9436779,0 106.53077698,10.9436779,0 106.53077698,10.9436779,0 106.53077698,10.9436779,0 106.53084564,10.94380379,0 106.53224945,10.94314194,0 106.53362274,10.94248962,0 106.5349884,10.94183826,0 106.53636169,10.9411869,0 106.53634644,10.94108295,0 106.53634644,10.94108295,0 106.53642273,10.9411602,0 106.53833008,10.94022274,0 106.54024506,10.93928528,0 106.54022217,10.93918037,0 106.54022217,10.93918037,0 106.54022217,10.93918037,0 106.54026794,10.93928528,0 106.54361725,10.93766308,0 106.54360199,10.93755817,0 106.54360199,10.93755817,0 106.54360199,10.93755817,0 106.54360199,10.93755817,0 106.54360199,10.93755817,0 106.54364777,10.93766308,0 106.54673767,10.93616486,0 106.54982758,10.93466568,0 106.54979706,10.93453979,0 106.54979706,10.93453979,0 106.54979706,10.93453979,0 106.54979706,10.93453979,0 106.54979706,10.93453979,0 106.54986572,10.93463993,0 106.5510788,10.93387032,0 106.55173492,10.93326473,0 106.55289459,10.9319849,0 106.55281067,10.93191719,0 106.55281067,10.93191719,0 106.55281067,10.93191719,0 106.55288696,10.93196964,0 106.55345917,10.9313612,0 106.554039,10.93075275,0 106.55460358,10.93009949,0 106.55511475,10.92945194,0 106.55501556,10.92939854,0 106.55501556,10.92939854,0 106.55509186,10.92944145,0 106.5556488,10.92869854,0 106.55619049,10.92792988,0 106.55673218,10.92716599,0 106.55725861,10.92642784,0 106.55719757,10.92638111,0 106.55719757,10.92638111,0 106.55719757,10.92638111,0 106.55719757,10.92638111,0 106.55727386,10.92641258,0 106.55780029,10.92565918,0 106.55831909,10.92490578,0 106.55886078,10.92412949,0 106.55940247,10.92335224,0 106.5593338,10.92331696,0 106.5593338,10.92331696,0 106.5593338,10.92331696,0 106.5593338,10.92331696,0 106.5593338,10.92331696,0 106.5593338,10.92331696,0 106.5593338,10.92331696,0 106.55993652,10.92246437,0 106.56053925,10.92161179,0 106.5611496,10.92076015,0 106.56175232,10.91990757,0 106.56238556,10.91901302,0 106.5630188,10.91811943,0 106.56367493,10.91722679,0 106.56428528,10.91633129,0 106.56420898,10.91626167,0 106.56420898,10.91626167,0 106.56420898,10.91626167,0 106.56420898,10.91626167,0 106.56420898,10.91626167,0 106.56420898,10.91626167,0 106.56434631,10.91629982,0 106.56767273,10.91154861,0 106.56757355,10.91148472,0 106.56757355,10.91148472,0 106.56757355,10.91148472,0 106.56757355,10.91148472,0 106.56757355,10.91148472,0 106.56764221,10.91152191,0 106.56858826,10.91016769,0 106.56952667,10.90881443,0 106.57047272,10.90746021,0 106.57141876,10.90610695,0 106.57136536,10.90607166,0 106.57136536,10.90607166,0 106.57136536,10.90607166,0 106.57136536,10.90607166,0 106.57136536,10.90607166,0 106.57136536,10.90607166,0 106.5714035,10.90611172,0 106.57254028,10.90450001,0 106.57366943,10.9028883,0 106.57479858,10.90127373,0 106.57592773,10.89965916,0 106.57588959,10.89963818,0 106.57588959,10.89963818,0 106.57588959,10.89963818,0 106.57588959,10.89963818,0 106.57588959,10.89963818,0 106.57588959,10.89963818,0 106.57593536,10.89965916,0 106.57656097,10.89877319,0 106.57717896,10.89788723,0 106.57780457,10.89700031,0 106.57842255,10.89611435,0 106.57836151,10.89608288,0 106.57836151,10.89608288,0 106.57836151,10.89608288,0 106.57836151,10.89608288,0 106.57836151,10.89608288,0 106.57836151,10.89608288,0 106.57840729,10.89611435,0 106.57907104,10.89516163,0 106.5797348,10.89420986,0 106.58039093,10.89325809,0 106.58105469,10.89230537,0 106.58100128,10.89227867,0 106.58100128,10.89227867,0 106.58100128,10.89227867,0 106.58100128,10.89227867,0 106.58106995,10.89232635,0 106.58254242,10.89026165,0 106.58397675,10.88818645,0 106.58390808,10.88813877,0 106.58390808,10.88813877,0 106.58390808,10.88813877,0 106.58402252,10.8882122,0 106.58737946,10.88333416,0 106.58726501,10.88330841,0 106.58726501,10.88330841,0 106.58726501,10.88330841,0 106.58726501,10.88330841,0 106.58735657,10.88334465,0 106.58940125,10.88040543,0 106.58927155,10.88033676,0 106.58927155,10.88033676,0 106.58927155,10.88033676,0 106.58927155,10.88033676,0 106.58927155,10.88033676,0 106.58940125,10.88041115,0 106.59178925,10.87706566,0 106.59168243,10.87702274,0 106.59168243,10.87702274,0 106.59168243,10.87702274,0 106.59168243,10.87702274,0 106.59168243,10.87702274,0 106.59168243,10.87702274,0 106.59168243,10.87702274,0 106.59177399,10.87708092,0 106.59213257,10.87657452,0 106.59248352,10.87606716,0 106.59283447,10.87556076,0 106.59319305,10.87505341,0 106.59307861,10.87496853,0 106.59307861,10.87496853,0 106.59307861,10.87496853,0 106.59307861,10.87496853,0 106.59307861,10.87496853,0 106.59307861,10.87496853,0 106.59307861,10.87496853,0 106.59321594,10.87504768,0 106.59358978,10.87453556,0 106.59395599,10.87402344,0 106.59432983,10.87351036,0 106.59469604,10.87299824,0 106.59466553,10.87294674,0 106.59466553,10.87294674,0 106.59466553,10.87294674,0 106.59466553,10.87294674,0 106.59466553,10.87294674,0 106.59466553,10.87294674,0 106.59476471,10.87299824,0 106.59527588,10.87225533,0 106.59578705,10.87151337,0 106.59629822,10.87077045,0 106.59680939,10.87002754,0 106.59675598,10.86995411,0 106.59675598,10.86995411,0 106.59675598,10.86995411,0 106.59675598,10.86995411,0 106.59675598,10.86995411,0 106.59675598,10.86995411,0 106.59675598,10.86995411,0 106.59735107,10.8692131,0 106.59788513,10.86845779,0 106.59841919,10.86770153,0 106.59890747,10.86691856,0 106.59890747,10.86691856,0 106.59890747,10.86691856,0 106.59890747,10.86691856,0 106.59890747,10.86691856,0 106.59890747,10.86691856,0 106.59890747,10.86691856,0 106.59890747,10.86691856,0 106.59973907,10.86587048,0 106.60050964,10.86478519,0 106.60128021,10.86367893,0 106.60205078,10.86257267,0 106.60197449,10.86254597,0 106.60197449,10.86254597,0 106.60197449,10.86254597,0 106.60197449,10.86254597,0 106.60197449,10.86254597,0 106.60197449,10.86254597,0 106.60197449,10.86254597,0 106.60205841,10.86258888,0 106.60270691,10.861619,0 106.60340118,10.86066532,0 106.60332489,10.86060238,0 106.60332489,10.86060238,0 106.60332489,10.86060238,0 106.60332489,10.86060238,0 106.60332489,10.86060238,0 106.60340118,10.86065006,0 106.60375977,10.86015224,0 106.60412598,10.85965443,0 106.60448456,10.85915852,0 106.60485077,10.85866356,0 106.60520935,10.85817146,0 106.60557556,10.85767841,0 106.60590363,10.85718346,0 106.60623932,10.8566885,0 106.60617828,10.85661983,0 106.60617828,10.85661983,0 106.60617828,10.85661983,0 106.60617828,10.85661983,0 106.60617828,10.85661983,0 106.60617828,10.85661983,0 106.60626221,10.85666656,0 106.60676575,10.85591221,0 106.60726166,10.85516262,0 106.60774994,10.85441399,0 106.60823822,10.85364246,0 106.6081543,10.85359478,0 106.6081543,10.85359478,0 106.6081543,10.85359478,0 106.6081543,10.85359478,0 106.6081543,10.85359478,0 106.6081543,10.85359478,0 106.6081543,10.85359478,0 106.60823059,10.8536272,0 106.60881805,10.85268116,0 106.60940552,10.85173607,0 106.61006165,10.8507452,0 106.61070251,10.84973907,0 106.61064148,10.84971333,0 106.61064148,10.84971333,0 106.61064148,10.84971333,0 106.61064148,10.84971333,0 106.61064148,10.84971333,0 106.61064148,10.84971333,0 106.61070251,10.84973907,0 106.61142731,10.84860897,0 106.6121521,10.84747887,0 106.61287689,10.84635639,0 106.6135788,10.84521294,0 106.61352539,10.84518719,0 106.61352539,10.84518719,0 106.61352539,10.84518719,0 106.61352539,10.84518719,0 106.61352539,10.84518719,0 106.61352539,10.84518719,0 106.61358643,10.84522343,0 106.61406708,10.84443855,0 106.61330414,10.84384346,0 106.6133728,10.8437376,0</coordinates>
        </LineString>
      </Placemark>
    </Folder>
    <Folder>
      <name>TUYẾN B 78: Bến xe buýt Thới An - Cầu Lớn</name>
      <Placemark>
        <name>B 78 (Lượt đi)</name>
        <description><![CDATA[&lt;b&gt;Tuyến:&lt;/b&gt; B 78 - Bến xe buýt Thới An - Ngã ba Giồng - Cầu Lớn&lt;br/&gt;&lt;b&gt;Hành trình:&lt;/b&gt; Bến xe buýt Thới An → Bến xe buýt Cầu Lớn&lt;br/&gt;&lt;b&gt;Lượt:&lt;/b&gt; Lượt đi&lt;br/&gt;&lt;b&gt;Cự ly:&lt;/b&gt; 19.67 km (Định mức: 18 km)&lt;br/&gt;&lt;b&gt;Giờ hoạt động:&lt;/b&gt; 5:00 - 20:00&lt;br/&gt;&lt;b&gt;Thời gian chạy:&lt;/b&gt; 60 phút]]></description>
        <styleUrl>#style_route_19</styleUrl>
        <LineString>
          <tessellate>1</tessellate>
          <coordinates>106.64797974,10.87846661,0 106.64797974,10.87846661,0 106.64896393,10.87850857,0 106.64894867,10.87884045,0 106.64900208,10.8788414,0 106.64900208,10.8788414,0 106.64894104,10.87883568,0 106.64883423,10.88035297,0 106.64865875,10.8818121,0 106.64871979,10.88180065,0 106.64866638,10.88180161,0 106.64854431,10.88265991,0 106.64839935,10.88351345,0 106.64825439,10.88436127,0 106.64808655,10.88521004,0 106.6481781,10.88521957,0 106.6481781,10.88521957,0 106.64810181,10.88520432,0 106.64788818,10.8862896,0 106.64767456,10.88737488,0 106.64746857,10.88846016,0 106.64726257,10.88954544,0 106.64731598,10.88955593,0 106.64731598,10.88955593,0 106.64726257,10.88955593,0 106.64715576,10.89019299,0 106.64710236,10.89083099,0 106.64707184,10.89173698,0 106.64704132,10.89264297,0 106.64709473,10.89264297,0 106.64709473,10.89264297,0 106.64709473,10.89264297,0 106.64702606,10.89264297,0 106.6469574,10.89366245,0 106.64697266,10.89469147,0 106.64679718,10.89532948,0 106.64653015,10.89608765,0 106.64625549,10.89717293,0 106.64597321,10.898242,0 106.64606476,10.89825344,0 106.64606476,10.89825344,0 106.64606476,10.89825344,0 106.64598846,10.89823723,0 106.64577484,10.89901352,0 106.64556122,10.89979076,0 106.64538574,10.90056801,0 106.6452179,10.90134525,0 106.6452713,10.90135002,0 106.6452713,10.90135002,0 106.64521027,10.90134525,0 106.6450882,10.90196609,0 106.64491272,10.90258789,0 106.64464569,10.90351486,0 106.64441681,10.90412617,0 106.64411163,10.90474224,0 106.6439209,10.90526962,0 106.64391327,10.90558052,0 106.64400482,10.90558529,0 106.64400482,10.90558529,0 106.6439209,10.90559578,0 106.64396667,10.90626526,0 106.64402771,10.90692902,0 106.64411163,10.90757656,0 106.64420319,10.90822411,0 106.64425659,10.90821934,0 106.64425659,10.90821934,0 106.64418793,10.90822983,0 106.64425659,10.90880394,0 106.64389038,10.90858555,0 106.64351654,10.9083662,0 106.64347076,10.9084301,0 106.64347076,10.9084301,0 106.64352417,10.90837193,0 106.64286041,10.90798759,0 106.64218903,10.90760231,0 106.64152527,10.90721798,0 106.64085388,10.90683365,0 106.64080811,10.90689182,0 106.64080811,10.90689182,0 106.64086914,10.90682316,0 106.64001465,10.90633297,0 106.63916016,10.90584373,0 106.63828278,10.90535641,0 106.6374054,10.90486908,0 106.63734436,10.90497398,0 106.63734436,10.90497398,0 106.63742065,10.90486336,0 106.63640594,10.90434742,0 106.63545227,10.90377617,0 106.63446808,10.90322018,0 106.63349152,10.90268803,0 106.63340759,10.90282536,0 106.63340759,10.90282536,0 106.63348389,10.90269852,0 106.63279724,10.90231514,0 106.63210297,10.90193272,0 106.63141632,10.90154934,0 106.63072205,10.90116596,0 106.6306839,10.90124512,0 106.6306839,10.90124512,0 106.6307373,10.90116024,0 106.6300354,10.90076542,0 106.6293335,10.9003706,0 106.62863159,10.89997578,0 106.62792206,10.89958,0 106.62789154,10.89966488,0 106.62789154,10.89966488,0 106.62796021,10.89958572,0 106.62723541,10.89918041,0 106.626091,10.89839554,0 106.62523651,10.89780998,0 106.62523651,10.89780998,0 106.62465668,10.89738655,0 106.62407684,10.89696217,0 106.62346649,10.89655685,0 106.62285614,10.89615059,0 106.62285614,10.89615059,0 106.62223053,10.89570808,0 106.62160492,10.89526653,0 106.6203537,10.89437103,0 106.61907959,10.89347744,0 106.61780548,10.8925848,0 106.61777496,10.89262199,0 106.61777496,10.89262199,0 106.61780548,10.89257908,0 106.61724091,10.89215851,0 106.6166687,10.89173698,0 106.61582184,10.8915081,0 106.61497498,10.89127827,0 106.61495209,10.89133644,0 106.61495209,10.89133644,0 106.61497498,10.89128399,0 106.61417389,10.89105988,0 106.6133728,10.89083576,0 106.61273956,10.89063072,0 106.61216736,10.89041996,0 106.61215973,10.89046669,0 106.61215973,10.89046669,0 106.61219025,10.89042473,0 106.61164093,10.89009285,0 106.61108398,10.88977718,0 106.60987091,10.88917637,0 106.60910034,10.88901329,0 106.60910034,10.88901329,0 106.60804749,10.88879681,0 106.6068573,10.8888607,0 106.60572052,10.88873386,0 106.60572052,10.88873386,0 106.60497284,10.88862324,0 106.60417938,10.88854408,0 106.60374451,10.88842869,0 106.60305023,10.88815975,0 106.60305023,10.88815975,0 106.6022644,10.88775921,0 106.60153961,10.88794899,0 106.6015625,10.8880024,0 106.6015625,10.8880024,0 106.60154724,10.88795471,0 106.60109711,10.88802814,0 106.60051727,10.88805485,0 106.59947205,10.88810158,0 106.59841919,10.8882761,0 106.59841919,10.88832283,0 106.59841919,10.88832283,0 106.59840393,10.88829136,0 106.59748077,10.8883543,0 106.59653473,10.88841248,0 106.59572601,10.88847637,0 106.59514618,10.88858128,0 106.59508514,10.88866043,0 106.59490967,10.88868618,0 106.59461975,10.88897133,0 106.59466553,10.88900948,0 106.59466553,10.88900948,0 106.59466553,10.88900948,0 106.59461975,10.88895512,0 106.59407806,10.88939762,0 106.59353638,10.88984013,0 106.59294128,10.89024067,0 106.59236145,10.89038277,0 106.59181213,10.89058876,0 106.59185028,10.89064121,0 106.59185028,10.89064121,0 106.59185028,10.89064121,0 106.5918045,10.89057732,0 106.58983612,10.89173698,0 106.58795166,10.89290047,0 106.58802032,10.89300728,0 106.58802032,10.89300728,0 106.58796692,10.89291096,0 106.58481598,10.89483929,0 106.5848465,10.89488697,0 106.5848465,10.89488697,0 106.58480835,10.89484501,0 106.58203888,10.89653587,0 106.58208466,10.89659405,0 106.58208466,10.89659405,0 106.58203888,10.89654064,0 106.57702637,10.89953327,0 106.57704926,10.89956474,0 106.57704926,10.89956474,0 106.57704926,10.89956474,0 106.57702637,10.89953327,0 106.57639313,10.89994335,0 106.57572174,10.90031815,0 106.57519531,10.89980698,0 106.57474518,10.89898014,0 106.5746994,10.89900589,0 106.5746994,10.89900589,0 106.5746994,10.89900589,0 106.57474518,10.89898014,0 106.57395935,10.89756775,0 106.57355499,10.89687824,0 106.57306671,10.89622498,0 106.57302094,10.89626217,0 106.57302094,10.89626217,0 106.57306671,10.89622498,0 106.57183075,10.89456558,0 106.57115173,10.89339066,0 106.56961823,10.89016724,0 106.56955719,10.89019299,0 106.56955719,10.89019299,0 106.5696106,10.890172,0 106.56879425,10.88815975,0 106.568367,10.88715363,0 106.56801605,10.88613701,0 106.56796265,10.88616276,0 106.56796265,10.88616276,0 106.56801605,10.8861475,0 106.56746674,10.88416195,0 106.56694031,10.88220692,0 106.56687927,10.88222313,0 106.56687927,10.88222313,0 106.56694031,10.88220692,0 106.56607819,10.87897778,0 106.56603241,10.87899399,0 106.56603241,10.87899399,0 106.56607819,10.8789835,0 106.5657196,10.8776083,0 106.5654068,10.8762331,0 106.5652771,10.87554836,0 106.56482697,10.87452602,0 106.5643158,10.87356186,0 106.56427002,10.87358856,0 106.56427002,10.87358856,0 106.56427002,10.87358856,0 106.5643158,10.87356186,0 106.56388092,10.8727169,0 106.56345367,10.87187099,0 106.56319427,10.87105465,0 106.5629425,10.8702383,0 106.56141663,10.869627,0 106.55989075,10.86901569,0 106.55987549,10.86904716,0 106.55987549,10.86904716,0 106.55987549,10.86904716,0 106.55989838,10.86902142,0 106.5589447,10.86863899,0 106.5579834,10.86825752,0 106.5561676,10.86855125,0 106.55435944,10.86884499,0 106.55255127,10.86913872,0 106.55073547,10.86943245,0 106.55075073,10.86947918,0 106.55075073,10.86947918,0 106.55075073,10.86947918,0 106.55075073,10.86947918,0 106.55073547,10.86944294,0 106.54878235,10.86969566,0 106.54673767,10.86995888,0 106.54673004,10.87000561,0 106.54673004,10.87000561,0 106.54673004,10.87000561,0 106.54673004,10.87000561,0 106.54673004,10.87000561,0 106.54673004,10.87000561,0 106.54673004,10.87000561,0 106.54673004,10.86996937,0 106.54414368,10.87034893,0 106.54167938,10.87070179,0 106.54167938,10.87070179,0 106.54167938,10.87070179,0 106.54167938,10.87070179,0 106.54167938,10.87070179,0 106.54006958,10.87092781,0 106.53857422,10.87122345,0 106.53857422,10.87122345,0 106.53857422,10.87122345,0 106.53722382,10.87148094,0 106.53588104,10.87173462,0 106.53596497,10.87326241,0 106.53551483,10.87257195,0 106.53536224,10.87205601,0 106.53560638,10.87202358,0 106.53556061,10.87184525,0 106.53556061,10.87184525,0</coordinates>
        </LineString>
      </Placemark>
      <Placemark>
        <name>B 78 (Lượt về)</name>
        <description><![CDATA[&lt;b&gt;Tuyến:&lt;/b&gt; B 78 - Bến xe buýt Thới An - Ngã ba Giồng - Cầu Lớn&lt;br/&gt;&lt;b&gt;Hành trình:&lt;/b&gt; Bến xe buýt Cầu Lớn → Bến xe buýt Thới An&lt;br/&gt;&lt;b&gt;Lượt:&lt;/b&gt; Lượt về&lt;br/&gt;&lt;b&gt;Cự ly:&lt;/b&gt; 19.33 km (Định mức: 18 km)&lt;br/&gt;&lt;b&gt;Giờ hoạt động:&lt;/b&gt; 5:00 - 20:00&lt;br/&gt;&lt;b&gt;Thời gian chạy:&lt;/b&gt; 60 phút]]></description>
        <styleUrl>#style_route_19</styleUrl>
        <LineString>
          <tessellate>1</tessellate>
          <coordinates>106.53556061,10.87184525,0 106.53556061,10.87184525,0 106.53559113,10.87203979,0 106.53586578,10.8720026,0 106.53582001,10.87170219,0 106.53817749,10.87125969,0 106.53817749,10.87117577,0 106.53817749,10.87117577,0 106.53817749,10.87117577,0 106.53822327,10.87123394,0 106.54003906,10.87089634,0 106.54209137,10.87058544,0 106.54210663,10.87050056,0 106.54210663,10.87050056,0 106.54216003,10.87058544,0 106.54615784,10.87003231,0 106.54620361,10.86991119,0 106.54620361,10.86991119,0 106.54620361,10.86991119,0 106.54627991,10.87001705,0 106.55099487,10.86933708,0 106.55101013,10.86919498,0 106.55101013,10.86919498,0 106.55101013,10.86919498,0 106.55101013,10.86919498,0 106.55105591,10.86936378,0 106.55278778,10.86908627,0 106.55451202,10.86880779,0 106.5562439,10.86853027,0 106.55796814,10.8682518,0 106.55857849,10.86848354,0 106.55918884,10.86871529,0 106.55924225,10.86864662,0 106.55924225,10.86864662,0 106.55924225,10.86864662,0 106.55924225,10.86864662,0 106.55924225,10.86864662,0 106.55922699,10.86874199,0 106.56016541,10.86912155,0 106.56109619,10.86950111,0 106.56203461,10.86987972,0 106.56297302,10.87025928,0 106.56321716,10.87105751,0 106.56345367,10.87185574,0 106.56383514,10.87261486,0 106.56420898,10.87337303,0 106.56427765,10.87335682,0 106.56427765,10.87335682,0 106.56427765,10.87335682,0 106.56422424,10.87337303,0 106.56498718,10.87484741,0 106.56524658,10.87546921,0 106.56563568,10.87723923,0 106.56609344,10.87901497,0 106.56616211,10.87899876,0 106.56616211,10.87899876,0 106.56609344,10.87901497,0 106.56693268,10.88213825,0 106.56699371,10.88212299,0 106.56699371,10.88212299,0 106.56693268,10.88213348,0 106.56745911,10.88411427,0 106.56800842,10.88610554,0 106.56807709,10.88609028,0 106.56807709,10.88609028,0 106.56800842,10.8861208,0 106.56867218,10.88790703,0 106.56959534,10.89010334,0 106.56967926,10.89008808,0 106.56967926,10.89008808,0 106.56967926,10.89008808,0 106.5696106,10.89013004,0 106.56999207,10.89091492,0 106.57036591,10.89169979,0 106.57073975,10.89248466,0 106.57111359,10.89326954,0 106.57173157,10.89441776,0 106.5723877,10.895298,0 106.57304382,10.89617729,0 106.57310486,10.89614582,0 106.57310486,10.89614582,0 106.57310486,10.89614582,0 106.57310486,10.89614582,0 106.57304382,10.89617729,0 106.57333374,10.89651966,0 106.57355499,10.89686775,0 106.5739975,10.89761543,0 106.57440948,10.89836121,0 106.57482147,10.89910603,0 106.57489014,10.89908504,0 106.57489014,10.89908504,0 106.57489014,10.89908504,0 106.57482147,10.89911652,0 106.5752182,10.89981174,0 106.57556152,10.90019131,0 106.57590485,10.90021229,0 106.5769577,10.89958572,0 106.57691193,10.89949131,0 106.57691193,10.89949131,0 106.57691193,10.89949131,0 106.5769577,10.89957523,0 106.57817078,10.89884567,0 106.57939148,10.89811611,0 106.58060455,10.89738655,0 106.58182526,10.89665699,0 106.58177948,10.89655685,0 106.58177948,10.89655685,0 106.58177948,10.89655685,0 106.58177948,10.89655685,0 106.58184052,10.89664078,0 106.58316803,10.89583492,0 106.58449554,10.89502907,0 106.58443451,10.89490318,0 106.58443451,10.89490318,0 106.58443451,10.89490318,0 106.58443451,10.89490318,0 106.58451843,10.89500237,0 106.5852356,10.89455891,0 106.58595276,10.89411545,0 106.58666992,10.89367104,0 106.58738708,10.89322758,0 106.58734131,10.89305973,0 106.58734131,10.89305973,0 106.58734131,10.89305973,0 106.58734131,10.89305973,0 106.58748627,10.89320087,0 106.58840942,10.89261818,0 106.58934021,10.89203453,0 106.59027863,10.89147758,0 106.59121704,10.89092064,0 106.59118652,10.89086819,0 106.59118652,10.89086819,0 106.59118652,10.89086819,0 106.59209442,10.89041424,0 106.59288788,10.89023018,0 106.59342194,10.88985062,0 106.59442902,10.8890295,0 106.59444427,10.88894463,0 106.59444427,10.88894463,0 106.59444427,10.88894463,0 106.59494019,10.88863945,0 106.59494781,10.88848686,0 106.595047,10.88845444,0 106.59514618,10.88849163,0 106.59628296,10.88834953,0 106.59830475,10.88823318,0 106.59898376,10.88807583,0 106.59898376,10.88807583,0 106.59898376,10.88807583,0 106.59898376,10.88807583,0 106.6000824,10.88798618,0 106.60102081,10.88794899,0 106.60112762,10.88792801,0 106.60112762,10.88792801,0 106.60134888,10.88796997,0 106.60160828,10.88794041,0 106.60192871,10.8878603,0 106.60227966,10.88772964,0 106.60317993,10.88813972,0 106.60332489,10.8881073,0 106.60332489,10.8881073,0 106.6034317,10.88822269,0 106.60381317,10.88840008,0 106.60411835,10.88848019,0 106.60542297,10.88861275,0 106.60554504,10.88853931,0 106.60554504,10.88853931,0 106.60554504,10.88853931,0 106.60555267,10.88863945,0 106.60679626,10.88874435,0 106.60819244,10.88871861,0 106.60932159,10.88893414,0 106.60936737,10.88888168,0 106.60936737,10.88888168,0 106.60935211,10.8890028,0 106.60977173,10.88907623,0 106.61018372,10.88923454,0 106.61097717,10.88966656,0 106.61175537,10.89008808,0 106.61213684,10.89032459,0 106.61254883,10.89047813,0 106.61254883,10.89047813,0 106.61254883,10.89047813,0 106.61248779,10.89052963,0 106.61338806,10.89081001,0 106.61389923,10.89090443,0 106.61389923,10.89090443,0 106.61401367,10.89096832,0 106.61399841,10.89096928,0 106.61398315,10.89097023,0 106.61540221999999,10.89133644,0 106.61663055,10.89167309,0 106.61715698,10.89196301,0 106.61795807,10.89259529,0 106.62267303,10.8958559,0 106.62267303,10.8958559,0 106.62433624,10.89702034,0 106.62602997,10.89815807,0 106.62604523,10.89818478,0 106.62723541,10.89910603,0 106.62757874,10.89927959,0 106.62757874,10.89927959,0 106.63033295,10.90089703,0 106.63040161,10.90086555,0 106.63040161,10.90086555,0 106.63040161,10.9009285,0 106.63039398,10.90090752,0 106.63298035,10.90234089,0 106.63298035,10.90234089,0 106.63298035,10.90234089,0 106.63681793,10.9045105,0 106.63687134,10.90443707,0 106.63687134,10.90443707,0 106.63690186,10.90451622,0 106.6368866,10.90451622,0 106.64051056,10.90653419,0 106.64051056,10.90653419,0 106.64051056,10.90653419,0 106.64051056,10.90653419,0 106.64177704,10.90732384,0 106.64259338,10.90777111,0 106.64300537,10.90798187,0 106.64334106,10.90819263,0 106.64341736,10.90821934,0 106.64341736,10.90821934,0 106.64341736,10.90821934,0 106.64414215,10.90873528,0 106.64413452,10.90832424,0 106.64408112,10.90795612,0 106.64408112,10.90795612,0 106.64400482,10.90739155,0 106.6439209,10.90659142,0 106.64382935,10.90563774,0 106.64376831,10.90560627,0 106.64382935,10.90565872,0 106.64387512,10.90528011,0 106.64458466,10.90348339,0 106.64470673,10.90295124,0 106.6448822,10.90246677,0 106.64525604,10.90072918,0 106.64525604,10.90072918,0 106.6459198,10.89807415,0 106.6459198,10.89807415,0 106.64652252,10.89577675,0 106.64680481,10.89491272,0 106.64693451,10.89299583,0 106.64682007,10.89300632,0 106.64682007,10.89300632,0 106.64682007,10.89300632,0 106.64682007,10.89300632,0 106.64694977,10.89301682,0 106.64701843,10.89232635,0 106.64704132,10.89084625,0 106.64710999,10.89010334,0 106.64726257,10.88935566,0 106.64719391,10.88934994,0 106.64719391,10.88934994,0 106.64719391,10.88934994,0 106.64719391,10.88934994,0 106.64719391,10.88934994,0 106.64719391,10.88934994,0 106.64725494,10.88936138,0 106.6476059,10.88743782,0 106.647789,10.8864975,0 106.64797211,10.88555717,0 106.64785004,10.88554668,0 106.64785004,10.88554668,0 106.64785004,10.88554668,0 106.64785004,10.88554668,0 106.64785004,10.88554668,0 106.64797211,10.88556767,0 106.64845276,10.88284969,0 106.64857483,10.88203812,0 106.64870453,10.881217,0 106.64866638,10.88120556,0 106.64866638,10.88120556,0 106.64866638,10.88120556,0 106.64866638,10.88120556,0 106.64871216,10.88120651,0 106.64878082,10.88078976,0 106.64884186,10.87978935,0 106.64891052,10.87851048,0 106.64797974,10.87846661,0 106.64797974,10.87846661,0 106.64797974,10.87846661,0</coordinates>
        </LineString>
      </Placemark>
    </Folder>
    <Folder>
      <name>TUYẾN B 79: Bến xe Củ Chi - Đền Bến Dược</name>
      <Placemark>
        <name>B 79 (Lượt đi)</name>
        <description><![CDATA[&lt;b&gt;Tuyến:&lt;/b&gt; B 79 - Bến xe Củ Chi - Đền Bến Dược&lt;br/&gt;&lt;b&gt;Hành trình:&lt;/b&gt; Bến xe Củ Chi → Bến Dược&lt;br/&gt;&lt;b&gt;Lượt:&lt;/b&gt; Lượt đi&lt;br/&gt;&lt;b&gt;Cự ly:&lt;/b&gt; 25.42 km (Định mức: 25 km)&lt;br/&gt;&lt;b&gt;Giờ hoạt động:&lt;/b&gt; 5:00 - 20:00&lt;br/&gt;&lt;b&gt;Thời gian chạy:&lt;/b&gt; 45 phút]]></description>
        <styleUrl>#style_route_20</styleUrl>
        <LineString>
          <tessellate>1</tessellate>
          <coordinates>106.48210144,10.97161674,0 106.48210144,10.97161674,0 106.48189545,10.97177505,0 106.48313904,10.97367096,0 106.48300934,10.97377682,0 106.48152924,10.97150612,0 106.48088837,10.97208595,0 106.48028564,10.97249126,0 106.48034668,10.97253323,0 106.48034668,10.97253323,0 106.48034668,10.97253323,0 106.48034668,10.97253323,0 106.48030853,10.9724865,0 106.47917938,10.97305489,0 106.47800446,10.97359753,0 106.47684479,10.97414494,0 106.47569275,10.97469234,0 106.47573853,10.97475624,0 106.47573853,10.97475624,0 106.47573853,10.97475624,0 106.47570038,10.97468758,0 106.47437286,10.97536182,0 106.4730835,10.97607803,0 106.47312927,10.97613335,0 106.47312927,10.97613335,0 106.47312927,10.97613335,0 106.47310638,10.97606182,0 106.47207642,10.97663593,0 106.47103882,10.97721004,0 106.47097015,10.97809505,0 106.47102356,10.97809505,0 106.47102356,10.97809505,0 106.47097015,10.97806835,0 106.4708252,10.97946358,0 106.47067261,10.98084354,0 106.47053528,10.98221302,0 106.47039795,10.9835825,0 106.47052002,10.98359299,0 106.47052002,10.98359299,0 106.47039032,10.98359299,0 106.47026062,10.98474598,0 106.47011566,10.98590469,0 106.46999359,10.98705292,0 106.46987152,10.98820019,0 106.46974182,10.98924828,0 106.46965027,10.99030685,0 106.4695282,10.99081802,0 106.46914673,10.99181271,0 106.46880341,10.99265575,0 106.46891785,10.9927187,0 106.46891785,10.9927187,0 106.46880341,10.99267101,0 106.46854401,10.99334049,0 106.46828461,10.99400902,0 106.46820831,10.99453545,0 106.46816254,10.99500179,0 106.46810913,10.99546719,0 106.46799469,10.99593067,0 106.46788025,10.99639416,0 106.46794128,10.99639988,0 106.46794128,10.99639988,0 106.46788025,10.99638939,0 106.46770477,10.99720764,0 106.4675293,10.99802685,0 106.46735382,10.9988327,0 106.46717834,10.99963856,0 106.46733856,10.99967003,0 106.46733856,10.99967003,0 106.46717834,10.99962807,0 106.46694946,11.00076008,0 106.46695709,11.0012598,0 106.46733856,11.00211334,0 106.46774292,11.00294495,0 106.46780396,11.00292587,0 106.46780396,11.00292587,0 106.46780396,11.00292587,0 106.4682312,11.00373077,0 106.46865845,11.00453568,0 106.46914673,11.00533009,0 106.46963501,11.00612545,0 106.4702301,11.00683689,0 106.4708252,11.00754738,0 106.471138,11.00791073,0 106.47151184,11.00823212,0 106.47193146,11.00853729,0 106.47225189,11.00886345,0 106.47232056,11.00882244,0 106.47232056,11.00882244,0 106.47232056,11.00882244,0 106.47225189,11.00885296,0 106.47260284,11.00930595,0 106.4729538,11.00975895,0 106.47328949,11.01021671,0 106.47364807,11.01065445,0 106.47406769,11.01108074,0 106.47446442,11.01150703,0 106.47489166,11.01192093,0 106.47532654,11.01233387,0 106.47537994,11.01229668,0 106.47537994,11.01229668,0 106.47531891,11.01233959,0 106.47592926,11.01297092,0 106.47654724,11.01360321,0 106.47714996,11.01424503,0 106.47775269,11.01488781,0 106.47836304,11.01550388,0 106.47896576,11.01611996,0 106.479599,11.01674652,0 106.47991943,11.01698303,0 106.48049164,11.01720428,0 106.48052216,11.01714325,0 106.48052216,11.01714325,0 106.48047638,11.01723099,0 106.48119354,11.01739979,0 106.48229218,11.01754665,0 106.48326874,11.0177412,0 106.4835434,11.01817322,0 106.48389435,11.01903152,0 106.48412323,11.01999569,0 106.48432159,11.02096367,0 106.48435974,11.02096367,0 106.48435974,11.02096367,0 106.48435974,11.02096367,0 106.48430634,11.02097511,0 106.48445892,11.02179146,0 106.48461151,11.02260685,0 106.48474884,11.02342319,0 106.48487854,11.02423954,0 106.48499298,11.02422333,0 106.48499298,11.02422333,0 106.48499298,11.02422333,0 106.48488617,11.02423382,0 106.48504639,11.02519989,0 106.4852066,11.02616596,0 106.48536682,11.0271349,0 106.48550415,11.02811432,0 106.48555756,11.02810383,0 106.48555756,11.02810383,0 106.48549652,11.02810383,0 106.485672,11.02924156,0 106.48583984,11.03041553,0 106.48606873,11.03161049,0 106.48628235,11.03213692,0 106.48658752,11.03265858,0 106.48670197,11.03260136,0 106.48670197,11.03260136,0 106.48670197,11.03260136,0 106.48657227,11.03266335,0 106.48690796,11.03330612,0 106.48659515,11.03455448,0 106.48627472,11.03580761,0 106.48643494,11.03584385,0 106.48643494,11.03584385,0 106.48643494,11.03584385,0 106.48628998,11.0358181,0 106.48600769,11.0368948,0 106.48573303,11.0379715,0 106.48548889,11.03906631,0 106.48527527,11.04015636,0 106.48532104,11.04016113,0 106.48532104,11.04016113,0 106.48526764,11.04016113,0 106.48513031,11.04100418,0 106.48499298,11.04184628,0 106.48490143,11.04269123,0 106.48480225,11.04353619,0 106.48493958,11.04354668,0 106.48493958,11.04354668,0 106.48480988,11.0435257,0 106.48474884,11.04413128,0 106.48468018,11.04473686,0 106.48461914,11.04534245,0 106.48455811,11.04594803,0 106.48448944,11.04655266,0 106.48442841,11.04715824,0 106.48435974,11.04776287,0 106.48429108,11.04836845,0 106.48429108,11.04836845,0 106.48419189,11.04931164,0 106.48409271,11.05025482,0 106.48400879,11.05121803,0 106.48390198,11.05167103,0 106.48374939,11.05210209,0 106.4838562,11.052145,0 106.4838562,11.052145,0 106.48374939,11.05209732,0 106.48348999,11.05281067,0 106.48323822,11.05352402,0 106.48297882,11.05423737,0 106.48272705,11.05495071,0 106.48247528,11.05566406,0 106.48221588,11.05637741,0 106.48197174,11.05709171,0 106.4817276,11.05780602,0 106.4817276,11.05780602,0 106.48140717,11.05866241,0 106.48110962,11.05952072,0 106.4808197,11.06037617,0 106.48052979,11.06123161,0 106.48059082,11.06125832,0 106.48059082,11.06125832,0 106.48052979,11.06123734,0 106.48029327,11.06185532,0 106.48006439,11.06247425,0 106.47981262,11.06309032,0 106.47956085,11.0637064,0 106.47939301,11.06434345,0 106.47927856,11.06498528,0 106.47913361,11.06562233,0 106.47898102,11.06625938,0 106.47902679,11.06626987,0 106.47902679,11.06626987,0 106.47898102,11.06625938,0 106.47883606,11.06684685,0 106.47869873,11.06743336,0 106.47855377,11.06802082,0 106.47840881,11.06860733,0 106.47825623,11.06919193,0 106.47810364,11.06977654,0 106.47795105,11.07036114,0 106.47779846,11.07094479,0 106.47786713,11.070961,0 106.47786713,11.070961,0 106.47779083,11.07094479,0 106.4776001,11.07165623,0 106.47740936,11.07236671,0 106.47720337,11.07306957,0 106.47698975,11.07377243,0 106.47678375,11.07447529,0 106.47657776,11.07517815,0 106.47636414,11.07588005,0 106.47615814,11.07658195,0 106.47615814,11.07658195,0 106.47593689,11.07731533,0 106.47572327,11.07804871,0 106.47550201,11.07878208,0 106.47528839,11.07951546,0 106.47506714,11.08024788,0 106.47484589,11.08097935,0 106.47463226,11.08171082,0 106.47441101,11.08244228,0 106.47449493,11.08245945,0 106.47449493,11.08245945,0 106.47439575,11.08242702,0 106.47409821,11.08344841,0 106.4737854,11.0844593,0 106.47350311,11.08546448,0 106.47322083,11.08652306,0 106.47325134,11.08721256,0 106.47330475,11.08721733,0 106.47330475,11.08721733,0 106.47332001,11.0890913,0 106.47333527,11.09096527,0 106.47332001,11.09325027,0 106.47303009,11.09471416,0 106.47260284,11.09657192,0 106.4721756,11.09843063,0 106.47199249,11.0994091,0 106.47210693,11.10035706,0 106.47223663,11.10127449,0 106.4723587,11.10219193,0 106.4723587,11.10219193,0 106.47245026,11.1029253,0 106.47254944,11.10365868,0 106.47264099,11.10439301,0 106.47274017,11.10512638,0 106.47283936,11.10586071,0 106.47294617,11.10659409,0 106.47304535,11.10732841,0 106.47315216,11.10806274,0 106.47315216,11.10806274,0 106.4731369,11.10806847,0 106.47337341,11.10961914,0 106.47348022,11.11039639,0 106.47359467,11.11117458,0 106.47379303,11.11168003,0 106.47450256,11.11265373,0 106.47525024,11.11360073,0 106.47610474,11.11491203,0 106.47689819,11.11624908,0 106.47689819,11.11624908,0 106.47724152,11.11688995,0 106.47758484,11.11753082,0 106.47792816,11.11817169,0 106.47827148,11.11881256,0 106.47846985,11.11945534,0 106.47866821,11.12009811,0 106.47887421,11.12074089,0 106.47907257,11.12138367,0 106.47907257,11.12138367,0 106.47953796,11.12265587,0 106.47999573,11.12392807,0 106.48065186,11.1245966,0 106.48130798,11.12526512,0 106.48196411,11.12593365,0 106.48262024,11.12660217,0 106.48262024,11.12660217,0 106.48258972,11.12662888,0 106.48313141,11.12720776,0 106.4837265,11.12780285,0 106.4845047,11.12861252,0 106.48466492,11.12896538,0 106.48469543,11.12938118,0 106.48405457,11.12948704,0 106.48406982,11.12955475,0 106.48406982,11.12955475,0 106.48405457,11.1295023,0 106.48320007,11.12964153,0 106.48233795,11.12978172,0 106.4814682,11.12989235,0 106.48060608,11.13000298,0 106.48038483,11.13004971,0 106.48018646,11.13017082,0 106.47998047,11.13050747,0 106.47969818,11.13094711,0 106.47940826,11.13138676,0 106.4790802,11.13177109,0 106.4790802,11.13177109,0 106.4790802,11.13177109,0 106.4790802,11.13177109,0 106.4790802,11.13177109,0 106.47903442,11.13172913,0 106.47782135,11.13300228,0 106.47671509,11.13421822,0 106.47605133,11.13496113,0 106.47489929,11.13622952,0 106.47463226,11.13677692,0 106.47446442,11.13761902,0 106.47420502,11.13828754,0 106.47377014,11.13884544,0 106.47332001,11.13928699,0 106.4728241,11.13980865,0 106.47285461,11.13984013,0 106.47285461,11.13984013,0 106.47285461,11.13984013,0 106.47280884,11.13981342,0 106.4720459,11.1405983,0 106.47137451,11.14127159,0 106.47066498,11.14191914,0 106.46990204,11.14256096,0 106.46907806,11.14317703,0 106.46910858,11.14323521,0 106.46910858,11.14323521,0 106.46910858,11.14323521,0 106.46910858,11.14323521,0 106.46907806,11.14319801,0 106.46810913,11.14393711,0 106.4671402,11.14467716,0 106.46716309,11.14470291,0 106.46716309,11.14470291,0 106.46716309,11.14470291,0 106.46716309,11.14470291,0 106.46716309,11.14470291,0 106.4671402,11.14468765,0 106.46637726,11.14527798,0 106.46560669,11.14586926,0 106.46484375,11.14645958,0 106.46408081,11.14705086,0 106.46331787,11.14763832,0 106.46255493,11.14822674,0 106.46178436,11.14880466,0 106.46101379,11.14938259,0 106.46103668,11.14940262,0 106.46103668,11.14940262,0 106.46103668,11.14940262,0 106.46103668,11.14940262,0 106.46099854,11.14937687,0 106.46031189,11.14991379,0 106.45985413,11.15055561,0 106.45911407,11.15189266,0 106.45847321,11.15309238,0 106.45801544,11.15380287,0 106.45753479,11.15429783,0 106.45688629,11.1546402,0 106.45540619,11.15506077,0 106.4553299,11.15482426,0 106.4553299,11.15482426,0</coordinates>
        </LineString>
      </Placemark>
      <Placemark>
        <name>B 79 (Lượt về)</name>
        <description><![CDATA[&lt;b&gt;Tuyến:&lt;/b&gt; B 79 - Bến xe Củ Chi - Đền Bến Dược&lt;br/&gt;&lt;b&gt;Hành trình:&lt;/b&gt; Bến Dược → Bến xe Củ Chi&lt;br/&gt;&lt;b&gt;Lượt:&lt;/b&gt; Lượt về&lt;br/&gt;&lt;b&gt;Cự ly:&lt;/b&gt; 25.96 km (Định mức: 25 km)&lt;br/&gt;&lt;b&gt;Giờ hoạt động:&lt;/b&gt; 5:00 - 20:00&lt;br/&gt;&lt;b&gt;Thời gian chạy:&lt;/b&gt; 45 phút]]></description>
        <styleUrl>#style_route_20</styleUrl>
        <LineString>
          <tessellate>1</tessellate>
          <coordinates>106.4553299,11.15482426,0 106.45539856,11.15504551,0 106.45683289,11.1546402,0 106.45749664,11.15429783,0 106.45804596,11.15375614,0 106.4585495,11.15297127,0 106.45897675,11.1521244,0 106.4594574,11.15130329,0 106.4598999,11.15046597,0 106.46037292,11.14983463,0 106.46080017,11.14953518,0 106.46072388,11.14948177,0 106.46072388,11.14948177,0 106.467659,11.1441927,0 106.467659,11.1441927,0 106.46987915,11.14247704,0 106.46987915,11.14247704,0 106.46990204,11.14249802,0 106.47042847,11.14205551,0 106.47093964,11.14160824,0 106.47141266,11.14114285,0 106.47189331,11.1406765,0 106.47234344,11.14021492,0 106.47280121,11.13975334,0 106.47325134,11.13929081,0 106.47370148,11.13882923,0 106.47370148,11.13882923,0 106.47411346,11.13832378,0 106.47433472,11.13787651,0 106.47459412,11.13674545,0 106.47481537,11.13630772,0 106.47518921,11.13585567,0 106.47557831,11.13543415,0 106.47595978,11.13501358,0 106.47662354,11.13428211,0 106.47727966,11.13354969,0 106.4777832,11.13299465,0 106.47828674,11.13243961,0 106.47880554,11.13190746,0 106.47932434,11.13137627,0 106.47959137,11.13093853,0 106.47985077,11.13049984,0 106.47995758,11.1303339,0 106.47995758,11.1303339,0 106.48014832,11.13007069,0 106.48031616,11.1299448,0 106.48052216,11.12991333,0 106.48114014,11.12983418,0 106.48175812,11.12975502,0 106.48273468,11.12962341,0 106.48371887,11.12948132,0 106.48371887,11.12948132,0 106.4837265,11.12952328,0 106.48468781,11.12937069,0 106.48461914,11.12887096,0 106.48433685,11.12847614,0 106.48351288,11.12762833,0 106.48290253,11.12699223,0 106.48228455,11.12633419,0 106.4822464,11.12636471,0 106.4822464,11.12636471,0 106.48227692,11.12633419,0 106.48143768,11.12547302,0 106.48059082,11.12461281,0 106.47995758,11.12397003,0 106.47975159,11.12356472,0 106.47937775,11.12241745,0 106.47929382,11.1224432,0 106.47929382,11.1224432,0 106.47937775,11.12242794,0 106.47913361,11.12169552,0 106.47889709,11.12096214,0 106.47865295,11.12022972,0 106.47841644,11.11949635,0 106.47821045,11.11884403,0 106.47780609,11.11807537,0 106.47744751,11.11738777,0 106.47709656,11.11670113,0 106.47702789,11.1167326,0 106.47702789,11.1167326,0 106.47711182,11.11669636,0 106.47655487,11.11565399,0 106.47597504,11.11475945,0 106.47543335,11.11384869,0 106.47436523,11.11247444,0 106.47380829,11.11171627,0 106.47357178,11.11113262,0 106.47349548,11.1102953,0 106.47335052,11.10945797,0 106.4730835,11.10780048,0 106.47301483,11.10780525,0 106.47301483,11.10780525,0 106.47306824,11.10780048,0 106.47296143,11.10702229,0 106.47285461,11.10624504,0 106.47274017,11.10546684,0 106.47263336,11.1046896,0 106.47251892,11.10391521,0 106.47239685,11.10314178,0 106.47229767,11.10237026,0 106.47219086,11.10159874,0 106.47212219,11.10160446,0 106.47212219,11.10160446,0 106.47219086,11.10158348,0 106.47203827,11.10048866,0 106.47189331,11.09939384,0 106.47203064,11.09875965,0 106.47216797,11.0981245,0 106.47236633,11.0972538,0 106.4725647,11.09638214,0 106.47276306,11.09550858,0 106.47296143,11.09463978,0 106.47323608,11.09341908,0 106.47325897,11.09225559,0 106.47325134,11.09110737,0 106.47325134,11.09022903,0 106.47325134,11.08935452,0 106.47324371,11.08848381,0 106.47324371,11.08761215,0 106.47319794,11.08761215,0 106.47319794,11.08761215,0 106.47324371,11.08760738,0 106.47325134,11.08642292,0 106.47342682,11.08569622,0 106.47364044,11.08497524,0 106.4740448,11.08361912,0 106.47444916,11.08226395,0 106.47442627,11.08225346,0 106.47442627,11.08225346,0 106.47462463,11.08160114,0 106.47481537,11.08094978,0 106.4750061,11.08029842,0 106.47519684,11.07964706,0 106.4753952,11.07899761,0 106.47559357,11.07834721,0 106.4757843,11.07770443,0 106.47597504,11.07706261,0 106.47589874,11.07704067,0 106.47589874,11.07704067,0 106.47597504,11.07705688,0 106.47618103,11.07635975,0 106.47638702,11.07566261,0 106.47658539,11.07496452,0 106.47679138,11.07426739,0 106.47699738,11.07357502,0 106.47720337,11.07288265,0 106.4773941,11.07218266,0 106.47758484,11.0714817,0 106.47758484,11.0714817,0 106.47762299,11.07148743,0 106.47777557,11.07089806,0 106.47792816,11.07030773,0 106.47808075,11.06971836,0 106.47823334,11.06912899,0 106.47838593,11.0685339,0 106.47853088,11.0679388,0 106.47868346999999,11.06734371,0 106.47883606,11.06674957,0 106.47879028,11.06674385,0 106.47879028,11.06674385,0 106.47883606,11.06675434,0 106.47900391,11.06602001,0 106.47917938,11.06528568,0 106.47931671,11.06456947,0 106.47945404,11.06385326,0 106.47976685,11.06307697,0 106.48007965,11.06230068,0 106.48038483,11.06151581,0 106.48064423,11.06073284,0 106.48064423,11.06073284,0 106.48086548,11.06010056,0 106.48108673,11.05946827,0 106.4812851,11.05882835,0 106.48147583,11.05818939,0 106.48147583,11.05818939,0 106.48200226,11.05677319,0 106.48252106,11.05535698,0 106.48303986,11.05393982,0 106.48356628,11.05252361,0 106.48356628,11.05252361,0 106.4837265,11.05200768,0 106.48389435,11.05149174,0 106.48400879,11.05053329,0 106.48410797,11.04953957,0 106.48420715,11.04854584,0 106.48420715,11.04854584,0 106.48428345,11.04786396,0 106.48436737,11.04718113,0 106.48444366,11.0464983,0 106.48452759,11.04581642,0 106.48459625,11.0451355,0 106.48466492,11.04445362,0 106.48474121,11.0437727,0 106.48480988,11.04309177,0 106.48480988,11.04309177,0 106.48492432,11.04227066,0 106.48503876,11.04144955,0 106.4851532,11.04062939,0 106.48526764,11.03980827,0 106.48526764,11.03980827,0 106.48539734,11.03924656,0 106.48553467,11.03868484,0 106.48566437,11.03812408,0 106.4858017,11.03756237,0 106.48596954,11.03689003,0 106.48613739,11.03621769,0 106.48605347,11.03620338,0 106.48605347,11.03620338,0 106.48605347,11.03620338,0 106.48613739,11.03622818,0 106.48635101,11.03549099,0 106.48652649,11.03477478,0 106.48673248,11.03404903,0 106.48693085,11.03332233,0 106.4866333,11.03279591,0 106.48634338,11.03226852,0 106.48628998,11.03229809,0 106.48628998,11.03229809,0 106.48628998,11.03229809,0 106.48631287,11.03227425,0 106.48609924,11.03183174,0 106.48596954,11.03134727,0 106.48580933,11.03036308,0 106.48564911,11.02939415,0 106.48551941,11.02841949,0 106.485466,11.02842045,0 106.485466,11.02842045,0 106.48551178,11.02841949,0 106.48537445,11.02746677,0 106.48522949,11.02650356,0 106.48506927,11.02554512,0 106.48490143,11.02458668,0 106.48490143,11.02458668,0 106.48480988,11.02395535,0 106.48471069,11.02332306,0 106.48459625,11.022686,0 106.48448944,11.02204895,0 106.48445129,11.02205944,0 106.48445129,11.02205944,0 106.48448944,11.02205372,0 106.48435211,11.02128506,0 106.48421478,11.0205164,0 106.48405457,11.01975346,0 106.4838562,11.01898956,0 106.48349762,11.01815224,0 106.48326874,11.01780987,0 106.48287964,11.01768398,0 106.48190308,11.0175209,0 106.48091125,11.01736736,0 106.480896,11.01743603,0 106.480896,11.01743603,0 106.48092651,11.01736259,0 106.48038483,11.01721001,0 106.47985077,11.01703072,0 106.47927094,11.01651478,0 106.47805023,11.01524067,0 106.47743225,11.01460075,0 106.4768219,11.01395988,0 106.47620392,11.01331997,0 106.47559357,11.01268005,0 106.47559357,11.01268005,0 106.47559357,11.01268005,0 106.47504425,11.01213646,0 106.47450256,11.01159382,0 106.47395325,11.01105022,0 106.47341156,11.01050663,0 106.4729538,11.00986671,0 106.4724884,11.0092268,0 106.47197723,11.00863171,0 106.47127533,11.00812149,0 106.47124481,11.00815296,0 106.47124481,11.00815296,0 106.47124481,11.00815296,0 106.4712677,11.00810528,0 106.47086334,11.00771427,0 106.4704895,11.00727654,0 106.47011566,11.00683784,0 106.46974182,11.00639915,0 106.4691391,11.00543594,0 106.46853638,11.00447178,0 106.46799469,11.00347137,0 106.46748352,11.00246048,0 106.46721649,11.00187588,0 106.46692657,11.00130749,0 106.46692657,11.00085449,0 106.46707916,11.00008011,0 106.46704865,11.00007915,0 106.46704865,11.00007915,0 106.46716309,10.99956226,0 106.4672699,10.99904537,0 106.46738434,10.99852753,0 106.46749115,10.99801064,0 106.46759796,10.9974947,0 106.46770477,10.99697876,0 106.46783447,10.99646854,0 106.46795654,10.99595737,0 106.46789551,10.99594402,0 106.46789551,10.99594402,0 106.46795654,10.99595165,0 106.46813202,10.99501991,0 106.46824646,10.99404621,0 106.46861267,10.99305534,0 106.46901703,10.99209213,0 106.46896362,10.9920702,0 106.46896362,10.9920702,0 106.46902466,10.99208164,0 106.46928406,10.9914341,0 106.46954346,10.99078655,0 106.46966553,10.99014854,0 106.46975708,10.98917961,0 106.46987152,10.98819542,0 106.46999359,10.98709965,0 106.4701004,10.9860096,0 106.4702301,10.98491764,0 106.4703598,10.98382473,0 106.4703598,10.98382473,0 106.47044373,10.98313999,0 106.47049713,10.98245811,0 106.47055054,10.98177624,0 106.47063446,10.9810915,0 106.47080231,10.97975349,0 106.47093964,10.97835827,0 106.47090149,10.97835827,0 106.47090149,10.97835827,0 106.47093964,10.97835827,0 106.47103119,10.97754192,0 106.4710083,10.97712612,0 106.47189331,10.9766674,0 106.47274017,10.97615719,0 106.47271729,10.97610855,0 106.47271729,10.97610855,0 106.47271729,10.97610855,0 106.47276306,10.97615719,0 106.47372437,10.97564316,0 106.4746933,10.97513008,0 106.47564697,10.97464848,0 106.47660065,10.97416592,0 106.47657776,10.97406101,0 106.47657776,10.97406101,0 106.47657776,10.97406101,0 106.47657776,10.97406101,0 106.47662354,10.97413445,0 106.47734833,10.97375488,0 106.47812653,10.97338104,0 106.47809601,10.97330761,0 106.47809601,10.97330761,0 106.47809601,10.97330761,0 106.47809601,10.97330761,0 106.47814178,10.97338104,0 106.47930908,10.97284985,0 106.47994995,10.97254944,0 106.48053741,10.9721384,0 106.48049164,10.97209072,0 106.48049164,10.97209072,0 106.48049164,10.97209072,0 106.48049164,10.97209072,0 106.48056793,10.97216511,0 106.48134613,10.97150135,0 106.48191071,10.97102737,0 106.48249054,10.9705534,0 106.48245239,10.97049522,0 106.48245239,10.97049522,0 106.48245239,10.97049522,0 106.48248291,10.97053242,0 106.48420715,10.96936321,0 106.48522949,10.9686842,0 106.48571014,10.96838856,0 106.48602295,10.96812534,0 106.48632813,10.96824646,0 106.48619843,10.96862602,0 106.48579407,10.9686203,0 106.48487091,10.9690733,0 106.48377991,10.96977901,0 106.48271942,10.9705162,0 106.48174286,10.97130108,0 106.48210144,10.97161674,0</coordinates>
        </LineString>
      </Placemark>
    </Folder>
    <Folder>
      <name>TUYẾN B 85: Bến xe An Sương - Khu công nghiệp Nhị Xuân</name>
      <Placemark>
        <name>B 85 (Lượt đi)</name>
        <description><![CDATA[&lt;b&gt;Tuyến:&lt;/b&gt; B 85 - Bến xe An Sương - Khu công nghiệp Nhị Xuân&lt;br/&gt;&lt;b&gt;Hành trình:&lt;/b&gt; Bến xe An Sương → Bến xe buýt Cầu Lớn&lt;br/&gt;&lt;b&gt;Lượt:&lt;/b&gt; Lượt đi&lt;br/&gt;&lt;b&gt;Cự ly:&lt;/b&gt; 14.16 km (Định mức: 14 km)&lt;br/&gt;&lt;b&gt;Giờ hoạt động:&lt;/b&gt; 4:35 - 20:30&lt;br/&gt;&lt;b&gt;Thời gian chạy:&lt;/b&gt; 35 phút]]></description>
        <styleUrl>#style_route_21</styleUrl>
        <LineString>
          <tessellate>1</tessellate>
          <coordinates>106.6133728,10.8437376,0 106.61407471,10.84440231,0 106.61444092,10.84387493,0 106.61480713,10.8433485,0 106.61507416,10.84273148,0 106.61525726,10.84234715,0 106.61556244,10.84234715,0 106.61566925,10.84260559,0 106.61547852,10.84297371,0 106.61494446,10.8434906,0 106.61457825,10.84401226,0 106.61421204,10.84453392,0 106.61393738,10.8449688,0 106.61365509,10.84540272,0 106.61339569,10.84583473,0 106.61314392,10.84626675,0 106.61319733,10.84629345,0 106.61319733,10.84629345,0 106.61319733,10.84629345,0 106.61314392,10.84625626,0 106.61218262,10.84778976,0 106.61121368,10.84932804,0 106.61127472,10.84936047,0 106.61127472,10.84936047,0 106.61127472,10.84936047,0 106.61127472,10.84936047,0 106.61127472,10.84936047,0 106.61118317,10.84931755,0 106.61030579,10.85063457,0 106.60943604,10.8519516,0 106.6085968,10.85328484,0 106.60775757,10.85461712,0 106.60786438,10.85466003,0 106.60786438,10.85466003,0 106.60786438,10.85466003,0 106.60786438,10.85466003,0 106.60786438,10.85466003,0 106.60786438,10.85466003,0 106.60786438,10.85466003,0 106.60777283,10.85460186,0 106.60756683,10.85491085,0 106.60736084,10.85522079,0 106.60715485,10.85553074,0 106.60695648,10.85583973,0 106.60675049,10.85614967,0 106.60654449,10.85645866,0 106.6063385,10.85676861,0 106.60613251,10.8570776,0 106.60620117,10.85711479,0 106.60620117,10.85711479,0 106.60620117,10.85711479,0 106.60620117,10.85711479,0 106.60620117,10.85711479,0 106.60620117,10.85711479,0 106.60612488,10.85706234,0 106.60565186,10.85773945,0 106.6051712,10.85841656,0 106.60469818,10.85909271,0 106.60421753,10.85976982,0 106.60430908,10.85982323,0 106.60430908,10.85982323,0 106.60430908,10.85982323,0 106.60430908,10.85982323,0 106.60430908,10.85982323,0 106.6042099,10.85976505,0 106.60401154,10.86004162,0 106.60381317,10.86031914,0 106.60362244,10.86059666,0 106.60342407,10.86087418,0 106.60322571,10.86115074,0 106.60302734,10.86142826,0 106.60283661,10.86170578,0 106.60263824,10.86198235,0 106.60269928,10.86201382,0 106.60269928,10.86201382,0 106.60269928,10.86201382,0 106.60263824,10.86197758,0 106.60173798,10.86324978,0 106.60083771,10.86452198,0 106.60092163,10.86456871,0 106.60092163,10.86456871,0 106.60083771,10.86452198,0 106.60004425,10.86564445,0 106.59926605,10.86674023,0 106.59934998,10.86678219,0 106.59934998,10.86678219,0 106.59934998,10.86678219,0 106.59934998,10.86678219,0 106.59934998,10.86678219,0 106.59927368,10.86674023,0 106.59898376,10.86714935,0 106.59870148,10.86755753,0 106.59841156,10.86796665,0 106.59812927,10.86837578,0 106.59783936,10.8687849,0 106.59754944,10.86919403,0 106.59726715,10.8696022,0 106.59700012,10.87001705,0 106.59707642,10.87007523,0 106.59707642,10.87007523,0 106.59707642,10.87007523,0 106.59707642,10.87007523,0 106.59707642,10.87007523,0 106.59700012,10.87002754,0 106.59670258,10.87043285,0 106.59700775,10.87103844,0 106.5973053,10.87164497,0 106.5973053,10.87164497,0 106.59749603,10.87211132,0 106.59767914,10.87257671,0 106.59785461,10.87305164,0 106.59802246,10.87352562,0 106.59822845,10.8739996,0 106.59837341,10.87447357,0 106.59855652,10.87494278,0 106.59873962,10.87541103,0 106.59873962,10.87541103,0 106.59889221,10.87587452,0 106.59905243,10.87634373,0 106.59925079,10.87680721,0 106.59931946,10.87727642,0 106.59932709,10.87775612,0 106.59934235,10.87822437,0 106.59934998,10.87869835,0 106.5993576,10.87917328,0 106.5993576,10.87917328,0 106.59936523,10.87955475,0 106.59936523,10.87993622,0 106.59937286,10.88031101,0 106.59934235,10.88068485,0 106.59928131,10.88105297,0 106.5991745,10.88138008,0 106.59899902,10.88172245,0 106.59882355,10.88206482,0 106.59882355,10.88206482,0 106.59863281,10.88248348,0 106.59843445,10.88290215,0 106.59849548,10.88345528,0 106.59863281,10.88411903,0 106.59857178,10.88481998,0 106.5984726,10.88550758,0 106.59836578,10.88619518,0 106.59827423,10.88688278,0 106.59818268,10.88757038,0 106.59818268,10.88757038,0 106.59812164,10.8879652,0 106.59805298,10.88836002,0 106.59715271,10.88838863,0 106.59626007,10.8884182,0 106.59525299,10.88855457,0 106.59509277,10.8885603,0 106.59496307,10.88867092,0 106.59480286,10.88848686,0 106.59436798,10.88833332,0 106.59436798,10.88833332,0 106.59351349,10.88802528,0 106.59266663,10.88771725,0 106.59176636,10.88743401,0 106.59086609,10.88714981,0 106.59086609,10.88714981,0 106.59086609,10.88714981,0 106.59086609,10.88714981,0 106.59086609,10.88714981,0 106.58932495,10.88658428,0 106.58894348,10.88643742,0 106.58866882,10.88613701,0 106.58760071,10.88470936,0 106.58757019,10.8847332,0 106.58757019,10.8847332,0 106.58757019,10.8847332,0 106.58757019,10.8847332,0 106.58757019,10.8847332,0 106.58757019,10.8847332,0 106.58757019,10.8847332,0 106.58757019,10.8847332,0 106.58760834,10.88469887,0 106.58713531,10.88405132,0 106.58690643,10.8838768,0 106.58605957,10.88344479,0 106.58601379,10.88349247,0 106.58601379,10.88349247,0 106.58601379,10.88349247,0 106.58601379,10.88349247,0 106.58601379,10.88349247,0 106.58601379,10.88349247,0 106.58600616,10.88342381,0 106.58570862,10.88335037,0 106.58511353,10.88332939,0 106.5845108,10.88325024,0 106.58413696,10.8830452,0 106.58390808,10.88281822,0 106.58349609,10.88213825,0 106.58344269,10.88216496,0 106.58344269,10.88216496,0 106.58344269,10.88216496,0 106.58344269,10.88216496,0 106.58344269,10.88216496,0 106.58344269,10.88216496,0 106.58348083,10.88212776,0 106.58290863,10.88114834,0 106.58233643,10.88016796,0 106.58167267,10.87943649,0 106.58164978,10.8794632,0 106.58164978,10.8794632,0 106.58164978,10.8794632,0 106.58164978,10.8794632,0 106.58164978,10.8794632,0 106.58164978,10.8794632,0 106.58100128,10.87888336,0 106.58036041,10.87830353,0 106.5798645,10.87780094,0 106.57927704,10.87730217,0 106.5787735,10.87695503,0 106.57807922,10.87655735,0 106.57748413,10.87618446,0 106.57688904,10.87581158,0 106.57627869,10.87544727,0 106.57567596,10.87508202,0 106.57507324,10.87471771,0 106.57446289,10.87435246,0 106.57443237,10.87439537,0 106.57443237,10.87439537,0 106.57443237,10.87439537,0 106.57443237,10.87439537,0 106.57443237,10.87439537,0 106.57443237,10.87439537,0 106.57445526,10.87436295,0 106.57388306,10.87406158,0 106.57331085,10.87376022,0 106.57273865,10.87345791,0 106.57216644,10.87315655,0 106.57136536,10.87280369,0 106.57079315,10.87267971,0 106.57021332,10.87255573,0 106.57021332,10.87255573,0 106.57021332,10.87255573,0 106.57021332,10.87255573,0 106.57021332,10.87255573,0 106.56924438,10.8723259,0 106.56827545,10.87209511,0 106.56730652,10.87186623,0 106.56633759,10.87163448,0 106.56491852,10.87107086,0 106.56489563,10.87111282,0 106.56489563,10.87111282,0 106.56489563,10.87111282,0 106.56489563,10.87111282,0 106.56491852,10.87105465,0 106.56428528,10.87079906,0 106.56365967,10.87054348,0 106.56303406,10.8702879,0 106.56240845,10.87003231,0 106.56177521,10.86977673,0 106.5611496,10.86952209,0 106.56051636,10.86926651,0 106.55989075,10.86901093,0 106.55987549,10.86904716,0 106.55987549,10.86904716,0 106.55987549,10.86904716,0 106.55989838,10.86902142,0 106.5589447,10.86863899,0 106.5579834,10.86825752,0 106.5561676,10.86855125,0 106.55435944,10.86884499,0 106.55255127,10.86913872,0 106.55073547,10.86943245,0 106.55075073,10.86947918,0 106.55075073,10.86947918,0 106.55075073,10.86947918,0 106.55075073,10.86947918,0 106.55075073,10.86947918,0 106.55073547,10.86944294,0 106.55024719,10.86950588,0 106.54975891,10.86956978,0 106.54927063,10.86963272,0 106.54878235,10.86969566,0 106.54827118,10.86976147,0 106.54776001,10.86982727,0 106.54724884,10.86989307,0 106.54673767,10.86995888,0 106.54673004,10.87000561,0 106.54673004,10.87000561,0 106.54673004,10.87000561,0 106.54673004,10.87000561,0 106.54673004,10.87000561,0 106.54673004,10.87000561,0 106.54673004,10.87000561,0 106.54673004,10.87000561,0 106.54673004,10.86996937,0 106.5460968,10.87005615,0 106.54546356,10.87014389,0 106.54483795,10.87023067,0 106.54420471,10.87031746,0 106.54357147,10.87040424,0 106.5429306,10.87049103,0 106.54229736,10.87057495,0 106.54166412,10.87065983,0 106.54167938,10.87070179,0 106.54167938,10.87070179,0 106.54167938,10.87070179,0 106.54167938,10.87070179,0 106.54167938,10.87070179,0 106.54167938,10.87070179,0 106.54167938,10.87070179,0 106.54167938,10.87070179,0 106.54167938,10.87065411,0 106.54089355,10.87077522,0 106.54011536,10.87089634,0 106.53934479,10.87103081,0 106.53857422,10.87116528,0 106.53857422,10.87122345,0 106.53857422,10.87122345,0 106.53857422,10.87122345,0 106.53857422,10.87122345,0 106.53857422,10.87122345,0 106.53857422,10.87122345,0 106.53855896,10.871171,0 106.5370636,10.87146091,0 106.53556061,10.87174988,0 106.53556061,10.87184525,0 106.53556061,10.87184525,0</coordinates>
        </LineString>
      </Placemark>
      <Placemark>
        <name>B 85 (Lượt về)</name>
        <description><![CDATA[&lt;b&gt;Tuyến:&lt;/b&gt; B 85 - Bến xe An Sương - Khu công nghiệp Nhị Xuân&lt;br/&gt;&lt;b&gt;Hành trình:&lt;/b&gt; Bến xe buýt Cầu Lớn → Bến xe An Sương&lt;br/&gt;&lt;b&gt;Lượt:&lt;/b&gt; Lượt về&lt;br/&gt;&lt;b&gt;Cự ly:&lt;/b&gt; 13.59 km (Định mức: 14 km)&lt;br/&gt;&lt;b&gt;Giờ hoạt động:&lt;/b&gt; 4:35 - 20:30&lt;br/&gt;&lt;b&gt;Thời gian chạy:&lt;/b&gt; 35 phút]]></description>
        <styleUrl>#style_route_21</styleUrl>
        <LineString>
          <tessellate>1</tessellate>
          <coordinates>106.53556061,10.87184525,0 106.53553772,10.87174511,0 106.5365448,10.8715601,0 106.5365448,10.87150764,0 106.5365448,10.87150764,0 106.53655243,10.87156582,0 106.53736115,10.87140274,0 106.53816986,10.87123871,0 106.53817749,10.87117577,0 106.53817749,10.87117577,0 106.53817749,10.87117577,0 106.53822327,10.87123394,0 106.53913116,10.87106514,0 106.54003906,10.87089634,0 106.5410614,10.87074089,0 106.54209137,10.87058544,0 106.54210663,10.87050056,0 106.54210663,10.87050056,0 106.54210663,10.87050056,0 106.54210663,10.87050056,0 106.54210663,10.87050056,0 106.54216003,10.87058544,0 106.54315948,10.87044716,0 106.54415894,10.87030888,0 106.54515839,10.87017059,0 106.54615784,10.87003231,0 106.54620361,10.86991119,0 106.54620361,10.86991119,0 106.54620361,10.86991119,0 106.54620361,10.86991119,0 106.54620361,10.86991119,0 106.54620361,10.86991119,0 106.54627991,10.87001705,0 106.54863739,10.86967754,0 106.55099487,10.86933708,0 106.55101013,10.86919498,0 106.55101013,10.86919498,0 106.55101013,10.86919498,0 106.55101013,10.86919498,0 106.55101013,10.86919498,0 106.55105591,10.86936378,0 106.55278015,10.86908722,0 106.55449677,10.86881065,0 106.55621338,10.86853409,0 106.55793762,10.86825752,0 106.55858612,10.86843109,0 106.5591507,10.86867332,0 106.55924225,10.86864662,0 106.55924225,10.86864662,0 106.55924225,10.86864662,0 106.55924225,10.86864662,0 106.55924225,10.86864662,0 106.55924225,10.86864662,0 106.55924988,10.86871052,0 106.56056976,10.86924839,0 106.56188965,10.86978531,0 106.56320953,10.87032318,0 106.56452942,10.8708601,0 106.56459045,10.87084389,0 106.56459045,10.87084389,0 106.56459045,10.87084389,0 106.56459045,10.87084389,0 106.56459045,10.87084389,0 106.56459045,10.87084389,0 106.56464386,10.87092781,0 106.56620789,10.8715868,0 106.56793976,10.87198448,0 106.56967163,10.87238216,0 106.56977081,10.87231922,0 106.56977081,10.87231922,0 106.56977081,10.87231922,0 106.56977081,10.87231922,0 106.56977081,10.87231922,0 106.56972504,10.87245083,0 106.57056427,10.87263489,0 106.57139587,10.8728199,0 106.57225037,10.87321472,0 106.57312775,10.87366009,0 106.57400513,10.8741045,0 106.57405853,10.8740263,0 106.57405853,10.8740263,0 106.57405853,10.8740263,0 106.57405853,10.8740263,0 106.57402039,10.87412643,0 106.57534027,10.87488461,0 106.57665253,10.87564278,0 106.57788849,10.8764019,0 106.57911682,10.87716007,0 106.58013153,10.87807941,0 106.58114624,10.87899876,0 106.58126831,10.87892532,0 106.58126831,10.87892532,0 106.58126831,10.87892532,0 106.58126831,10.87892532,0 106.58126831,10.87892532,0 106.58126068,10.87901497,0 106.58178711,10.87952328,0 106.58232117,10.88003159,0 106.58269501,10.88066959,0 106.58306122,10.88130665,0 106.58312988,10.88131714,0 106.58312988,10.88131714,0 106.58312988,10.88131714,0 106.58312988,10.88131714,0 106.58312988,10.88131714,0 106.58312988,10.88131714,0 106.58309937,10.88139629,0 106.58352661,10.88211823,0 106.58394623,10.8828392,0 106.58419037,10.88307667,0 106.58455658,10.88326073,0 106.58575439,10.88335037,0 106.58634949,10.88354015,0 106.58641815,10.88350773,0 106.58641815,10.88350773,0 106.58641815,10.88350773,0 106.58641815,10.88350773,0 106.5864563,10.88358688,0 106.58709717,10.8839035,0 106.58737946,10.88438797,0 106.58773041,10.88480949,0 106.58779907,10.88479424,0 106.58779907,10.88479424,0 106.58779907,10.88479424,0 106.58779907,10.88479424,0 106.5877533,10.88487816,0 106.58839417,10.88566303,0 106.58904266,10.88644791,0 106.58982086,10.88671684,0 106.59059143,10.88698483,0 106.59069061,10.8869381,0 106.59069061,10.8869381,0 106.59069061,10.8869381,0 106.59065247,10.88700581,0 106.59143066,10.88726997,0 106.59220123,10.88753319,0 106.59298706,10.88780689,0 106.59377289,10.8880806,0 106.59381104,10.88800716,0 106.59381104,10.88800716,0 106.59377289,10.88809109,0 106.59431458,10.88828087,0 106.59485626,10.88847065,0 106.59509277,10.88850784,0 106.59552765,10.88843918,0 106.59600067,10.88839149,0 106.59702301,10.88834381,0 106.59803772,10.88829708,0 106.5980835,10.88764858,0 106.5980835,10.88764858,0 106.59818268,10.88695717,0 106.59828186,10.88626575,0 106.59838867,10.88557434,0 106.59848785,10.88488293,0 106.59853363,10.88419819,0 106.59843445,10.88348198,0 106.59837341,10.88291836,0 106.59867859,10.88211155,0 106.59867859,10.88211155,0 106.59890747,10.88170624,0 106.59912872,10.88130665,0 106.59925842,10.8809166,0 106.59929657,10.88052654,0 106.59931946,10.87973118,0 106.59928131,10.87893009,0 106.59928131,10.87893009,0 106.59928894,10.8784771,0 106.59929657,10.8780241,0 106.59927368,10.87757111,0 106.59925079,10.87712383,0 106.59912109,10.87673378,0 106.59899902,10.87634945,0 106.59884644,10.87594318,0 106.59869385,10.87553787,0 106.59869385,10.87553787,0 106.59851074,10.87502956,0 106.59833527,10.87452126,0 106.59815216,10.87401581,0 106.59796906,10.87350464,0 106.59777069,10.87300873,0 106.59757233,10.87251949,0 106.59736633,10.87202454,0 106.59715271,10.87152863,0 106.59715271,10.87152863,0 106.59686279,10.87088394,0 106.59657288,10.8702383,0 106.59675598,10.86995411,0 106.59675598,10.86995411,0 106.59675598,10.86995411,0 106.59675598,10.86995411,0 106.59675598,10.86995411,0 106.59735107,10.8692131,0 106.59788513,10.86845779,0 106.59841919,10.86770153,0 106.59890747,10.86691856,0 106.59890747,10.86691856,0 106.59890747,10.86691856,0 106.59890747,10.86691856,0 106.59890747,10.86691856,0 106.59890747,10.86691856,0 106.59890747,10.86691856,0 106.59890747,10.86691856,0 106.59973907,10.86587048,0 106.60050964,10.86478519,0 106.60128021,10.86367893,0 106.60205078,10.86257267,0 106.60197449,10.86254597,0 106.60197449,10.86254597,0 106.60197449,10.86254597,0 106.60197449,10.86254597,0 106.60197449,10.86254597,0 106.60197449,10.86254597,0 106.60197449,10.86254597,0 106.60205841,10.86258888,0 106.60270691,10.861619,0 106.60340118,10.86066532,0 106.60332489,10.86060238,0 106.60332489,10.86060238,0 106.60332489,10.86060238,0 106.60332489,10.86060238,0 106.60332489,10.86060238,0 106.60340118,10.86065006,0 106.60375977,10.86015224,0 106.60412598,10.85965443,0 106.60448456,10.85915852,0 106.60485077,10.85866356,0 106.60520935,10.85817146,0 106.60557556,10.85767841,0 106.60590363,10.85718346,0 106.60623932,10.8566885,0 106.60617828,10.85661983,0 106.60617828,10.85661983,0 106.60617828,10.85661983,0 106.60617828,10.85661983,0 106.60617828,10.85661983,0 106.60617828,10.85661983,0 106.60626221,10.85666656,0 106.60676575,10.85591221,0 106.60726166,10.85516262,0 106.60774994,10.85441399,0 106.60823822,10.85364246,0 106.6081543,10.85359478,0 106.6081543,10.85359478,0 106.6081543,10.85359478,0 106.6081543,10.85359478,0 106.6081543,10.85359478,0 106.6081543,10.85359478,0 106.6081543,10.85359478,0 106.60823059,10.8536272,0 106.60881805,10.85268116,0 106.60940552,10.85173607,0 106.61006165,10.8507452,0 106.61070251,10.84973907,0 106.61064148,10.84971333,0 106.61064148,10.84971333,0 106.61064148,10.84971333,0 106.61064148,10.84971333,0 106.61064148,10.84971333,0 106.61064148,10.84971333,0 106.61070251,10.84973907,0 106.61142731,10.84860897,0 106.6121521,10.84747887,0 106.61287689,10.84635639,0 106.6135788,10.84521294,0 106.61352539,10.84518719,0 106.61352539,10.84518719,0 106.61352539,10.84518719,0 106.61352539,10.84518719,0 106.61352539,10.84518719,0 106.61352539,10.84518719,0 106.61358643,10.84522343,0 106.61406708,10.84443855,0 106.61330414,10.84384346,0 106.6133728,10.8437376,0</coordinates>
        </LineString>
      </Placemark>
    </Folder>
    <Folder>
      <name>TUYẾN B 87: Bến xe Củ Chi - An Nhơn Tây</name>
      <Placemark>
        <name>B 87 (Lượt đi)</name>
        <description><![CDATA[&lt;b&gt;Tuyến:&lt;/b&gt; B 87 - Bến xe Củ Chi - An Nhơn Tây&lt;br/&gt;&lt;b&gt;Hành trình:&lt;/b&gt; Bến xe Củ Chi → Bến xe buýt An Nhơn Tây&lt;br/&gt;&lt;b&gt;Lượt:&lt;/b&gt; Lượt đi&lt;br/&gt;&lt;b&gt;Cự ly:&lt;/b&gt; 20.22 km (Định mức: 20 km)&lt;br/&gt;&lt;b&gt;Giờ hoạt động:&lt;/b&gt; 5:00 - 20:30&lt;br/&gt;&lt;b&gt;Thời gian chạy:&lt;/b&gt; 40 phút]]></description>
        <styleUrl>#style_route_22</styleUrl>
        <LineString>
          <tessellate>1</tessellate>
          <coordinates>106.48210144,10.97161674,0 106.48188782,10.9717598,0 106.48284149,10.97319031,0 106.48355865,10.97437,0 106.48423767,10.9755497,0 106.48432922,10.97591972,0 106.48432922,10.97653961,0 106.48428345,10.97807026,0 106.48426819,10.97861958,0 106.48428345,10.97861671,0 106.48428345,10.97861671,0 106.48428345,10.97861671,0 106.48428345,10.97861671,0 106.48426819,10.97861958,0 106.48418427,10.97971153,0 106.48418427,10.98080158,0 106.48412323,10.98187065,0 106.48409271,10.98296642,0 106.48415375,10.98309803,0 106.48410034,10.98326111,0 106.48406982,10.98397732,0 106.48407745,10.98468304,0 106.48421478,10.98469257,0 106.48421478,10.98469257,0 106.48421478,10.98469257,0 106.48421478,10.98469257,0 106.48421478,10.98469257,0 106.48421478,10.98469257,0 106.48406219,10.98469353,0 106.48406982,10.98561478,0 106.48402405,10.98653603,0 106.48402405,10.98745823,0 106.4839859,10.98837948,0 106.48409271,10.98838043,0 106.48409271,10.98838043,0 106.48409271,10.98838043,0 106.48409271,10.98838043,0 106.4839859,10.98837948,0 106.48397064,10.98922729,0 106.48390961,10.99007511,0 106.48382568,10.99026489,0 106.48374939,10.99093342,0 106.48374939,10.99219227,0 106.48368835,10.99341869,0 106.48383331,10.99342442,0 106.48383331,10.99342442,0 106.4836731,10.99342918,0 106.48362732,10.9943037,0 106.48358154,10.99525166,0 106.4838562,10.99618912,0 106.48413086,10.99683189,0 106.48428345,10.99744797,0 106.48442841,10.99741554,0 106.48442841,10.99741554,0 106.48442841,10.99741554,0 106.48429871,10.99745846,0 106.48464966,10.99877453,0 106.48361206,10.99922752,0 106.48258209,10.99962807,0 106.48262787,10.99975395,0 106.48262787,10.99975395,0 106.48262787,10.99975395,0 106.48262787,10.99975395,0 106.48257446,10.99966431,0 106.48123169,11.00031757,0 106.4807663,11.00058556,0 106.47923279,11.00150204,0 106.47737122,11.00280285,0 106.47692871,11.00327682,0 106.47702789,11.00337696,0 106.47702789,11.00337696,0 106.47702789,11.00337696,0 106.47686768,11.0032711,0 106.47586823,11.00424576,0 106.47498322,11.00527763,0 106.47399902,11.00621033,0 106.47314453,11.00717831,0 106.47328949,11.00729465,0 106.47328949,11.00729465,0 106.47328949,11.00729465,0 106.4731369,11.00718403,0 106.47261047,11.0077343,0 106.47209167,11.00830555,0 106.47161865,11.00878239,0 106.471138,11.00925827,0 106.47127533,11.00935936,0 106.47127533,11.00935936,0 106.47127533,11.00935936,0 106.47116852,11.00925827,0 106.4706192,11.00984287,0 106.47006989,11.01042747,0 106.47012329,11.01047516,0 106.47012329,11.01047516,0 106.47008514,11.0104332,0 106.46961975,11.01091862,0 106.46916199,11.01140404,0 106.46870422,11.01189041,0 106.46824646,11.01237583,0 106.46837616,11.01249695,0 106.46837616,11.01249695,0 106.46837616,11.01249695,0 106.46823883,11.01237583,0 106.46751404,11.01315498,0 106.46675873,11.01391888,0 106.46605682,11.01468754,0 106.46535492,11.0154562,0 106.46459961,11.01623344,0 106.46385193,11.01700974,0 106.46312714,11.0178051,0 106.4623642,11.01858425,0 106.46245575,11.01864719,0 106.46245575,11.01864719,0 106.46245575,11.01864719,0 106.46237183,11.01858902,0 106.46159363,11.01944733,0 106.46075439,11.02029514,0 106.46009064,11.02102757,0 106.45937347,11.02174377,0 106.45942688,11.02177525,0 106.45942688,11.02177525,0 106.45942688,11.02177525,0 106.45938873,11.02173328,0 106.45866394,11.02255917,0 106.45787811,11.02335453,0 106.45713043,11.02417088,0 106.45640564,11.02496624,0 106.45640564,11.02496624,0 106.45571899,11.02563953,0 106.45504761,11.02633476,0 106.45417023,11.02725124,0 106.45376587,11.02773857,0 106.45376587,11.02773857,0 106.45314789,11.02835655,0 106.45246887,11.02911472,0 106.45117188,11.0304594,0 106.44989777,11.03185272,0 106.44923401,11.03253746,0 106.44858551,11.03318024,0 106.44858551,11.03318024,0 106.44858551,11.03318024,0 106.44792175,11.03393841,0 106.44724274,11.03469086,0 106.44800568,11.0353756,0 106.44870758,11.03608131,0 106.44943237,11.03678608,0 106.45018005,11.03747082,0 106.45024109,11.03744984,0 106.45024109,11.03744984,0 106.45019531,11.03747654,0 106.45050812,11.03779221,0 106.45133972,11.0383873,0 106.45256042,11.03927708,0 106.4539566,11.04025078,0 106.4547348,11.04087257,0 106.45481873,11.04111481,0 106.45487976,11.04110432,0 106.45487976,11.04110432,0 106.45487976,11.04110432,0 106.45487976,11.04110432,0 106.45481873,11.04111958,0 106.45491028,11.04167271,0 106.45495605,11.04222298,0 106.4549942,11.04278755,0 106.45503235,11.04335213,0 106.45517731,11.04334736,0 106.45517731,11.04334736,0 106.45517731,11.04334736,0 106.45517731,11.04334736,0 106.4550705,11.04336262,0 106.45511627,11.04454708,0 106.45516205,11.04573154,0 106.45523071,11.04692745,0 106.45521545,11.04812717,0 106.4552536,11.04812241,0 106.4552536,11.04812241,0 106.4552536,11.04812241,0 106.45521545,11.0481329,0 106.45523834,11.04872227,0 106.45536041,11.04918003,0 106.45563507,11.04958057,0 106.45573425,11.05004883,0 106.45594788,11.05132008,0 106.45613861,11.05211353,0 106.45633698,11.05292892,0 106.45657349,11.05375004,0 106.45682526,11.05463982,0 106.45697021,11.05481434,0 106.45723724,11.05515575,0 106.45781708,11.05571938,0 106.45819855,11.05599022,0 106.45847321,11.05609035,0 106.4594574,11.05624962,0 106.45978546,11.05625629,0 106.4610672,11.05615616,0 106.4610672,11.05608273,0 106.4610672,11.05608273,0 106.4610672,11.05608273,0 106.46109009,11.05613518,0 106.46257782,11.05597496,0 106.46407318,11.05581474,0 106.46559906,11.05565357,0 106.46710968,11.05554008,0 106.46711731,11.05549335,0 106.46711731,11.05549335,0 106.46712494,11.05552959,0 106.46836853,11.0554409,0 106.46909332,11.05542469,0 106.46954346,11.05559349,0 106.47060394,11.05618763,0 106.47164154,11.05676746,0 106.47166443,11.05671978,0 106.47166443,11.05671978,0 106.4716568,11.05679321,0 106.47280121,11.05745697,0 106.47394562,11.05812073,0 106.47509003,11.05881023,0 106.47624207,11.059515,0 106.47628021,11.05944157,0 106.47628021,11.05944157,0 106.47628021,11.05944157,0 106.47628021,11.05944157,0 106.47622681,11.05950451,0 106.47702789,11.06002331,0 106.47782898,11.06054211,0 106.47865295,11.06103706,0 106.4794693,11.06153202,0 106.47955322,11.06147385,0 106.47955322,11.06147385,0 106.47955322,11.06147385,0 106.47955322,11.06147385,0 106.47955322,11.06147385,0 106.47955322,11.06147385,0 106.47951508,11.06155777,0 106.48061371,11.06224537,0 106.48171997,11.06293201,0 106.48395538,11.06430626,0 106.48457336,11.06469059,0 106.48519897,11.06509113,0 106.48526764,11.06504345,0 106.48526764,11.06504345,0 106.48526764,11.06504345,0 106.48526764,11.06504345,0 106.48522186,11.06507969,0 106.4858551,11.06552505,0 106.48648071,11.06597042,0 106.48711395,11.06641483,0 106.48773956,11.0668602,0 106.48777771,11.06680679,0 106.48777771,11.06680679,0 106.48777771,11.06680679,0 106.48773956,11.0668602,0 106.48873138,11.06756592,0 106.48973083,11.06827068,0 106.49054718,11.06890202,0 106.49184418,11.06993103,0 106.49314117,11.07096004,0 106.49317932,11.07087135,0 106.49317932,11.07087135,0 106.49317932,11.07087135,0 106.49317932,11.07087135,0 106.49314117,11.07096004,0 106.49497986,11.0723896,0 106.49729919,11.07417202,0 106.49906921,11.07540417,0 106.49911499,11.07535744,0 106.49911499,11.07535744,0 106.49911499,11.07535744,0 106.49986267,11.07590389,0 106.50064087,11.07644653,0 106.50147247,11.07696819,0 106.50219727,11.07753658,0 106.50354767,11.07882595,0 106.50423431,11.07946301,0 106.50492859,11.08010006,0 106.50492859,11.08010006,0 106.50548553,11.0806427,0 106.50606537,11.08117962,0 106.50666046,11.08171082,0 106.50725555,11.0822401,0 106.50725555,11.0822401,0 106.50785828,11.08281136,0 106.50846863,11.08337975,0 106.50910187,11.08394337,0 106.50973511,11.08450603,0 106.50979614,11.08446407,0 106.50979614,11.08446407,0 106.5131073,11.08750153,0 106.5131073,11.08750153,0 106.51335144,11.08777523,0 106.51364136,11.08804893,0 106.51418304,11.08856487,0 106.51409912,11.08893871,0 106.51410675,11.08907127,0 106.51410675,11.08907127,0 106.51410675,11.08907127,0 106.51405334,11.08904934,0 106.51384735,11.08988953,0 106.51294708,11.08962345,0 106.51217651,11.08924961,0 106.51158142,11.0887394,0 106.51099396,11.08822823,0 106.51109314,11.08813381,0 106.51109314,11.08813381,0</coordinates>
        </LineString>
      </Placemark>
      <Placemark>
        <name>B 87 (Lượt về)</name>
        <description><![CDATA[&lt;b&gt;Tuyến:&lt;/b&gt; B 87 - Bến xe Củ Chi - An Nhơn Tây&lt;br/&gt;&lt;b&gt;Hành trình:&lt;/b&gt; Bến xe buýt An Nhơn Tây → Bến xe Củ Chi&lt;br/&gt;&lt;b&gt;Lượt:&lt;/b&gt; Lượt về&lt;br/&gt;&lt;b&gt;Cự ly:&lt;/b&gt; 21.4 km (Định mức: 20 km)&lt;br/&gt;&lt;b&gt;Giờ hoạt động:&lt;/b&gt; 5:00 - 20:30&lt;br/&gt;&lt;b&gt;Thời gian chạy:&lt;/b&gt; 40 phút]]></description>
        <styleUrl>#style_route_22</styleUrl>
        <LineString>
          <tessellate>1</tessellate>
          <coordinates>106.51109314,11.08813381,0 106.51099396,11.08822823,0 106.51217651,11.08921814,0 106.51295471,11.08962345,0 106.51384735,11.08988953,0 106.51394653,11.08948612,0 106.5138855,11.08946705,0 106.5138855,11.08946705,0 106.51406097,11.08904934,0 106.51418304,11.08859634,0 106.5135498,11.08800697,0 106.51322174,11.08769608,0 106.51285553,11.08742332,0 106.51285553,11.08742332,0 106.51024628,11.08507538,0 106.51024628,11.08507538,0 106.51028442,11.08501148,0 106.5085907,11.08349991,0 106.50749207,11.08252716,0 106.50744629,11.08256912,0 106.50744629,11.08256912,0 106.50744629,11.08256912,0 106.50749969,11.08252716,0 106.50636292,11.08148479,0 106.50518799,11.08039474,0 106.50513458,11.08044815,0 106.50513458,11.08044815,0 106.50513458,11.08044815,0 106.50515747,11.08038998,0 106.5045166,11.07977962,0 106.50241089,11.07772064,0 106.50169373,11.077178,0 106.49946594,11.07566738,0 106.4994278,11.07573128,0 106.4994278,11.07573128,0 106.49946594,11.07566738,0 106.49749756,11.07432461,0 106.49596405,11.07314587,0 106.49481201,11.0722599,0 106.4934845,11.07119274,0 106.49344635,11.0712328,0 106.49344635,11.0712328,0 106.49344635,11.0712328,0 106.4934845,11.07118702,0 106.4916687,11.06976032,0 106.48974609,11.06828117,0 106.48912048,11.06785011,0 106.48806763,11.0671072,0 106.48802948,11.06715488,0 106.48802948,11.06715488,0 106.48802948,11.06715488,0 106.48802948,11.06715488,0 106.48806763,11.06709099,0 106.48654938,11.06601715,0 106.4849472,11.06490612,0 106.48492432,11.06494904,0 106.48492432,11.06494904,0 106.48492432,11.06494904,0 106.4849472,11.06488037,0 106.48297882,11.06363964,0 106.47901154,11.06122112,0 106.47897339,11.06129456,0 106.47897339,11.06129456,0 106.47902679,11.0612421,0 106.47780609,11.06048393,0 106.4765625,11.05969429,0 106.47651672,11.05973339,0 106.47651672,11.05973339,0 106.47653961,11.0597105,0 106.47596741,11.05935478,0 106.4753952,11.05899906,0 106.474823,11.05864429,0 106.47424316,11.05828857,0 106.47366333,11.05795097,0 106.47307587,11.05761242,0 106.47249603,11.05727386,0 106.47190857,11.05693531,0 106.47188568,11.05698299,0 106.47188568,11.05698299,0 106.47190857,11.05693531,0 106.47084808,11.05633545,0 106.4697876,11.05573559,0 106.4691925,11.05545139,0 106.46858978,11.05545616,0 106.46724701,11.05554008,0 106.46591187,11.05562496,0 106.46591949,11.05568314,0 106.46591949,11.05568314,0 106.46591949,11.05563545,0 106.4646759,11.05575085,0 106.46343994,11.05588818,0 106.46220398,11.05603027,0 106.46096039,11.05617237,0 106.46097565,11.05620861,0 106.46097565,11.05620861,0 106.46098328,11.05616188,0 106.45986176,11.05629349,0 106.45928192,11.05625629,0 106.45870972,11.05613518,0 106.45819855,11.05599022,0 106.45779419,11.05573559,0 106.45715332,11.05513477,0 106.45690155,11.0548296,0 106.45676422,11.05449295,0 106.45650482,11.05362415,0 106.45615387,11.05237675,0 106.45592499,11.05113411,0 106.45561981,11.04958057,0 106.45539856,11.04936981,0 106.45520782,11.04890633,0 106.45521545,11.04854298,0 106.45514679,11.0485487,0 106.45514679,11.0485487,0 106.45520782,11.0485487,0 106.45518494,11.04730701,0 106.45513916,11.04612255,0 106.45510101,11.04493904,0 106.45506287,11.04375458,0 106.45506287,11.04375458,0 106.45506287,11.04375458,0 106.45506287,11.04375458,0 106.45506287,11.04375458,0 106.45506287,11.04375458,0 106.45500183,11.04264164,0 106.45489502,11.04153538,0 106.45485687,11.04116154,0 106.45472717,11.04083538,0 106.45437622,11.04060364,0 106.4537735,11.04016685,0 106.45372009,11.04023457,0 106.45372009,11.04023457,0 106.45372009,11.04023457,0 106.45372009,11.04023457,0 106.45378113,11.04016113,0 106.4519043,11.03879738,0 106.45050049,11.03779697,0 106.45007324,11.03739738,0 106.45004272,11.03742409,0 106.45004272,11.03742409,0 106.45004272,11.03742409,0 106.45004272,11.03742409,0 106.45008087,11.03739166,0 106.44972229,11.03705215,0 106.44936371,11.03671265,0 106.4489975,11.03637314,0 106.44863892,11.03603363,0 106.44828796,11.03569984,0 106.44793701,11.0353651,0 106.44757843,11.03503132,0 106.44722748,11.03469658,0 106.44765472,11.03423595,0 106.44807434,11.03377533,0 106.44850159,11.03331375,0 106.44892883,11.03285313,0 106.44888306,11.03280067,0 106.44888306,11.03280067,0 106.44888306,11.03280067,0 106.44894409,11.03283215,0 106.45022583,11.03146362,0 106.45152283,11.03011036,0 106.45281982,11.02870941,0 106.45413208,11.02730942,0 106.45400238,11.02717686,0 106.45400238,11.02717686,0 106.45400238,11.02717686,0 106.45400238,11.02717686,0 106.45400238,11.02717686,0 106.45413971,11.02728271,0 106.45546722,11.02593517,0 106.45677185,11.02453423,0 106.45661926,11.02437592,0 106.45661926,11.02437592,0 106.45661926,11.02437592,0 106.45661926,11.02437592,0 106.45661926,11.02437592,0 106.45681,11.02448177,0 106.45831299,11.02291203,0 106.4597702,11.02132702,0 106.4596405,11.02121735,0 106.4596405,11.02121735,0 106.4596405,11.02121735,0 106.4596405,11.02121735,0 106.45976257,11.02134323,0 106.46128845,11.01978493,0 106.46276093,11.01816845,0 106.46271515,11.01811028,0 106.46271515,11.01811028,0 106.46271515,11.01811028,0 106.46271515,11.01811028,0 106.46276855,11.01814175,0 106.46401978,11.01680946,0 106.46531677,11.01549339,0 106.46660614,11.01410866,0 106.46789551,11.01272488,0 106.46789551,11.01272488,0 106.46789551,11.01272488,0 106.46875763,11.01181793,0 106.46958923,11.01089668,0 106.47046661,11.0100069,0 106.47132111,11.00908661,0 106.47132111,11.00908661,0 106.47209167,11.00829029,0 106.47281647,11.00748444,0 106.47281647,11.00748444,0 106.47473145,11.00549412,0 106.47661591,11.00346088,0 106.47661591,11.00346088,0 106.47769928,11.00252342,0 106.4798584,11.00110245,0 106.48213196,10.99973297,0 106.48213196,10.99973297,0 106.48297119,10.99948502,0 106.48462677,10.99879074,0 106.48439026,10.99773693,0 106.48439026,10.99773693,0 106.48412323,10.99684238,0 106.48371887,10.99571991,0 106.48358154,10.99520969,0 106.48364258,10.99367428,0 106.48364258,10.99367428,0 106.48370361,10.99293423,0 106.48374939,10.99130249,0 106.4838028,10.99011707,0 106.48377991,10.98893261,0 106.48377991,10.98893261,0 106.48377991,10.98893261,0 106.48381805,10.98893738,0 106.48392487,10.98527431,0 106.48392487,10.98527431,0 106.48392487,10.98527431,0 106.48392487,10.98527431,0 106.48392487,10.98527431,0 106.48394012,10.98426247,0 106.48394775,10.98325062,0 106.48387146,10.9831295,0 106.48395538,10.98299217,0 106.48399353,10.98168373,0 106.48402405,10.98037529,0 106.4839325,10.98036289,0 106.4839325,10.98036289,0 106.4839325,10.98036289,0 106.4839325,10.98036289,0 106.48400879,10.98037529,0 106.48404694,10.9792614,0 106.48407745,10.97814751,0 106.48413849,10.97703648,0 106.48414612,10.97593021,0 106.48408508,10.97559357,0 106.48350525,10.97459793,0 106.48293304,10.97360229,0 106.48256683,10.97304726,0 106.48219299,10.97249126,0 106.48182678,10.97194386,0 106.48145294,10.97139549,0 106.48194885,10.97094536,0 106.48245239,10.97049522,0 106.48245239,10.97049522,0 106.48248291,10.97053242,0 106.48420715,10.96936321,0 106.48522949,10.9686842,0 106.48571014,10.96838856,0 106.48602295,10.96812534,0 106.48632813,10.96824646,0 106.48619843,10.96862602,0 106.48579407,10.9686203,0 106.48487091,10.9690733,0 106.48377991,10.96977901,0 106.48271942,10.9705162,0 106.48174286,10.97130108,0 106.48210144,10.97161674,0</coordinates>
        </LineString>
      </Placemark>
    </Folder>
    <Folder>
      <name>TUYẾN B 94: Bến xe buýt Chợ Lớn - Bến xe Củ Chi</name>
      <Placemark>
        <name>B 94 (Lượt đi)</name>
        <description><![CDATA[&lt;b&gt;Tuyến:&lt;/b&gt; B 94 - Bến xe buýt Chợ Lớn - Bến xe Củ Chi&lt;br/&gt;&lt;b&gt;Hành trình:&lt;/b&gt; Bến xe buýt Chợ Lớn → Bến xe Củ Chi&lt;br/&gt;&lt;b&gt;Lượt:&lt;/b&gt; Lượt đi&lt;br/&gt;&lt;b&gt;Cự ly:&lt;/b&gt; 36.69 km (Định mức: 36 km)&lt;br/&gt;&lt;b&gt;Giờ hoạt động:&lt;/b&gt; 4:00 - 19:00&lt;br/&gt;&lt;b&gt;Thời gian chạy:&lt;/b&gt; 75 phút]]></description>
        <styleUrl>#style_route_23</styleUrl>
        <LineString>
          <tessellate>1</tessellate>
          <coordinates>106.652565,10.75125313,0 106.65214539,10.75122261,0 106.65193939,10.7510376,0 106.65113831,10.75101185,0 106.6505127,10.75102711,0 106.65058136,10.75180244,0 106.65058136,10.75180244,0 106.65058136,10.75180244,0 106.65066528,10.75256062,0 106.65074921,10.75331497,0 106.65145874,10.75331974,0 106.65219879,10.75337791,0 106.65220642,10.75329876,0 106.65220642,10.75329876,0 106.65219116,10.75338364,0 106.65380096,10.75356197,0 106.65389252,10.75368881,0 106.65384674,10.75381565,0 106.65383148,10.75460625,0 106.65383148,10.75460625,0 106.65375519,10.75573826,0 106.65368652,10.75687027,0 106.65454865,10.75699043,0 106.65500641,10.75708961,0 106.65502167,10.75702572,0 106.65502167,10.75702572,0 106.65502167,10.75702572,0 106.65502167,10.75702572,0 106.65501404,10.75710964,0 106.65629578,10.75736237,0 106.65757751,10.75761509,0 106.65761566,10.75756836,0 106.65761566,10.75756836,0 106.65761566,10.75756836,0 106.65761566,10.75756836,0 106.65761566,10.75756836,0 106.65761566,10.75756836,0 106.65761566,10.75762558,0 106.65886688,10.75782394,0 106.66012573,10.75807858,0 106.66012573,10.75807858,0 106.66012573,10.75807858,0 106.66012573,10.75807858,0 106.66012573,10.75807858,0 106.6608429,10.75822353,0 106.66156006,10.75836849,0 106.66139221,10.75896454,0 106.66121674,10.75955963,0 106.66135406,10.75960159,0 106.66135406,10.75960159,0 106.66135406,10.75960159,0 106.66121674,10.75956535,0 106.66081238,10.76096725,0 106.66040039,10.76236916,0 106.66004181,10.76377106,0 106.65965271,10.76519871,0 106.65975952,10.76523018,0 106.65975952,10.76523018,0 106.65962982,10.76519394,0 106.65948486,10.76573658,0 106.65934753,10.76628017,0 106.65920258,10.76682377,0 106.65906525,10.76736736,0 106.65906525,10.76736736,0 106.65906525,10.76736736,0 106.65906525,10.76736736,0 106.65872955,10.76849365,0 106.65839386,10.76961994,0 106.65852356,10.76965237,0 106.65852356,10.76965237,0 106.65840912,10.76961517,0 106.65820313,10.7703352,0 106.65799713,10.77105522,0 106.65779114,10.77181816,0 106.65758514,10.77258205,0 106.65769958,10.77260303,0 106.65769958,10.77260303,0 106.65757751,10.77257156,0 106.65731049,10.77354145,0 106.65704346,10.77451038,0 106.6567688,10.77548027,0 106.65650177,10.77645016,0 106.65662384,10.77648735,0 106.65662384,10.77648735,0 106.65649414,10.77644444,0 106.65618134,10.77761745,0 106.6558609,10.77878952,0 106.65591431,10.77880001,0 106.65591431,10.77880001,0 106.6558609,10.77878952,0 106.65569305,10.77935505,0 106.65553284,10.77992058,0 106.65536499,10.78048515,0 106.65520477,10.78105068,0 106.6552887,10.78107166,0 106.6552887,10.78107166,0 106.6552124,10.78104496,0 106.65499878,10.78177738,0 106.65478516,10.78251076,0 106.65457153,10.78324318,0 106.65435791,10.7839756,0 106.6544342,10.7840023,0 106.6544342,10.7840023,0 106.65435791,10.78398037,0 106.6540451,10.78509235,0 106.6537323,10.78620434,0 106.65378571,10.78622246,0 106.65378571,10.78622246,0 106.65378571,10.78622246,0 106.65371704,10.78619862,0 106.65336609,10.78743744,0 106.65300751,10.78867626,0 106.65307617,10.78868866,0 106.65307617,10.78868866,0 106.65307617,10.78868866,0 106.65302277,10.78868675,0 106.65280914,10.78939533,0 106.65258789,10.79010391,0 106.65250397,10.79077816,0 106.65267944,10.79147911,0 106.65301514,10.79210091,0 106.65307617,10.79210091,0 106.65307617,10.79210091,0 106.65307617,10.79210091,0 106.65307617,10.79210091,0 106.6530304,10.7921381,0 106.65341949,10.79286003,0 106.65415955,10.79375553,0 106.65460968,10.79425144,0 106.65515137,10.79474068,0 106.65519714,10.7947197,0 106.65519714,10.7947197,0 106.65519714,10.7947197,0 106.655159,10.79475689,0 106.65577698,10.79542637,0 106.65512085,10.7960844,0 106.65514374,10.7961216,0 106.65514374,10.7961216,0 106.65514374,10.7961216,0 106.65511322,10.79607964,0 106.65464783,10.7965498,0 106.65410614,10.79600048,0 106.65406799,10.79603195,0 106.65406799,10.79603195,0 106.65406799,10.79603195,0 106.65410614,10.79598999,0 106.65316772,10.79510975,0 106.65221405,10.79421902,0 106.65218353,10.79425621,0 106.65218353,10.79425621,0 106.65218353,10.79425621,0 106.65222931,10.79422474,0 106.65180206,10.79379272,0 106.65115356,10.79415131,0 106.65119171,10.79418182,0 106.65119171,10.79418182,0 106.65119171,10.79418182,0 106.65119171,10.79418182,0 106.65116119,10.79413986,0 106.64953613,10.79500484,0 106.64957428,10.79506779,0 106.64957428,10.79506779,0 106.64957428,10.79506779,0 106.64957428,10.79506779,0 106.64953613,10.79500484,0 106.64862061,10.79549217,0 106.64769745,10.7959795,0 106.64774323,10.79605293,0 106.64774323,10.79605293,0 106.64774323,10.79605293,0 106.64774323,10.79605293,0 106.64769745,10.79599476,0 106.64687347,10.79642963,0 106.64605713,10.79686451,0 106.64523315,10.79729939,0 106.64440918,10.79773426,0 106.64445496,10.79779243,0 106.64445496,10.79779243,0 106.64445496,10.79779243,0 106.64445496,10.79779243,0 106.64445496,10.79779243,0 106.64441681,10.79774475,0 106.64356232,10.79820442,0 106.64271545,10.79866409,0 106.64186096,10.79912376,0 106.64100647,10.79958344,0 106.64103699,10.79964161,0 106.64103699,10.79964161,0 106.64103699,10.79964161,0 106.64103699,10.79964161,0 106.64103699,10.79964161,0 106.64100647,10.79958916,0 106.64019775,10.80001545,0 106.63939667,10.8004427,0 106.63859558,10.80086899,0 106.63779449,10.80129623,0 106.63782501,10.8013649,0 106.63782501,10.8013649,0 106.63782501,10.8013649,0 106.63782501,10.8013649,0 106.63778687,10.80128002,0 106.63672638,10.8018446,0 106.63645172,10.80234146,0 106.6361084,10.80288029,0 106.63582611,10.80379581,0 106.63554382,10.80471039,0 106.63562775,10.80473232,0 106.63562775,10.80473232,0 106.63562775,10.80473232,0 106.63556671,10.80472088,0 106.63534546,10.8054533,0 106.63513184,10.80618572,0 106.63518524,10.80620193,0 106.63518524,10.80620193,0 106.63513184,10.80619144,0 106.63493346999999,10.80686092,0 106.63486481,10.80727196,0 106.63478851,10.80765629,0 106.63456726,10.80829906,0 106.63463593,10.80831432,0 106.63463593,10.80831432,0 106.63454437,10.8082943,0 106.63428497,10.80902672,0 106.6340332,10.80982018,0 106.63378906,10.81061268,0 106.63354492,10.81140327,0 106.63329315,10.81219292,0 106.63334656,10.81220436,0 106.63334656,10.81220436,0 106.63334656,10.81220436,0 106.63334656,10.81220436,0 106.63334656,10.81220436,0 106.63334656,10.81220436,0 106.63334656,10.81220436,0 106.63329315,10.81218815,0 106.6330719,10.81285763,0 106.63284302,10.81352615,0 106.63266754,10.81419849,0 106.63249207,10.81486988,0 106.63228607,10.81553745,0 106.63208008,10.81620598,0 106.63187408,10.81687355,0 106.63166809,10.81754112,0 106.63140869,10.81831551,0 106.6314621,10.81833172,0 106.6314621,10.81833172,0 106.6314621,10.81833172,0 106.6314621,10.81833172,0 106.6314621,10.81833172,0 106.6314621,10.81833172,0 106.63140106,10.818326,0 106.63115692,10.81915379,0 106.63090515,10.81998062,0 106.63066101,10.82081127,0 106.63041687,10.82164097,0 106.63014984,10.82241535,0 106.63025665,10.82245159,0 106.63025665,10.82245159,0 106.63025665,10.82245159,0 106.63025665,10.82245159,0 106.6301651,10.82243633,0 106.62979126,10.82305241,0 106.62921906,10.82360554,0 106.6280365,10.82470226,0 106.6268692,10.82576084,0 106.62574005,10.82688332,0 106.6258316,10.82695675,0 106.6258316,10.82695675,0 106.62571716,10.82687283,0 106.625,10.82769489,0 106.62447357,10.82856369,0 106.62459564,10.82862663,0 106.62459564,10.82862663,0 106.6244812,10.82856941,0 106.62349701,10.83011818,0 106.62251282,10.83163071,0 106.62151337,10.83318996,0 106.62050629,10.83472824,0 106.6206131,10.83478069,0 106.6206131,10.83478069,0 106.62050629,10.83471298,0 106.61995697,10.83557415,0 106.61940002,10.83643532,0 106.61884308,10.83729935,0 106.61829376,10.83816338,0 106.61840057,10.83822155,0 106.61840057,10.83822155,0 106.6182785,10.8381424,0 106.61760712,10.83916187,0 106.61693573,10.84018135,0 106.61631775,10.8411932,0 106.61569214,10.84220505,0 106.61504364,10.84322166,0 106.61440277,10.84423828,0 106.61375427,10.84524441,0 106.61312103,10.84624577,0 106.61319733,10.84629345,0 106.61319733,10.84629345,0 106.61319733,10.84629345,0 106.61314392,10.84625626,0 106.61266327,10.84702301,0 106.61217499,10.84778976,0 106.61168671,10.84855652,0 106.61119843,10.84932232,0 106.61127472,10.84936047,0 106.61127472,10.84936047,0 106.61127472,10.84936047,0 106.61127472,10.84936047,0 106.61127472,10.84936047,0 106.61127472,10.84936047,0 106.61118317,10.84931755,0 106.61030579,10.85063457,0 106.60943604,10.8519516,0 106.6085968,10.85328484,0 106.60775757,10.85461712,0 106.60786438,10.85466003,0 106.60786438,10.85466003,0 106.60786438,10.85466003,0 106.60786438,10.85466003,0 106.60786438,10.85466003,0 106.60786438,10.85466003,0 106.60786438,10.85466003,0 106.60777283,10.85460186,0 106.60756683,10.85491085,0 106.60736084,10.85522079,0 106.60715485,10.85553074,0 106.60695648,10.85583973,0 106.60675049,10.85614967,0 106.60654449,10.85645866,0 106.6063385,10.85676861,0 106.60613251,10.8570776,0 106.60620117,10.85711479,0 106.60620117,10.85711479,0 106.60620117,10.85711479,0 106.60620117,10.85711479,0 106.60620117,10.85711479,0 106.60620117,10.85711479,0 106.60612488,10.85706234,0 106.60565186,10.85773945,0 106.6051712,10.85841656,0 106.60469818,10.85909271,0 106.60421753,10.85976982,0 106.60430908,10.85982323,0 106.60430908,10.85982323,0 106.60430908,10.85982323,0 106.60430908,10.85982323,0 106.60430908,10.85982323,0 106.6042099,10.85976505,0 106.60401154,10.86004162,0 106.60381317,10.86031914,0 106.60362244,10.86059666,0 106.60342407,10.86087418,0 106.60322571,10.86115074,0 106.60302734,10.86142826,0 106.60283661,10.86170578,0 106.60263824,10.86198235,0 106.60269928,10.86201382,0 106.60269928,10.86201382,0 106.60269928,10.86201382,0 106.60269928,10.86201382,0 106.60263824,10.86197758,0 106.60218811,10.86261368,0 106.60173798,10.86324978,0 106.60128784,10.86388588,0 106.60083771,10.86452198,0 106.60092163,10.86456871,0 106.60092163,10.86456871,0 106.60092163,10.86456871,0 106.60092163,10.86456871,0 106.60083771,10.86452198,0 106.60044098,10.86508369,0 106.60004425,10.86564445,0 106.59965515,10.86619282,0 106.59926605,10.86674023,0 106.59934998,10.86678219,0 106.59934998,10.86678219,0 106.59934998,10.86678219,0 106.59934998,10.86678219,0 106.59934998,10.86678219,0 106.59927368,10.86674023,0 106.59898376,10.86714935,0 106.59870148,10.86755753,0 106.59841156,10.86796665,0 106.59812927,10.86837578,0 106.59783936,10.8687849,0 106.59754944,10.86919403,0 106.59726715,10.8696022,0 106.59697723,10.87001133,0 106.59707642,10.87007523,0 106.59707642,10.87007523,0 106.59707642,10.87007523,0 106.59707642,10.87007523,0 106.59707642,10.87007523,0 106.59707642,10.87007523,0 106.59696198,10.87000656,0 106.59673309,10.87033463,0 106.59650421,10.87066174,0 106.59627533,10.8709898,0 106.59604645,10.87131786,0 106.59614563,10.87139702,0 106.59614563,10.87139702,0 106.59614563,10.87139702,0 106.59614563,10.87139702,0 106.59614563,10.87139702,0 106.59614563,10.87139702,0 106.59603119,10.87132835,0 106.59570313,10.8717947,0 106.59536743,10.87226105,0 106.59503174,10.87272739,0 106.59470367,10.87319374,0 106.59436798,10.87366009,0 106.59403229,10.87412643,0 106.59370422,10.87459183,0 106.59337616,10.87506866,0 106.59342194,10.87509346,0 106.59342194,10.87509346,0 106.59342194,10.87509346,0 106.59342194,10.87509346,0 106.59342194,10.87509346,0 106.59342194,10.87509346,0 106.59337616,10.87506866,0 106.59317017,10.87536621,0 106.59295654,10.8756628,0 106.59275055,10.87596035,0 106.59253693,10.87625694,0 106.5923233,10.87655354,0 106.59211731,10.87685108,0 106.59190369,10.87714767,0 106.59169769,10.87744522,0 106.5917511,10.87748241,0 106.5917511,10.87748241,0 106.5917511,10.87748241,0 106.5917511,10.87748241,0 106.5917511,10.87748241,0 106.5917511,10.87748241,0 106.5917511,10.87748241,0 106.59168243,10.8774395,0 106.59102631,10.87833881,0 106.59039307,10.87924862,0 106.58974457,10.88016701,0 106.58911896,10.88107967,0 106.58917999,10.88110924,0 106.58917999,10.88110924,0 106.58917999,10.88110924,0 106.58917999,10.88110924,0 106.58917999,10.88110924,0 106.58917999,10.88110924,0 106.58917999,10.88110924,0 106.58917999,10.88110924,0 106.58911133,10.88107491,0 106.58850861,10.8819437,0 106.58789063,10.88281822,0 106.58728027,10.88369274,0 106.58666229,10.88456726,0 106.58673096,10.88461494,0 106.58673096,10.88461494,0 106.58673096,10.88461494,0 106.58673096,10.88461494,0 106.58673096,10.88461494,0 106.58673096,10.88461494,0 106.58666992,10.88458252,0 106.58596039,10.88560772,0 106.58524323,10.88663197,0 106.58454132,10.88765717,0 106.58383179,10.88868141,0 106.58387756,10.88870811,0 106.58387756,10.88870811,0 106.58387756,10.88870811,0 106.58387756,10.88870811,0 106.58387756,10.88870811,0 106.58381653,10.8886652,0 106.5830307,10.88979053,0 106.58224487,10.89091492,0 106.58146667,10.89201832,0 106.58069611,10.89312172,0 106.58074188,10.89314747,0 106.58074188,10.89314747,0 106.58074188,10.89314747,0 106.58074188,10.89314747,0 106.58074188,10.89314747,0 106.58074188,10.89314747,0 106.58069611,10.89311123,0 106.57983398,10.89436054,0 106.57897949,10.8956089,0 106.57902527,10.89566135,0 106.57902527,10.89566135,0 106.57902527,10.89566135,0 106.57902527,10.89566135,0 106.57902527,10.89566135,0 106.57902527,10.89566135,0 106.57894897,10.89560318,0 106.57824707,10.89662647,0 106.57753754,10.89764977,0 106.576828,10.89866734,0 106.57611847,10.89968586,0 106.57619476,10.89973259,0 106.57619476,10.89973259,0 106.57619476,10.89973259,0 106.57619476,10.89973259,0 106.57619476,10.89973259,0 106.57619476,10.89973259,0 106.57611847,10.89968014,0 106.57540894,10.9006815,0 106.57470703,10.9016819,0 106.57398987,10.90268517,0 106.57327271,10.90368938,0 106.57337189,10.90375233,0 106.57337189,10.90375233,0 106.57337189,10.90375233,0 106.57337189,10.90375233,0 106.57337189,10.90375233,0 106.57328796,10.90369987,0 106.57259369,10.9046526,0 106.57194519,10.90561676,0 106.57206726,10.90569115,0 106.57206726,10.90569115,0 106.57206726,10.90569115,0 106.57206726,10.90569115,0 106.57206726,10.90569115,0 106.57206726,10.90569115,0 106.57192993,10.90560627,0 106.57087708,10.90711308,0 106.56982422,10.90861988,0 106.56877136,10.91011238,0 106.56771851,10.91160583,0 106.56781006,10.91166401,0 106.56781006,10.91166401,0 106.56781006,10.91166401,0 106.56781006,10.91166401,0 106.56781006,10.91166401,0 106.56781006,10.91166401,0 106.56771851,10.91161156,0 106.56680298,10.91291809,0 106.56588745,10.91422367,0 106.56494904,10.9155407,0 106.56401825,10.91685772,0 106.56410217,10.91690063,0 106.56410217,10.91690063,0 106.56410217,10.91690063,0 106.56410217,10.91690063,0 106.56410217,10.91690063,0 106.56410217,10.91690063,0 106.56403351,10.91684723,0 106.56328583,10.91791153,0 106.56254578,10.91897583,0 106.56180573,10.92005539,0 106.56106567,10.92112923,0 106.56126404,10.92126083,0 106.56126404,10.92126083,0 106.56126404,10.92126083,0 106.56126404,10.92126083,0 106.56126404,10.92126083,0 106.56126404,10.92126083,0 106.56105804,10.92114544,0 106.56005859,10.92258358,0 106.55905914,10.92402077,0 106.55805969,10.92544842,0 106.55704498,10.92689705,0 106.55711365,10.92692947,0 106.55711365,10.92692947,0 106.55711365,10.92692947,0 106.55711365,10.92692947,0 106.55711365,10.92692947,0 106.55711365,10.92692947,0 106.55705261,10.92688084,0 106.55615234,10.92815876,0 106.5552597,10.92943573,0 106.55445099,10.9303627,0 106.55363464,10.9312849,0 106.55371094,10.93134308,0 106.55371094,10.93134308,0 106.55371094,10.93134308,0 106.55371094,10.93134308,0 106.55371094,10.93134308,0 106.55371094,10.93134308,0 106.55361938,10.93127918,0 106.552742,10.93222713,0 106.55187225,10.93317509,0 106.55092621,10.9340601,0 106.54948425,10.93492413,0 106.54955292,10.93498325,0 106.54955292,10.93498325,0 106.54955292,10.93498325,0 106.54955292,10.93498325,0 106.54955292,10.93498325,0 106.5495224,10.9349184,0 106.54794312,10.93565845,0 106.54640198,10.93640423,0 106.5448761,10.93715191,0 106.54336548,10.93789482,0 106.54342651,10.93797874,0 106.54342651,10.93797874,0 106.54342651,10.93797874,0 106.54342651,10.93797874,0 106.54342651,10.93797874,0 106.54338074,10.93788433,0 106.5418396,10.93863201,0 106.54029846,10.93937969,0 106.54033661,10.9394331,0 106.54033661,10.9394331,0 106.54033661,10.9394331,0 106.54033661,10.9394331,0 106.54033661,10.9394331,0 106.54033661,10.9394331,0 106.54030609,10.93936443,0 106.53904724,10.93997002,0 106.53778839,10.9405756,0 106.53653717,10.9411869,0 106.53528595,10.94179726,0 106.5353241,10.94184971,0 106.5353241,10.94184971,0 106.5353241,10.94184971,0 106.5353241,10.94184971,0 106.5353241,10.94184971,0 106.5353241,10.94184971,0 106.53527832,10.941782,0 106.53377533,10.94250584,0 106.53226471,10.94323063,0 106.53074646,10.94396496,0 106.52922821,10.94469929,0 106.52926636,10.94476795,0 106.52926636,10.94476795,0 106.52926636,10.94476795,0 106.52926636,10.94476795,0 106.52924347,10.94469929,0 106.52804565,10.94527626,0 106.52685547,10.94585323,0 106.52563477,10.9464426,0 106.52457428,10.94705391,0 106.52463531,10.94713306,0 106.52463531,10.94713306,0 106.52463531,10.94713306,0 106.52463531,10.94713306,0 106.52455902,10.94704342,0 106.52349091,10.94777012,0 106.52242279,10.94849682,0 106.52135468,10.94922352,0 106.52028656,10.94995022,0 106.52037048,10.95003033,0 106.52037048,10.95003033,0 106.52037048,10.95003033,0 106.52037048,10.95003033,0 106.52037048,10.95003033,0 106.52030182,10.94994545,0 106.51927948,10.95064545,0 106.51825714,10.9513464,0 106.51721191,10.95204926,0 106.51617432,10.95275211,0 106.51622772,10.95282078,0 106.51622772,10.95282078,0 106.51622772,10.95282078,0 106.51618195,10.95275211,0 106.51529694,10.95336819,0 106.51441193,10.95398521,0 106.51353455,10.95457745,0 106.51265717,10.95516968,0 106.51271057,10.95523071,0 106.51271057,10.95523071,0 106.51267242,10.95516968,0 106.51125336,10.95612812,0 106.51055908,10.9566021,0 106.50980377,10.95700264,0 106.50983429,10.95705032,0 106.50983429,10.95705032,0 106.50983429,10.95705032,0 106.50980377,10.95697594,0 106.50858307,10.95760345,0 106.50736237,10.95823002,0 106.50614929,10.95885944,0 106.50493622,10.95948887,0 106.50495911,10.95954609,0 106.50495911,10.95954609,0 106.50495911,10.95954609,0 106.50492859,10.95948887,0 106.50323486,10.96035767,0 106.50239563,10.96077919,0 106.50157928,10.96125793,0 106.50161743,10.96131706,0 106.50161743,10.96131706,0 106.50156403,10.96124744,0 106.50058746,10.96180534,0 106.4996109,10.9623642,0 106.49865723,10.96291924,0 106.49769592,10.96347523,0 106.49774933,10.96354961,0 106.49774933,10.96354961,0 106.49771118,10.96345425,0 106.49659729,10.96408367,0 106.49549103,10.9647131,0 106.49427032,10.96522617,0 106.49304962,10.9657402,0 106.49308014,10.96580029,0 106.49308014,10.96580029,0 106.49306488,10.96571922,0 106.49185944,10.96618748,0 106.49064636,10.96665573,0 106.48947144,10.96710682,0 106.48828125,10.96755695,0 106.4883194,10.96765041,0 106.4883194,10.96765041,0 106.4883194,10.96765041,0 106.4883194,10.96765041,0 106.48828888,10.96757793,0 106.4877243,10.96774101,0 106.48649596999999,10.9681778,0 106.48506927,10.96894169,0 106.48329926,10.9701004,0 106.48253632,10.97063732,0 106.48181152,10.97132778,0 106.48210144,10.97161674,0 106.48210144,10.97161674,0 106.48210144,10.97161674,0</coordinates>
        </LineString>
      </Placemark>
      <Placemark>
        <name>B 94 (Lượt về)</name>
        <description><![CDATA[&lt;b&gt;Tuyến:&lt;/b&gt; B 94 - Bến xe buýt Chợ Lớn - Bến xe Củ Chi&lt;br/&gt;&lt;b&gt;Hành trình:&lt;/b&gt; Bến xe Củ Chi → Bến xe buýt Chợ Lớn&lt;br/&gt;&lt;b&gt;Lượt:&lt;/b&gt; Lượt về&lt;br/&gt;&lt;b&gt;Cự ly:&lt;/b&gt; 35.79 km (Định mức: 36 km)&lt;br/&gt;&lt;b&gt;Giờ hoạt động:&lt;/b&gt; 4:00 - 19:00&lt;br/&gt;&lt;b&gt;Thời gian chạy:&lt;/b&gt; 75 phút]]></description>
        <styleUrl>#style_route_23</styleUrl>
        <LineString>
          <tessellate>1</tessellate>
          <coordinates>106.48210144,10.97161674,0 106.48188782,10.97178078,0 106.48249054,10.97271252,0 106.48316956,10.97370815,0 106.48303986,10.9737606,0 106.48152161,10.97139072,0 106.48188782,10.97103214,0 106.48246765,10.97056961,0 106.48245239,10.97049522,0 106.48264313,10.97044277,0 106.4841156,10.96945286,0 106.48487091,10.96893692,0 106.485672,10.96852016,0 106.48731995,10.96777248,0 106.48893738,10.96716213,0 106.48902893,10.96704102,0 106.48902893,10.96704102,0 106.48904419,10.96714115,0 106.4910202,10.96638012,0 106.49299622,10.96561909,0 106.49299622,10.96552372,0 106.49299622,10.96552372,0 106.49299622,10.96552372,0 106.49299622,10.96552372,0 106.4930191,10.96562386,0 106.49427032,10.96511078,0 106.49552155,10.96459675,0 106.49645233,10.96407318,0 106.49738312,10.96354866,0 106.4973526,10.96344852,0 106.4973526,10.96344852,0 106.4973526,10.96344852,0 106.4973526,10.96344852,0 106.4973526,10.96344852,0 106.49740601,10.96351242,0 106.49884033,10.96267986,0 106.50028229,10.96184826,0 106.50184631,10.96096325,0 106.50314331,10.960289,0 106.50315857,10.96020031,0 106.50315857,10.96020031,0 106.50315857,10.96020031,0 106.50315857,10.96020031,0 106.50318909,10.96027851,0 106.50505066,10.95932007,0 106.50502777,10.95920372,0 106.50502777,10.95920372,0 106.50502777,10.95920372,0 106.50502777,10.95920372,0 106.50502777,10.95920372,0 106.50508881,10.95929909,0 106.50624084,10.95870495,0 106.50740051,10.95811176,0 106.50856018,10.95751762,0 106.50971222,10.95692348,0 106.50969696,10.95681763,0 106.50969696,10.95681763,0 106.50969696,10.95681763,0 106.50969696,10.95681763,0 106.50973511,10.95688629,0 106.51079559,10.95627594,0 106.51177216,10.9556179,0 106.51274109,10.95494843,0 106.51370239,10.95428467,0 106.51365662,10.95420074,0 106.51365662,10.95420074,0 106.51370239,10.95429039,0 106.51456451,10.95367908,0 106.51543427,10.95306778,0 106.51543427,10.95306778,0 106.51543427,10.95306778,0 106.51543427,10.95306778,0 106.51550293,10.95312119,0 106.51726532,10.95192051,0 106.51902008,10.95071983,0 106.5189743,10.95065117,0 106.5189743,10.95065117,0 106.5189743,10.95065117,0 106.5189743,10.95065117,0 106.5189743,10.95065117,0 106.5189743,10.95065117,0 106.5190506,10.95071411,0 106.52100372,10.9493742,0 106.52296448,10.94803333,0 106.52292633,10.94795418,0 106.52292633,10.94795418,0 106.52292633,10.94795418,0 106.52292633,10.94795418,0 106.52292633,10.94795418,0 106.52292633,10.94795418,0 106.52297974,10.94800663,0 106.52497101,10.94672203,0 106.52789307,10.94526863,0 106.53082275,10.94381428,0 106.53077698,10.9436779,0 106.53077698,10.9436779,0 106.53077698,10.9436779,0 106.53077698,10.9436779,0 106.53077698,10.9436779,0 106.53077698,10.9436779,0 106.53084564,10.94380379,0 106.53224945,10.94314194,0 106.53362274,10.94248962,0 106.5349884,10.94183826,0 106.53636169,10.9411869,0 106.53634644,10.94108295,0 106.53634644,10.94108295,0 106.53642273,10.9411602,0 106.53833008,10.94022274,0 106.54024506,10.93928528,0 106.54022217,10.93918037,0 106.54022217,10.93918037,0 106.54022217,10.93918037,0 106.54026794,10.93928528,0 106.54361725,10.93766308,0 106.54360199,10.93755817,0 106.54360199,10.93755817,0 106.54360199,10.93755817,0 106.54360199,10.93755817,0 106.54360199,10.93755817,0 106.54364777,10.93766308,0 106.54673767,10.93616486,0 106.54982758,10.93466568,0 106.54979706,10.93453979,0 106.54979706,10.93453979,0 106.54979706,10.93453979,0 106.54979706,10.93453979,0 106.54979706,10.93453979,0 106.54986572,10.93463993,0 106.5510788,10.93387032,0 106.55173492,10.93326473,0 106.55289459,10.9319849,0 106.55281067,10.93191719,0 106.55281067,10.93191719,0 106.55281067,10.93191719,0 106.55288696,10.93196964,0 106.55345917,10.9313612,0 106.554039,10.93075275,0 106.55460358,10.93009949,0 106.55511475,10.92945194,0 106.55501556,10.92939854,0 106.55501556,10.92939854,0 106.55509186,10.92944145,0 106.5556488,10.92869854,0 106.55619049,10.92792988,0 106.55673218,10.92716599,0 106.55725861,10.92642784,0 106.55719757,10.92638111,0 106.55719757,10.92638111,0 106.55719757,10.92638111,0 106.55719757,10.92638111,0 106.55727386,10.92641258,0 106.55780029,10.92565918,0 106.55831909,10.92490578,0 106.55886078,10.92412949,0 106.55940247,10.92335224,0 106.5593338,10.92331696,0 106.5593338,10.92331696,0 106.5593338,10.92331696,0 106.5593338,10.92331696,0 106.5593338,10.92331696,0 106.5593338,10.92331696,0 106.5593338,10.92331696,0 106.55993652,10.92246437,0 106.56053925,10.92161179,0 106.5611496,10.92076015,0 106.56175232,10.91990757,0 106.56238556,10.91901302,0 106.5630188,10.91811943,0 106.56367493,10.91722679,0 106.56428528,10.91633129,0 106.56420898,10.91626167,0 106.56420898,10.91626167,0 106.56420898,10.91626167,0 106.56420898,10.91626167,0 106.56420898,10.91626167,0 106.56420898,10.91626167,0 106.56434631,10.91629982,0 106.56767273,10.91154861,0 106.56757355,10.91148472,0 106.56757355,10.91148472,0 106.56757355,10.91148472,0 106.56757355,10.91148472,0 106.56757355,10.91148472,0 106.56764221,10.91152191,0 106.56858826,10.91016769,0 106.56952667,10.90881443,0 106.57047272,10.90746021,0 106.57141876,10.90610695,0 106.57136536,10.90607166,0 106.57136536,10.90607166,0 106.57136536,10.90607166,0 106.57136536,10.90607166,0 106.57136536,10.90607166,0 106.57136536,10.90607166,0 106.5714035,10.90611172,0 106.57254028,10.90450001,0 106.57366943,10.9028883,0 106.57479858,10.90127373,0 106.57592773,10.89965916,0 106.57588959,10.89963818,0 106.57588959,10.89963818,0 106.57588959,10.89963818,0 106.57588959,10.89963818,0 106.57588959,10.89963818,0 106.57588959,10.89963818,0 106.57593536,10.89965916,0 106.57656097,10.89877319,0 106.57717896,10.89788723,0 106.57780457,10.89700031,0 106.57842255,10.89611435,0 106.57836151,10.89608288,0 106.57836151,10.89608288,0 106.57836151,10.89608288,0 106.57836151,10.89608288,0 106.57836151,10.89608288,0 106.57836151,10.89608288,0 106.57840729,10.89611435,0 106.57907104,10.89516163,0 106.5797348,10.89420986,0 106.58039093,10.89325809,0 106.58105469,10.89230537,0 106.58100128,10.89227867,0 106.58100128,10.89227867,0 106.58100128,10.89227867,0 106.58100128,10.89227867,0 106.58106995,10.89232635,0 106.58254242,10.89026165,0 106.58397675,10.88818645,0 106.58390808,10.88813877,0 106.58390808,10.88813877,0 106.58390808,10.88813877,0 106.58402252,10.8882122,0 106.58737946,10.88333416,0 106.58726501,10.88330841,0 106.58726501,10.88330841,0 106.58726501,10.88330841,0 106.58726501,10.88330841,0 106.58735657,10.88334465,0 106.58940125,10.88040543,0 106.58927155,10.88033676,0 106.58927155,10.88033676,0 106.58927155,10.88033676,0 106.58927155,10.88033676,0 106.58927155,10.88033676,0 106.58940125,10.88041115,0 106.59178925,10.87706566,0 106.59168243,10.87702274,0 106.59168243,10.87702274,0 106.59168243,10.87702274,0 106.59168243,10.87702274,0 106.59168243,10.87702274,0 106.59168243,10.87702274,0 106.59168243,10.87702274,0 106.59177399,10.87708092,0 106.59213257,10.87657452,0 106.59248352,10.87606716,0 106.59283447,10.87556076,0 106.59319305,10.87505341,0 106.59307861,10.87496853,0 106.59307861,10.87496853,0 106.59307861,10.87496853,0 106.59307861,10.87496853,0 106.59307861,10.87496853,0 106.59307861,10.87496853,0 106.59307861,10.87496853,0 106.59321594,10.87504768,0 106.59358978,10.87453556,0 106.59395599,10.87402344,0 106.59432983,10.87351036,0 106.59469604,10.87299824,0 106.59466553,10.87294674,0 106.59466553,10.87294674,0 106.59466553,10.87294674,0 106.59466553,10.87294674,0 106.59466553,10.87294674,0 106.59466553,10.87294674,0 106.59476471,10.87299824,0 106.59527588,10.87225533,0 106.59578705,10.87151337,0 106.59629822,10.87077045,0 106.59680939,10.87002754,0 106.59675598,10.86995411,0 106.59675598,10.86995411,0 106.59675598,10.86995411,0 106.59675598,10.86995411,0 106.59675598,10.86995411,0 106.59675598,10.86995411,0 106.59675598,10.86995411,0 106.59735107,10.8692131,0 106.59788513,10.86845779,0 106.59841919,10.86770153,0 106.59890747,10.86691856,0 106.59890747,10.86691856,0 106.59890747,10.86691856,0 106.59890747,10.86691856,0 106.59890747,10.86691856,0 106.59890747,10.86691856,0 106.59890747,10.86691856,0 106.59890747,10.86691856,0 106.59973907,10.86587048,0 106.60050964,10.86478519,0 106.60128021,10.86367893,0 106.60205078,10.86257267,0 106.60197449,10.86254597,0 106.60197449,10.86254597,0 106.60197449,10.86254597,0 106.60197449,10.86254597,0 106.60197449,10.86254597,0 106.60197449,10.86254597,0 106.60197449,10.86254597,0 106.60205841,10.86258888,0 106.60270691,10.861619,0 106.60340118,10.86066532,0 106.60332489,10.86060238,0 106.60332489,10.86060238,0 106.60332489,10.86060238,0 106.60332489,10.86060238,0 106.60332489,10.86060238,0 106.60340118,10.86065006,0 106.60375977,10.86015224,0 106.60412598,10.85965443,0 106.60448456,10.85915852,0 106.60485077,10.85866356,0 106.60520935,10.85817146,0 106.60557556,10.85767841,0 106.60590363,10.85718346,0 106.60623932,10.8566885,0 106.60617828,10.85661983,0 106.60617828,10.85661983,0 106.60617828,10.85661983,0 106.60617828,10.85661983,0 106.60617828,10.85661983,0 106.60617828,10.85661983,0 106.60626221,10.85666656,0 106.60676575,10.85591221,0 106.60726166,10.85516262,0 106.60774994,10.85441399,0 106.60823822,10.85364246,0 106.6081543,10.85359478,0 106.6081543,10.85359478,0 106.6081543,10.85359478,0 106.6081543,10.85359478,0 106.6081543,10.85359478,0 106.6081543,10.85359478,0 106.6081543,10.85359478,0 106.60823059,10.8536272,0 106.60881805,10.85268116,0 106.60940552,10.85173607,0 106.61006165,10.8507452,0 106.61070251,10.84973907,0 106.61064148,10.84971333,0 106.61064148,10.84971333,0 106.61064148,10.84971333,0 106.61064148,10.84971333,0 106.61064148,10.84971333,0 106.61064148,10.84971333,0 106.61070251,10.84973907,0 106.61142731,10.84860897,0 106.6121521,10.84747887,0 106.61287689,10.84635639,0 106.6135788,10.84521294,0 106.61352539,10.84518719,0 106.61352539,10.84518719,0 106.61352539,10.84518719,0 106.61352539,10.84518719,0 106.61352539,10.84518719,0 106.61352539,10.84518719,0 106.6135788,10.84520817,0 106.61483765,10.8433218,0 106.6151123,10.84258461,0 106.61537933,10.84222031,0 106.61643982,10.84055614,0 106.61655426,10.84026623,0 106.61742401,10.83894348,0 106.61734772,10.83889103,0 106.61734772,10.83889103,0 106.61734772,10.83889103,0 106.61734772,10.83889103,0 106.61746216,10.83895397,0 106.61816406,10.83785248,0 106.6188736,10.83675194,0 106.61959076,10.83565044,0 106.62030792,10.83454895,0 106.62020874,10.83449745,0 106.62020874,10.83449745,0 106.62030029,10.83453846,0 106.62109375,10.83330059,0 106.62188721,10.83206749,0 106.62179565,10.83201981,0 106.62179565,10.83201981,0 106.62179565,10.83201981,0 106.62188721,10.83207321,0 106.62268829,10.83086681,0 106.62348175,10.82966518,0 106.62510681,10.82725239,0 106.62549591,10.82677746,0 106.62594604,10.8263092,0 106.62586212,10.82623959,0 106.62586212,10.82623959,0 106.62586212,10.82623959,0 106.62586212,10.82623959,0 106.62593842,10.8263092,0 106.62645721,10.82582378,0 106.62697601,10.82535553,0 106.62749481,10.8248806,0 106.62801361,10.82440662,0 106.62871552,10.82374573,0 106.62941742,10.82308388,0 106.62971497,10.82274723,0 106.62992096,10.82235718,0 106.62982178,10.82231522,0 106.62982178,10.82231522,0 106.62982178,10.82231522,0 106.62982178,10.82231522,0 106.62982178,10.82231522,0 106.62991333,10.82234097,0 106.63014984,10.82170868,0 106.63034821,10.82108212,0 106.63059235,10.82026005,0 106.63083649,10.8194437,0 106.63061523,10.81938553,0 106.63061523,10.81938553,0 106.63061523,10.81938553,0 106.63061523,10.81938553,0 106.63083649,10.8194437,0 106.63103485,10.81881905,0 106.63123322,10.81819439,0 106.63143158,10.81757069,0 106.63162994,10.81694603,0 106.63181305,10.81632328,0 106.63200378,10.81570053,0 106.63218689,10.81507778,0 106.63237762,10.81445503,0 106.63237762,10.81445503,0 106.63237762,10.81445503,0 106.63259888,10.81373405,0 106.63282013,10.81301308,0 106.63304138,10.8122921,0 106.633255,10.81157112,0 106.63346863,10.81084919,0 106.63368988,10.81012726,0 106.63394165,10.80940533,0 106.63414001,10.8087101,0 106.63401794,10.80868912,0 106.63401794,10.80868912,0 106.63401794,10.80868912,0 106.63414001,10.80871582,0 106.63453674,10.80748463,0 106.63493346999999,10.80625439,0 106.63477325,10.80621243,0 106.63477325,10.80621243,0 106.63495636,10.80626011,0 106.63519287,10.80554581,0 106.63542938,10.8048315,0 106.63526917,10.80480003,0 106.63526917,10.80480003,0 106.63526917,10.80480003,0 106.63526917,10.80480003,0 106.63540649,10.80484295,0 106.63565826,10.80397797,0 106.63605499,10.80287743,0 106.63665009,10.8018074,0 106.6375351,10.80132294,0 106.63751984,10.80127525,0 106.63751984,10.80127525,0 106.63751984,10.80127525,0 106.63751984,10.80127525,0 106.63751984,10.80127525,0 106.63762665,10.80129623,0 106.63925171,10.80043316,0 106.64086914,10.79957008,0 106.6415863,10.79918957,0 106.64155579,10.79911518,0 106.64155579,10.79911518,0 106.64157104,10.79916191,0 106.64429474,10.79771805,0 106.64426422,10.7976656,0 106.64426422,10.7976656,0 106.64426422,10.7976656,0 106.64430237,10.79772377,0 106.64528656,10.79719925,0 106.64626312,10.79667473,0 106.64621735,10.79660606,0 106.64621735,10.79660606,0 106.64621735,10.79660606,0 106.64621735,10.79660606,0 106.64621735,10.79660606,0 106.64624786,10.79669094,0 106.64778137,10.79586887,0 106.64931488,10.79504681,0 106.64926147,10.79497814,0 106.64926147,10.79497814,0 106.64926147,10.79497814,0 106.64926147,10.79497814,0 106.64926147,10.79497814,0 106.64932251,10.79504681,0 106.65037537,10.79448318,0 106.65142059,10.79391861,0 106.65136719,10.79385567,0 106.65136719,10.79385567,0 106.65136719,10.79385567,0 106.65158081,10.79384995,0 106.65337372,10.79290962,0 106.65293884,10.7920599,0 106.65280151,10.79212189,0 106.65280151,10.79212189,0 106.65280151,10.79212189,0 106.65286255,10.79210091,0 106.65255737,10.79133129,0 106.65231323,10.79019833,0 106.6526413,10.78974533,0 106.65292358,10.78874969,0 106.65280914,10.78871822,0 106.65280914,10.78871822,0 106.65280914,10.78871822,0 106.65280914,10.78871822,0 106.65280914,10.78871822,0 106.65280914,10.78871822,0 106.65291595,10.78873348,0 106.65328979,10.78744793,0 106.65365601,10.78616238,0 106.65358734,10.78613091,0 106.65358734,10.78613091,0 106.65358734,10.78613091,0 106.65358734,10.78613091,0 106.65367889,10.78615665,0 106.65418243,10.78441811,0 106.65466309,10.78271103,0 106.65457153,10.78269482,0 106.65457153,10.78269482,0 106.65457153,10.78269482,0 106.65457153,10.78269482,0 106.65465546,10.78270531,0 106.65493774,10.78185654,0 106.65518951,10.7809906,0 106.65543365,10.7801199,0 106.6556778,10.77925014,0 106.65560913,10.77923298,0 106.65560913,10.77923298,0 106.65560913,10.77923298,0 106.65560913,10.77923298,0 106.65560913,10.77923298,0 106.6556778,10.77925014,0 106.65594482,10.77826977,0 106.65621948,10.77729034,0 106.65648651,10.77630997,0 106.65676117,10.77532959,0 106.6566925,10.77531433,0 106.6566925,10.77531433,0 106.6566925,10.77531433,0 106.65676117,10.77532959,0 106.65704346,10.77433205,0 106.65731812,10.77333546,0 106.6576004,10.77233791,0 106.65788269,10.77134037,0 106.65782928,10.77133083,0 106.65782928,10.77133083,0 106.65782928,10.77133083,0 106.6580658,10.77048492,0 106.65829468,10.76963902,0 106.65829468,10.76963902,0 106.65829468,10.76963902,0 106.65836334,10.76966953,0 106.65862274,10.76869011,0 106.65880585,10.76797581,0 106.65911865,10.76689816,0 106.65943146,10.76581955,0 106.65936279,10.76579189,0 106.65936279,10.76579189,0 106.65943146,10.76581955,0 106.65972137,10.76481533,0 106.66000366,10.76381016,0 106.66023254,10.76292038,0 106.66046906,10.76202965,0 106.66055298,10.76173973,0 106.66048431,10.7617178,0 106.66048431,10.7617178,0 106.66055298,10.76173973,0 106.66098785,10.7602129,0 106.66149139,10.75844955,0 106.6608429,10.75831032,0 106.66082764,10.75836372,0 106.66082764,10.75836372,0 106.6608429,10.75831032,0 106.65998077,10.75813007,0 106.65911865,10.75795078,0 106.65825653,10.75777531,0 106.65739441,10.75759983,0 106.65738678,10.75763607,0 106.65738678,10.75763607,0 106.65738678,10.75763607,0 106.65738678,10.75763607,0 106.65740204,10.75758839,0 106.65576172,10.75726986,0 106.6541214,10.75695133,0 106.6541214,10.75695133,0 106.6541214,10.75695133,0 106.6541214,10.75695133,0 106.65368652,10.75687027,0 106.65368652,10.75669956,0 106.65370178,10.75566006,0 106.65374756,10.75520992,0 106.65369415,10.75520134,0 106.65369415,10.75520134,0 106.65374756,10.75520706,0 106.65376282,10.75445271,0 106.65375519,10.75371552,0 106.65351868,10.75268745,0 106.65328217,10.75166512,0 106.65299225,10.75135994,0 106.652565,10.75125313,0</coordinates>
        </LineString>
      </Placemark>
    </Folder>
    <Folder>
      <name>TUYẾN B 100: Bến xe Củ Chi - Cầu Tân Thái</name>
      <Placemark>
        <name>B 100 (Lượt đi)</name>
        <description><![CDATA[&lt;b&gt;Tuyến:&lt;/b&gt; B 100 - Bến xe Củ Chi - Cầu Tân Thái&lt;br/&gt;&lt;b&gt;Hành trình:&lt;/b&gt; Bến xe Củ Chi → Điểm đầu cuối cầu Tân Thái (điều chỉnh)&lt;br/&gt;&lt;b&gt;Lượt:&lt;/b&gt; Lượt đi&lt;br/&gt;&lt;b&gt;Cự ly:&lt;/b&gt; 16.16 km (Định mức: 16 km)&lt;br/&gt;&lt;b&gt;Giờ hoạt động:&lt;/b&gt; 4:45 - 21:00&lt;br/&gt;&lt;b&gt;Thời gian chạy:&lt;/b&gt; 35 phút]]></description>
        <styleUrl>#style_route_24</styleUrl>
        <LineString>
          <tessellate>1</tessellate>
          <coordinates>106.48210144,10.97161674,0 106.48210144,10.97161674,0 106.48210144,10.97161674,0 106.48210144,10.97161674,0 106.48187256,10.97175407,0 106.4832077,10.97370815,0 106.48303986,10.97380257,0 106.48154449,10.97150612,0 106.48094177,10.97202015,0 106.48064423,10.97227573,0 106.48030853,10.9724865,0 106.48034668,10.97253323,0 106.48034668,10.97253323,0 106.48034668,10.97253323,0 106.48034668,10.97253323,0 106.48034668,10.97253323,0 106.48031616,10.97248077,0 106.47977448,10.97278118,0 106.47917938,10.97306538,0 106.47802734,10.97359753,0 106.47686768,10.97415066,0 106.47570801,10.97469234,0 106.47573853,10.97475624,0 106.47573853,10.97475624,0 106.47572327,10.97468758,0 106.47505951,10.97502708,0 106.47438812,10.97536659,0 106.47373962,10.97572708,0 106.47309875,10.97608852,0 106.47312927,10.97613335,0 106.47312927,10.97613335,0 106.47310638,10.9760828,0 106.47216797,10.97659397,0 106.47125244,10.97710991,0 106.47033691,10.9776001,0 106.46942139,10.97811604,0 106.4694519,10.97817898,0 106.4694519,10.97817898,0 106.4694519,10.97817898,0 106.46940613,10.97810555,0 106.46873474,10.97847557,0 106.46807098,10.9788456,0 106.4673996,10.97921467,0 106.46672821,10.97958469,0 106.4661026,10.97994137,0 106.46547699,10.980299,0 106.46485901,10.98065567,0 106.4642334,10.98101711,0 106.46430206,10.98113346,0 106.46430206,10.98113346,0 106.46430206,10.98113346,0 106.46430206,10.98113346,0 106.46421814,10.98101234,0 106.46342468,10.98147869,0 106.46263885,10.98194408,0 106.46189117,10.98244476,0 106.46114349,10.98294449,0 106.46123505,10.98305035,0 106.46123505,10.98305035,0 106.46123505,10.98305035,0 106.46116638,10.98295498,0 106.46046448,10.98340797,0 106.4597702,10.98386097,0 106.45907593,10.9843111,0 106.45837402,10.98476124,0 106.4584198,10.98480892,0 106.4584198,10.98480892,0 106.4584198,10.98480892,0 106.45839691,10.98475075,0 106.45732117,10.98546505,0 106.45624542,10.9861784,0 106.45517731,10.9868679,0 106.45411682,10.98755836,0 106.45295715,10.98830032,0 106.45191193,10.9890852,0 106.4513092,10.9896698,0 106.45136261,10.98970699,0 106.45136261,10.98970699,0 106.4513092,10.9896698,0 106.45103455,10.98997498,0 106.45076752,10.99028015,0 106.45049286,10.99058628,0 106.45022583,10.99089146,0 106.44994354,10.99120426,0 106.44965363,10.99151707,0 106.44937134,10.99182987,0 106.44908142,10.99214172,0 106.44879913,10.99245453,0 106.44850922,10.99276733,0 106.44822693,10.99308014,0 106.44793701,10.99339294,0 106.44799042,10.99342442,0 106.44799042,10.99342442,0 106.44799042,10.99342442,0 106.44792938,10.99337673,0 106.44755554,10.99379253,0 106.4471817,10.99420929,0 106.44680786,10.99462509,0 106.44643402,10.99504089,0 106.44606018,10.9954567,0 106.44569397,10.99587345,0 106.44532013,10.99628925,0 106.44494629,10.99670506,0 106.44506073,10.99678898,0 106.44506073,10.99678898,0 106.44494629,10.99669933,0 106.44412994,10.99761105,0 106.44329071,10.9985323,0 106.44238281,10.99943256,0 106.44187164,10.99982262,0 106.44133759,11.00016499,0 106.43898773,11.0014286,0 106.43782043,11.00205517,0 106.43666077,11.00268173,0 106.43667603,11.00271893,0 106.43667603,11.00271893,0 106.43666077,11.00266647,0 106.4355545,11.00326061,0 106.4344635,11.00375557,0 106.43319702,11.00415325,0 106.4319458,11.00456142,0 106.43196869,11.00463009,0 106.43196869,11.00463009,0 106.43196869,11.00463009,0 106.43196869,11.00463009,0 106.4319458,11.00455666,0 106.43119812,11.00477505,0 106.43045807,11.00499344,0 106.42972565,11.00524902,0 106.42899323,11.00550461,0 106.42814636,11.00576687,0 106.42814636,11.00576687,0 106.42814636,11.00576687,0 106.42814636,11.00576687,0 106.42814636,11.00576687,0 106.42776489,11.00587368,0 106.42736816,11.00602531,0 106.42710114,11.00539875,0 106.42699432,11.00516224,0 106.42669678,11.0050478,0 106.42669678,11.0050478,0 106.42669678,11.0050478,0 106.4263916,11.00485134,0 106.42578125,11.00458241,0 106.42533112,11.00438309,0 106.42487335,11.00418282,0 106.42485809,11.00422478,0 106.42485809,11.00422478,0 106.42487335,11.00417233,0 106.42444611,11.00400352,0 106.42401123,11.00376129,0 106.42379761,11.00331879,0 106.42358398,11.00287628,0 106.42355347,11.00290012,0 106.42355347,11.00290012,0 106.42355347,11.00290012,0 106.42355347,11.00290012,0 106.42358398,11.00288677,0 106.42334747,11.00240898,0 106.42310333,11.00193119,0 106.42286682,11.0014534,0 106.42262268,11.00097561,0 106.4223938,11.00049496,0 106.42215729,11.00001431,0 106.42215729,11.00001431,0 106.42215729,11.00001431,0 106.42192078,10.99956322,0 106.42168427,10.99911213,0 106.42144775,10.99866199,0 106.42121124,10.99821091,0 106.42095947,10.9976902,0 106.42072296,10.99711609,0 106.42048645,10.99654198,0 106.4200058,10.9962492,0 106.41952515,10.99595737,0 106.41901398,10.99568367,0 106.41850281,10.99540997,0 106.41850281,10.99540997,0 106.41788483,10.99499893,0 106.41719818,10.99460411,0 106.41651154,10.99421978,0 106.41581726,10.99386692,0 106.41581726,10.99386692,0 106.41581726,10.99386692,0 106.41581726,10.99386692,0 106.41534424,10.99355316,0 106.41484833,10.99328232,0 106.41437531,10.99302959,0 106.41389465,10.99277687,0 106.41394043,10.99270344,0 106.41394043,10.99270344,0 106.41394043,10.99270344,0 106.41394043,10.99270344,0 106.41394043,10.99270344,0 106.41388702,10.99276638,0 106.41349792,10.99253178,0 106.4131012,10.99229717,0 106.41268158,10.99206066,0 106.41225433,10.9918232,0 106.41183472,10.99159336,0 106.41140747,10.99136257,0 106.4109726,10.99111652,0 106.41053772,10.99087048,0 106.409935,10.99091721,0 106.409935,10.99091721,0 106.409935,10.99091721,0 106.4090271,10.99096012,0 106.40821075,10.99101734,0 106.40739441,10.99107552,0 106.40657806,10.99113274,0 106.40576172,10.99118996,0 106.40523529,10.99125099,0 106.40523529,10.99125099,0 106.40444946,10.99127579,0 106.40367889,10.99127388,0 106.4029007,10.99128532,0 106.4021225,10.99129677,0 106.40213776,10.99136353,0 106.40213776,10.99136353,0 106.40213776,10.99136353,0 106.40213013,10.99128628,0 106.4015274,10.99127579,0 106.40090942,10.99127579,0 106.40029144,10.99127579,0 106.39967346,10.99127579,0 106.39967346,10.99130726,0 106.39967346,10.99130726,0 106.39967346,10.99130726,0 106.39967346,10.99127579,0 106.39906311,10.99127293,0 106.39846039,10.99127102,0 106.39846039,10.99132824,0 106.39846039,10.99132824,0 106.39846802,10.99127102,0 106.39788818,10.99127483,0 106.39731598,10.99127865,0 106.39673615,10.99128246,0 106.39616394,10.99128628,0 106.39558411,10.99129009,0 106.3950119,10.99129391,0 106.39443207,10.99129772,0 106.39385986,10.99130154,0 106.39385986,10.99130154,0 106.39317322,10.9913044,0 106.3924942,10.99130726,0 106.3914032,10.99151421,0 106.39031219,10.99172115,0 106.39031219,10.99172115,0 106.39031219,10.99172115,0 106.38986969,10.99176025,0 106.38884735,10.99192047,0 106.38805389,10.9920578,0 106.38726807,10.99219608,0 106.38647461,10.99233341,0 106.38568115,10.99247074,0 106.38568115,10.99247074,0 106.38568115,10.99247074,0 106.3852005,10.99253464,0 106.38472748,10.9926033,0 106.38424683,10.99267673,0 106.38376617,10.99275017,0 106.38327789,10.9928236,0 106.38279724,10.99289799,0 106.38235474,10.99298763,0 106.3819046,10.99307823,0 106.3819046,10.99307823,0 106.38129425,10.99317074,0 106.38067627,10.9932642,0 106.38005066,10.99336052,0 106.37943268,10.99345589,0 106.37944794,10.99353027,0 106.37944794,10.99353027,0 106.37944794,10.99353027,0 106.37944031,10.9934454,0 106.37882996,10.99352455,0 106.3782196,10.99360371,0 106.37760162,10.99368191,0 106.37699127,10.99376106,0 106.3763504,10.99377537,0 106.37571716,10.99379063,0 106.37507629,10.99380493,0 106.37443542,10.99381924,0 106.3744278,10.99387741,0 106.3744278,10.99387741,0 106.3744278,10.99387741,0 106.3744278,10.99387741,0 106.3744278,10.99381447,0 106.37348938,10.99383545,0 106.37254333,10.99385643,0 106.37215424,10.99359798,0 106.37211609,10.99363041,0 106.37211609,10.99363041,0 106.37211609,10.99363041,0 106.37214661,10.99359322,0 106.37158203,10.99325085,0 106.37102509,10.99290848,0 106.3704834,10.99257088,0 106.36994934,10.99222565,0 106.36994934,10.99222565,0 106.36964417,10.99182701,0 106.36934662,10.99142838,0 106.36907196,10.99101257,0 106.36878967,10.99059677,0 106.36851501,10.99017906,0 106.36824036,10.98976231,0 106.3679657,10.9893446,0 106.36768341,10.98892689,0 106.36741638,10.98850727,0 106.36714172,10.98808765,0 106.36687469,10.98766899,0 106.36660004,10.98724747,0 106.36632538,10.98682594,0 106.36605072,10.98640442,0 106.36580658,10.98598385,0 106.36555481,10.98556328,0 106.36555481,10.98556328,0 106.36558533,10.98534012,0</coordinates>
        </LineString>
      </Placemark>
      <Placemark>
        <name>B 100 (Lượt về)</name>
        <description><![CDATA[&lt;b&gt;Tuyến:&lt;/b&gt; B 100 - Bến xe Củ Chi - Cầu Tân Thái&lt;br/&gt;&lt;b&gt;Hành trình:&lt;/b&gt; Điểm đầu cuối cầu Tân Thái (điều chỉnh) → Bến xe Củ Chi&lt;br/&gt;&lt;b&gt;Lượt:&lt;/b&gt; Lượt về&lt;br/&gt;&lt;b&gt;Cự ly:&lt;/b&gt; 17.04 km (Định mức: 16 km)&lt;br/&gt;&lt;b&gt;Giờ hoạt động:&lt;/b&gt; 4:45 - 21:00&lt;br/&gt;&lt;b&gt;Thời gian chạy:&lt;/b&gt; 35 phút]]></description>
        <styleUrl>#style_route_24</styleUrl>
        <LineString>
          <tessellate>1</tessellate>
          <coordinates>106.36558533,10.98534012,0 106.36553192,10.98535156,0 106.36553192,10.98535156,0 106.36602783,10.98622608,0 106.36656952,10.98706818,0 106.36711884,10.98792171,0 106.36766815,10.9887743,0 106.3682251,10.98961449,0 106.36878967,10.99045467,0 106.36936188,10.99128151,0 106.36965942,10.99172878,0 106.36998749,10.99210072,0 106.36998749,10.99210072,0 106.37017822,10.99230289,0 106.37043762,10.99247074,0 106.37097931,10.99280262,0 106.37152863,10.99311924,0 106.37207794,10.99343491,0 106.37207794,10.99343491,0 106.37232971,10.99361134,0 106.37258148,10.99378777,0 106.37329865,10.99378204,0 106.37402344,10.99377728,0 106.37474823,10.99376106,0 106.37547302,10.9937458,0 106.37547302,10.99370289,0 106.37547302,10.99370289,0 106.37547302,10.99370289,0 106.37548828,10.99376678,0 106.37617493,10.9937458,0 106.37686157,10.99372482,0 106.37763214,10.99362946,0 106.37840271,10.99353504,0 106.37916565,10.99343395,0 106.37993622,10.99333286,0 106.37992859,10.99326611,0 106.37992859,10.99326611,0 106.37992859,10.99326611,0 106.37993622,10.99330807,0 106.38046265,10.99322414,0 106.38098907,10.99314022,0 106.3815155,10.99304485,0 106.38204193,10.99295425,0 106.38204193,10.99295425,0 106.38285828,10.9928236,0 106.38366699,10.9926939,0 106.38448334,10.99256325,0 106.38529968,10.99243259,0 106.38529968,10.99243259,0 106.38635254,10.99226475,0 106.3874054,10.9920969,0 106.38845825,10.9919281,0 106.38951111,10.99176025,0 106.38951874,10.99167633,0 106.38951874,10.99167633,0 106.389534,10.99176025,0 106.39037323,10.99161243,0 106.39117432,10.99149132,0 106.39202881,10.99131298,0 106.39328003,10.99123383,0 106.3932724,10.99118614,0 106.3932724,10.99118614,0 106.3932724,10.99118614,0 106.39326477,10.99122334,0 106.39385223,10.99122906,0 106.3944397,10.99123383,0 106.39501953,10.99123955,0 106.39560699,10.99124432,0 106.39617157,10.9912405,0 106.39673615,10.99123669,0 106.39730072,10.99123192,0 106.3978653,10.9912281,0 106.39788818,10.99111843,0 106.39788818,10.99111843,0 106.39788818,10.99111843,0 106.3978653,10.9912281,0 106.39839172,10.99122334,0 106.39892578,10.99121761,0 106.39945221,10.99121189,0 106.39998627,10.99120712,0 106.39998627,10.99120712,0 106.4006424,10.99121475,0 106.40129089,10.99122334,0 106.40194702,10.99123096,0 106.40259552,10.99123859,0 106.40261078,10.99113941,0 106.40261078,10.99113941,0 106.40259552,10.99124432,0 106.4031601,10.99123955,0 106.40372467,10.99123383,0 106.40428162,10.99122906,0 106.40484619,10.99122334,0 106.40545654,10.9911499,0 106.40545654,10.99109745,0 106.40545654,10.99109745,0 106.40545654,10.99109745,0 106.40546417,10.99113369,0 106.4054718,10.99117088,0 106.40683746,10.99106503,0 106.40777588,10.99100494,0 106.40871429,10.99094391,0 106.40964508,10.99088383,0 106.4105835,10.99082279,0 106.41114044,10.99114418,0 106.41125488,10.99094868,0 106.41125488,10.99094868,0 106.41125488,10.99094868,0 106.41125488,10.99094868,0 106.41121674,10.99103355,0 106.41114044,10.99117088,0 106.41196442,10.99162483,0 106.41278076,10.99207878,0 106.41360474,10.99253273,0 106.41442871,10.99298763,0 106.41452026,10.99289227,0 106.41452026,10.99289227,0 106.41452026,10.99289227,0 106.41444397,10.99299812,0 106.41498566,10.99329948,0 106.41553497,10.99360085,0 106.41607666,10.99390221,0 106.41661835,10.99420357,0 106.41667175,10.99411869,0 106.41667175,10.99411869,0 106.41663361,10.9941988,0 106.41720581,10.99452496,0 106.41777039,10.99485111,0 106.41835785,10.9951992,0 106.41894531,10.99554729,0 106.41894531,10.99554729,0 106.4197464,10.99603367,0 106.42053986,10.996521,0 106.42081451,10.99716282,0 106.42108154,10.9978056,0 106.42140198,10.99843502,0 106.42172241,10.99906445,0 106.42204285,10.99968338,0 106.42236328,11.00030136,0 106.42258453,11.00022316,0 106.42258453,11.00022316,0 106.42234802,11.00031185,0 106.42271423,11.00104141,0 106.42308807,11.00177097,0 106.42344666,11.00251579,0 106.42381287,11.00326061,0 106.42386627,11.00323009,0 106.42386627,11.00323009,0 106.42386627,11.00323009,0 106.42378998,11.00325584,0 106.42405701,11.00374508,0 106.42449951,11.00398731,0 106.42498016,11.00419998,0 106.42546844,11.0044117,0 106.4259491,11.00462341,0 106.42643738,11.00483513,0 106.4264679,11.00479317,0 106.4264679,11.00479317,0 106.4264679,11.00479317,0 106.42642212,11.00483036,0 106.42703247,11.00517273,0 106.42736816,11.00589371,0 106.42808533,11.00567245,0 106.42807007,11.0055666,0 106.42807007,11.0055666,0 106.42807007,11.0055666,0 106.42808533,11.00567245,0 106.4289856,11.00539112,0 106.42988586,11.00510979,0 106.43077087,11.00483036,0 106.43165588,11.00455093,0 106.43164825,11.0045042,0 106.43164825,11.0045042,0 106.43164825,11.0045042,0 106.43165588,11.00456142,0 106.43273163,11.00420856,0 106.43382263,11.00384045,0 106.43483734,11.00349808,0 106.43578339,11.00303459,0 106.43575287,11.00296593,0 106.43575287,11.00296593,0 106.43580627,11.0030241,0 106.43778229,11.00198174,0 106.43877411,11.00144196,0 106.43976593,11.00090218,0 106.44074249,11.0003624,0 106.44171143,10.99982262,0 106.44216156,10.99950123,0 106.44258118,10.99915886,0 106.44329071,10.99839497,0 106.4432373,10.99835873,0 106.4432373,10.99835873,0 106.44329834,10.9983902,0 106.44368744,10.99795341,0 106.44407654,10.99751568,0 106.44448853,10.99707413,0 106.44487,10.99661732,0 106.44487,10.99661732,0 106.44487,10.99661732,0 106.44487,10.99661732,0 106.44491577,10.99664211,0 106.44532776,10.99616814,0 106.44578552,10.99568844,0 106.44620514,10.99521255,0 106.44663239,10.99473572,0 106.44706726,10.99425697,0 106.44750214,10.99377728,0 106.44792175,10.99328899,0 106.44833374,10.99279976,0 106.44833374,10.99279976,0 106.44836426,10.99269772,0 106.44836426,10.99269772,0 106.44841003,10.99272919,0 106.44876862,10.99233723,0 106.44913483,10.99194431,0 106.44949341,10.99155235,0 106.44985199,10.99116039,0 106.45021057,10.99076271,0 106.45056915,10.99036503,0 106.45091248,10.98996544,0 106.45126343,10.9895668,0 106.45126343,10.9895668,0 106.45173645,10.98910618,0 106.45226288,10.98869038,0 106.45340729,10.98792171,0 106.45458984,10.9871521,0 106.45570374,10.9864254,0 106.45565796,10.98633575,0 106.45565796,10.98633575,0 106.45571899,10.98639965,0 106.45700073,10.98556232,0 106.45827484,10.98471451,0 106.45823669,10.98466206,0 106.45823669,10.98466206,0 106.45823669,10.98466206,0 106.45826721,10.98470879,0 106.45897675,10.98425579,0 106.45967865,10.9838028,0 106.46038055,10.98334503,0 106.4610672,10.98290253,0 106.46103668,10.98285484,0 106.46103668,10.98285484,0 106.46103668,10.98285484,0 106.4610672,10.98290825,0 106.46174622,10.98246288,0 106.46242523,10.98201847,0 106.46311188,10.98158646,0 106.46379852,10.98115444,0 106.46374512,10.98104858,0 106.46374512,10.98104858,0 106.46374512,10.98104858,0 106.46379852,10.98114395,0 106.46451569,10.98073292,0 106.46524048,10.98031712,0 106.4659729,10.97991467,0 106.46670532,10.97951126,0 106.46744537,10.97910309,0 106.46818542,10.97869492,0 106.46892548,10.97828674,0 106.46966553,10.97787857,0 106.46963501,10.97778416,0 106.46963501,10.97778416,0 106.46963501,10.97778416,0 106.46963501,10.97778416,0 106.46966553,10.97787857,0 106.47042084,10.97744942,0 106.47117615,10.97702026,0 106.47195435,10.97659683,0 106.47274017,10.97617245,0 106.47271729,10.97610855,0 106.47271729,10.97610855,0 106.47271729,10.97610855,0 106.47271729,10.97610855,0 106.47276306,10.97615719,0 106.47372437,10.97564316,0 106.4746933,10.97513008,0 106.47564697,10.97464848,0 106.47660065,10.97416592,0 106.47657776,10.97406101,0 106.47657776,10.97406101,0 106.47657776,10.97406101,0 106.47657776,10.97406101,0 106.47662354,10.97413445,0 106.47734833,10.97375488,0 106.47812653,10.97338104,0 106.47809601,10.97330761,0 106.47809601,10.97330761,0 106.47809601,10.97330761,0 106.47809601,10.97330761,0 106.47814178,10.97338104,0 106.47930908,10.97284985,0 106.47994995,10.97254944,0 106.48053741,10.9721384,0 106.48049164,10.97209072,0 106.48049164,10.97209072,0 106.48049164,10.97209072,0 106.48049164,10.97209072,0 106.48049164,10.97209072,0 106.48054504,10.97214413,0 106.48134613,10.97150135,0 106.48191071,10.97102737,0 106.48249054,10.9705534,0 106.48245239,10.97049522,0 106.48245239,10.97049522,0 106.48245239,10.97049522,0 106.48245239,10.97049522,0 106.48248291,10.97053242,0 106.48420715,10.96936321,0 106.48522949,10.9686842,0 106.48571014,10.96838856,0 106.48602295,10.96812534,0 106.48632813,10.96824646,0 106.48619843,10.96862602,0 106.48579407,10.9686203,0 106.48487091,10.9690733,0 106.48377991,10.96977901,0 106.48271942,10.9705162,0 106.48174286,10.97130108,0 106.48210144,10.97161674,0</coordinates>
        </LineString>
      </Placemark>
    </Folder>
    <Folder>
      <name>TUYẾN B 104: Bến xe An Sương - Bến xe buýt Văn Thánh</name>
      <Placemark>
        <name>B 104 (Lượt đi)</name>
        <description><![CDATA[&lt;b&gt;Tuyến:&lt;/b&gt; B 104 - Bến xe An Sương - Bến xe buýt Văn Thánh&lt;br/&gt;&lt;b&gt;Hành trình:&lt;/b&gt; Bến xe An Sương → Bến xe Văn Thánh&lt;br/&gt;&lt;b&gt;Lượt:&lt;/b&gt; Lượt đi&lt;br/&gt;&lt;b&gt;Cự ly:&lt;/b&gt; 17.4 km (Định mức: 16 km)&lt;br/&gt;&lt;b&gt;Giờ hoạt động:&lt;/b&gt; 4:30 - 22:00&lt;br/&gt;&lt;b&gt;Thời gian chạy:&lt;/b&gt; 45 phút]]></description>
        <styleUrl>#style_route_25</styleUrl>
        <LineString>
          <tessellate>1</tessellate>
          <coordinates>106.6133728,10.8437376,0 106.61418152,10.84418106,0 106.61500549,10.84297943,0 106.61504364,10.84253693,0 106.61533356,10.8422842,0 106.61598206,10.84128857,0 106.61662292,10.84029198,0 106.61704254,10.83962631,0 106.61746216,10.83895969,0 106.61734772,10.83889103,0 106.61734772,10.83889103,0 106.61734772,10.83889103,0 106.61734772,10.83889103,0 106.61746216,10.83895397,0 106.61816406,10.83785248,0 106.6188736,10.83675194,0 106.61959076,10.83565044,0 106.62030792,10.83454895,0 106.62020874,10.83449745,0 106.62020874,10.83449745,0 106.62030029,10.83453846,0 106.62109375,10.83330059,0 106.62188721,10.83206749,0 106.62179565,10.83201981,0 106.62179565,10.83201981,0 106.62179565,10.83201981,0 106.62188721,10.83207321,0 106.62268829,10.83086681,0 106.62348175,10.82966518,0 106.62510681,10.82725239,0 106.62549591,10.82677746,0 106.62594604,10.8263092,0 106.62586212,10.82623959,0 106.62586212,10.82623959,0 106.62586212,10.82623959,0 106.62586212,10.82623959,0 106.62593842,10.8263092,0 106.62645721,10.82582378,0 106.62697601,10.82535553,0 106.62749481,10.8248806,0 106.62801361,10.82440662,0 106.62871552,10.82374573,0 106.62941742,10.82308388,0 106.62971497,10.82274723,0 106.62992096,10.82235718,0 106.62982178,10.82231522,0 106.62982178,10.82231522,0 106.62982178,10.82231522,0 106.62982178,10.82231522,0 106.62982178,10.82231522,0 106.62991333,10.82234097,0 106.63014984,10.82170868,0 106.63034821,10.82108212,0 106.63059235,10.82026005,0 106.63083649,10.8194437,0 106.63061523,10.81938553,0 106.63061523,10.81938553,0 106.63061523,10.81938553,0 106.63061523,10.81938553,0 106.63083649,10.8194437,0 106.63103485,10.81881905,0 106.63123322,10.81819439,0 106.63143158,10.81757069,0 106.63162994,10.81694603,0 106.63181305,10.81632328,0 106.63200378,10.81570053,0 106.63218689,10.81507778,0 106.63237762,10.81445503,0 106.63237762,10.81445503,0 106.63237762,10.81445503,0 106.63259888,10.81373405,0 106.63282013,10.81301308,0 106.63304138,10.8122921,0 106.633255,10.81157112,0 106.63346863,10.81084919,0 106.63368988,10.81012726,0 106.63394165,10.80940533,0 106.63414001,10.8087101,0 106.63401794,10.80868912,0 106.63401794,10.80868912,0 106.63401794,10.80868912,0 106.63415527,10.8087101,0 106.63441467,10.80794048,0 106.63485718,10.80732441,0 106.63545227,10.80673409,0 106.63609314,10.80618572,0 106.63605499,10.80614376,0 106.63605499,10.80614376,0 106.63609314,10.80617523,0 106.63664246,10.80552769,0 106.63707733,10.80487919,0 106.63750458,10.80420971,0 106.63795471,10.80358887,0 106.63788605,10.80354118,0 106.63788605,10.80354118,0 106.63796997,10.80359364,0 106.63813782,10.80335617,0 106.63833618,10.80311966,0 106.63861847,10.80292988,0 106.63893127,10.8027668,0 106.63925171,10.80262947,0 106.63957214,10.80254459,0 106.63990784,10.80249786,0 106.64025116,10.80248737,0 106.64025116,10.80237103,0 106.64025116,10.80237103,0 106.64025116,10.80248165,0 106.64074707,10.80244255,0 106.64125061,10.8024025,0 106.64175415,10.8023634,0 106.64225769,10.80232334,0 106.64276123,10.80228138,0 106.64326477,10.80223942,0 106.64376831,10.80219746,0 106.64427948,10.80215549,0 106.64429474,10.80205536,0 106.64429474,10.80205536,0 106.64431,10.802145,0 106.64506531,10.8020525,0 106.64582062,10.80195999,0 106.64658356,10.80191231,0 106.6473465,10.80186558,0 106.64810944,10.80179119,0 106.64888,10.80171776,0 106.64964294,10.80167294,0 106.65041351,10.80162811,0 106.65041351,10.80154419,0 106.65041351,10.80154419,0 106.65040588,10.80162811,0 106.65120697,10.80155945,0 106.65200806,10.80149078,0 106.6528244,10.80143356,0 106.65363312,10.80137539,0 106.65364075,10.80125427,0 106.65364075,10.80125427,0 106.65363312,10.8013649,0 106.65439606,10.80129719,0 106.655159,10.80123043,0 106.65592194,10.80116272,0 106.65668488,10.80109596,0 106.65667725,10.80098534,0 106.65667725,10.80098534,0 106.65667725,10.80109596,0 106.6572113,10.80104828,0 106.65775299,10.80100155,0 106.65812683,10.80097198,0 106.65850067,10.80094337,0 106.65882111,10.80083275,0 106.65882111,10.80083275,0 106.65882111,10.80083275,0 106.65882111,10.80083275,0 106.6607132,10.80066872,0 106.66080475,10.80048466,0 106.66085815,10.80029011,0 106.66094971,10.8002367,0 106.66107941,10.80025768,0 106.6614151,10.80050564,0 106.66160583,10.80064774,0 106.66259766,10.8005476,0 106.66348267,10.80047989,0 106.66381073,10.80052662,0 106.66639709,10.80029011,0 106.66637421,10.8002367,0 106.66637421,10.8002367,0 106.66637421,10.8002367,0 106.66637421,10.8002367,0 106.66637421,10.80030537,0 106.6679306,10.8001585,0 106.669487,10.80001068,0 106.66946411,10.79994202,0 106.66946411,10.79994202,0 106.66945648,10.80000496,0 106.67017365,10.79994202,0 106.67088318,10.79987907,0 106.67087555,10.79980469,0 106.67087555,10.79980469,0 106.67087555,10.79987335,0 106.67234802,10.79974747,0 106.6738205,10.79962063,0 106.6738205,10.79954243,0 106.6738205,10.79954243,0 106.6738205,10.79954243,0 106.6738205,10.79954243,0 106.67383575,10.79963684,0 106.67521667,10.79951859,0 106.67660522,10.79939938,0 106.67798615,10.79928112,0 106.67937469,10.79916191,0 106.67935181,10.79908752,0 106.67935181,10.79908752,0 106.67935181,10.79908752,0 106.67935181,10.79908752,0 106.67935181,10.79908752,0 106.67935181,10.79908752,0 106.67935181,10.79908752,0 106.67935181,10.7991991,0 106.67974091,10.79917049,0 106.68013,10.79914093,0 106.68045044,10.79926777,0 106.68075562,10.79957104,0 106.68105316,10.79987431,0 106.68135834,10.80017662,0 106.68166351,10.80047989,0 106.68173981,10.80041599,0 106.68173981,10.80041599,0 106.68173981,10.80041599,0 106.68173981,10.80041599,0 106.68173981,10.80041599,0 106.68173981,10.80041599,0 106.68173981,10.80041599,0 106.68173981,10.80041599,0 106.68173981,10.80041599,0 106.68169403,10.80049515,0 106.68203735,10.8007803,0 106.68230438,10.80103779,0 106.68287659,10.80158615,0 106.68348694,10.80217075,0 106.68401337,10.80272961,0 106.6840744,10.80268192,0 106.6840744,10.80268192,0 106.6840744,10.80268192,0 106.6840744,10.80268192,0 106.6840744,10.80268192,0 106.6840744,10.80268192,0 106.6840744,10.80268192,0 106.6840744,10.80268192,0 106.6840744,10.80268192,0 106.684021,10.80275631,0 106.68457031,10.80329132,0 106.68511963,10.80382538,0 106.68549347,10.80394173,0 106.68611145,10.8039465,0 106.68611145,10.80384731,0 106.68611145,10.80384731,0 106.68611145,10.80384731,0 106.68611145,10.80384731,0 106.68611145,10.80384731,0 106.68611145,10.80384731,0 106.68611145,10.80384731,0 106.68611145,10.80384731,0 106.68611908,10.80395699,0 106.68703461,10.80383396,0 106.68795013,10.80370998,0 106.68791962,10.80361462,0 106.68791962,10.80361462,0 106.68791962,10.80361462,0 106.68791962,10.80361462,0 106.68791962,10.80361462,0 106.68791962,10.80361462,0 106.68791962,10.80370998,0 106.68914795,10.80354691,0 106.69037628,10.80338287,0 106.69038391,10.80325127,0 106.69038391,10.80325127,0 106.69038391,10.80325127,0 106.69039154,10.80337715,0 106.6915741,10.80322742,0 106.69275665,10.8030777,0 106.6939621,10.80290318,0 106.69515991,10.80272961,0 106.69515228,10.80266571,0 106.69515228,10.80266571,0 106.69515991,10.80272961,0 106.69615936,10.80261326,0 106.69716644,10.80247116,0 106.69715881,10.80240822,0 106.69715881,10.80240822,0 106.69716644,10.80249214,0 106.69784546,10.8024025,0 106.69819641,10.80242348,0 106.69881439,10.80270004,0 106.69943237,10.80297756,0 106.69947052,10.80289268,0 106.69947052,10.80289268,0 106.69943237,10.80297756,0 106.70029449,10.80333042,0 106.70116425,10.80368328,0 106.70120239,10.80361462,0 106.70120239,10.80361462,0 106.70120239,10.80361462,0 106.70120239,10.80361462,0 106.70120239,10.80361462,0 106.70114899,10.80368328,0 106.70157623,10.80383587,0 106.70215607,10.80368328,0 106.7027359,10.80353069,0 106.70341492,10.80342007,0 106.70396423,10.80336666,0 106.70398712,10.80329323,0 106.70398712,10.80329323,0 106.70398712,10.80329323,0 106.70398712,10.80329323,0 106.70398712,10.80329323,0 106.70398712,10.80329323,0 106.70398712,10.80329323,0 106.70398712,10.80329323,0 106.70398712,10.80334568,0 106.70465851,10.80329704,0 106.70533752,10.80324841,0 106.70600891,10.80319977,0 106.7066803,10.80315113,0 106.70671082,10.80307674,0 106.70671082,10.80307674,0 106.70671082,10.80307674,0 106.70671082,10.80307674,0 106.70671082,10.80307674,0 106.70671082,10.80307674,0 106.70671082,10.80307674,0 106.70671082,10.80307674,0 106.70671844,10.80315113,0 106.70765686,10.80307865,0 106.70859528,10.80300617,0 106.70952606,10.80293369,0 106.71046448,10.80286121,0 106.71051025,10.80279255,0 106.71051025,10.80279255,0 106.71051025,10.80279255,0 106.71051025,10.80279255,0 106.71051025,10.80279255,0 106.71051025,10.80279255,0 106.71048737,10.80286694,0 106.71133423,10.80279255,0 106.71128082,10.80203438,0 106.71124268,10.80169106,0 106.71105957,10.80149651,0 106.71112823,10.80124855,0 106.71134949,10.80116463,0 106.71157074,10.80130196,0 106.71212769,10.80130196,0 106.71311188,10.80114841,0 106.71372223,10.801054,0 106.71427917,10.80093765,0 106.71425629,10.80082703,0 106.71425629,10.80082703,0 106.71425629,10.80082703,0 106.7142868,10.80092239,0 106.71557617,10.80049515,0 106.71601105,10.80044746,0 106.71657562,10.80020523,0 106.71681213,10.79993153,0 106.71744537,10.79961491,0 106.71740723,10.79953098,0 106.71740723,10.79953098,0 106.71743011,10.79961014,0 106.71794891,10.79932785,0 106.71846771,10.79904652,0 106.71914673,10.79866695,0 106.71949768,10.79852486,0 106.71949768,10.79852486,0 106.71949768,10.79852486,0 106.71949768,10.79852486,0 106.71987915,10.79820824,0 106.72103882,10.79763412,0 106.7215271,10.79748154,0 106.72279358,10.79742336,0 106.72363281,10.79743862,0 106.72431183,10.79774475,0 106.72452545,10.79799747,0 106.72454071,10.79826069,0 106.72451019,10.79858208,0 106.72438812,10.79889297,0 106.72413635,10.79906178,0 106.72387695,10.79913044,0 106.72303772,10.79910374,0 106.72264862,10.79908276,0 106.72241211,10.79906178,0 106.72219086,10.7990303,0 106.72221375,10.79905319,0 106.72221375,10.79905319,0 106.72221375,10.79905319,0 106.72221375,10.79905319,0 106.72221375,10.79905319,0 106.72221375,10.79905319,0 106.72221375,10.79905319,0 106.72221375,10.79905319,0 106.72221375,10.79905319,0 106.72221375,10.79905319,0 106.72221375,10.79905319,0 106.72221375,10.79905319,0 106.72221375,10.79905319,0 106.72222137,10.79903603,0 106.72169495,10.79894638,0 106.72104645,10.79863548,0 106.72055054,10.79850388,0 106.72009277,10.79859257,0 106.71957397,10.79889297,0 106.71957397,10.79889297,0 106.71957397,10.79889297,0 106.71957397,10.79889297,0 106.71957397,10.79889297,0 106.71957397,10.79889297,0 106.71957397,10.79889297,0 106.71957397,10.79889297,0 106.71957397,10.79889297,0 106.71957397,10.79889297,0 106.71957397,10.79889297,0 106.71957397,10.79889297,0 106.71957397,10.79889297,0 106.71957397,10.79889297,0 106.71957397,10.79889297,0 106.71920013,10.79916763,0 106.71879578,10.79939365,0 106.71797943,10.79985809,0 106.71826172,10.80035782,0 106.71850586,10.80086899,0 106.71800232,10.80109882,0 106.71749878,10.80131721,0 106.71749878,10.80131721,0 106.71749878,10.80131721,0 106.71749878,10.80131721,0 106.71749878,10.80131721,0</coordinates>
        </LineString>
      </Placemark>
      <Placemark>
        <name>B 104 (Lượt về)</name>
        <description><![CDATA[&lt;b&gt;Tuyến:&lt;/b&gt; B 104 - Bến xe An Sương - Bến xe buýt Văn Thánh&lt;br/&gt;&lt;b&gt;Hành trình:&lt;/b&gt; Bến xe Văn Thánh → Bến xe An Sương&lt;br/&gt;&lt;b&gt;Lượt:&lt;/b&gt; Lượt về&lt;br/&gt;&lt;b&gt;Cự ly:&lt;/b&gt; 16.35 km (Định mức: 16 km)&lt;br/&gt;&lt;b&gt;Giờ hoạt động:&lt;/b&gt; 4:30 - 22:00&lt;br/&gt;&lt;b&gt;Thời gian chạy:&lt;/b&gt; 45 phút]]></description>
        <styleUrl>#style_route_25</styleUrl>
        <LineString>
          <tessellate>1</tessellate>
          <coordinates>106.71749878,10.80131721,0 106.71749878,10.80131721,0 106.71749878,10.80131721,0 106.71749878,10.80131721,0 106.71846771,10.80090618,0 106.71820068,10.80039024,0 106.71793365,10.79985237,0 106.71718597,10.80022621,0 106.71722412,10.8002739,0 106.71722412,10.8002739,0 106.71722412,10.8002739,0 106.71722412,10.8002739,0 106.71722412,10.8002739,0 106.71722412,10.8002739,0 106.71722412,10.8002739,0 106.71722412,10.8002739,0 106.71722412,10.8002739,0 106.71686554,10.80035305,0 106.7165451,10.80042171,0 106.71604919,10.80069065,0 106.71582794,10.80087471,0 106.71485901,10.80122757,0 106.71485901,10.80122757,0 106.71485901,10.80122757,0 106.71485901,10.80122757,0 106.71485901,10.80122757,0 106.71485901,10.80122757,0 106.71485901,10.80122757,0 106.71485901,10.80122757,0 106.71485901,10.80122757,0 106.71485901,10.80122757,0 106.71392822,10.80148602,0 106.71337891,10.80161762,0 106.71283722,10.80169678,0 106.71283722,10.80169678,0 106.71283722,10.80169678,0 106.71283722,10.80169678,0 106.71283722,10.80169678,0 106.71283722,10.80169678,0 106.71283722,10.80158615,0 106.71229553,10.80159092,0 106.71192169,10.80169964,0 106.71166229,10.80185032,0 106.7115097,10.80206013,0 106.71140289,10.80236626,0 106.71141052,10.80284023,0 106.71043396,10.80292988,0 106.71044159,10.80299759,0 106.71044159,10.80299759,0 106.71044159,10.80299759,0 106.71044159,10.80299759,0 106.71044159,10.80293465,0 106.70922852,10.80302238,0 106.70802307,10.80310917,0 106.7080307,10.80317688,0 106.7080307,10.80317688,0 106.7080307,10.80317688,0 106.7080307,10.80310917,0 106.70703125,10.80318546,0 106.70602417,10.80326176,0 106.70501709,10.80333805,0 106.70401764,10.80341434,0 106.70401764,10.80348301,0 106.70401764,10.80348301,0 106.70401764,10.80348301,0 106.70401764,10.80348301,0 106.70402527,10.80340385,0 106.70278931,10.80359936,0 106.70159912,10.80389404,0 106.70122528,10.80379391,0 106.70118713,10.80387306,0 106.70118713,10.80387306,0 106.70118713,10.80387306,0 106.70118713,10.80387306,0 106.70121765,10.80381489,0 106.70030975,10.80344105,0 106.69939423,10.80306721,0 106.69937134,10.80312538,0 106.69937134,10.80312538,0 106.69937134,10.80312538,0 106.69937134,10.80312538,0 106.69937134,10.80312538,0 106.69937134,10.80312538,0 106.69940948,10.80305576,0 106.69857025,10.80270863,0 106.69801331,10.80248737,0 106.69689941,10.80260849,0 106.69577789,10.80275059,0 106.69578552,10.80281925,0 106.69578552,10.80281925,0 106.69578552,10.80281925,0 106.69578552,10.80281925,0 106.69578552,10.80281925,0 106.69578552,10.80281925,0 106.69579315,10.80272961,0 106.694664,10.80288219,0 106.69354248,10.80303478,0 106.69354248,10.80311871,0 106.69354248,10.80311871,0 106.69354248,10.80311871,0 106.69354248,10.80311871,0 106.69353485,10.80303478,0 106.69264221,10.80315399,0 106.69174194,10.80327225,0 106.69174194,10.80336189,0 106.69174194,10.80336189,0 106.69174194,10.80336189,0 106.69174194,10.80336189,0 106.69174194,10.80336189,0 106.69172668,10.80326176,0 106.69069672,10.80339146,0 106.68967438,10.8035202,0 106.68864441,10.80364895,0 106.68761444,10.80377769,0 106.68763733,10.80387783,0 106.68763733,10.80387783,0 106.68763733,10.80387783,0 106.68763733,10.80387783,0 106.6876297,10.80378342,0 106.68688202,10.80388641,0 106.68612671,10.80398846,0 106.68611908,10.8040781,0 106.68611908,10.8040781,0 106.68611908,10.8040781,0 106.68611145,10.80397797,0 106.68553162,10.80399418,0 106.685112,10.80384636,0 106.68470764,10.80344963,0 106.68418884,10.80295563,0 106.68366241,10.80246067,0 106.68360901,10.80252934,0 106.68360901,10.80252934,0 106.68360901,10.80252934,0 106.68360901,10.80252934,0 106.68367004,10.80246639,0 106.68282318,10.8016367,0 106.68195343,10.80080605,0 106.6818924,10.80088043,0 106.6818924,10.80088043,0 106.6818924,10.80088043,0 106.6818924,10.80088043,0 106.6818924,10.80088043,0 106.68195343,10.80080605,0 106.68131256,10.80018425,0 106.68083191,10.79972839,0 106.68034363,10.79927254,0 106.68000793,10.79918957,0 106.679245,10.7992363,0 106.67923737,10.79932499,0 106.67923737,10.79932499,0 106.67923737,10.79932499,0 106.67923737,10.79932499,0 106.67923737,10.79932499,0 106.67923737,10.79932499,0 106.67922211,10.79924679,0 106.67754364,10.79942036,0 106.6759491,10.79954147,0 106.67434692,10.79966259,0 106.67436218,10.79972076,0 106.67436218,10.79972076,0 106.67436218,10.79972076,0 106.67436218,10.79972076,0 106.67436218,10.79972076,0 106.67436218,10.79972076,0 106.67436218,10.79964733,0 106.67316437,10.79976559,0 106.67195892,10.7998724,0 106.67076111,10.79997921,0 106.66956329,10.80007362,0 106.66955566,10.80015278,0 106.66955566,10.80015278,0 106.66955566,10.80015278,0 106.66955566,10.80015278,0 106.66955566,10.80015278,0 106.66955566,10.80015278,0 106.66955566,10.80015278,0 106.66955566,10.80015278,0 106.66955566,10.80005836,0 106.6686554,10.8001318,0 106.6677475,10.80020523,0 106.66724396,10.80049515,0 106.66674042,10.80079556,0 106.66677856,10.80084801,0 106.66677856,10.80084801,0 106.66677856,10.80084801,0 106.66677856,10.80084801,0 106.66677856,10.80084801,0 106.66677856,10.80084801,0 106.66677856,10.80084801,0 106.66677856,10.80084801,0 106.66674805,10.80081177,0 106.66564941,10.80145168,0 106.66513062,10.80173874,0 106.66455078,10.8020916,0 106.66375732,10.80250263,0 106.66350555,10.80256081,0 106.66291046,10.80196285,0 106.66231537,10.8013649,0 106.66231537,10.8013649,0 106.66231537,10.8013649,0 106.66231537,10.8013649,0 106.66231537,10.8013649,0 106.66210175,10.80111217,0 106.66160583,10.80081654,0 106.66070557,10.8008585,0 106.65916443,10.80098534,0 106.65916443,10.80103779,0 106.65916443,10.80103779,0 106.65916443,10.80103779,0 106.65916443,10.80099106,0 106.65795898,10.80108833,0 106.65675354,10.80118561,0 106.65675354,10.80123806,0 106.65675354,10.80123806,0 106.65675354,10.80123806,0 106.65675354,10.80123806,0 106.65674591,10.80117989,0 106.65578461,10.80126476,0 106.65481567,10.80134869,0 106.65481567,10.80141163,0 106.65481567,10.80141163,0 106.65481567,10.80141163,0 106.65481567,10.80141163,0 106.65481567,10.80141163,0 106.65481567,10.80134869,0 106.65298462,10.80149651,0 106.65112305,10.80167007,0 106.65113068,10.80172825,0 106.65113068,10.80172825,0 106.65113068,10.80172825,0 106.65113068,10.80172825,0 106.65113068,10.80165958,0 106.65008545,10.80175495,0 106.64904022,10.80184937,0 106.647995,10.80194759,0 106.64694977,10.80204487,0 106.64694977,10.80210209,0 106.64694977,10.80210209,0 106.64694977,10.80210209,0 106.64694977,10.80210209,0 106.64694214,10.80203915,0 106.64572906,10.80213165,0 106.64451599,10.80222321,0 106.64450836,10.80227566,0 106.64450836,10.80227566,0 106.64450836,10.80227566,0 106.64450836,10.80227566,0 106.64450836,10.80227566,0 106.64451599,10.80222321,0 106.64363098,10.80229568,0 106.64273834,10.80236816,0 106.6418457,10.80244064,0 106.64095306,10.80251312,0 106.64096832,10.8025713,0 106.64096832,10.8025713,0 106.64096832,10.8025713,0 106.64096832,10.8025713,0 106.64096832,10.80249214,0 106.63981628,10.80259228,0 106.6390152,10.80281925,0 106.63853455,10.80309868,0 106.63800812,10.80362988,0 106.63800812,10.80362988,0 106.6375885,10.80430984,0 106.63712311,10.80496883,0 106.63668823,10.8056488,0 106.63615417,10.80628586,0 106.63619232,10.80631256,0 106.63619232,10.80631256,0 106.63619232,10.80631256,0 106.63619232,10.80631256,0 106.63619232,10.80631256,0 106.63614655,10.80628109,0 106.63527679,10.80707169,0 106.63488007,10.80753517,0 106.6346817,10.80786133,0 106.63454437,10.8082943,0 106.63463593,10.80831432,0 106.63463593,10.80831432,0 106.63463593,10.80831432,0 106.63453674,10.80828857,0 106.63423157,10.80925274,0 106.63395691,10.81023788,0 106.63365173,10.81122112,0 106.63334656,10.81220436,0 106.63334656,10.81220436,0 106.63334656,10.81220436,0 106.63334656,10.81220436,0 106.63284302,10.81374741,0 106.63240051,10.81526852,0 106.63193512,10.81680012,0 106.6314621,10.81833172,0 106.6314621,10.81833172,0 106.6314621,10.81833172,0 106.6314621,10.81833172,0 106.63121033,10.81916523,0 106.63095856,10.81999969,0 106.63070679,10.82083321,0 106.63045502,10.82166672,0 106.6301651,10.82242012,0 106.63025665,10.82245159,0 106.63025665,10.82245159,0 106.63025665,10.82245159,0 106.63025665,10.82245159,0 106.63014984,10.82243061,0 106.62980652,10.82309532,0 106.6292572,10.82365322,0 106.62804413,10.82470703,0 106.62689209,10.82580853,0 106.62576294,10.82689381,0 106.6258316,10.82695675,0 106.6258316,10.82695675,0 106.6258316,10.82695675,0 106.62575531,10.82691002,0 106.62539673,10.82731533,0 106.62508392,10.82772064,0 106.62480164,10.82815266,0 106.62451935,10.82858467,0 106.62459564,10.82862663,0 106.62459564,10.82862663,0 106.62448883,10.8285799,0 106.62399292,10.82936001,0 106.62349701,10.83013916,0 106.6230011,10.83090878,0 106.62250519,10.83167839,0 106.62201691,10.83244228,0 106.621521,10.83320618,0 106.62102509,10.83397007,0 106.62052917,10.83473396,0 106.6206131,10.83478069,0 106.6206131,10.83478069,0 106.62052155,10.83473873,0 106.61995697,10.83561897,0 106.61940002,10.83649921,0 106.61885071,10.83733177,0 106.61830139,10.8381691,0 106.61840057,10.83822155,0 106.61840057,10.83822155,0 106.61840057,10.83822155,0 106.61840057,10.83822155,0 106.61840057,10.83822155,0 106.61840057,10.83822155,0 106.61840057,10.83822155,0 106.61840057,10.83822155,0 106.61830902,10.83818531,0 106.61750793,10.83943081,0 106.61670685,10.84067726,0 106.61611938,10.84155941,0 106.61553955,10.84244156,0 106.61521149,10.84300613,0 106.61458588,10.84398365,0 106.61395264,10.84496021,0 106.6134491,10.84577656,0 106.61351776,10.84580326,0 106.61351776,10.84580326,0 106.61351776,10.84580326,0 106.61351776,10.84580326,0 106.61351776,10.84580326,0 106.61351776,10.84580326,0 106.61351776,10.84580326,0 106.61351776,10.84580326,0 106.61351776,10.84580326,0 106.61351776,10.84580326,0 106.61343384,10.8457613,0 106.61292267,10.84655094,0 106.61248016,10.8472681,0 106.61235809,10.84719372,0 106.61273193,10.84657288,0 106.61313629,10.84595203,0 106.61356354,10.84520817,0 106.61352539,10.84518719,0 106.61352539,10.84518719,0 106.61352539,10.84518719,0 106.61352539,10.84518719,0 106.61352539,10.84518719,0 106.61352539,10.84518719,0 106.61358643,10.84522343,0 106.61406708,10.84443855,0 106.61330414,10.84384346,0 106.6133728,10.8437376,0</coordinates>
        </LineString>
      </Placemark>
    </Folder>
    <Folder>
      <name>TUYẾN B 107: Bến xe Củ Chi - Bố Heo</name>
      <Placemark>
        <name>B 107 (Lượt đi)</name>
        <description><![CDATA[&lt;b&gt;Tuyến:&lt;/b&gt; B 107 - Bến xe Củ Chi - Bố Heo&lt;br/&gt;&lt;b&gt;Hành trình:&lt;/b&gt; Bến xe Củ Chi → Bố Heo&lt;br/&gt;&lt;b&gt;Lượt:&lt;/b&gt; Lượt đi&lt;br/&gt;&lt;b&gt;Cự ly:&lt;/b&gt; 16.25 km (Định mức: 15 km)&lt;br/&gt;&lt;b&gt;Giờ hoạt động:&lt;/b&gt; 4:45 - 20:00&lt;br/&gt;&lt;b&gt;Thời gian chạy:&lt;/b&gt; 30 phút]]></description>
        <styleUrl>#style_route_26</styleUrl>
        <LineString>
          <tessellate>1</tessellate>
          <coordinates>106.48210144,10.97161674,0 106.48210144,10.97161674,0 106.48210144,10.97161674,0 106.48236084,10.97199631,0 106.48212433,10.9721384,0 106.48261261,10.97294426,0 106.48312378,10.97368145,0 106.48300934,10.97375011,0 106.4822464,10.97263908,0 106.48152161,10.97147465,0 106.4809494,10.97199631,0 106.48029327,10.9724865,0 106.48034668,10.97253323,0 106.48034668,10.97253323,0 106.48034668,10.97253323,0 106.48034668,10.97253323,0 106.48034668,10.97253323,0 106.4803009,10.9724865,0 106.4793396,10.97297573,0 106.47834778,10.97343922,0 106.47702789,10.97407627,0 106.47569275,10.97467709,0 106.47573853,10.97475624,0 106.47573853,10.97475624,0 106.47570038,10.97468758,0 106.47437286,10.97536182,0 106.4730835,10.97607803,0 106.47312927,10.97613335,0 106.47312927,10.97613335,0 106.47312927,10.97613335,0 106.47312927,10.97613335,0 106.47310638,10.97607231,0 106.47118378,10.97709942,0 106.46941376,10.97809982,0 106.4694519,10.97817898,0 106.4694519,10.97817898,0 106.46940613,10.97810555,0 106.46672821,10.97958469,0 106.4642334,10.98101234,0 106.46430206,10.98113346,0 106.46430206,10.98113346,0 106.46421814,10.98101234,0 106.46263885,10.98194408,0 106.46114349,10.98294449,0 106.46123505,10.98305035,0 106.46123505,10.98305035,0 106.46116638,10.98295498,0 106.46046448,10.98340797,0 106.4597702,10.98386097,0 106.45907593,10.9843111,0 106.45837402,10.98476124,0 106.4584198,10.98480892,0 106.4584198,10.98480892,0 106.45839691,10.98475075,0 106.45732117,10.98546505,0 106.45624542,10.9861784,0 106.45517731,10.9868679,0 106.45411682,10.98755836,0 106.45295715,10.98830032,0 106.45191193,10.9890852,0 106.45101929,10.99002743,0 106.4502182,10.99092293,0 106.45037842,10.99103546,0 106.45037842,10.99103546,0 106.45022583,10.99089146,0 106.44994354,10.99120426,0 106.44965363,10.99151707,0 106.44937134,10.99182987,0 106.44908142,10.99214172,0 106.44879913,10.99245453,0 106.44850922,10.99276733,0 106.44822693,10.99308014,0 106.44793701,10.99339294,0 106.44799042,10.99342442,0 106.44799042,10.99342442,0 106.44792938,10.99337673,0 106.44755554,10.99379253,0 106.4471817,10.99420929,0 106.44680786,10.99462509,0 106.44643402,10.99504089,0 106.44606018,10.9954567,0 106.44569397,10.99587345,0 106.44532013,10.99628925,0 106.44494629,10.99670506,0 106.44506073,10.99678898,0 106.44506073,10.99678898,0 106.44494629,10.99669933,0 106.44412994,10.99761105,0 106.44329071,10.9985323,0 106.44238281,10.99943256,0 106.44187164,10.99982262,0 106.44133759,11.00016499,0 106.43898773,11.0014286,0 106.43782043,11.00205517,0 106.43666077,11.00268173,0 106.43667603,11.00271893,0 106.43667603,11.00271893,0 106.43666077,11.00266647,0 106.4355545,11.00326061,0 106.4344635,11.00375557,0 106.43319702,11.00415325,0 106.4319458,11.00456142,0 106.43196869,11.00463009,0 106.43196869,11.00463009,0 106.43196869,11.00463009,0 106.43196869,11.00463009,0 106.4319458,11.00455666,0 106.43119812,11.00477505,0 106.43045807,11.00499344,0 106.42972565,11.00524902,0 106.42899323,11.00550461,0 106.42814636,11.00576687,0 106.42814636,11.00576687,0 106.42814636,11.00576687,0 106.42814636,11.00576687,0 106.42814636,11.00576687,0 106.42737579,11.00601482,0 106.42759705,11.00645733,0 106.42814636,11.0069418,0 106.42822266,11.00687313,0 106.42822266,11.00687313,0 106.42816162,11.00695229,0 106.42964172,11.00818443,0 106.4311142,11.00950146,0 106.4311142,11.00950146,0 106.43247986,11.0108757,0 106.43287659,11.01138115,0 106.43322754,11.01194954,0 106.43382263,11.01308727,0 106.43450165,11.01420021,0 106.43453217,11.01416111,0 106.43453217,11.01416111,0 106.43450165,11.01420021,0 106.43498993,11.01513481,0 106.43551636,11.01602459,0 106.43659973,11.01783085,0 106.43671417,11.01777267,0 106.43671417,11.01777267,0 106.43658447,11.01783657,0 106.43723297,11.01894474,0 106.43788147,11.02005291,0 106.43854523,11.02116394,0 106.43920898,11.02227497,0 106.44052124,11.02450275,0 106.44186401,11.026721,0 106.44187927,11.0266304,0 106.44187927,11.0266304,0 106.44186401,11.026721,0 106.44179535,11.02668285,0 106.44252014,11.02799416,0 106.44317627,11.02926731,0 106.44384003,11.03058434,0 106.44448853,11.03185272,0 106.44490051,11.03238487,0 106.44671631,11.03415012,0 106.4467392,11.03404331,0 106.4467392,11.03404331,0 106.4466629,11.03412724,0 106.44722748,11.03468037,0 106.44675446,11.03518963,0 106.44675446,11.03518963,0 106.44570923,11.03627014,0 106.4447403,11.03731823,0 106.4437561,11.03835011,0 106.44280243,11.0393877,0 106.44181061,11.04039955,0 106.44112396,11.04114056,0 106.44041443,11.04186249,0 106.44045258,11.04187775,0 106.44045258,11.04187775,0 106.44041443,11.04186726,0 106.43894958,11.04341507,0 106.43746948,11.04497337,0 106.43677521,11.04574299,0 106.43605804,11.04650593,0 106.43609619,11.04654789,0 106.43609619,11.04654789,0 106.43605042,11.04652691,0 106.43513489,11.04748249,0 106.43421936,11.04843807,0 106.43340302,11.04932308,0 106.43255615,11.05019093,0 106.4325943,11.05022335,0 106.4325943,11.05022335,0 106.43255615,11.05018616,0 106.43159485,11.05122852,0 106.43064117,11.05227089,0 106.42871857,11.0542984,0 106.42764282,11.05543041,0 106.42771149,11.05548286,0 106.42771149,11.05548286,0 106.42765045,11.05542469,0 106.42680359,11.05635166,0 106.42592621,11.0572834,0 106.42507172,11.05818176,0 106.42421722,11.05908012,0 106.42421722,11.05908012,0 106.42224121,11.06116295,0 106.42230988,11.06121063,0 106.42230988,11.06121063,0 106.42224121,11.06116295,0 106.42164612,11.06182098,0 106.42169952,11.06184769,0</coordinates>
        </LineString>
      </Placemark>
      <Placemark>
        <name>B 107 (Lượt về)</name>
        <description><![CDATA[&lt;b&gt;Tuyến:&lt;/b&gt; B 107 - Bến xe Củ Chi - Bố Heo&lt;br/&gt;&lt;b&gt;Hành trình:&lt;/b&gt; Bố Heo → Bến xe Củ Chi&lt;br/&gt;&lt;b&gt;Lượt:&lt;/b&gt; Lượt về&lt;br/&gt;&lt;b&gt;Cự ly:&lt;/b&gt; 17.13 km (Định mức: 15 km)&lt;br/&gt;&lt;b&gt;Giờ hoạt động:&lt;/b&gt; 4:45 - 20:00&lt;br/&gt;&lt;b&gt;Thời gian chạy:&lt;/b&gt; 30 phút]]></description>
        <styleUrl>#style_route_26</styleUrl>
        <LineString>
          <tessellate>1</tessellate>
          <coordinates>106.42169952,11.06184769,0 106.42163086,11.06181622,0 106.42169952,11.06173229,0 106.42160034,11.06163216,0 106.42169189,11.06172657,0 106.42245483,11.06091022,0 106.42321777,11.06009483,0 106.42399596999999,11.05928612,0 106.42477417,11.05847836,0 106.42462158,11.05834675,0 106.42462158,11.05834675,0 106.42478943,11.05846214,0 106.42558289,11.05763054,0 106.4263916,11.05679321,0 106.42630768,11.05670357,0 106.42630768,11.05670357,0 106.42630768,11.05670357,0 106.4263916,11.05677795,0 106.4278717,11.05516624,0 106.42938232,11.0535717,0 106.4309082,11.05198193,0 106.43235779,11.0503912,0 106.43224335,11.05028057,0 106.43224335,11.05028057,0 106.43224335,11.05028057,0 106.43224335,11.05028057,0 106.43235779,11.05037594,0 106.43320465,11.04950142,0 106.43414307,11.04853821,0 106.43501282,11.04760647,0 106.43589783,11.0466795,0 106.43580627,11.0466156,0 106.43580627,11.0466156,0 106.43580627,11.0466156,0 106.43589783,11.0466795,0 106.4368515,11.04563713,0 106.43783569,11.04459476,0 106.438797,11.0435524,0 106.43980408,11.0425148,0 106.43968964,11.04242516,0 106.43968964,11.04242516,0 106.43979645,11.04251003,0 106.44068146,11.04160976,0 106.44155884,11.0406723,0 106.44245148,11.03973007,0 106.44335175,11.03879261,0 106.44419861,11.03788185,0 106.44506073,11.03697109,0 106.44593048,11.0360651,0 106.4467926,11.03514862,0 106.44659424,11.0349493,0 106.44659424,11.0349493,0 106.44680786,11.03512764,0 106.44723511,11.03468609,0 106.44636536,11.03380108,0 106.44636536,11.03380108,0 106.44549561,11.03299522,0 106.44465637,11.03212643,0 106.44404602,11.03093719,0 106.44339752,11.02974701,0 106.44280243,11.02854061,0 106.44218445,11.02735615,0 106.4421463,11.02737236,0 106.4421463,11.02737236,0 106.4421463,11.02737236,0 106.44218445,11.02736187,0 106.44155121,11.0262928,0 106.44095612,11.02521324,0 106.43968964,11.02305984,0 106.43785095,11.02001953,0 106.4369278,11.01842022,0 106.43642426,11.01750469,0 106.43642426,11.01750469,0 106.43642426,11.01750469,0 106.43642426,11.01750469,0 106.43642426,11.01750469,0 106.43524933,11.01564598,0 106.43474579,11.01469803,0 106.43421173,11.01376057,0 106.4341507,11.01378727,0 106.4341507,11.01378727,0 106.4341507,11.01378727,0 106.4341507,11.01378727,0 106.4342041,11.0137558,0 106.43385315,11.01315022,0 106.43354034,11.01252365,0 106.43283844,11.01132011,0 106.43213654,11.01049995,0 106.43109894,11.00954342,0 106.43067932,11.00912666,0 106.43061829,11.00919628,0 106.43061829,11.00919628,0 106.43061829,11.00919628,0 106.43061829,11.00919628,0 106.43069458,11.00913715,0 106.43018341,11.00865841,0 106.42957306,11.00809479,0 106.42895508,11.00761318,0 106.4283371,11.00713062,0 106.4283371,11.00713062,0 106.4283371,11.00713062,0 106.4283371,11.00713062,0 106.42762756,11.00648403,0 106.42740631,11.00587273,0 106.42808533,11.00564957,0 106.42807007,11.0055666,0 106.42807007,11.0055666,0 106.42808533,11.00567245,0 106.42988586,11.00510979,0 106.43165588,11.00455093,0 106.43164825,11.0045042,0 106.43164825,11.0045042,0 106.43165588,11.00456142,0 106.43273163,11.00420856,0 106.43382263,11.00384045,0 106.43483734,11.00349808,0 106.43578339,11.00303459,0 106.43575287,11.00296593,0 106.43575287,11.00296593,0 106.43580627,11.0030241,0 106.43778229,11.00198174,0 106.43877411,11.00144196,0 106.43976593,11.00090218,0 106.44074249,11.0003624,0 106.44171143,10.99982262,0 106.44216156,10.99950123,0 106.44258118,10.99915886,0 106.44329071,10.99839497,0 106.4432373,10.99835873,0 106.4432373,10.99835873,0 106.44329834,10.9983902,0 106.44368744,10.99795341,0 106.44407654,10.99751568,0 106.44448853,10.99707413,0 106.44487,10.99661732,0 106.44487,10.99661732,0 106.44487,10.99661732,0 106.44487,10.99661732,0 106.44491577,10.99664211,0 106.44532776,10.99616814,0 106.44578552,10.99568844,0 106.44620514,10.99521255,0 106.44663239,10.99473572,0 106.44706726,10.99425697,0 106.44750214,10.99377728,0 106.44792175,10.99328899,0 106.44833374,10.99279976,0 106.44833374,10.99279976,0 106.44836426,10.99269772,0 106.44836426,10.99269772,0 106.44833374,10.99279976,0 106.44871521,10.99242496,0 106.44909668,10.99205017,0 106.44947815,10.99163151,0 106.44985199,10.99121284,0 106.45023346,10.99079418,0 106.4506073,10.99037552,0 106.45126343,10.9895668,0 106.45126343,10.9895668,0 106.45126343,10.9895668,0 106.45173645,10.98910618,0 106.45226288,10.98869038,0 106.45340729,10.98792171,0 106.45458984,10.9871521,0 106.45570374,10.9864254,0 106.45565796,10.98633575,0 106.45565796,10.98633575,0 106.45571899,10.98639965,0 106.45700073,10.98556232,0 106.45827484,10.98471451,0 106.45823669,10.98466206,0 106.45823669,10.98466206,0 106.45826721,10.98470879,0 106.45897675,10.98425579,0 106.45967865,10.9838028,0 106.46038055,10.98334503,0 106.46108246,10.98288727,0 106.46103668,10.98285484,0 106.46101379,10.98288345,0 106.46101379,10.98288345,0 106.46105194,10.98292923,0 106.46173096,10.98248196,0 106.46240997,10.98203373,0 106.46311188,10.98159981,0 106.46380615,10.98116493,0 106.46374512,10.98104858,0 106.46374512,10.98104858,0 106.46374512,10.98104858,0 106.46374512,10.98104858,0 106.46379852,10.98114395,0 106.46451569,10.98073292,0 106.46524048,10.98031712,0 106.4659729,10.97991467,0 106.46670532,10.97951126,0 106.46744537,10.97910309,0 106.46818542,10.97869492,0 106.46892548,10.97828674,0 106.46966553,10.97787857,0 106.46963501,10.97778416,0 106.46963501,10.97778416,0 106.46963501,10.97778416,0 106.46963501,10.97778416,0 106.46966553,10.97787857,0 106.47042084,10.97744942,0 106.47117615,10.97702026,0 106.47195435,10.97659683,0 106.47274017,10.97617245,0 106.47271729,10.97610855,0 106.47271729,10.97610855,0 106.47271729,10.97610855,0 106.47271729,10.97610855,0 106.47273254,10.97614956,0 106.47273254,10.97614956,0 106.47333527,10.97581673,0 106.47393799,10.97548294,0 106.47455597,10.97516727,0 106.47518158,10.97485065,0 106.47574615,10.97456169,0 106.47631073,10.97427177,0 106.47689056,10.97400284,0 106.4774704,10.97373295,0 106.4774704,10.97373295,0 106.47743988,10.97365475,0 106.47743988,10.97365475,0 106.47657776,10.97406101,0 106.47689819,10.97399235,0 106.47734833,10.97375488,0 106.47782135,10.97355556,0 106.47809601,10.97330761,0 106.47809601,10.97330761,0 106.4785614,10.97319698,0 106.47930908,10.97284985,0 106.4799881,10.97250748,0 106.48049164,10.97209072,0 106.48049164,10.97209072,0 106.48049164,10.97209072,0 106.48056793,10.97216511,0 106.48134613,10.97150135,0 106.48191071,10.97102737,0 106.48249054,10.9705534,0 106.48245239,10.97049522,0 106.48245239,10.97049522,0 106.48245239,10.97049522,0 106.48248291,10.97053242,0 106.48420715,10.96936321,0 106.48522949,10.9686842,0 106.48571014,10.96838856,0 106.48602295,10.96812534,0 106.48632813,10.96824646,0 106.48619843,10.96862602,0 106.48579407,10.9686203,0 106.48487091,10.9690733,0 106.48377991,10.96977901,0 106.48271942,10.9705162,0 106.48174286,10.97130108,0 106.48210144,10.97161674,0</coordinates>
        </LineString>
      </Placemark>
    </Folder>
    <Folder>
      <name>TUYẾN B 122: Bến xe An Sương - Tân Quy</name>
      <Placemark>
        <name>B 122 (Lượt đi)</name>
        <description><![CDATA[&lt;b&gt;Tuyến:&lt;/b&gt; B 122 - Bến xe An Sương - Tân Quy&lt;br/&gt;&lt;b&gt;Hành trình:&lt;/b&gt; Bến xe An Sương → Bến xe buýt Tân Quy&lt;br/&gt;&lt;b&gt;Lượt:&lt;/b&gt; Lượt đi&lt;br/&gt;&lt;b&gt;Cự ly:&lt;/b&gt; 20.71 km (Định mức: 19 km)&lt;br/&gt;&lt;b&gt;Giờ hoạt động:&lt;/b&gt; 4:45 - 19:30&lt;br/&gt;&lt;b&gt;Thời gian chạy:&lt;/b&gt; 50 phút]]></description>
        <styleUrl>#style_route_27</styleUrl>
        <LineString>
          <tessellate>1</tessellate>
          <coordinates>106.6133728,10.8437376,0 106.61412048,10.84432316,0 106.6147995,10.84339523,0 106.61502075,10.84286308,0 106.61499023,10.8427,0 106.61505127,10.84253693,0 106.615242,10.84235764,0 106.61558533,10.84229469,0 106.61565399,10.84261036,0 106.61558533,10.8428688,0 106.61545563,10.84297943,0 106.61532593,10.84312725,0 106.61491394,10.84348488,0 106.6145401,10.84405422,0 106.61417389,10.84462261,0 106.61380005,10.84519196,0 106.61343384,10.8457613,0 106.61351776,10.84580326,0 106.61351776,10.84580326,0 106.61351776,10.84580326,0 106.61351776,10.84580326,0 106.6134491,10.8457613,0 106.61288452,10.84665489,0 106.61231232,10.84754753,0 106.61174011,10.84844112,0 106.61117554,10.84933376,0 106.61127472,10.84936047,0 106.61127472,10.84936047,0 106.61127472,10.84936047,0 106.61127472,10.84936047,0 106.61127472,10.84936047,0 106.6111908,10.84932804,0 106.61075592,10.84998512,0 106.61032104,10.8506422,0 106.60988617,10.85129929,0 106.60944366,10.85195732,0 106.60903168,10.85261917,0 106.60861206,10.85328197,0 106.60819244,10.85394478,0 106.60778046,10.85460663,0 106.60786438,10.85466003,0 106.60786438,10.85466003,0 106.60786438,10.85466003,0 106.60786438,10.85466003,0 106.60786438,10.85466003,0 106.60786438,10.85466003,0 106.60777283,10.85460186,0 106.60756683,10.85491085,0 106.60736084,10.85522079,0 106.60715485,10.85553074,0 106.60695648,10.85583973,0 106.60675049,10.85614967,0 106.60654449,10.85645866,0 106.6063385,10.85676861,0 106.60613251,10.8570776,0 106.60620117,10.85711479,0 106.60620117,10.85711479,0 106.60620117,10.85711479,0 106.60620117,10.85711479,0 106.60620117,10.85711479,0 106.60620117,10.85711479,0 106.60612488,10.85706234,0 106.60565186,10.85773945,0 106.6051712,10.85841656,0 106.60469818,10.85909271,0 106.60421753,10.85976982,0 106.60430908,10.85982323,0 106.60430908,10.85982323,0 106.60430908,10.85982323,0 106.60430908,10.85982323,0 106.60430908,10.85982323,0 106.6042099,10.85976505,0 106.60401154,10.86004162,0 106.60381317,10.86031914,0 106.60362244,10.86059666,0 106.60342407,10.86087418,0 106.60322571,10.86115074,0 106.60302734,10.86142826,0 106.60283661,10.86170578,0 106.60263824,10.86198235,0 106.60269928,10.86201382,0 106.60269928,10.86201382,0 106.60269928,10.86201382,0 106.60263824,10.86197758,0 106.60173798,10.86324978,0 106.60083771,10.86452198,0 106.60092163,10.86456871,0 106.60092163,10.86456871,0 106.60083771,10.86452198,0 106.60004425,10.86564445,0 106.59926605,10.86674023,0 106.59934998,10.86678219,0 106.59934998,10.86678219,0 106.59934998,10.86678219,0 106.59934998,10.86678219,0 106.59927368,10.86674023,0 106.59898376,10.86714935,0 106.59870148,10.86755753,0 106.59841156,10.86796665,0 106.59812927,10.86837578,0 106.59783936,10.8687849,0 106.59754944,10.86919403,0 106.59726715,10.8696022,0 106.59697723,10.87001133,0 106.59707642,10.87007523,0 106.59707642,10.87007523,0 106.59707642,10.87007523,0 106.59707642,10.87007523,0 106.59700012,10.87002754,0 106.59670258,10.87043285,0 106.59700775,10.87103844,0 106.5973053,10.87164497,0 106.5973053,10.87164497,0 106.59749603,10.87211132,0 106.59767914,10.87257671,0 106.59785461,10.87305164,0 106.59802246,10.87352562,0 106.59822845,10.8739996,0 106.59837341,10.87447357,0 106.59855652,10.87494278,0 106.59873962,10.87541103,0 106.59873962,10.87541103,0 106.59889221,10.87587452,0 106.59905243,10.87634373,0 106.59925079,10.87680721,0 106.59931946,10.87727642,0 106.59932709,10.87775612,0 106.59934235,10.87822437,0 106.59934998,10.87869835,0 106.5993576,10.87917328,0 106.5993576,10.87917328,0 106.59936523,10.87955475,0 106.59936523,10.87993622,0 106.59937286,10.88031101,0 106.59934235,10.88068485,0 106.59928131,10.88105297,0 106.5991745,10.88138008,0 106.59899902,10.88172245,0 106.59882355,10.88206482,0 106.59882355,10.88206482,0 106.59863281,10.88248348,0 106.59843445,10.88290215,0 106.59849548,10.88345528,0 106.59863281,10.88411903,0 106.59857178,10.88481998,0 106.5984726,10.88550758,0 106.59836578,10.88619518,0 106.59827423,10.88688278,0 106.59818268,10.88757038,0 106.59818268,10.88757038,0 106.59811401,10.88794136,0 106.59804535,10.88831234,0 106.59729767,10.88834953,0 106.59654999,10.88839149,0 106.59658051,10.88890362,0 106.59661102,10.88941669,0 106.59664154,10.88992882,0 106.59667206,10.89044094,0 106.59667206,10.89044094,0 106.59667206,10.89044094,0 106.59667206,10.89044094,0 106.59660339,10.89044571,0 106.59662628,10.89088058,0 106.59664917,10.89131546,0 106.59690857,10.89197636,0 106.59718323,10.89263725,0 106.59726715,10.89260101,0 106.59726715,10.89260101,0 106.59726715,10.89260101,0 106.59726715,10.89260101,0 106.59726715,10.89260101,0 106.59726715,10.89260101,0 106.59726715,10.89260101,0 106.59726715,10.89260101,0 106.59718323,10.89264297,0 106.59754181,10.89349079,0 106.59790802,10.89433861,0 106.5982666,10.89523411,0 106.59872437,10.89632511,0 106.59875488,10.89627171,0 106.59875488,10.89627171,0 106.59869385,10.89629364,0 106.59890747,10.89674664,0 106.59916687,10.89735222,0 106.59940338,10.89797878,0 106.59964752,10.89860535,0 106.59976959,10.89856434,0 106.59976959,10.89856434,0 106.59976959,10.89856434,0 106.59976959,10.89856434,0 106.59976959,10.89856434,0 106.59963226,10.89860058,0 106.59997559,10.89963341,0 106.6000824,10.90021801,0 106.60004425,10.90069199,0 106.59992218,10.90130329,0 106.60005188,10.90131855,0 106.60005188,10.90131855,0 106.60005188,10.90131855,0 106.60005188,10.90131855,0 106.59992981,10.90130329,0 106.59976196,10.90209293,0 106.59968567,10.90265656,0 106.5996933,10.90332031,0 106.59968567,10.90397835,0 106.5996933,10.9046526,0 106.59967804,10.90531921,0 106.59966278,10.90598583,0 106.59966278,10.90663338,0 106.59973907,10.9066391,0 106.59973907,10.9066391,0 106.59973907,10.9066391,0 106.59963989,10.9066391,0 106.59962463,10.90748692,0 106.59960938,10.90833473,0 106.59960938,10.9091301,0 106.59960938,10.90992546,0 106.59973907,10.91052055,0 106.59993744,10.91047382,0 106.59993744,10.91047382,0 106.59993744,10.91047382,0 106.59973907,10.91050529,0 106.59984589,10.91111851,0 106.5999527,10.91173267,0 106.60006714,10.91234589,0 106.60017395,10.91296005,0 106.60022736,10.91357899,0 106.60028076,10.91419792,0 106.60032654,10.91481686,0 106.60036469,10.91543579,0 106.60045624,10.91543579,0 106.60045624,10.91543579,0 106.60045624,10.91543579,0 106.60045624,10.91543579,0 106.60036469,10.91544628,0 106.6003952,10.91616535,0 106.60042572,10.91689968,0 106.60044861,10.91763496,0 106.60047913,10.91836929,0 106.6005249,10.91937256,0 106.60057831,10.92037582,0 106.60082245,10.92131901,0 106.60089111,10.92130947,0 106.60089111,10.92130947,0 106.60089111,10.92130947,0 106.60082245,10.92131424,0 106.60096741,10.92195892,0 106.60112,10.92260456,0 106.60125732,10.92324162,0 106.60139465,10.92387867,0 106.60153198,10.92451763,0 106.60166931,10.92515659,0 106.60180664,10.9257946,0 106.60195923,10.92642784,0 106.60209656,10.92707253,0 106.60224152,10.92771626,0 106.60237885,10.92835999,0 106.60251617,10.92900372,0 106.6026535,10.92965221,0 106.60279083,10.93029976,0 106.60292816,10.93093967,0 106.60305786,10.93157959,0 106.60312653,10.93157959,0 106.60312653,10.93157959,0 106.60312653,10.93157959,0 106.60305786,10.9315958,0 106.6032486,10.93247509,0 106.60343933,10.93335438,0 106.60362244,10.93417645,0 106.60379028,10.93508244,0 106.60395813,10.93618774,0 106.60412598,10.93731022,0 106.60429382,10.93843174,0 106.60437775,10.93901634,0 106.60438538,10.93968582,0 106.60444641,10.93968487,0 106.60444641,10.93968487,0 106.60437775,10.93967533,0 106.60437012,10.94072342,0 106.6043396,10.94121838,0 106.60423279,10.94173431,0 106.60412598,10.94225025,0 106.60414886,10.94251919,0 106.60421753,10.94271946,0 106.60446167,10.94304276,0 106.60470581,10.943367,0 106.60494232,10.9437933,0 106.60500336,10.94378281,0 106.60500336,10.94378281,0 106.60500336,10.94378281,0 106.60500336,10.94378281,0 106.60500336,10.94378281,0 106.60494995,10.94381714,0 106.60513306,10.94426346,0 106.60530853,10.94470978,0 106.60552979,10.94531631,0 106.60575104,10.9459219,0 106.60597229,10.94665337,0 106.60604095,10.94734383,0 106.60572815,10.94781303,0 106.60540771,10.94828129,0 106.60549164,10.94831276,0 106.60549164,10.94831276,0 106.60549164,10.94831276,0 106.60549164,10.94831276,0 106.60549164,10.94831276,0 106.60541534,10.9482708,0 106.60515594,10.9486599,0 106.60488892,10.949049,0 106.60462952,10.9494381,0 106.60437012,10.94982719,0 106.60410309,10.95021534,0 106.60384369,10.95060444,0 106.60357666,10.95099354,0 106.60331726,10.95138264,0 106.60301208,10.95184898,0 106.60271454,10.95231533,0 106.60279083,10.95236301,0 106.60279083,10.95236301,0 106.60279083,10.95236301,0 106.60279083,10.95236301,0 106.60271454,10.95231533,0 106.60231781,10.95292664,0 106.60192108,10.95353794,0 106.60152435,10.95414829,0 106.60112762,10.9547596,0 106.60081482,10.95525455,0 106.60049438,10.95574951,0 106.60051727,10.95576668,0 106.60051727,10.95576668,0 106.60051727,10.95576668,0 106.60051727,10.95576668,0 106.60051727,10.95576668,0 106.60051727,10.95576668,0 106.60048676,10.95574379,0 106.60004425,10.95652294,0 106.5996933,10.95716953,0 106.59899902,10.95800972,0 106.59860229,10.95847702,0 106.59820557,10.95894527,0 106.59741974,10.95987988,0 106.59689331,10.960495,0 106.59637451,10.96111012,0 106.59642792,10.96113682,0 106.59642792,10.96113682,0 106.59642792,10.96113682,0 106.59642792,10.96113682,0 106.59638977,10.96110535,0 106.59610748,10.9614296,0 106.59581757,10.96175289,0 106.59525299,10.96240044,0 106.59487915,10.96280861,0 106.59449768,10.96321678,0 106.59400177,10.96374416,0 106.59349823,10.96425438,0 106.59353638,10.96428299,0 106.59353638,10.96428299,0 106.59353638,10.96428299,0 106.59353638,10.96428299,0 106.59353638,10.96428299,0 106.59353638,10.96428299,0 106.59350586,10.9642601,0 106.59303284,10.96476269,0 106.59255981,10.96526623,0 106.59208679,10.96576881,0 106.59161377,10.9662714,0 106.59165192,10.96630001,0 106.59165192,10.96630001,0 106.59165192,10.96630001,0 106.59165192,10.96630001,0 106.59165192,10.96630001,0 106.59165192,10.96630001,0 106.59161377,10.96626663,0 106.59124756,10.96666813,0 106.59088135,10.96706963,0 106.59051514,10.96747112,0 106.59014893,10.96787262,0 106.5897522,10.96826267,0 106.58935547,10.96865177,0 106.58898163,10.96905994,0 106.58860779,10.96946812,0 106.58865356,10.96949959,0 106.58865356,10.96949959,0 106.58865356,10.96949959,0 106.58865356,10.96949959,0 106.58865356,10.96949959,0 106.58860779,10.96947384,0 106.58810425,10.97001457,0 106.58759308,10.97055626,0 106.58708954,10.97109699,0 106.58657837,10.97163868,0 106.58607483,10.97217941,0 106.58557129,10.97272015,0 106.58506012,10.97326183,0 106.58455658,10.97380257,0 106.58460236,10.97381687,0 106.58460236,10.97381687,0 106.58460236,10.97381687,0 106.58460236,10.97381687,0 106.58460236,10.97381687,0 106.58455658,10.9737978,0 106.58391571,10.97448635,0 106.58328247,10.9751749,0 106.5826416,10.97586346,0 106.58200073,10.97655201,0 106.58201599,10.97656727,0 106.58201599,10.97656727,0 106.58201599,10.97656727,0 106.58201599,10.97656727,0 106.58201599,10.97656727,0 106.58201599,10.97656727,0 106.5819931,10.97654629,0 106.58115387,10.97743702,0 106.58032227,10.97831059,0 106.57949829,10.97917938,0 106.57867432,10.98004818,0 106.57872009,10.98006725,0 106.57872009,10.98006725,0 106.57872009,10.98006725,0 106.57872009,10.98006725,0 106.57872009,10.98006725,0 106.57872009,10.98006725,0 106.57866669,10.98004341,0 106.57837677,10.98035717,0 106.57808685,10.98066998,0 106.57754517,10.98128605,0 106.5774231,10.98151207,0 106.57727814,10.98186493,0 106.57712555,10.98221779,0 106.57717896,10.98223686,0 106.57717896,10.98223686,0 106.57717896,10.98223686,0 106.57717896,10.98223686,0 106.57714844,10.982234,0 106.57687378,10.98288441,0 106.57660675,10.98353481,0 106.57633209,10.9841795,0 106.57605743,10.98482513,0 106.57610321,10.98483467,0 106.57610321,10.98483467,0 106.57606506,10.98480892,0 106.57567596,10.98573589,0 106.57528687,10.98666286,0 106.57489777,10.98757362,0 106.57454681,10.98848438,0 106.57459259,10.9885006,0 106.57459259,10.9885006,0 106.57453918,10.9884901,0 106.57435608,10.98894024,0 106.57416534,10.98939037,0 106.57457733,10.98937511,0 106.57498169,10.9893589,0 106.57496643,10.98931217,0 106.57496643,10.98931217,0 106.57496643,10.98934841,0 106.57566071,10.98930931,0 106.57634735,10.98926926,0 106.577034,10.98923302,0 106.57772064,10.98919582,0 106.57770538,10.98914337,0 106.57770538,10.98914337,0 106.57769775,10.9891901,0 106.57849121,10.98914337,0 106.57841492,10.98853779,0 106.57833099,10.98793221,0 106.57823181,10.9873209,0 106.57814026,10.98671055,0 106.57808685,10.98609924,0 106.57801819,10.98548889,0 106.57798004,10.98487186,0 106.57793427,10.98425579,0 106.57817841,10.98425102,0</coordinates>
        </LineString>
      </Placemark>
      <Placemark>
        <name>B 122 (Lượt về)</name>
        <description><![CDATA[&lt;b&gt;Tuyến:&lt;/b&gt; B 122 - Bến xe An Sương - Tân Quy&lt;br/&gt;&lt;b&gt;Hành trình:&lt;/b&gt; Bến xe buýt Tân Quy → Bến xe An Sương&lt;br/&gt;&lt;b&gt;Lượt:&lt;/b&gt; Lượt về&lt;br/&gt;&lt;b&gt;Cự ly:&lt;/b&gt; 18.4 km (Định mức: 19 km)&lt;br/&gt;&lt;b&gt;Giờ hoạt động:&lt;/b&gt; 4:45 - 19:30&lt;br/&gt;&lt;b&gt;Thời gian chạy:&lt;/b&gt; 50 phút]]></description>
        <styleUrl>#style_route_27</styleUrl>
        <LineString>
          <tessellate>1</tessellate>
          <coordinates>106.57817841,10.98425102,0 106.57817841,10.98425102,0 106.57798004,10.98424053,0 106.57792664,10.98361397,0 106.5772171,10.98365307,0 106.57649994,10.98369312,0 106.57673645,10.98313046,0 106.57693481,10.9826498,0 106.57688141,10.98263264,0 106.57688141,10.98263264,0 106.57688141,10.98263264,0 106.57688141,10.98263264,0 106.57695007,10.98264503,0 106.57722473,10.9819603,0 106.57754517,10.98128605,0 106.57796478,10.98077488,0 106.57842255,10.98030949,0 106.57887268,10.97982597,0 106.57932281,10.97934246,0 106.57929993,10.97933292,0 106.57929993,10.97933292,0 106.57929993,10.97933292,0 106.57929993,10.97933292,0 106.57933044,10.97934818,0 106.57965851,10.97900391,0 106.5799942,10.97865868,0 106.58032227,10.9783144,0 106.58065796,10.97797012,0 106.58110046,10.97749996,0 106.58153534,10.97702885,0 106.58197784,10.97655869,0 106.58242035,10.97608852,0 106.5823822,10.97605038,0 106.5823822,10.97605038,0 106.5823822,10.97605038,0 106.5823822,10.97605038,0 106.58242035,10.9760828,0 106.58282471,10.97565651,0 106.58322144,10.97523022,0 106.58365631,10.97474957,0 106.58409882,10.97426987,0 106.58454132,10.97380161,0 106.58498383,10.97333431,0 106.58495331,10.97331715,0 106.58495331,10.97331715,0 106.58495331,10.97331715,0 106.58499146,10.97333908,0 106.58551788,10.97274971,0 106.58616638,10.97206974,0 106.58681488,10.97138309,0 106.58747101,10.9706955,0 106.58810425,10.97000027,0 106.58873749,10.96933174,0 106.58872986,10.96930027,0 106.58872986,10.96930027,0 106.58872986,10.96930027,0 106.58874512,10.96931553,0 106.58933258,10.96870518,0 106.58992767,10.96809387,0 106.59050751,10.96747494,0 106.59108734,10.966856,0 106.59104919,10.9668169,0 106.59104919,10.9668169,0 106.59104919,10.9668169,0 106.59104919,10.9668169,0 106.59108734,10.96684074,0 106.5916748,10.9661932,0 106.59221649,10.96562099,0 106.59275818,10.96504974,0 106.59329224,10.96447849,0 106.59383392,10.96390724,0 106.59383392,10.9638834,0 106.59383392,10.9638834,0 106.59383392,10.9638834,0 106.59383392,10.9638834,0 106.59386444,10.96389675,0 106.59448242,10.96322346,0 106.59510803,10.96255016,0 106.59577179,10.96181107,0 106.59642792,10.96103668,0 106.59638214,10.96101665,0 106.59638214,10.96101665,0 106.59638214,10.96101665,0 106.59642792,10.9610424,0 106.59692383,10.96046448,0 106.59741211,10.9598856,0 106.59790039,10.95930767,0 106.59838867,10.95872974,0 106.59896851,10.95804977,0 106.59954071,10.9573698,0 106.59986877,10.95689964,0 106.60012054,10.95636559,0 106.60037231,10.95596027,0 106.60081482,10.9552002,0 106.60081482,10.9552002,0 106.60081482,10.9552002,0 106.60121918,10.95460606,0 106.60160828,10.95398998,0 106.60202026,10.9533844,0 106.60238647,10.95276737,0 106.60238647,10.95276737,0 106.60238647,10.95276737,0 106.60238647,10.95276737,0 106.60277557,10.95218563,0 106.6031723,10.95160389,0 106.6035614,10.95102215,0 106.60395813,10.95044041,0 106.60434723,10.94986057,0 106.60474396,10.94928169,0 106.6051178,10.94869709,0 106.60549927,10.94813347,0 106.60545349,10.94810009,0 106.60545349,10.94810009,0 106.60545349,10.94810009,0 106.60545349,10.94810009,0 106.60551453,10.94811726,0 106.60578156,10.94769859,0 106.60604858,10.94727993,0 106.60597229,10.94666386,0 106.60577393,10.94598484,0 106.6055603,10.94538403,0 106.60533905,10.94478416,0 106.60528564,10.94480038,0 106.60528564,10.94480038,0 106.60528564,10.94480038,0 106.60533905,10.94479465,0 106.60504913,10.94404125,0 106.60469818,10.94339371,0 106.60425568,10.94280338,0 106.60412598,10.94235611,0 106.60425568,10.94150257,0 106.60437012,10.94079685,0 106.60437012,10.94011688,0 106.60428619,10.94011688,0 106.60428619,10.94011688,0 106.60437775,10.9401226,0 106.60437012,10.93962193,0 106.60437012,10.9391222,0 106.60430908,10.93861866,0 106.60424042,10.93811607,0 106.60408783,10.93714905,0 106.60401917,10.93666649,0 106.60394287,10.93618298,0 106.60385132,10.93559074,0 106.60375977,10.93499756,0 106.6036377,10.93430233,0 106.60340881,10.93331814,0 106.60319519,10.93226433,0 106.60314941,10.93227482,0 106.60314941,10.93227482,0 106.60317993,10.93225861,0 106.6030426,10.93161106,0 106.60290527,10.93096352,0 106.60277557,10.93031502,0 106.60263824,10.92966747,0 106.60250092,10.92901993,0 106.60236359,10.92837143,0 106.60222626,10.92772388,0 106.60208893,10.92707634,0 106.60194397,10.92642689,0 106.60179901,10.92577744,0 106.60165405,10.92512894,0 106.60150909,10.92447948,0 106.60137177,10.92383194,0 106.60123444,10.92318344,0 106.60108185,10.92252541,0 106.60093689,10.92186642,0 106.60086823,10.92188263,0 106.60086823,10.92188263,0 106.60086823,10.92188263,0 106.60086823,10.92188263,0 106.60095215,10.92186642,0 106.60077667,10.92120075,0 106.60060883,10.92053413,0 106.60057068,10.92035961,0 106.60053253,10.91943932,0 106.60048676,10.91851902,0 106.60044861,10.91759872,0 106.60040283,10.91667843,0 106.60037231,10.91581535,0 106.60032654,10.91495132,0 106.60020447,10.91496086,0 106.60020447,10.91496086,0 106.60020447,10.91496086,0 106.60020447,10.91496086,0 106.60020447,10.91496086,0 106.60020447,10.91496086,0 106.60031891,10.91495132,0 106.60028839,10.91425514,0 106.60025024,10.91368675,0 106.60020447,10.91311741,0 106.60010529,10.91258526,0 106.60001373,10.91205406,0 106.59991455,10.91152191,0 106.59981537,10.91098976,0 106.59973907,10.91100025,0 106.59973907,10.91100025,0 106.59973907,10.91100025,0 106.59973907,10.91100025,0 106.59973907,10.91100025,0 106.59973907,10.91100025,0 106.59980774,10.91099548,0 106.59973145,10.91052914,0 106.59964752,10.91006279,0 106.59962463,10.9095993,0 106.59962463,10.90892506,0 106.59962463,10.90825081,0 106.59963226,10.90757656,0 106.59963226,10.90690231,0 106.59954834,10.90690231,0 106.59954834,10.90690231,0 106.59954834,10.90690231,0 106.59954834,10.90690231,0 106.59962463,10.90690231,0 106.59962463,10.90611172,0 106.59963226,10.90532207,0 106.59963989,10.90454006,0 106.59964752,10.9037571,0 106.59960938,10.90375233,0 106.59960938,10.90375233,0 106.59965515,10.9037466,0 106.59964752,10.90324688,0 106.59964752,10.9027462,0 106.59968567,10.90223503,0 106.59980774,10.90169811,0 106.59975433,10.90168667,0 106.59975433,10.90168667,0 106.59975433,10.90168667,0 106.599823,10.90168762,0 106.59996033,10.90111351,0 106.60005951,10.90060711,0 106.60005951,10.90011787,0 106.59999084,10.89968014,0 106.59986115,10.8992691,0 106.59970093,10.89884281,0 106.59967804,10.89884281,0 106.59967804,10.89884281,0 106.59967804,10.89884281,0 106.59970093,10.8988266,0 106.59942627,10.89806366,0 106.59913635,10.89730453,0 106.59880829,10.89655972,0 106.59849548,10.89581394,0 106.59845734,10.89583015,0 106.59845734,10.89583015,0 106.59849548,10.89581394,0 106.59823608,10.89519215,0 106.59797668,10.89457035,0 106.59773254,10.89392853,0 106.59745789,10.89329052,0 106.59739685,10.89331245,0 106.59739685,10.89331245,0 106.59739685,10.89331245,0 106.59739685,10.89331245,0 106.59745789,10.89328575,0 106.59713745,10.89257431,0 106.59687805,10.89193726,0 106.59664154,10.89127827,0 106.59661865,10.89070988,0 106.59659576,10.89014053,0 106.59651184,10.89014626,0 106.59651184,10.89014626,0 106.59651184,10.89014626,0 106.59651184,10.89014626,0 106.59658051,10.89015102,0 106.59655762,10.88970947,0 106.59653473,10.88926888,0 106.59651184,10.88882923,0 106.59648132,10.88833904,0 106.59725952,10.88830757,0 106.59803772,10.8882761,0 106.5980835,10.88764858,0 106.5980835,10.88764858,0 106.59818268,10.88695717,0 106.59828186,10.88626575,0 106.59838867,10.88557434,0 106.59848785,10.88488293,0 106.59853363,10.88419819,0 106.59843445,10.88348198,0 106.59837341,10.88291836,0 106.59867859,10.88211155,0 106.59867859,10.88211155,0 106.59890747,10.88170624,0 106.59912872,10.88130665,0 106.59925842,10.8809166,0 106.59929657,10.88052654,0 106.59931946,10.87973118,0 106.59928131,10.87893009,0 106.59928131,10.87893009,0 106.59928894,10.8784771,0 106.59929657,10.8780241,0 106.59927368,10.87757111,0 106.59925079,10.87712383,0 106.59912109,10.87673378,0 106.59899902,10.87634945,0 106.59884644,10.87594318,0 106.59869385,10.87553787,0 106.59869385,10.87553787,0 106.59851074,10.87502956,0 106.59833527,10.87452126,0 106.59815216,10.87401581,0 106.59796906,10.87350464,0 106.59777069,10.87300873,0 106.59757233,10.87251949,0 106.59736633,10.87202454,0 106.59715271,10.87152863,0 106.59715271,10.87152863,0 106.59686279,10.87088394,0 106.59657288,10.8702383,0 106.59675598,10.86995411,0 106.59675598,10.86995411,0 106.59675598,10.86995411,0 106.59675598,10.86995411,0 106.59675598,10.86995411,0 106.59735107,10.8692131,0 106.59788513,10.86845779,0 106.59841919,10.86770153,0 106.59890747,10.86691856,0 106.59890747,10.86691856,0 106.59890747,10.86691856,0 106.59890747,10.86691856,0 106.59890747,10.86691856,0 106.59890747,10.86691856,0 106.59890747,10.86691856,0 106.59890747,10.86691856,0 106.59973907,10.86587048,0 106.60050964,10.86478519,0 106.60128021,10.86367893,0 106.60205078,10.86257267,0 106.60197449,10.86254597,0 106.60197449,10.86254597,0 106.60197449,10.86254597,0 106.60197449,10.86254597,0 106.60197449,10.86254597,0 106.60197449,10.86254597,0 106.60197449,10.86254597,0 106.60205841,10.86258888,0 106.60270691,10.861619,0 106.60340118,10.86066532,0 106.60332489,10.86060238,0 106.60332489,10.86060238,0 106.60332489,10.86060238,0 106.60332489,10.86060238,0 106.60332489,10.86060238,0 106.60340118,10.86065006,0 106.60375977,10.86015224,0 106.60412598,10.85965443,0 106.60448456,10.85915852,0 106.60485077,10.85866356,0 106.60520935,10.85817146,0 106.60557556,10.85767841,0 106.60590363,10.85718346,0 106.60623932,10.8566885,0 106.60617828,10.85661983,0 106.60617828,10.85661983,0 106.60617828,10.85661983,0 106.60617828,10.85661983,0 106.60617828,10.85661983,0 106.60617828,10.85661983,0 106.60626221,10.85666656,0 106.60676575,10.85591221,0 106.60726166,10.85516262,0 106.60774994,10.85441399,0 106.60823822,10.85364246,0 106.6081543,10.85359478,0 106.6081543,10.85359478,0 106.6081543,10.85359478,0 106.6081543,10.85359478,0 106.6081543,10.85359478,0 106.6081543,10.85359478,0 106.6081543,10.85359478,0 106.60823059,10.8536272,0 106.60881805,10.85268116,0 106.60940552,10.85173607,0 106.61006165,10.8507452,0 106.61070251,10.84973907,0 106.61064148,10.84971333,0 106.61064148,10.84971333,0 106.61064148,10.84971333,0 106.61064148,10.84971333,0 106.61064148,10.84971333,0 106.61064148,10.84971333,0 106.61070251,10.84973907,0 106.61142731,10.84860897,0 106.6121521,10.84747887,0 106.61287689,10.84635639,0 106.6135788,10.84521294,0 106.61352539,10.84518719,0 106.61352539,10.84518719,0 106.61352539,10.84518719,0 106.61352539,10.84518719,0 106.61352539,10.84518719,0 106.61352539,10.84518719,0 106.61358643,10.84522343,0 106.61406708,10.84443855,0 106.61330414,10.84384346,0 106.6133728,10.8437376,0</coordinates>
        </LineString>
      </Placemark>
    </Folder>
    <Folder>
      <name>TUYẾN B 126: Bến xe Củ Chi - Bình Mỹ</name>
      <Placemark>
        <name>B 126 (Lượt đi)</name>
        <description><![CDATA[&lt;b&gt;Tuyến:&lt;/b&gt; B 126 - Bến xe Củ Chi - Bình Mỹ&lt;br/&gt;&lt;b&gt;Hành trình:&lt;/b&gt; Bến xe Củ Chi → Bến xe Bình Mỹ&lt;br/&gt;&lt;b&gt;Lượt:&lt;/b&gt; Lượt đi&lt;br/&gt;&lt;b&gt;Cự ly:&lt;/b&gt; 20.31 km (Định mức: 19 km)&lt;br/&gt;&lt;b&gt;Giờ hoạt động:&lt;/b&gt; 4:45 - 20:00&lt;br/&gt;&lt;b&gt;Thời gian chạy:&lt;/b&gt; 40 phút]]></description>
        <styleUrl>#style_route_28</styleUrl>
        <LineString>
          <tessellate>1</tessellate>
          <coordinates>106.48210144,10.97161674,0 106.48188782,10.97178078,0 106.48249054,10.97271252,0 106.48316956,10.97370815,0 106.48303986,10.9737606,0 106.48152161,10.97139072,0 106.48188782,10.97103214,0 106.48246765,10.97056961,0 106.48245239,10.97049522,0 106.48245239,10.97049522,0 106.48249817,10.97054291,0 106.48352814,10.96979523,0 106.48458099,10.96905231,0 106.48529053,10.96859932,0 106.48578644,10.96829891,0 106.48607635,10.96812534,0 106.48629761,10.96828365,0 106.48632813,10.96845722,0 106.48645782,10.96859932,0 106.48736572,10.96894169,0 106.48741913,10.96889973,0 106.48741913,10.96889973,0 106.48741913,10.96889973,0 106.48741913,10.96889973,0 106.48738098,10.96894741,0 106.48777008,10.96910477,0 106.4890213,10.96984768,0 106.49057007,10.97073746,0 106.49061584,10.97068977,0 106.49061584,10.97068977,0 106.49061584,10.97068977,0 106.49056244,10.97074318,0 106.49154663,10.97129822,0 106.49253082,10.97185421,0 106.49352264,10.97241783,0 106.49451447,10.97298145,0 106.49455261,10.97292805,0 106.49455261,10.97292805,0 106.49455261,10.97292805,0 106.49451447,10.97299671,0 106.4956665,10.97364426,0 106.49681854,10.97429276,0 106.49797058,10.97495365,0 106.49912262,10.97561455,0 106.49915314,10.97559261,0 106.49915314,10.97559261,0 106.49915314,10.97559261,0 106.49915314,10.97559261,0 106.49913788,10.97562504,0 106.50057983,10.97644138,0 106.50180054,10.97712612,0 106.50301361,10.97780991,0 106.50301361,10.97780991,0 106.50301361,10.97780991,0 106.50301361,10.97780991,0 106.50441742,10.97862911,0 106.50582123,10.97944832,0 106.50728607,10.98031139,0 106.50871277,10.98110676,0 106.50875092,10.9810667,0 106.50875092,10.9810667,0 106.50875092,10.9810667,0 106.5087204,10.98112774,0 106.50955963,10.98160172,0 106.51040649,10.98207569,0 106.51087952,10.98231316,0 106.5118103,10.98254967,0 106.51273346,10.98278713,0 106.51274872,10.9827404,0 106.51274872,10.9827404,0 106.51274872,10.9827919,0 106.51378632,10.98305798,0 106.51483154,10.98332405,0 106.51584625,10.9835825,0 106.51686859,10.98383999,0 106.51687622,10.98377705,0 106.51687622,10.98377705,0 106.51687622,10.98384571,0 106.51849365,10.98426628,0 106.52011108,10.98467731,0 106.52011871,10.98462009,0 106.52011871,10.98462009,0 106.52011871,10.98462009,0 106.52013397,10.98467731,0 106.52148438,10.98502541,0 106.52283478,10.98532486,0 106.52398682,10.98506165,0 106.52514648,10.98475647,0 106.52514648,10.98469257,0 106.52514648,10.98469257,0 106.52514648,10.98469257,0 106.52514648,10.984725,0 106.52516174,10.98475647,0 106.52602386,10.98451424,0 106.52687836,10.98440933,0 106.52830505,10.98456192,0 106.52973175,10.98471451,0 106.52973175,10.98465061,0 106.52973175,10.98465061,0 106.52972412,10.98471928,0 106.53083038,10.98485947,0 106.53192902,10.9849987,0 106.53303528,10.9851141,0 106.53414154,10.98523045,0 106.53414917,10.98515701,0 106.53414917,10.98515701,0 106.53414917,10.98515701,0 106.53414917,10.98515701,0 106.5341568,10.98521996,0 106.5355835,10.98539352,0 106.53700256,10.98558807,0 106.53845215,10.9857254,0 106.53990173,10.98588371,0 106.53992462,10.98582458,0 106.53992462,10.98582458,0 106.53992462,10.98582458,0 106.53992462,10.98582458,0 106.53992462,10.98582458,0 106.53992462,10.98589897,0 106.54157257,10.98604107,0 106.5421524,10.98596764,0 106.54270172,10.98579407,0 106.54396057,10.98507214,0 106.54518127,10.98446655,0 106.54516602,10.98437691,0 106.54516602,10.98437691,0 106.54516602,10.98437691,0 106.54516602,10.98437691,0 106.54518127,10.98444557,0 106.54633331,10.98394585,0 106.54692078,10.98370361,0 106.54751587,10.98356628,0 106.54827118,10.98368168,0 106.54919434,10.98388767,0 106.55055237,10.98418236,0 106.55130768,10.98425102,0 106.5513382,10.98420238,0 106.5513382,10.98420238,0 106.5513382,10.98420238,0 106.55134583,10.98425579,0 106.55272675,10.98436642,0 106.55414581,10.98448753,0 106.5541687,10.98438835,0 106.5541687,10.98438835,0 106.55417633,10.98447227,0 106.55664825,10.9846983,0 106.55917358,10.98490906,0 106.55987549,10.9848938,0 106.56061554,10.98485088,0 106.56061554,10.98477173,0 106.56061554,10.98477173,0 106.56061554,10.9848299,0 106.56195068,10.98473549,0 106.56329346,10.98464012,0 106.56464386,10.98453522,0 106.56599426,10.98443031,0 106.565979,10.98431396,0 106.565979,10.98431396,0 106.565979,10.98431396,0 106.565979,10.98443031,0 106.56737518,10.98431969,0 106.56878662,10.98423481,0 106.5701828,10.98413754,0 106.57157898,10.98404026,0 106.57157135,10.98394489,0 106.57157135,10.98394489,0 106.57157135,10.98394489,0 106.57157898,10.98403454,0 106.57320404,10.98393536,0 106.57483673,10.9838028,0 106.57483673,10.98373508,0 106.57483673,10.98373508,0 106.57483673,10.98373508,0 106.5748291,10.98381901,0 106.57611847,10.98372459,0 106.57741547,10.98362923,0 106.57863617,10.98355103,0 106.58002472,10.98347187,0 106.58003998,10.9833498,0 106.58003998,10.9833498,0 106.58003998,10.9833498,0 106.58005524,10.98346138,0 106.58119965,10.98338699,0 106.5823822,10.98330307,0 106.5823822,10.9832449,0 106.5823822,10.9832449,0 106.5823822,10.9832449,0 106.58238983,10.98331833,0 106.58415221999999,10.9831953,0 106.58591461,10.98307133,0 106.58763123,10.98296642,0 106.58944702,10.98283958,0 106.58943939,10.98273373,0 106.58943939,10.98273373,0 106.58943939,10.98273373,0 106.58943939,10.98273373,0 106.58945465,10.98282909,0 106.59174347,10.98266602,0 106.59406281,10.98253918,0 106.59407806,10.98244953,0 106.59407806,10.98244953,0 106.59407806,10.98244953,0 106.59407806,10.98244953,0 106.59408569,10.9825449,0 106.59513855,10.982481,0 106.59635925,10.9824028,0 106.59868622,10.9822607,0 106.59870148,10.98217583,0 106.59870148,10.98217583,0 106.59870148,10.98217583,0 106.59870911,10.98225498,0 106.6004715,10.98211765,0 106.60186768,10.98186493,0 106.60330963,10.98161221,0 106.60331726,10.98152828,0 106.60331726,10.98152828,0 106.60333252,10.98161983,0 106.60456085,10.9814024,0 106.60578918,10.98120213,0 106.60702515,10.98096657,0 106.60825348,10.98074913,0 106.60825348,10.98069096,0 106.60825348,10.98069096,0 106.60825348,10.98069096,0 106.60826874,10.98076439,0 106.60918427,10.98060131,0 106.61011505,10.98042202,0 106.61106873,10.98025894,0 106.6120224,10.98007965,0 106.61203003,10.98001671,0 106.61203003,10.98001671,0 106.61203003,10.98001671,0 106.61203003,10.98001671,0 106.61206055,10.98008537,0 106.61291504,10.97991943,0 106.61376953,10.97973824,0 106.61474609,10.97956371,0 106.6157074,10.97937393,0 106.61569977,10.97931576,0 106.61569977,10.97931576,0 106.61569977,10.97931576,0 106.61569977,10.97931576,0 106.6157074,10.97939014,0 106.61660004,10.97921085,0 106.61758423,10.97898483,0 106.61851501,10.97864723,0 106.61991882,10.97785759,0 106.62097931,10.9771204,0 106.62094116,10.97707844,0 106.62094116,10.97707844,0 106.62094116,10.97707844,0 106.62097168,10.97711563,0 106.62162018,10.97666454,0 106.62226105,10.97621441,0 106.62364197,10.97548771,0 106.62362671,10.97544098,0 106.62362671,10.97544098,0 106.62366486,10.97548771,0 106.62491608,10.97490406,0 106.62621307,10.97436619,0 106.62664032,10.97421837,0 106.6279068,10.97400761,0 106.62789154,10.97395515,0 106.62789154,10.97395515,0 106.62791443,10.97401333,0 106.62991333,10.97366619,0 106.63195801,10.9733181,0 106.63231659,10.97325993,0 106.63383484,10.9731493,0 106.6338501,10.97309685,0 106.6338501,10.97309685,0 106.63387299,10.97314453,0 106.63553619,10.97312832,0 106.6371994,10.9732132,0 106.63894653,10.9733181,0 106.63896942,10.97326565,0 106.63896942,10.97326565,0 106.63898468,10.97332382,0 106.64041901,10.97342396,0 106.64096832,10.97352886,0 106.64269257,10.97420788,0 106.64273071,10.97415638,0 106.64273071,10.97415638,0 106.64269257,10.97421837,0 106.64360809,10.97453976,0 106.64382935,10.9746666,0 106.64389038,10.97492409,0 106.6438446,10.97546673,0 106.6438446,10.97616196,0 106.6437149,10.97752571,0 106.64378357,10.97753143,0 106.64378357,10.97753143,0 106.64378357,10.97753143,0 106.64370728,10.97752571,0 106.64356995,10.97834778,0 106.64344025,10.97914791,0 106.64325714,10.97915268,0 106.64325714,10.97915268,0</coordinates>
        </LineString>
      </Placemark>
      <Placemark>
        <name>B 126 (Lượt về)</name>
        <description><![CDATA[&lt;b&gt;Tuyến:&lt;/b&gt; B 126 - Bến xe Củ Chi - Bình Mỹ&lt;br/&gt;&lt;b&gt;Hành trình:&lt;/b&gt; Bến xe Bình Mỹ → Bến xe Củ Chi&lt;br/&gt;&lt;b&gt;Lượt:&lt;/b&gt; Lượt về&lt;br/&gt;&lt;b&gt;Cự ly:&lt;/b&gt; 19.57 km (Định mức: 19 km)&lt;br/&gt;&lt;b&gt;Giờ hoạt động:&lt;/b&gt; 4:45 - 20:00&lt;br/&gt;&lt;b&gt;Thời gian chạy:&lt;/b&gt; 40 phút]]></description>
        <styleUrl>#style_route_28</styleUrl>
        <LineString>
          <tessellate>1</tessellate>
          <coordinates>106.64325714,10.97915268,0 106.64325714,10.97915268,0 106.64325714,10.97915268,0 106.64343262,10.9791584,0 106.64353943,10.97844219,0 106.64369202,10.97772598,0 106.64375305,10.97724152,0 106.64370728,10.97723579,0 106.64370728,10.97723579,0 106.64370728,10.97723579,0 106.64370728,10.97723579,0 106.64370728,10.97723579,0 106.64370728,10.97723579,0 106.64375305,10.97723675,0 106.64385986,10.97599888,0 106.64383698,10.97528267,0 106.64373016,10.97478199,0 106.64359283,10.97458744,0 106.64334869,10.9744606,0 106.64247131,10.97413445,0 106.64245605,10.97417068,0 106.64245605,10.97417068,0 106.64245605,10.97417068,0 106.64245605,10.97417068,0 106.64245605,10.97417068,0 106.64245605,10.97417068,0 106.64248657,10.97412872,0 106.64134216,10.97367668,0 106.64091492,10.97351265,0 106.6404953,10.97343445,0 106.639328,10.97335815,0 106.63816833,10.97328091,0 106.63815308,10.97334957,0 106.63815308,10.97334957,0 106.63815308,10.97334957,0 106.63815308,10.97334957,0 106.63815308,10.97334957,0 106.63815308,10.97334957,0 106.63815308,10.97334957,0 106.63815308,10.97334957,0 106.63816071,10.97328091,0 106.63677216,10.97319698,0 106.63581085,10.9731493,0 106.63477325,10.97312832,0 106.6335144,10.97317028,0 106.6335144,10.97323895,0 106.6335144,10.97323895,0 106.6335144,10.97323895,0 106.6335144,10.97323895,0 106.6335144,10.97323895,0 106.6335144,10.97323895,0 106.63352203,10.97316551,0 106.63270569,10.9732132,0 106.63189697,10.9733181,0 106.63102721999999,10.97347927,0 106.63015747,10.97361851,0 106.62844086,10.97391319,0 106.62844849,10.9739666,0 106.62844849,10.9739666,0 106.62844849,10.9739666,0 106.62844849,10.9739666,0 106.62844849,10.9739666,0 106.62844849,10.9739666,0 106.62844849,10.9739666,0 106.62844849,10.9739666,0 106.62844086,10.97391891,0 106.6264801,10.97427177,0 106.62505341,10.97482395,0 106.62394714,10.97534084,0 106.62398529,10.97540379,0 106.62398529,10.97540379,0 106.62398529,10.97540379,0 106.62398529,10.97540379,0 106.62398529,10.97540379,0 106.62398529,10.97540379,0 106.6239624,10.97535133,0 106.62286377,10.9759016,0 106.62201691,10.97636223,0 106.62110901,10.97704029,0 106.62017059,10.97768402,0 106.62020111,10.9777174,0 106.62020111,10.9777174,0 106.62020111,10.9777174,0 106.62020111,10.9777174,0 106.62020111,10.9777174,0 106.62020111,10.9777174,0 106.62020111,10.9777174,0 106.62017059,10.97768402,0 106.61927795,10.97824192,0 106.61830902,10.97873688,0 106.61833191,10.9787674,0 106.61833191,10.9787674,0 106.61833191,10.9787674,0 106.61833191,10.9787674,0 106.61833191,10.9787674,0 106.61833191,10.9787674,0 106.61830139,10.97872639,0 106.61758423,10.9789896,0 106.61681366,10.97917461,0 106.6155014,10.97942734,0 106.61550903,10.97947407,0 106.61550903,10.97947407,0 106.61550903,10.97947407,0 106.61550903,10.97947407,0 106.61550903,10.97947407,0 106.61550903,10.97947407,0 106.61549377,10.97943783,0 106.6138916,10.97973251,0 106.61231995,10.98003769,0 106.61233521,10.98012161,0 106.61233521,10.98012161,0 106.61233521,10.98012161,0 106.61233521,10.98012161,0 106.61233521,10.98012161,0 106.61234283,10.98004818,0 106.61048889,10.9803648,0 106.60868835,10.98068047,0 106.60871124,10.98073769,0 106.60871124,10.98073769,0 106.60871124,10.98073769,0 106.60869598,10.98069096,0 106.60749817,10.98089409,0 106.60630798,10.98109627,0 106.60513306,10.98130226,0 106.60396576,10.9815073,0 106.60396576,10.98155975,0 106.60396576,10.98155975,0 106.60395813,10.9815073,0 106.60284424,10.98170757,0 106.60173798,10.98190784,0 106.60049438,10.98211765,0 106.59950256,10.98221779,0 106.59950256,10.98225498,0 106.59950256,10.98225498,0 106.59950256,10.9822073,0 106.59844971,10.9822731,0 106.59738922,10.98233891,0 106.59632874,10.98241043,0 106.59527588,10.982481,0 106.59528351,10.9825182,0 106.59528351,10.9825182,0 106.59528351,10.9825182,0 106.59528351,10.98247623,0 106.59420776,10.98252773,0 106.59313202,10.98258018,0 106.5917511,10.98267841,0 106.59036255,10.98277664,0 106.59037781,10.98282433,0 106.59037781,10.98282433,0 106.59037781,10.98282433,0 106.59037781,10.98282433,0 106.59037781,10.98276615,0 106.58856964,10.9828949,0 106.5867691,10.98302364,0 106.58498383,10.98314762,0 106.58319855,10.9832716,0 106.58319855,10.98332405,0 106.58319855,10.98332405,0 106.58319855,10.98332405,0 106.58319855,10.98332405,0 106.58319092,10.98326588,0 106.58208466,10.98334503,0 106.58096313,10.98340321,0 106.57987213,10.98348999,0 106.57876587,10.98355579,0 106.5787735,10.98360825,0 106.5787735,10.98360825,0 106.5787735,10.98360825,0 106.5787735,10.98356628,0 106.57785034,10.98361874,0 106.57692719,10.98367977,0 106.57623291,10.98372555,0 106.57553864,10.98377132,0 106.57553864,10.98381424,0 106.57553864,10.98381424,0 106.57553864,10.98381424,0 106.57553864,10.98375607,0 106.57434845,10.98384762,0 106.57315826,10.98391914,0 106.57203674,10.98401928,0 106.57091522,10.98409843,0 106.57091522,10.98414612,0 106.57091522,10.98414612,0 106.57091522,10.98414612,0 106.57091522,10.98414612,0 106.57090759,10.98408222,0 106.56988525,10.98414803,0 106.56886292,10.98421383,0 106.56784058,10.98430347,0 106.56681824,10.98437691,0 106.56681824,10.98443031,0 106.56681824,10.98443031,0 106.56681824,10.98443031,0 106.56681824,10.98443031,0 106.56681824,10.9843874,0 106.56534576,10.98449612,0 106.56386566,10.98458767,0 106.56239319,10.98471165,0 106.56092072,10.98481941,0 106.56092072,10.98488331,0 106.56092072,10.98488331,0 106.56092072,10.98488331,0 106.56092072,10.98488331,0 106.56092072,10.9848299,0 106.56000519,10.9848938,0 106.55908966,10.98490429,0 106.55770111,10.98478031,0 106.55631256,10.98465633,0 106.5549469,10.98455334,0 106.55357361,10.9844408,0 106.55357361,10.98451424,0 106.55357361,10.98451424,0 106.55357361,10.98451424,0 106.55357361,10.98451424,0 106.55357361,10.98451424,0 106.55358887,10.9844408,0 106.55260468,10.98436451,0 106.55162048,10.98428822,0 106.55064392,10.98419857,0 106.54965973,10.98401356,0 106.54965973,10.98406124,0 106.54965973,10.98406124,0 106.54965973,10.98406124,0 106.54965973,10.98406124,0 106.54965973,10.98406124,0 106.54967499,10.98400307,0 106.54854584,10.98375034,0 106.54773712,10.98359776,0 106.5473175,10.98358727,0 106.54664612,10.98381424,0 106.5457077,10.9842329,0 106.54476929,10.98465157,0 106.54393768,10.98509884,0 106.5439682,10.9851408,0 106.5439682,10.9851408,0 106.5439682,10.9851408,0 106.5439682,10.9851408,0 106.54393005,10.98510933,0 106.54270172,10.98578358,0 106.54206848,10.98596191,0 106.54166412,10.98602581,0 106.54128265,10.98603058,0 106.54040527,10.98592567,0 106.54040527,10.98597813,0 106.54040527,10.98597813,0 106.54040527,10.98597813,0 106.54040527,10.98597813,0 106.54040527,10.98593044,0 106.53874969,10.98575687,0 106.53710175,10.9855938,0 106.53544617,10.98539352,0 106.53382874,10.98519897,0 106.53382874,10.9852457,0 106.53382874,10.9852457,0 106.53382874,10.9852457,0 106.53382874,10.98520947,0 106.53263092,10.98506165,0 106.53141785,10.98494053,0 106.53022003,10.98477745,0 106.52901459,10.98465157,0 106.52900696,10.98471355,0 106.52900696,10.98471355,0 106.52900696,10.98471355,0 106.52901459,10.98465157,0 106.52798462,10.984519,0 106.52696228,10.98443985,0 106.52651215,10.98445034,0 106.52563477,10.98462486,0 106.52487183,10.98485088,0 106.52489471,10.98489857,0 106.52489471,10.98489857,0 106.52489471,10.98489857,0 106.52489471,10.98489857,0 106.52487946,10.9848299,0 106.52410889,10.98503017,0 106.52301788,10.9853096,0 106.52258301,10.9853096,0 106.52226257,10.98523045,0 106.52130127,10.98496723,0 106.52128601,10.98502541,0 106.52128601,10.98502541,0 106.52128601,10.98502541,0 106.52128601,10.98502541,0 106.52128601,10.98502541,0 106.52129364,10.98496723,0 106.52054596,10.98478317,0 106.51980591,10.98457241,0 106.51902008,10.98441124,0 106.51824188,10.98422432,0 106.51822662,10.98428822,0 106.51822662,10.98428822,0 106.51822662,10.98428822,0 106.51822662,10.98428822,0 106.51822662,10.98428822,0 106.51822662,10.98428822,0 106.51822662,10.98428822,0 106.51824951,10.98421955,0 106.51681519,10.98382473,0 106.51529694,10.98341846,0 106.51389313,10.9831028,0 106.51249695,10.98273945,0 106.51247406,10.98280811,0 106.51247406,10.98280811,0 106.51247406,10.98280811,0 106.51247406,10.98280811,0 106.51247406,10.98280811,0 106.51247406,10.98280811,0 106.51247406,10.98280811,0 106.51247406,10.98280811,0 106.51248169,10.98274994,0 106.51091003,10.98232841,0 106.50988007,10.9818182,0 106.50884247,10.98120689,0 106.50879669,10.9812603,0 106.50879669,10.9812603,0 106.50879669,10.9812603,0 106.50879669,10.9812603,0 106.50879669,10.9812603,0 106.50879669,10.9812603,0 106.50882721,10.98120689,0 106.50746918,10.98043251,0 106.50614166,10.97966385,0 106.50479126,10.97891331,0 106.50346375,10.978158,0 106.50344086,10.97820473,0 106.50344086,10.97820473,0 106.50344086,10.97820473,0 106.50344086,10.97820473,0 106.50346375,10.978158,0 106.50262451,10.9776783,0 106.50177002,10.97723103,0 106.50086975,10.97669411,0 106.49994659,10.97618771,0 106.49994659,10.97618771,0 106.49994659,10.97618771,0 106.49994659,10.97618771,0 106.49994659,10.97618771,0 106.49856567,10.9753933,0 106.49720764,10.97455025,0 106.49584198,10.97380733,0 106.49449921,10.9730444,0 106.49446869,10.97311306,0 106.49446869,10.97311306,0 106.49446869,10.97311306,0 106.49446869,10.97311306,0 106.49450684,10.9730444,0 106.49365234,10.97254658,0 106.49278259,10.97206974,0 106.49198914,10.97160435,0 106.49117279,10.97115898,0 106.49117279,10.97115898,0 106.49117279,10.97115898,0 106.49117279,10.97115898,0 106.49117279,10.97115898,0 106.49030304,10.97067451,0 106.48951721,10.97016907,0 106.48864746,10.96971035,0 106.48781586,10.96919537,0 106.48781586,10.96919537,0 106.48781586,10.96919537,0 106.48781586,10.96919537,0 106.48781586,10.96919537,0 106.48690796,10.96879959,0 106.48641205,10.96867371,0 106.4862442,10.96865749,0 106.48600769,10.96869469,0 106.48577118,10.96862602,0 106.48482513,10.96916866,0 106.48387909,10.96971035,0 106.48317719,10.97019482,0 106.48245239,10.97066402,0 106.48179626,10.97121143,0 106.48210144,10.97161674,0 106.48210144,10.97161674,0 106.48210144,10.97161674,0</coordinates>
        </LineString>
      </Placemark>
    </Folder>
    <Folder>
      <name>TUYẾN B 145: Bến xe buýt Chợ Lớn - Chợ Hiệp Thành</name>
      <Placemark>
        <name>B 145 (Lượt đi)</name>
        <description><![CDATA[&lt;b&gt;Tuyến:&lt;/b&gt; B 145 - Bến xe buýt Chợ Lớn - Chợ Hiệp Thành&lt;br/&gt;&lt;b&gt;Hành trình:&lt;/b&gt; Bến xe buýt Chợ Lớn - B → Bến xe buýt Hiệp Thành&lt;br/&gt;&lt;b&gt;Lượt:&lt;/b&gt; Lượt đi&lt;br/&gt;&lt;b&gt;Cự ly:&lt;/b&gt; 23.3 km (Định mức: 23 km)&lt;br/&gt;&lt;b&gt;Giờ hoạt động:&lt;/b&gt; 4:30 - 20:30&lt;br/&gt;&lt;b&gt;Thời gian chạy:&lt;/b&gt; 70 phút]]></description>
        <styleUrl>#style_route_29</styleUrl>
        <LineString>
          <tessellate>1</tessellate>
          <coordinates>106.65106964,10.75118542,0 106.65106964,10.75118542,0 106.65080261,10.75099087,0 106.65049744,10.75101185,0 106.65079498,10.75347805,0 106.64977264,10.75357819,0 106.64924622,10.75363636,0 106.64926147,10.75368881,0 106.64926147,10.75368881,0 106.64926147,10.75368881,0 106.64926147,10.75368881,0 106.64926147,10.75363636,0 106.64801788,10.75376797,0 106.64677429,10.75389957,0 106.64678955,10.75395203,0 106.64678955,10.75395203,0 106.64678955,10.75395203,0 106.64678955,10.75389481,0 106.6443634,10.754179,0 106.64437103,10.75423241,0 106.64437103,10.75423241,0 106.6443634,10.75416851,0 106.64317322,10.75428486,0 106.64339447,10.75534344,0 106.64348602,10.75532818,0 106.64348602,10.75532818,0 106.64339447,10.75534344,0 106.64357758,10.75645065,0 106.64376831,10.75754166,0 106.64387512,10.75753593,0 106.64387512,10.75753593,0 106.64387512,10.75753593,0 106.64377594,10.75755215,0 106.64418793,10.75973892,0 106.64425659,10.75972939,0 106.64425659,10.75972939,0 106.64425659,10.75972939,0 106.64425659,10.75972939,0 106.6441803,10.75973892,0 106.64453125,10.76185226,0 106.64459229,10.7618494,0 106.64459229,10.7618494,0 106.64459229,10.7618494,0 106.64459229,10.7618494,0 106.64459229,10.7618494,0 106.64459229,10.7618494,0 106.64454651,10.76185226,0 106.6448822,10.76387119,0 106.64492798,10.76386547,0 106.64492798,10.76386547,0 106.64492798,10.76386547,0 106.64492798,10.76386547,0 106.64492798,10.76386547,0 106.64492798,10.76386547,0 106.64492798,10.76386547,0 106.64492798,10.76386547,0 106.64488983,10.76386547,0 106.64496613,10.76433468,0 106.64363098,10.76351738,0 106.64315796,10.76323318,0 106.64247131,10.76293278,0 106.64215851,10.76312256,0 106.64218903,10.76451874,0 106.64226532,10.76451874,0 106.64226532,10.76451874,0 106.64226532,10.76451874,0 106.64226532,10.76451874,0 106.64226532,10.76451874,0 106.64219666,10.76452446,0 106.6422348,10.76573658,0 106.64225006,10.76620007,0 106.64228821,10.76659012,0 106.6424408,10.76663208,0 106.64253998,10.7667532,0 106.64252472,10.76696968,0 106.64289856,10.7675333,0 106.64295959,10.76750755,0 106.64295959,10.76750755,0 106.64295959,10.76750755,0 106.64295959,10.76750755,0 106.64295959,10.76750755,0 106.64295959,10.76750755,0 106.64295959,10.76750755,0 106.64295959,10.76750755,0 106.64290619,10.76756001,0 106.64395142,10.76901436,0 106.64499664,10.77046871,0 106.64507294,10.77043724,0 106.64507294,10.77043724,0 106.64507294,10.77043724,0 106.64507294,10.77043724,0 106.64507294,10.77043724,0 106.64507294,10.77043724,0 106.64507294,10.77043724,0 106.64507294,10.77043724,0 106.64498901,10.77046871,0 106.64740753,10.77384663,0 106.64746094,10.77383137,0 106.64746094,10.77383137,0 106.64746094,10.77383137,0 106.64746094,10.77383137,0 106.64741516,10.77386284,0 106.64791107,10.77455044,0 106.64840698,10.77523804,0 106.64846802,10.77520561,0 106.64846802,10.77520561,0 106.64841461,10.77526951,0 106.64858246,10.77560711,0 106.6497345,10.77704048,0 106.64984131,10.77739334,0 106.6498642,10.77821064,0 106.6499176,10.77820969,0 106.6499176,10.77820969,0 106.6499176,10.77820969,0 106.6499176,10.77820969,0 106.64985657,10.77822113,0 106.64989471,10.77964401,0 106.65003204,10.78107166,0 106.65009308,10.78106594,0 106.65009308,10.78106594,0 106.65009308,10.78106594,0 106.65009308,10.78106594,0 106.65009308,10.78106594,0 106.65002441,10.78107166,0 106.6501236,10.7820673,0 106.65020752,10.78230476,0 106.65046692,10.78275299,0 106.65067291,10.78322697,0 106.65093994,10.78430748,0 106.65100861,10.78429127,0 106.65100861,10.78429127,0 106.65100861,10.78429127,0 106.65100861,10.78429127,0 106.65093231,10.78431225,0 106.65110016,10.78553486,0 106.65118408,10.78617764,0 106.6513443,10.78687382,0 106.65180206,10.78842831,0 106.65184784,10.78841209,0 106.65184784,10.78841209,0 106.65184784,10.78841209,0 106.65184784,10.78841209,0 106.65180969,10.78841782,0 106.6521759,10.78964043,0 106.65246582,10.79009819,0 106.65258789,10.79016209,0 106.65253448,10.79062557,0 106.65255737,10.79103661,0 106.65265656,10.79140568,0 106.65301514,10.79211712,0 106.65307617,10.79210091,0 106.65307617,10.79210091,0 106.65307617,10.79210091,0 106.65307617,10.79210091,0 106.65307617,10.79210091,0 106.6530304,10.7921381,0 106.65341949,10.79286003,0 106.65415955,10.79375553,0 106.65460968,10.79425144,0 106.65513611,10.79474068,0 106.65519714,10.7947197,0 106.65519714,10.7947197,0 106.65519714,10.7947197,0 106.65514374,10.79477787,0 106.65914917,10.79860401,0 106.65921783,10.79855633,0 106.65921783,10.79855633,0 106.65914917,10.79861927,0 106.65978241,10.79920959,0 106.66082764,10.80025768,0 106.66109467,10.80031586,0 106.66117096,10.80055332,0 106.66091156,10.80075836,0 106.66047668,10.80087948,0 106.65916443,10.80098534,0 106.65916443,10.80103779,0 106.65916443,10.80103779,0 106.65916443,10.80099106,0 106.65795898,10.80108833,0 106.65675354,10.80118561,0 106.65675354,10.80123806,0 106.65675354,10.80123806,0 106.65675354,10.80123806,0 106.65675354,10.80123806,0 106.65674591,10.80117989,0 106.65578461,10.80126476,0 106.65481567,10.80134869,0 106.65481567,10.80141163,0 106.65481567,10.80141163,0 106.65481567,10.80141163,0 106.65481567,10.80141163,0 106.65481567,10.80141163,0 106.65481567,10.80134869,0 106.65298462,10.80149651,0 106.65112305,10.80167007,0 106.65113068,10.80172825,0 106.65113068,10.80172825,0 106.65113068,10.80172825,0 106.65113068,10.80172825,0 106.65113068,10.80165958,0 106.65008545,10.80175495,0 106.64904022,10.80184937,0 106.647995,10.80194759,0 106.64694977,10.80204487,0 106.64694977,10.80210209,0 106.64694977,10.80210209,0 106.64694977,10.80210209,0 106.64694977,10.80210209,0 106.64694214,10.80203915,0 106.64572906,10.80213165,0 106.64451599,10.80222321,0 106.64450836,10.80227566,0 106.64450836,10.80227566,0 106.64450836,10.80227566,0 106.64450836,10.80227566,0 106.64450836,10.80227566,0 106.64451599,10.80222321,0 106.64363098,10.80229568,0 106.64273834,10.80236816,0 106.6418457,10.80244064,0 106.64095306,10.80251312,0 106.64096832,10.8025713,0 106.64096832,10.8025713,0 106.64096832,10.8025713,0 106.64096832,10.8025713,0 106.64096832,10.80249214,0 106.63981628,10.80259228,0 106.6390152,10.80281925,0 106.63853455,10.80309868,0 106.63800812,10.80362988,0 106.63800812,10.80362988,0 106.6375885,10.80430984,0 106.63712311,10.80496883,0 106.63668823,10.8056488,0 106.63615417,10.80628586,0 106.63619232,10.80631256,0 106.63619232,10.80631256,0 106.63619232,10.80631256,0 106.63619232,10.80631256,0 106.63619232,10.80631256,0 106.63614655,10.80628109,0 106.63527679,10.80707169,0 106.63488007,10.80753517,0 106.6346817,10.80786133,0 106.63454437,10.8082943,0 106.63463593,10.80831432,0 106.63463593,10.80831432,0 106.63463593,10.80831432,0 106.63453674,10.80828857,0 106.63423157,10.80925274,0 106.63395691,10.81023788,0 106.63365173,10.81122112,0 106.63334656,10.81220436,0 106.63334656,10.81220436,0 106.63334656,10.81220436,0 106.63334656,10.81220436,0 106.63284302,10.81374741,0 106.63240051,10.81526852,0 106.63193512,10.81680012,0 106.6314621,10.81833172,0 106.6314621,10.81833172,0 106.6314621,10.81833172,0 106.6314621,10.81833172,0 106.63121033,10.81916523,0 106.63095856,10.81999969,0 106.63070679,10.82083321,0 106.63045502,10.82166672,0 106.6301651,10.82242012,0 106.63025665,10.82245159,0 106.63025665,10.82245159,0 106.63025665,10.82245159,0 106.63025665,10.82245159,0 106.63014984,10.82243061,0 106.62980652,10.82309532,0 106.6292572,10.82365322,0 106.62804413,10.82470703,0 106.62689209,10.82580853,0 106.62576294,10.82689381,0 106.6258316,10.82695675,0 106.6258316,10.82695675,0 106.6258316,10.82695675,0 106.62575531,10.82691002,0 106.62539673,10.82731533,0 106.62508392,10.82772064,0 106.62480164,10.82815266,0 106.62451935,10.82858467,0 106.62459564,10.82862663,0 106.62459564,10.82862663,0 106.62448883,10.8285799,0 106.62399292,10.82936001,0 106.62349701,10.83013916,0 106.6230011,10.83090878,0 106.62250519,10.83167839,0 106.62201691,10.83244228,0 106.621521,10.83320618,0 106.62102509,10.83397007,0 106.62052917,10.83473396,0 106.6206131,10.83478069,0 106.6206131,10.83478069,0 106.62052155,10.83473873,0 106.61995697,10.83561897,0 106.61940002,10.83649921,0 106.61885071,10.83733177,0 106.61830139,10.8381691,0 106.61840057,10.83822155,0 106.61840057,10.83822155,0 106.61840057,10.83822155,0 106.61840057,10.83822155,0 106.61840057,10.83822155,0 106.61840057,10.83822155,0 106.61840057,10.83822155,0 106.61840057,10.83822155,0 106.61830902,10.83818531,0 106.61750793,10.83943081,0 106.61670685,10.84067726,0 106.61611938,10.84155941,0 106.61553955,10.84244156,0 106.61521149,10.84300613,0 106.61458588,10.84398365,0 106.61395264,10.84496021,0 106.6134491,10.84577656,0 106.61351776,10.84580326,0 106.61351776,10.84580326,0 106.61351776,10.84580326,0 106.61351776,10.84580326,0 106.61351776,10.84580326,0 106.61351776,10.84580326,0 106.61351776,10.84580326,0 106.61351776,10.84580326,0 106.61351776,10.84580326,0 106.61351776,10.84580326,0 106.61344147,10.84577656,0 106.61287689,10.84666061,0 106.61231995,10.84754467,0 106.61175537,10.84842777,0 106.6111908,10.84931183,0 106.61127472,10.84936047,0 106.61127472,10.84936047,0 106.61127472,10.84936047,0 106.61127472,10.84936047,0 106.61127472,10.84936047,0 106.61127472,10.84936047,0 106.61127472,10.84936047,0 106.61118317,10.84931755,0 106.61030579,10.85063457,0 106.60943604,10.8519516,0 106.6085968,10.85328484,0 106.60775757,10.85461712,0 106.60786438,10.85466003,0 106.60786438,10.85466003,0 106.60786438,10.85466003,0 106.60786438,10.85466003,0 106.60786438,10.85466003,0 106.60779572,10.85460663,0 106.6072998,10.85535526,0 106.60761261,10.85585022,0 106.60768127,10.85582447,0 106.60768127,10.85582447,0 106.60761261,10.85585594,0 106.60843658,10.85710907,0 106.60926056,10.8583107,0 106.60930634,10.858284,0 106.60930634,10.858284,0 106.60925293,10.85830021,0 106.61022949,10.85980701,0 106.61118317,10.86127663,0 106.61122894,10.86126137,0 106.61122894,10.86126137,0 106.61118317,10.86129284,0 106.61227417,10.86278915,0 106.61330414,10.86429596,0 106.61338043,10.86425304,0 106.61338043,10.86425304,0 106.61331177,10.86429024,0 106.61418915,10.86546993,0 106.61503601,10.86665535,0 106.61508942,10.86663532,0 106.61508942,10.86663532,0 106.61508942,10.86663532,0 106.61502075,10.86666584,0 106.61547089,10.86730385,0 106.61601257,10.86781979,0 106.6166153,10.86829948,0 106.61663818,10.86828423,0 106.61663818,10.86828423,0 106.61663818,10.86828423,0 106.61663818,10.86828423,0 106.61756134,10.8691473,0 106.6184082,10.87003803,0 106.6184082,10.87003803,0 106.6184082,10.87003803,0 106.6184082,10.87003803,0 106.61940765,10.87119675,0 106.61991119,10.87167645,0 106.62107849,10.87298775,0 106.62114716,10.87294579,0 106.62114716,10.87294579,0 106.62114716,10.87294579,0 106.62107849,10.87299347,0 106.62215424,10.87418938,0 106.62324524,10.87535858,0 106.62330627,10.87532234,0 106.62330627,10.87532234,0 106.62324524,10.87536907,0 106.62414551,10.87638092,0 106.62500763,10.87734509,0 106.62508392,10.87730789,0 106.62508392,10.87730789,0 106.62508392,10.87730789,0 106.62498474,10.87734985,0 106.62567902,10.87809849,0 106.626297,10.87888336,0 106.6263504,10.87884617,0 106.6263504,10.87884617,0 106.6263504,10.87884617,0 106.6263504,10.87884617,0 106.626297,10.87887764,0 106.62749481,10.8805685,0 106.62866974,10.88230228,0 106.6287384,10.88226032,0 106.6287384,10.88226032,0 106.6287384,10.88226032,0 106.62866211,10.88229656,0 106.62939453,10.88331318,0 106.63024139,10.8828392,0 106.63024139,10.8828392,0 106.63024139,10.8828392,0 106.63153839,10.88210201,0 106.63282013,10.88140678,0 106.63279724,10.88133335,0 106.63279724,10.88133335,0 106.63279724,10.88133335,0 106.63284302,10.88139629,0 106.63453674,10.88046837,0 106.63451385,10.8804369,0 106.63451385,10.8804369,0 106.63454437,10.88046837,0 106.63659668,10.87935162,0 106.63861084,10.87821388,0 106.63858032,10.87814045,0 106.63858032,10.87814045,0 106.6386261,10.87820911,0 106.63961029,10.87766647,0 106.64016724,10.87733936,0 106.64066315,10.87722874,0 106.64064789,10.87719154,0 106.64064789,10.87719154,0 106.64065552,10.87724495,0 106.64183044,10.87706566,0 106.64219666,10.87759209,0 106.64173889,10.87775612,0</coordinates>
        </LineString>
      </Placemark>
      <Placemark>
        <name>B 145 (Lượt về)</name>
        <description><![CDATA[&lt;b&gt;Tuyến:&lt;/b&gt; B 145 - Bến xe buýt Chợ Lớn - Chợ Hiệp Thành&lt;br/&gt;&lt;b&gt;Hành trình:&lt;/b&gt; Bến xe buýt Hiệp Thành → Bến xe buýt Chợ Lớn - B&lt;br/&gt;&lt;b&gt;Lượt:&lt;/b&gt; Lượt về&lt;br/&gt;&lt;b&gt;Cự ly:&lt;/b&gt; 23.46 km (Định mức: 23 km)&lt;br/&gt;&lt;b&gt;Giờ hoạt động:&lt;/b&gt; 4:30 - 20:30&lt;br/&gt;&lt;b&gt;Thời gian chạy:&lt;/b&gt; 70 phút]]></description>
        <styleUrl>#style_route_29</styleUrl>
        <LineString>
          <tessellate>1</tessellate>
          <coordinates>106.64173889,10.87775612,0 106.64217377,10.87758732,0 106.64182281,10.87709236,0 106.64073944,10.87723923,0 106.64076996,10.87730789,0 106.64076996,10.87730789,0 106.64076233,10.87723446,0 106.64015961,10.87737083,0 106.63885498,10.87810326,0 106.63887787,10.87814522,0 106.63887787,10.87814522,0 106.63884735,10.87810898,0 106.63674164,10.87928295,0 106.63464355,10.88045311,0 106.6346817,10.88049507,0 106.6346817,10.88049507,0 106.63465118,10.88044262,0 106.63306427,10.88130093,0 106.63311005,10.88137531,0 106.63311005,10.88137531,0 106.63306427,10.88130665,0 106.63153839,10.88214874,0 106.63004303,10.88300228,0 106.63007355,10.88304996,0 106.63007355,10.88304996,0 106.63002777,10.883008,0 106.62940216,10.88333988,0 106.62838745,10.88192272,0 106.6283493,10.88194942,0 106.6283493,10.88194942,0 106.62839508,10.881917,0 106.62728882,10.88033199,0 106.62617493,10.87875175,0 106.62609863,10.87879944,0 106.62609863,10.87879944,0 106.62617493,10.87874603,0 106.62534332,10.87778187,0 106.62448883,10.8768177,0 106.62442017,10.87688637,0 106.62442017,10.87688637,0 106.62448883,10.87681293,0 106.62295532,10.87507439,0 106.62291718,10.87514019,0 106.62291718,10.87514019,0 106.62295532,10.87507915,0 106.62167358,10.87366199,0 106.62039948,10.87225056,0 106.62030792,10.87233543,0 106.62030792,10.87233543,0 106.62030792,10.87233543,0 106.62030792,10.87233543,0 106.62039185,10.87225056,0 106.61875153,10.87049103,0 106.6186676,10.87057495,0 106.6186676,10.87057495,0 106.6186676,10.87057495,0 106.6186676,10.87057495,0 106.6186676,10.87057495,0 106.6186676,10.87057495,0 106.61875916,10.87048531,0 106.61739349,10.86897945,0 106.6161499,10.8679409,0 106.61611938,10.86799431,0 106.61611938,10.86799431,0 106.61611938,10.86799431,0 106.61611938,10.86799431,0 106.61611938,10.86799431,0 106.61615753,10.86795139,0 106.61551666,10.86735153,0 106.61484528,10.86643982,0 106.61480713,10.86646557,0 106.61480713,10.86646557,0 106.61480713,10.86646557,0 106.61484528,10.86642933,0 106.61402893,10.86526489,0 106.61315918,10.86410618,0 106.61312866,10.86413193,0 106.61312866,10.86413193,0 106.61314392,10.86411095,0 106.61205292,10.86249924,0 106.61090088,10.8608923,0 106.61084747,10.86090755,0 106.61084747,10.86090755,0 106.61089325,10.86087608,0 106.6099472,10.85941696,0 106.60896301,10.85792065,0 106.6089325,10.85794735,0 106.6089325,10.85794735,0 106.60896301,10.85791016,0 106.60803223,10.85653019,0 106.60799408,10.85655594,0 106.60799408,10.85655594,0 106.60803986,10.85654068,0 106.60719299,10.85520744,0 106.6082077,10.85363197,0 106.6081543,10.85359478,0 106.6081543,10.85359478,0 106.6081543,10.85359478,0 106.6081543,10.85359478,0 106.6082077,10.85364246,0 106.61071777,10.84973907,0 106.61064148,10.84971333,0 106.61064148,10.84971333,0 106.61064148,10.84971333,0 106.61064148,10.84971333,0 106.61064148,10.84971333,0 106.61064148,10.84971333,0 106.61070251,10.84975433,0 106.61360168,10.84521866,0 106.61352539,10.84518719,0 106.61352539,10.84518719,0 106.61352539,10.84518719,0 106.61352539,10.84518719,0 106.61352539,10.84518719,0 106.61352539,10.84518719,0 106.6135788,10.84520817,0 106.61483765,10.8433218,0 106.6151123,10.84258461,0 106.61537933,10.84222031,0 106.61643982,10.84055614,0 106.61655426,10.84026623,0 106.61742401,10.83894348,0 106.61734772,10.83889103,0 106.61734772,10.83889103,0 106.61734772,10.83889103,0 106.61734772,10.83889103,0 106.61734772,10.83889103,0 106.61742401,10.83894348,0 106.6202774,10.83453846,0 106.62020874,10.83449745,0 106.62020874,10.83449745,0 106.62020874,10.83449745,0 106.62028503,10.83452797,0 106.62185669,10.83206272,0 106.62179565,10.83201981,0 106.62179565,10.83201981,0 106.62179565,10.83201981,0 106.62179565,10.83201981,0 106.62184906,10.83206749,0 106.62343597,10.82962799,0 106.62452698,10.82798481,0 106.6247406,10.82784748,0 106.62523651,10.82710457,0 106.62568665,10.82659912,0 106.62568665,10.82648849,0 106.62590027,10.82628822,0 106.62586212,10.82623959,0 106.62586212,10.82623959,0 106.62586212,10.82623959,0 106.62586212,10.82623959,0 106.6259079,10.82627773,0 106.62795258,10.82441711,0 106.62901306,10.82345295,0 106.62953186,10.82291603,0 106.62989807,10.82234669,0 106.62982178,10.82231522,0 106.62982178,10.82231522,0 106.62989807,10.82233047,0 106.63036346,10.82091904,0 106.6308136,10.81942749,0 106.63061523,10.81938553,0 106.63061523,10.81938553,0 106.6308136,10.81942749,0 106.63153839,10.81711483,0 106.63146973,10.81711388,0 106.63237762,10.81445503,0 106.63259888,10.81373405,0 106.63282013,10.81301308,0 106.63304138,10.8122921,0 106.633255,10.81157112,0 106.63346863,10.81084919,0 106.63368988,10.81012726,0 106.63394165,10.80940533,0 106.63414001,10.80870533,0 106.63401794,10.80868912,0 106.63401794,10.80868912,0 106.63414001,10.8087101,0 106.63439178,10.80796719,0 106.63488007,10.80729294,0 106.63546753,10.80671883,0 106.63608551,10.80617523,0 106.63605499,10.80614376,0 106.63605499,10.80614376,0 106.63609314,10.80617523,0 106.63664246,10.80552769,0 106.63707733,10.80487919,0 106.63750458,10.80420971,0 106.63795471,10.80358887,0 106.63788605,10.80354118,0 106.63788605,10.80354118,0 106.63796997,10.80359364,0 106.63813782,10.80335617,0 106.63833618,10.80311966,0 106.63861847,10.80292988,0 106.63893127,10.8027668,0 106.63925171,10.80262947,0 106.63957214,10.80254459,0 106.63990784,10.80249786,0 106.64025116,10.80248737,0 106.64025116,10.80237103,0 106.64025116,10.80237103,0 106.64025116,10.80248165,0 106.64074707,10.80244255,0 106.64125061,10.8024025,0 106.64175415,10.8023634,0 106.64225769,10.80232334,0 106.64276123,10.80228138,0 106.64326477,10.80223942,0 106.64376831,10.80219746,0 106.64427948,10.80215549,0 106.64429474,10.80205536,0 106.64429474,10.80205536,0 106.64431,10.802145,0 106.64506531,10.8020525,0 106.64582062,10.80195999,0 106.64658356,10.80191231,0 106.6473465,10.80186558,0 106.64810944,10.80179119,0 106.64888,10.80171776,0 106.64964294,10.80167294,0 106.65041351,10.80162811,0 106.65041351,10.80154419,0 106.65041351,10.80154419,0 106.65040588,10.80162811,0 106.65120697,10.80155945,0 106.65200806,10.80149078,0 106.6528244,10.80143356,0 106.65363312,10.80137539,0 106.65364075,10.80125427,0 106.65364075,10.80125427,0 106.65363312,10.8013649,0 106.65439606,10.80129719,0 106.655159,10.80123043,0 106.65592194,10.80116272,0 106.65668488,10.80109596,0 106.65667725,10.80098534,0 106.65667725,10.80098534,0 106.6566925,10.80109119,0 106.65721893,10.80105209,0 106.65774536,10.80101395,0 106.65827179,10.8009758,0 106.65879822,10.80093765,0 106.65882111,10.80083275,0 106.65882111,10.80083275,0 106.65882111,10.80083275,0 106.65882874,10.80087948,0 106.65971375,10.80078506,0 106.66061401,10.80072212,0 106.66080475,10.80052662,0 106.66079712,10.80025768,0 106.66031647,10.79981518,0 106.65971375,10.79924107,0 106.65911102,10.79866695,0 106.65907288,10.79872513,0 106.65907288,10.79872513,0 106.65907288,10.79872513,0 106.65907288,10.79872513,0 106.65911102,10.79868221,0 106.65830231,10.79790306,0 106.65748596,10.79712296,0 106.65742493,10.79716969,0 106.65742493,10.79716969,0 106.65742493,10.79716969,0 106.65742493,10.79716969,0 106.65742493,10.79716969,0 106.65748596,10.79711723,0 106.65663147,10.79627228,0 106.65576935,10.79542637,0 106.65510559,10.79609489,0 106.65514374,10.7961216,0 106.65514374,10.7961216,0 106.65514374,10.7961216,0 106.65514374,10.7961216,0 106.65511322,10.79607964,0 106.65464783,10.7965498,0 106.65410614,10.79600048,0 106.65406799,10.79603195,0 106.65406799,10.79603195,0 106.65406799,10.79603195,0 106.65410614,10.79598999,0 106.65316772,10.79510975,0 106.65221405,10.79421902,0 106.65218353,10.79425621,0 106.65218353,10.79425621,0 106.65218353,10.79425621,0 106.65222931,10.79419804,0 106.6517334,10.79373455,0 106.65311432,10.79302311,0 106.6531601,10.79277039,0 106.65305328,10.79252243,0 106.65286255,10.79209042,0 106.65280151,10.79212189,0 106.65280151,10.79212189,0 106.65280151,10.79212189,0 106.65280151,10.79212189,0 106.65285492,10.79210663,0 106.65257263,10.79137421,0 106.65232086,10.79023075,0 106.65182495,10.7886076,0 106.65177917,10.78862762,0 106.65177917,10.78862762,0 106.65181732,10.78861237,0 106.65124512,10.78649426,0 106.65104675,10.78554058,0 106.65092468,10.78423309,0 106.65084839,10.78423309,0 106.65084839,10.78423309,0 106.65084839,10.78423309,0 106.65090942,10.78421783,0 106.65080261,10.78367996,0 106.65063477,10.78318977,0 106.65045166,10.78275299,0 106.65018463,10.78223133,0 106.65010071,10.78203583,0 106.65006256,10.7815094,0 106.6499939,10.78151131,0 106.6499939,10.78151131,0 106.6499939,10.78151131,0 106.65006256,10.78150368,0 106.64995575,10.78050804,0 106.64989471,10.77951717,0 106.6498642,10.77873707,0 106.64985657,10.7779417,0 106.6497879,10.77794075,0 106.6497879,10.77794075,0 106.6497879,10.77794075,0 106.6497879,10.77794075,0 106.64984894,10.77792549,0 106.64979553,10.77721405,0 106.64970398,10.77702999,0 106.64906311,10.77623367,0 106.64845276,10.77543831,0 106.64839935,10.77546978,0 106.64839935,10.77546978,0 106.64839935,10.77546978,0 106.64839935,10.77546978,0 106.6484375,10.77543831,0 106.64796448,10.77477741,0 106.64748383,10.77411556,0 106.64748383,10.77411556,0 106.64748383,10.77411556,0 106.64748383,10.77411556,0 106.64680481,10.77313519,0 106.64612579,10.77215481,0 106.64541626,10.77119637,0 106.64471436,10.77023697,0 106.64471436,10.77023697,0 106.64471436,10.77023697,0 106.64471436,10.77023697,0 106.64427948,10.76963234,0 106.64385223,10.76902771,0 106.64342499,10.76842308,0 106.64299011,10.76781845,0 106.64299011,10.76781845,0 106.64299011,10.76781845,0 106.64299011,10.76781845,0 106.64299011,10.76781845,0 106.64289093,10.76766491,0 106.64243317,10.76702785,0 106.64227295,10.76696396,0 106.64217377,10.76686954,0 106.64225769,10.76669025,0 106.6422348,10.76657963,0 106.64221191,10.76588917,0 106.64218903,10.76519871,0 106.64212799,10.76519871,0 106.64212799,10.76519871,0 106.64212799,10.76519871,0 106.64212799,10.76519871,0 106.64212799,10.76519871,0 106.64212799,10.76519871,0 106.64212799,10.76519871,0 106.64212799,10.76519871,0 106.64212799,10.76519871,0 106.64212799,10.76519871,0 106.64219666,10.76519394,0 106.6421814,10.76461411,0 106.64216614,10.76403427,0 106.64216614,10.76344681,0 106.64216614,10.76285934,0 106.64237213,10.76285362,0 106.64334106,10.76325989,0 106.64469147,10.7641716,0 106.64483643,10.76411819,0 106.64476776,10.76363373,0 106.64470673,10.76364899,0 106.64470673,10.76364899,0 106.64470673,10.76364899,0 106.64470673,10.76364899,0 106.64470673,10.76364899,0 106.64470673,10.76364899,0 106.64470673,10.76364899,0 106.64470673,10.76364899,0 106.64470673,10.76364899,0 106.64470673,10.76364899,0 106.64470673,10.76364899,0 106.64476776,10.76364422,0 106.64463043,10.76280308,0 106.64450073,10.76196289,0 106.64446259,10.76196766,0 106.64446259,10.76196766,0 106.64446259,10.76196766,0 106.64446259,10.76196766,0 106.64446259,10.76196766,0 106.64446259,10.76196766,0 106.64446259,10.76196766,0 106.64446259,10.76196766,0 106.64451599,10.76195812,0 106.64440155,10.7613306,0 106.64428711,10.76070309,0 106.64417267,10.76007652,0 106.6440506,10.75944901,0 106.6440506,10.75944901,0 106.6440506,10.75944901,0 106.6440506,10.75944901,0 106.6440506,10.75944901,0 106.64395142,10.75892735,0 106.64385223,10.75840473,0 106.64375305,10.75788307,0 106.64365387,10.75736046,0 106.64365387,10.75736046,0 106.64365387,10.75736046,0 106.64365387,10.75736046,0 106.64365387,10.75736046,0 106.64365387,10.75736046,0 106.64356232,10.75682735,0 106.64347076,10.75629425,0 106.64337921,10.75576115,0 106.6432724,10.75521755,0 106.64320374,10.75524426,0 106.64320374,10.75524426,0 106.64320374,10.75524426,0 106.64320374,10.75524426,0 106.64325714,10.75523281,0 106.64315796,10.75468731,0 106.64307404,10.7541523,0 106.64341736,10.75411606,0 106.64376831,10.75407887,0 106.64376068,10.75402069,0 106.64376068,10.75402069,0 106.64376831,10.75407887,0 106.64493561,10.75395203,0 106.64611053,10.75382614,0 106.64611816,10.75374222,0 106.64611816,10.75374222,0 106.64611053,10.75382042,0 106.64718628,10.75369644,0 106.64825439,10.75357342,0 106.64823914,10.7535038,0 106.64823914,10.7535038,0 106.64825439,10.7535944,0 106.64952087,10.75345707,0 106.65078735,10.75331974,0 106.65180206,10.75301933,0 106.65180206,10.75224495,0 106.65174103,10.75147533,0 106.65106964,10.75118542,0</coordinates>
        </LineString>
      </Placemark>
    </Folder>
    <Folder>
      <name>TUYẾN B 151: Bến xe Miền Tây - Bến xe An Sương</name>
      <Placemark>
        <name>B 151 (Lượt đi)</name>
        <description><![CDATA[&lt;b&gt;Tuyến:&lt;/b&gt; B 151 - Bến xe Miền Tây - Bến xe An Sương&lt;br/&gt;&lt;b&gt;Hành trình:&lt;/b&gt; Bến xe Miền Tây → Bến xe An Sương&lt;br/&gt;&lt;b&gt;Lượt:&lt;/b&gt; Lượt đi&lt;br/&gt;&lt;b&gt;Cự ly:&lt;/b&gt; 18.0 km (Định mức: 17 km)&lt;br/&gt;&lt;b&gt;Giờ hoạt động:&lt;/b&gt; 4:00 - 20:00&lt;br/&gt;&lt;b&gt;Thời gian chạy:&lt;/b&gt; 50 phút]]></description>
        <styleUrl>#style_route_30</styleUrl>
        <LineString>
          <tessellate>1</tessellate>
          <coordinates>106.61943817,10.73948574,0 106.61952972,10.73955917,0 106.61917877,10.73998642,0 106.61986542,10.74057674,0 106.61985016,10.74087143,0 106.61908722,10.74185181,0 106.61776733,10.74072361,0 106.61644745,10.73959637,0 106.61639404,10.73967457,0 106.61639404,10.73967457,0 106.61645508,10.73959637,0 106.61547852,10.73880959,0 106.61511993,10.73832989,0 106.61479187,10.73777962,0 106.61399078,10.73644924,0 106.61318207,10.73512173,0 106.61314392,10.73513794,0 106.61314392,10.73513794,0 106.61315918,10.73514271,0 106.61106873,10.73163223,0 106.61103058,10.73167419,0 106.61103058,10.73167419,0 106.61109161,10.73163223,0 106.61048889,10.73064137,0 106.6100769,10.73016739,0 106.60967255,10.72988224,0 106.60829926,10.72897053,0 106.60827637,10.72900963,0 106.60827637,10.7290144,0 106.60827637,10.7290144,0 106.60827637,10.7290144,0 106.60827637,10.7290144,0 106.60830688,10.72897053,0 106.60726929,10.72830677,0 106.60681152,10.72898102,0 106.6068573,10.72901154,0 106.6068573,10.72901154,0 106.6068573,10.72901154,0 106.6068573,10.72901154,0 106.60680389,10.72898674,0 106.60630798,10.72978973,0 106.60580444,10.73059368,0 106.60530853,10.73138428,0 106.60481262,10.7321701,0 106.60493469,10.73223305,0 106.60493469,10.73223305,0 106.60493469,10.73223305,0 106.60493469,10.73223305,0 106.60481262,10.73216438,0 106.60443878,10.73278427,0 106.60405731,10.73340321,0 106.60368346999999,10.73402309,0 106.603302,10.73464203,0 106.603302,10.73464203,0 106.603302,10.73464203,0 106.603302,10.73464203,0 106.60136414,10.73765659,0 106.60136414,10.73765659,0 106.59844208,10.74230671,0 106.59844208,10.74230671,0 106.59507751,10.74763393,0 106.59507751,10.74763393,0 106.59507751,10.74763393,0 106.59507751,10.74763393,0 106.59371948,10.74973583,0 106.59326172,10.75054741,0 106.59292603,10.75144386,0 106.59256744,10.7529459,0 106.59268951,10.75296688,0 106.59268951,10.75296688,0 106.59260559,10.75295067,0 106.59218597,10.75513268,0 106.59236908,10.75516415,0 106.59236908,10.75516415,0 106.59236908,10.75516415,0 106.59236908,10.75516415,0 106.59221649,10.75514317,0 106.59171295,10.75785732,0 106.59185791,10.75788403,0 106.59185791,10.75788403,0 106.59185791,10.75788403,0 106.59185791,10.75788403,0 106.59168243,10.75784683,0 106.59078979,10.76306438,0 106.59092712,10.76307487,0 106.59092712,10.76307487,0 106.59092712,10.76307487,0 106.59092712,10.76307487,0 106.59081268,10.76305389,0 106.59063721,10.76408958,0 106.59056854,10.76484013,0 106.59053802,10.76549435,0 106.59061432,10.76622677,0 106.5907135,10.76669025,0 106.59091949,10.76741219,0 106.59114838,10.76847649,0 106.59114838,10.76847553,0 106.59114838,10.76847553,0 106.59114838,10.76847649,0 106.59109497,10.76847649,0 106.59181976,10.77207565,0 106.59196472,10.77205467,0 106.59196472,10.77205467,0 106.59196472,10.77205467,0 106.59196472,10.77205467,0 106.59185028,10.77207565,0 106.59254456,10.77550125,0 106.59266663,10.77548027,0 106.59266663,10.77548027,0 106.59266663,10.77548027,0 106.59266663,10.77548027,0 106.59255981,10.77549076,0 106.59342194,10.77958584,0 106.59350586,10.77956963,0 106.59350586,10.77956963,0 106.59350586,10.77956963,0 106.59350586,10.77956963,0 106.59350586,10.77956963,0 106.59341431,10.77958584,0 106.59394073,10.78201485,0 106.59403992,10.78199387,0 106.59403992,10.78199387,0 106.59403992,10.78199387,0 106.59403992,10.78199387,0 106.59395599,10.78199959,0 106.59434509,10.78372192,0 106.59473419,10.78544521,0 106.59509277,10.78715801,0 106.59545135,10.78887081,0 106.59552002,10.7888546,0 106.59552002,10.7888546,0 106.59552002,10.7888546,0 106.5954361,10.78887081,0 106.59574127,10.79020119,0 106.59604645,10.79153728,0 106.59612274,10.7915163,0 106.59612274,10.7915163,0 106.59612274,10.7915163,0 106.59602356,10.79152679,0 106.59632111,10.79313946,0 106.59673309,10.79488373,0 106.5970459,10.79654312,0 106.59740448,10.79820824,0 106.5974884,10.79819298,0 106.5974884,10.79819298,0 106.59740448,10.79819775,0 106.59803009,10.80115891,0 106.59863281,10.804142,0 106.59871674,10.80413055,0 106.59871674,10.80413055,0 106.59862518,10.80415249,0 106.59922791,10.80688667,0 106.59931946,10.80687141,0 106.59931946,10.80687141,0 106.59924316,10.8068819,0 106.59977721999999,10.80939007,0 106.60033417,10.81194592,0 106.60041046,10.81193542,0 106.60041046,10.81193542,0 106.60033417,10.81195068,0 106.60089874,10.81471729,0 106.60099792,10.81469631,0 106.60099792,10.81469631,0 106.60099792,10.81469631,0 106.60089874,10.81471729,0 106.60152435,10.81761551,0 106.60159302,10.81760406,0 106.60159302,10.81760406,0 106.60159302,10.81760406,0 106.60159302,10.81760406,0 106.60152435,10.81762028,0 106.60222626,10.82089233,0 106.60233307,10.82087135,0 106.60233307,10.82087135,0 106.60233307,10.82087135,0 106.60222626,10.82088184,0 106.60250092,10.82209301,0 106.6027832,10.82330513,0 106.6027832,10.82330513,0 106.6027832,10.82330513,0 106.60324097,10.8255558,0 106.60372925,10.82781029,0 106.60385132,10.82777882,0 106.60385132,10.82777882,0 106.60385132,10.82777882,0 106.60373688,10.82780552,0 106.60404968,10.82890129,0 106.6044693,10.82998657,0 106.60649109,10.83330631,0 106.60655975,10.83326912,0 106.60655975,10.83326912,0 106.6064682,10.83332157,0 106.60753632,10.83503437,0 106.60761261,10.83498096,0 106.60761261,10.83498096,0 106.60752106,10.83501816,0 106.60808563,10.83588791,0 106.60868073,10.83668327,0 106.61012268,10.83794212,0 106.61019897,10.83788967,0 106.61019897,10.83788967,0 106.61019897,10.83788967,0 106.61013031,10.83793736,0 106.61117554,10.83886719,0 106.61222076,10.83981323,0 106.61230469,10.83975506,0 106.61230469,10.83975506,0 106.61230469,10.83975506,0 106.61230469,10.83975506,0 106.61222839,10.83982372,0 106.61318207,10.84066677,0 106.61335754,10.8407135,0 106.61424255,10.8415308,0 106.61431122,10.84148312,0 106.61431122,10.84148312,0 106.61431122,10.84148312,0 106.61431122,10.84148312,0 106.61424255,10.84154129,0 106.61521149,10.84240532,0 106.61545563,10.84233665,0 106.61564636,10.84255791,0 106.61555481,10.84286308,0 106.61531067,10.84311676,0 106.6150589,10.84336948,0 106.61463165,10.84389591,0 106.61430359,10.84442329,0 106.6139679,10.84494972,0 106.6136322,10.8454771,0 106.61330414,10.84600353,0 106.61335754,10.846035,0 106.61335754,10.846035,0 106.61335754,10.846035,0 106.61330414,10.84600925,0 106.61289215,10.84664917,0 106.61248016,10.84728909,0 106.61235046,10.84721565,0 106.61266327,10.84670925,0 106.61296844,10.8462038,0 106.61328125,10.84571934,0 106.61358643,10.84523392,0 106.61352539,10.84518719,0 106.61352539,10.84518719,0 106.61352539,10.84518719,0 106.61352539,10.84518719,0 106.61358643,10.84522343,0 106.61406708,10.84443855,0 106.61330414,10.84384346,0 106.6133728,10.8437376,0</coordinates>
        </LineString>
      </Placemark>
      <Placemark>
        <name>B 151 (Lượt về)</name>
        <description><![CDATA[&lt;b&gt;Tuyến:&lt;/b&gt; B 151 - Bến xe Miền Tây - Bến xe An Sương&lt;br/&gt;&lt;b&gt;Hành trình:&lt;/b&gt; Bến xe An Sương → Bến xe Miền Tây&lt;br/&gt;&lt;b&gt;Lượt:&lt;/b&gt; Lượt về&lt;br/&gt;&lt;b&gt;Cự ly:&lt;/b&gt; 16.88 km (Định mức: 17 km)&lt;br/&gt;&lt;b&gt;Giờ hoạt động:&lt;/b&gt; 4:00 - 20:00&lt;br/&gt;&lt;b&gt;Thời gian chạy:&lt;/b&gt; 50 phút]]></description>
        <styleUrl>#style_route_30</styleUrl>
        <LineString>
          <tessellate>1</tessellate>
          <coordinates>106.6133728,10.8437376,0 106.61421967,10.8442812,0 106.6147995,10.84335899,0 106.6149292,10.8430481,0 106.61470795,10.84239483,0 106.61425018,10.84193611,0 106.61422729,10.84197807,0 106.61422729,10.84197807,0 106.61422729,10.84197807,0 106.61422729,10.84197807,0 106.61425018,10.84193611,0 106.61339569,10.84114552,0 106.61258698,10.84033966,0 106.61253357,10.84039783,0 106.61253357,10.84039783,0 106.61253357,10.84039783,0 106.61253357,10.84039783,0 106.61253357,10.84039783,0 106.6125946,10.84033489,0 106.61169434,10.83953667,0 106.61079407,10.83873844,0 106.6098938,10.83794212,0 106.6089859,10.83714676,0 106.60801697,10.83613491,0 106.60797119,10.83616734,0 106.60797119,10.83616734,0 106.60797119,10.83616734,0 106.60797119,10.83616734,0 106.60803223,10.83612442,0 106.60694885,10.83447075,0 106.60586548,10.83262062,0 106.60580444,10.83267403,0 106.60580444,10.83267403,0 106.60580444,10.83267403,0 106.60580444,10.83267403,0 106.60585785,10.83264256,0 106.6051178,10.83139896,0 106.60441589,10.83014488,0 106.60403442,10.82941246,0 106.60372162,10.82850075,0 106.60348511,10.82755756,0 106.60340118,10.82756805,0 106.60340118,10.82756805,0 106.60340118,10.82756805,0 106.60340118,10.82756805,0 106.60340118,10.82756805,0 106.60340118,10.82756805,0 106.60340118,10.82756805,0 106.60347748,10.8275423,0 106.60325623,10.82649899,0 106.6030426,10.82542896,0 106.60280609,10.82437038,0 106.60255432,10.82331085,0 106.60255432,10.82331085,0 106.60255432,10.82331085,0 106.60255432,10.82331085,0 106.60255432,10.82331085,0 106.60255432,10.82331085,0 106.60234833,10.82228088,0 106.60214233,10.82125092,0 106.60191345,10.82024193,0 106.60168457,10.81923294,0 106.60161591,10.81924343,0 106.60161591,10.81924343,0 106.60168457,10.81923294,0 106.60145569,10.81817055,0 106.60121918,10.81710911,0 106.6009903,10.81606293,0 106.60076904,10.8150177,0 106.60069275,10.81503773,0 106.60069275,10.81503773,0 106.60076904,10.81502819,0 106.60054016,10.8139658,0 106.60031891,10.81290436,0 106.60009766,10.81184578,0 106.59986877,10.81078625,0 106.59978485,10.81080723,0 106.59978485,10.81080723,0 106.59986115,10.81079674,0 106.59962463,10.8097086,0 106.59939575,10.80861568,0 106.59916687,10.80753994,0 106.59893036,10.80646515,0 106.59884644,10.80646515,0 106.59884644,10.80646515,0 106.59893036,10.80646515,0 106.59873962,10.80554771,0 106.59854126,10.80462933,0 106.59835052,10.80371094,0 106.59815979,10.80279255,0 106.59796906,10.80188465,0 106.59777832,10.80097771,0 106.59758759,10.80006981,0 106.59740448,10.79916191,0 106.59733582,10.79916668,0 106.59733582,10.79916668,0 106.59739685,10.79915714,0 106.59725189,10.79840851,0 106.5970993,10.79765987,0 106.5969162,10.79691505,0 106.59674072,10.79616928,0 106.59658051,10.79542065,0 106.59642792,10.79467297,0 106.59627533,10.79392433,0 106.59612274,10.7931757,0 106.59605408,10.79318142,0 106.59605408,10.79318142,0 106.59612274,10.79316521,0 106.59590912,10.79217243,0 106.59570313,10.7911787,0 106.59549713,10.79018593,0 106.59529114,10.7891922,0 106.59522247,10.78919697,0 106.59522247,10.78919697,0 106.59528351,10.78918743,0 106.59509277,10.78821182,0 106.5949173,10.78723717,0 106.59471893,10.78627586,0 106.59451294,10.78531361,0 106.5943222,10.78447056,0 106.59413147,10.78362751,0 106.59394836,10.78278732,0 106.59375763,10.78194618,0 106.59369659,10.7819519,0 106.59369659,10.7819519,0 106.59369659,10.7819519,0 106.59369659,10.7819519,0 106.59377289,10.7819252,0 106.59354401,10.7807579,0 106.5933075,10.77959061,0 106.59326172,10.7796011,0 106.59326172,10.7796011,0 106.59326172,10.7796011,0 106.59326172,10.7796011,0 106.59326172,10.7796011,0 106.59326172,10.7796011,0 106.5933075,10.77958584,0 106.59288025,10.77752304,0 106.59244537,10.77545929,0 106.59237671,10.7754755,0 106.59237671,10.77547646,0 106.59237671,10.77547646,0 106.59237671,10.77547646,0 106.59237671,10.77547646,0 106.59237671,10.7754755,0 106.59243011,10.77545929,0 106.59210205,10.77389431,0 106.59176636,10.77232933,0 106.59166718,10.77233982,0 106.59166718,10.77233982,0 106.59166718,10.77233982,0 106.59166718,10.77233982,0 106.59166718,10.77233982,0 106.59166718,10.77233982,0 106.59177399,10.77232361,0 106.59135437,10.77043438,0 106.59093475,10.76854515,0 106.59093475,10.76854515,0 106.59093475,10.76854515,0 106.59093475,10.76854515,0 106.59098053,10.76854038,0 106.59059906,10.76671982,0 106.59052277,10.76624012,0 106.59043884,10.76539993,0 106.59044647,10.76469994,0 106.59050751,10.76410007,0 106.59056854,10.76379013,0 106.59078979,10.76241589,0 106.59068298,10.76240063,0 106.59068298,10.76240063,0 106.59068298,10.76240063,0 106.59078217,10.76241112,0 106.59092712,10.76160336,0 106.59107971,10.76079559,0 106.59120941,10.75998783,0 106.59134674,10.75897026,0 106.5914917,10.75802612,0 106.5914917,10.75802612,0 106.5914917,10.75802612,0 106.5914917,10.75802612,0 106.59157562,10.75745964,0 106.59165955,10.75689316,0 106.5917511,10.75632954,0 106.59185028,10.75576591,0 106.59185028,10.75576591,0 106.59185028,10.75576591,0 106.59198761,10.755023,0 106.59211731,10.75427914,0 106.59225464,10.75353622,0 106.59239197,10.75279331,0 106.59239197,10.75279331,0 106.59239197,10.75279331,0 106.59247589,10.75279808,0 106.5928421,10.75125408,0 106.5933075,10.75017357,0 106.59536743,10.74689865,0 106.59536743,10.74689865,0 106.59536743,10.74689865,0 106.59536743,10.74689865,0 106.59605408,10.74586487,0 106.59661102,10.74499989,0 106.59706879,10.7442627,0 106.59751892,10.74352646,0 106.59751892,10.74352646,0 106.59751892,10.74352646,0 106.59806824,10.74264431,0 106.59862518,10.74176311,0 106.5991745,10.74088192,0 106.59972382,10.74000072,0 106.59972382,10.74000072,0 106.60070801,10.73845959,0 106.60172272,10.73686028,0 106.60208893,10.73622036,0 106.6020813,10.73620415,0 106.60230255,10.73582745,0 106.60248566,10.7354269,0 106.60261536,10.73502159,0 106.60268402,10.73460484,0 106.60313416,10.73437786,0 106.60359192,10.73407269,0 106.6039505,10.73346615,0 106.60383606,10.7334137,0 106.60383606,10.7334137,0 106.60394287,10.73346615,0 106.60430908,10.73288155,0 106.60467529,10.73230171,0 106.6050415,10.73170376,0 106.60540771,10.73110485,0 106.60535431,10.73106289,0 106.60535431,10.73106289,0 106.60535431,10.73106289,0 106.60541534,10.73110008,0 106.60614777,10.72991371,0 106.60690308,10.72872829,0 106.60681915,10.72867584,0 106.60681915,10.72867584,0 106.60681915,10.72867584,0 106.60689545,10.7287178,0 106.6072998,10.72814274,0 106.60760498,10.72832012,0 106.60760498,10.72832012,0 106.6089325,10.72914886,0 106.61025238,10.72997665,0 106.61025238,10.72997665,0 106.61161804,10.73212719,0 106.6129837,10.73427773,0 106.6129837,10.73427773,0 106.61394501,10.73590946,0 106.61490631,10.7375412,0 106.61490631,10.7375412,0 106.61568451,10.73867416,0 106.61686707,10.73966503,0 106.61686707,10.73966503,0 106.61686707,10.73966503,0 106.61686707,10.73966503,0 106.61686707,10.73966503,0 106.61686707,10.73966503,0 106.61679077,10.73972225,0 106.61844635,10.74102974,0 106.61856842,10.74085045,0 106.61933136,10.74150944,0 106.6195755,10.74120331,0 106.6193161,10.74101925,0 106.61979675,10.7404871,0 106.61917877,10.7399807,0 106.61953735,10.73956966,0 106.61943817,10.73948574,0</coordinates>
        </LineString>
      </Placemark>
    </Folder>
  </Document>
</kml>