{
  "type": "FeatureCollection",
  "properties": {
    "stt": 2,
    "route_no": "13",
    "display_code": "B 13",
    "route_name": "Bến xe buýt Sài Gòn - Bến xe Củ Chi",
    "start_point": "Bến xe buýt Sài Gòn",
    "end_point": "Bến xe Củ Chi",
    "listed_length_km": 36,
    "operating_hours": "4:00 - 19:45",
    "color": "#D81B60",
    "num_variants": 2,
    "total_stops": 154,
    "total_points": 1423
  },
  "features": [
    {
      "type": "Feature",
      "geometry": {
        "type": "LineString",
        "coordinates": [
          [
            106.68936157,
            10.76767635
          ],
          [
            106.68936157,
            10.76767635
          ],
          [
            106.68955994,
            10.76718521
          ],
          [
            106.69024658,
            10.76744652
          ],
          [
            106.69093323,
            10.76770687
          ],
          [
            106.69094086,
            10.76766968
          ],
          [
            106.69094086,
            10.76766968
          ],
          [
            106.69094086,
            10.76766968
          ],
          [
            106.69091797,
            10.76771259
          ],
          [
            106.69160461,
            10.7679863
          ],
          [
            106.69229889,
            10.76826096
          ],
          [
            106.69299316,
            10.76853752
          ],
          [
            106.69367981,
            10.76881409
          ],
          [
            106.6937027,
            10.76878834
          ],
          [
            106.6937027,
            10.76878834
          ],
          [
            106.69367218,
            10.76882458
          ],
          [
            106.69461823,
            10.76919365
          ],
          [
            106.6955719,
            10.76956272
          ],
          [
            106.69558716,
            10.76950359
          ],
          [
            106.69558716,
            10.76950359
          ],
          [
            106.69558716,
            10.76950359
          ],
          [
            106.69558716,
            10.76950359
          ],
          [
            106.69556427,
            10.76956272
          ],
          [
            106.69617462,
            10.76980495
          ],
          [
            106.69646454,
            10.76909828
          ],
          [
            106.69702911,
            10.76976299
          ],
          [
            106.69758606,
            10.77042675
          ],
          [
            106.6984787,
            10.77141762
          ],
          [
            106.69789124,
            10.77165985
          ],
          [
            106.69654846,
            10.77115917
          ],
          [
            106.69581604,
            10.77119064
          ],
          [
            106.69582367,
            10.77128983
          ],
          [
            106.69582367,
            10.77128983
          ],
          [
            106.69582367,
            10.77128983
          ],
          [
            106.69582367,
            10.77128983
          ],
          [
            106.69582367,
            10.77128983
          ],
          [
            106.69582367,
            10.77128983
          ],
          [
            106.69582367,
            10.77128983
          ],
          [
            106.69581604,
            10.77120686
          ],
          [
            106.69464111,
            10.77128029
          ],
          [
            106.69345856,
            10.77135372
          ],
          [
            106.69321442,
            10.77159119
          ],
          [
            106.69197845,
            10.77227402
          ],
          [
            106.69075012,
            10.77295589
          ],
          [
            106.69081116,
            10.77304554
          ],
          [
            106.69081116,
            10.77304554
          ],
          [
            106.69081116,
            10.77304554
          ],
          [
            106.69081116,
            10.77304554
          ],
          [
            106.69081116,
            10.77304554
          ],
          [
            106.69081116,
            10.77304554
          ],
          [
            106.69081116,
            10.77304554
          ],
          [
            106.69081116,
            10.77304554
          ],
          [
            106.69075012,
            10.77296162
          ],
          [
            106.69028473,
            10.77321434
          ],
          [
            106.68981934,
            10.77346802
          ],
          [
            106.68935394,
            10.77372074
          ],
          [
            106.68888855,
            10.77397346
          ],
          [
            106.68894958,
            10.77406788
          ],
          [
            106.68894958,
            10.77406788
          ],
          [
            106.68894958,
            10.77406788
          ],
          [
            106.68894958,
            10.77406788
          ],
          [
            106.68894958,
            10.77406788
          ],
          [
            106.6888504,
            10.77396774
          ],
          [
            106.68775177,
            10.77455807
          ],
          [
            106.68666077,
            10.77514839
          ],
          [
            106.68553925,
            10.77576733
          ],
          [
            106.6844101,
            10.77638721
          ],
          [
            106.6844635,
            10.77646065
          ],
          [
            106.6844635,
            10.77646065
          ],
          [
            106.6844635,
            10.77646065
          ],
          [
            106.6844635,
            10.77646065
          ],
          [
            106.68442535,
            10.77638721
          ],
          [
            106.68341064,
            10.77692127
          ],
          [
            106.68240356,
            10.77745628
          ],
          [
            106.68245697,
            10.77752972
          ],
          [
            106.68245697,
            10.77752972
          ],
          [
            106.68245697,
            10.77752972
          ],
          [
            106.68245697,
            10.77752972
          ],
          [
            106.68245697,
            10.77752972
          ],
          [
            106.68245697,
            10.77752972
          ],
          [
            106.68241119,
            10.77746201
          ],
          [
            106.68191528,
            10.7777462
          ],
          [
            106.68193817,
            10.77789974
          ],
          [
            106.68190765,
            10.77797031
          ],
          [
            106.68184662,
            10.77803993
          ],
          [
            106.68177795,
            10.77807999
          ],
          [
            106.68166351,
            10.77810955
          ],
          [
            106.68153381,
            10.77807999
          ],
          [
            106.6813736,
            10.77798367
          ],
          [
            106.68045044,
            10.77846336
          ],
          [
            106.68048096,
            10.77851582
          ],
          [
            106.68048096,
            10.77851582
          ],
          [
            106.68048096,
            10.77851582
          ],
          [
            106.68048096,
            10.77851582
          ],
          [
            106.68044281,
            10.77846813
          ],
          [
            106.67941284,
            10.77901936
          ],
          [
            106.67838287,
            10.77956963
          ],
          [
            106.67734528,
            10.78012085
          ],
          [
            106.67631531,
            10.78067112
          ],
          [
            106.67634583,
            10.78070259
          ],
          [
            106.67634583,
            10.78070259
          ],
          [
            106.67634583,
            10.78070259
          ],
          [
            106.67634583,
            10.78070259
          ],
          [
            106.67630768,
            10.78067112
          ],
          [
            106.67549896,
            10.78110886
          ],
          [
            106.67469025,
            10.78154564
          ],
          [
            106.67474365,
            10.78162956
          ],
          [
            106.67474365,
            10.78162956
          ],
          [
            106.67474365,
            10.78162956
          ],
          [
            106.67474365,
            10.78162956
          ],
          [
            106.67474365,
            10.78162956
          ],
          [
            106.67474365,
            10.78162956
          ],
          [
            106.67468262,
            10.78154564
          ],
          [
            106.67369843,
            10.78208351
          ],
          [
            106.6727066,
            10.78262138
          ],
          [
            106.67172241,
            10.7831583
          ],
          [
            106.67073059,
            10.78369617
          ],
          [
            106.67075348,
            10.78373814
          ],
          [
            106.67075348,
            10.78373814
          ],
          [
            106.67075348,
            10.78373814
          ],
          [
            106.67075348,
            10.78373814
          ],
          [
            106.67075348,
            10.78373814
          ],
          [
            106.67075348,
            10.78373814
          ],
          [
            106.67073059,
            10.78367996
          ],
          [
            106.66992188,
            10.78411198
          ],
          [
            106.66994476,
            10.78414631
          ],
          [
            106.66994476,
            10.78414631
          ],
          [
            106.66994476,
            10.78414631
          ],
          [
            106.66994476,
            10.78414631
          ],
          [
            106.66994476,
            10.78414631
          ],
          [
            106.66994476,
            10.78414631
          ],
          [
            106.66994476,
            10.78414631
          ],
          [
            106.6699295,
            10.78410721
          ],
          [
            106.66915894,
            10.78452492
          ],
          [
            106.66838837,
            10.78494263
          ],
          [
            106.66764069,
            10.78534126
          ],
          [
            106.66690063,
            10.78574085
          ],
          [
            106.66693115,
            10.78581429
          ],
          [
            106.66693115,
            10.78581429
          ],
          [
            106.66693115,
            10.78581429
          ],
          [
            106.66693115,
            10.78581429
          ],
          [
            106.66693115,
            10.78581429
          ],
          [
            106.66693115,
            10.78581429
          ],
          [
            106.66693115,
            10.78581429
          ],
          [
            106.66693115,
            10.78581429
          ],
          [
            106.66690063,
            10.78573036
          ],
          [
            106.66608429,
            10.78616238
          ],
          [
            106.6652832,
            10.78658962
          ],
          [
            106.66448975,
            10.78701591
          ],
          [
            106.66368866,
            10.78744316
          ],
          [
            106.66372681,
            10.78748608
          ],
          [
            106.66372681,
            10.78748608
          ],
          [
            106.66372681,
            10.78748608
          ],
          [
            106.66372681,
            10.78748608
          ],
          [
            106.66372681,
            10.78748608
          ],
          [
            106.66372681,
            10.78748608
          ],
          [
            106.66372681,
            10.78748608
          ],
          [
            106.66370392,
            10.78743172
          ],
          [
            106.66313171,
            10.78773594
          ],
          [
            106.66255188,
            10.78804111
          ],
          [
            106.66197968,
            10.78834534
          ],
          [
            106.66140747,
            10.78864956
          ],
          [
            106.66145325,
            10.78869247
          ],
          [
            106.66145325,
            10.78869247
          ],
          [
            106.66145325,
            10.78869247
          ],
          [
            106.66145325,
            10.78869247
          ],
          [
            106.66143036,
            10.78864956
          ],
          [
            106.66053772,
            10.78911304
          ],
          [
            106.65964508,
            10.78957653
          ],
          [
            106.65969086,
            10.78962994
          ],
          [
            106.65969086,
            10.78962994
          ],
          [
            106.65969086,
            10.78962994
          ],
          [
            106.65969086,
            10.78962994
          ],
          [
            106.65966034,
            10.78957653
          ],
          [
            106.65879059,
            10.79003429
          ],
          [
            106.65792847,
            10.7904911
          ],
          [
            106.65705872,
            10.79094887
          ],
          [
            106.65618896,
            10.79140568
          ],
          [
            106.65621948,
            10.79144764
          ],
          [
            106.65621948,
            10.79144764
          ],
          [
            106.65621948,
            10.79144764
          ],
          [
            106.65621948,
            10.79144764
          ],
          [
            106.65619659,
            10.79139996
          ],
          [
            106.654953,
            10.79208279
          ],
          [
            106.65370941,
            10.79276466
          ],
          [
            106.65355682,
            10.79301834
          ],
          [
            106.65431976,
            10.79390335
          ],
          [
            106.655159,
            10.7947731
          ],
          [
            106.65519714,
            10.7947197
          ],
          [
            106.65519714,
            10.7947197
          ],
          [
            106.655159,
            10.79475689
          ],
          [
            106.65577698,
            10.79542637
          ],
          [
            106.65512085,
            10.7960844
          ],
          [
            106.65514374,
            10.7961216
          ],
          [
            106.65514374,
            10.7961216
          ],
          [
            106.65514374,
            10.7961216
          ],
          [
            106.65511322,
            10.79607964
          ],
          [
            106.65464783,
            10.7965498
          ],
          [
            106.65410614,
            10.79600048
          ],
          [
            106.65406799,
            10.79603195
          ],
          [
            106.65406799,
            10.79603195
          ],
          [
            106.65406799,
            10.79603195
          ],
          [
            106.65410614,
            10.79598999
          ],
          [
            106.65316772,
            10.79510975
          ],
          [
            106.65221405,
            10.79421902
          ],
          [
            106.65218353,
            10.79425621
          ],
          [
            106.65218353,
            10.79425621
          ],
          [
            106.65218353,
            10.79425621
          ],
          [
            106.65222931,
            10.79422474
          ],
          [
            106.65180206,
            10.79379272
          ],
          [
            106.65115356,
            10.79415131
          ],
          [
            106.65119171,
            10.79418182
          ],
          [
            106.65119171,
            10.79418182
          ],
          [
            106.65119171,
            10.79418182
          ],
          [
            106.65119171,
            10.79418182
          ],
          [
            106.65116119,
            10.79413986
          ],
          [
            106.64953613,
            10.79500484
          ],
          [
            106.64957428,
            10.79506779
          ],
          [
            106.64957428,
            10.79506779
          ],
          [
            106.64957428,
            10.79506779
          ],
          [
            106.64957428,
            10.79506779
          ],
          [
            106.64953613,
            10.79500484
          ],
          [
            106.64862061,
            10.79549217
          ],
          [
            106.64769745,
            10.7959795
          ],
          [
            106.64774323,
            10.79605293
          ],
          [
            106.64774323,
            10.79605293
          ],
          [
            106.64774323,
            10.79605293
          ],
          [
            106.64774323,
            10.79605293
          ],
          [
            106.64769745,
            10.79599476
          ],
          [
            106.64687347,
            10.79642963
          ],
          [
            106.64605713,
            10.79686451
          ],
          [
            106.64523315,
            10.79729939
          ],
          [
            106.64440918,
            10.79773426
          ],
          [
            106.64445496,
            10.79779243
          ],
          [
            106.64445496,
            10.79779243
          ],
          [
            106.64445496,
            10.79779243
          ],
          [
            106.64445496,
            10.79779243
          ],
          [
            106.64445496,
            10.79779243
          ],
          [
            106.64441681,
            10.79774475
          ],
          [
            106.64356232,
            10.79820442
          ],
          [
            106.64271545,
            10.79866409
          ],
          [
            106.64186096,
            10.79912376
          ],
          [
            106.64100647,
            10.79958344
          ],
          [
            106.64103699,
            10.79964161
          ],
          [
            106.64103699,
            10.79964161
          ],
          [
            106.64103699,
            10.79964161
          ],
          [
            106.64103699,
            10.79964161
          ],
          [
            106.64103699,
            10.79964161
          ],
          [
            106.64100647,
            10.79958916
          ],
          [
            106.64019775,
            10.80001545
          ],
          [
            106.63939667,
            10.8004427
          ],
          [
            106.63859558,
            10.80086899
          ],
          [
            106.63779449,
            10.80129623
          ],
          [
            106.63782501,
            10.8013649
          ],
          [
            106.63782501,
            10.8013649
          ],
          [
            106.63782501,
            10.8013649
          ],
          [
            106.63782501,
            10.8013649
          ],
          [
            106.63778687,
            10.80128002
          ],
          [
            106.63672638,
            10.8018446
          ],
          [
            106.63645172,
            10.80234146
          ],
          [
            106.6361084,
            10.80288029
          ],
          [
            106.63582611,
            10.80379581
          ],
          [
            106.63554382,
            10.80471039
          ],
          [
            106.63562775,
            10.80473232
          ],
          [
            106.63562775,
            10.80473232
          ],
          [
            106.63562775,
            10.80473232
          ],
          [
            106.63555145,
            10.80471611
          ],
          [
            106.6353302,
            10.80545139
          ],
          [
            106.63510895,
            10.80618572
          ],
          [
            106.63518524,
            10.80620193
          ],
          [
            106.63518524,
            10.80620193
          ],
          [
            106.63511658,
            10.80618095
          ],
          [
            106.6349411,
            10.80672932
          ],
          [
            106.63486481,
            10.80726147
          ],
          [
            106.63486481,
            10.80756664
          ],
          [
            106.63455963,
            10.80828857
          ],
          [
            106.63463593,
            10.80831432
          ],
          [
            106.63463593,
            10.80831432
          ],
          [
            106.63463593,
            10.80831432
          ],
          [
            106.63453674,
            10.80828857
          ],
          [
            106.63423157,
            10.80925274
          ],
          [
            106.63395691,
            10.81023788
          ],
          [
            106.63365173,
            10.81122112
          ],
          [
            106.63334656,
            10.81220436
          ],
          [
            106.63334656,
            10.81220436
          ],
          [
            106.63334656,
            10.81220436
          ],
          [
            106.63334656,
            10.81220436
          ],
          [
            106.63284302,
            10.81374741
          ],
          [
            106.63240051,
            10.81526852
          ],
          [
            106.63193512,
            10.81680012
          ],
          [
            106.6314621,
            10.81833172
          ],
          [
            106.6314621,
            10.81833172
          ],
          [
            106.6314621,
            10.81833172
          ],
          [
            106.6314621,
            10.81833172
          ],
          [
            106.63121033,
            10.81916523
          ],
          [
            106.63095856,
            10.81999969
          ],
          [
            106.63070679,
            10.82083321
          ],
          [
            106.63045502,
            10.82166672
          ],
          [
            106.6301651,
            10.82242012
          ],
          [
            106.63025665,
            10.82245159
          ],
          [
            106.63025665,
            10.82245159
          ],
          [
            106.63025665,
            10.82245159
          ],
          [
            106.63025665,
            10.82245159
          ],
          [
            106.63014984,
            10.82243061
          ],
          [
            106.62980652,
            10.82309532
          ],
          [
            106.6292572,
            10.82365322
          ],
          [
            106.62804413,
            10.82470703
          ],
          [
            106.62689209,
            10.82580853
          ],
          [
            106.62576294,
            10.82689381
          ],
          [
            106.6258316,
            10.82695675
          ],
          [
            106.6258316,
            10.82695675
          ],
          [
            106.6258316,
            10.82695675
          ],
          [
            106.62575531,
            10.82691002
          ],
          [
            106.62539673,
            10.82731533
          ],
          [
            106.62508392,
            10.82772064
          ],
          [
            106.62480164,
            10.82815266
          ],
          [
            106.62451935,
            10.82858467
          ],
          [
            106.62459564,
            10.82862663
          ],
          [
            106.62459564,
            10.82862663
          ],
          [
            106.62448883,
            10.8285799
          ],
          [
            106.62399292,
            10.82936001
          ],
          [
            106.62349701,
            10.83013916
          ],
          [
            106.6230011,
            10.83090878
          ],
          [
            106.62250519,
            10.83167839
          ],
          [
            106.62201691,
            10.83244228
          ],
          [
            106.621521,
            10.83320618
          ],
          [
            106.62102509,
            10.83397007
          ],
          [
            106.62052917,
            10.83473396
          ],
          [
            106.6206131,
            10.83478069
          ],
          [
            106.6206131,
            10.83478069
          ],
          [
            106.62052155,
            10.83473873
          ],
          [
            106.61995697,
            10.83561897
          ],
          [
            106.61940002,
            10.83649921
          ],
          [
            106.61885071,
            10.83733177
          ],
          [
            106.61830139,
            10.8381691
          ],
          [
            106.61840057,
            10.83822155
          ],
          [
            106.61840057,
            10.83822155
          ],
          [
            106.6182785,
            10.8381424
          ],
          [
            106.61760712,
            10.83916187
          ],
          [
            106.61693573,
            10.84018135
          ],
          [
            106.61631775,
            10.8411932
          ],
          [
            106.61569214,
            10.84220505
          ],
          [
            106.61504364,
            10.84322166
          ],
          [
            106.61440277,
            10.84423828
          ],
          [
            106.61375427,
            10.84524441
          ],
          [
            106.61312103,
            10.84624577
          ],
          [
            106.61319733,
            10.84629345
          ],
          [
            106.61319733,
            10.84629345
          ],
          [
            106.61319733,
            10.84629345
          ],
          [
            106.61314392,
            10.84625626
          ],
          [
            106.61266327,
            10.84702301
          ],
          [
            106.61217499,
            10.84778976
          ],
          [
            106.61168671,
            10.84855652
          ],
          [
            106.61119843,
            10.84932232
          ],
          [
            106.61127472,
            10.84936047
          ],
          [
            106.61127472,
            10.84936047
          ],
          [
            106.61127472,
            10.84936047
          ],
          [
            106.61127472,
            10.84936047
          ],
          [
            106.61127472,
            10.84936047
          ],
          [
            106.61127472,
            10.84936047
          ],
          [
            106.61118317,
            10.84931755
          ],
          [
            106.61030579,
            10.85063457
          ],
          [
            106.60943604,
            10.8519516
          ],
          [
            106.6085968,
            10.85328484
          ],
          [
            106.60775757,
            10.85461712
          ],
          [
            106.60786438,
            10.85466003
          ],
          [
            106.60786438,
            10.85466003
          ],
          [
            106.60786438,
            10.85466003
          ],
          [
            106.60786438,
            10.85466003
          ],
          [
            106.60786438,
            10.85466003
          ],
          [
            106.60786438,
            10.85466003
          ],
          [
            106.60786438,
            10.85466003
          ],
          [
            106.60786438,
            10.85466003
          ],
          [
            106.60778046,
            10.85461712
          ],
          [
            106.6073761,
            10.85523415
          ],
          [
            106.60696411,
            10.85585308
          ],
          [
            106.60655975,
            10.85647106
          ],
          [
            106.6061554,
            10.85708809
          ],
          [
            106.60620117,
            10.85711479
          ],
          [
            106.60620117,
            10.85711479
          ],
          [
            106.60620117,
            10.85711479
          ],
          [
            106.60620117,
            10.85711479
          ],
          [
            106.60620117,
            10.85711479
          ],
          [
            106.60620117,
            10.85711479
          ],
          [
            106.60620117,
            10.85711479
          ],
          [
            106.60620117,
            10.85711479
          ],
          [
            106.60613251,
            10.85708332
          ],
          [
            106.60565948,
            10.85775852
          ],
          [
            106.60518646,
            10.85843468
          ],
          [
            106.60471344,
            10.85910988
          ],
          [
            106.60424042,
            10.85978603
          ],
          [
            106.60430908,
            10.85982323
          ],
          [
            106.60430908,
            10.85982323
          ],
          [
            106.60430908,
            10.85982323
          ],
          [
            106.60430908,
            10.85982323
          ],
          [
            106.60430908,
            10.85982323
          ],
          [
            106.60430908,
            10.85982323
          ],
          [
            106.6042099,
            10.85976505
          ],
          [
            106.60401154,
            10.86004162
          ],
          [
            106.60381317,
            10.86031914
          ],
          [
            106.60362244,
            10.86059666
          ],
          [
            106.60342407,
            10.86087418
          ],
          [
            106.60322571,
            10.86115074
          ],
          [
            106.60302734,
            10.86142826
          ],
          [
            106.60283661,
            10.86170578
          ],
          [
            106.60263824,
            10.86198235
          ],
          [
            106.60269928,
            10.86201382
          ],
          [
            106.60269928,
            10.86201382
          ],
          [
            106.60269928,
            10.86201382
          ],
          [
            106.60269928,
            10.86201382
          ],
          [
            106.60263824,
            10.86197758
          ],
          [
            106.60218811,
            10.86261368
          ],
          [
            106.60173798,
            10.86324978
          ],
          [
            106.60128784,
            10.86388588
          ],
          [
            106.60083771,
            10.86452198
          ],
          [
            106.60092163,
            10.86456871
          ],
          [
            106.60092163,
            10.86456871
          ],
          [
            106.60092163,
            10.86456871
          ],
          [
            106.60092163,
            10.86456871
          ],
          [
            106.60083771,
            10.86452198
          ],
          [
            106.60044098,
            10.86508369
          ],
          [
            106.60004425,
            10.86564445
          ],
          [
            106.59965515,
            10.86619282
          ],
          [
            106.59926605,
            10.86674023
          ],
          [
            106.59934998,
            10.86678219
          ],
          [
            106.59934998,
            10.86678219
          ],
          [
            106.59934998,
            10.86678219
          ],
          [
            106.59934998,
            10.86678219
          ],
          [
            106.59934998,
            10.86678219
          ],
          [
            106.59934998,
            10.86678219
          ],
          [
            106.59927368,
            10.86674023
          ],
          [
            106.59898376,
            10.86714935
          ],
          [
            106.59870148,
            10.86755753
          ],
          [
            106.59841156,
            10.86796665
          ],
          [
            106.59812927,
            10.86837578
          ],
          [
            106.59783936,
            10.8687849
          ],
          [
            106.59754944,
            10.86919403
          ],
          [
            106.59726715,
            10.8696022
          ],
          [
            106.59700012,
            10.87001705
          ],
          [
            106.59707642,
            10.87007523
          ],
          [
            106.59707642,
            10.87007523
          ],
          [
            106.59707642,
            10.87007523
          ],
          [
            106.59707642,
            10.87007523
          ],
          [
            106.59707642,
            10.87007523
          ],
          [
            106.59707642,
            10.87007523
          ],
          [
            106.59707642,
            10.87007523
          ],
          [
            106.59696198,
            10.87000656
          ],
          [
            106.59673309,
            10.87033463
          ],
          [
            106.59650421,
            10.87066174
          ],
          [
            106.59627533,
            10.8709898
          ],
          [
            106.59604645,
            10.87131786
          ],
          [
            106.59614563,
            10.87139702
          ],
          [
            106.59614563,
            10.87139702
          ],
          [
            106.59614563,
            10.87139702
          ],
          [
            106.59614563,
            10.87139702
          ],
          [
            106.59614563,
            10.87139702
          ],
          [
            106.59614563,
            10.87139702
          ],
          [
            106.59603119,
            10.87132835
          ],
          [
            106.59570313,
            10.8717947
          ],
          [
            106.59536743,
            10.87226105
          ],
          [
            106.59503174,
            10.87272739
          ],
          [
            106.59470367,
            10.87319374
          ],
          [
            106.59436798,
            10.87366009
          ],
          [
            106.59403229,
            10.87412643
          ],
          [
            106.59370422,
            10.87459183
          ],
          [
            106.59337616,
            10.87506866
          ],
          [
            106.59342194,
            10.87509346
          ],
          [
            106.59342194,
            10.87509346
          ],
          [
            106.59342194,
            10.87509346
          ],
          [
            106.59342194,
            10.87509346
          ],
          [
            106.59342194,
            10.87509346
          ],
          [
            106.59342194,
            10.87509346
          ],
          [
            106.59337616,
            10.87506866
          ],
          [
            106.59317017,
            10.87536621
          ],
          [
            106.59295654,
            10.8756628
          ],
          [
            106.59275055,
            10.87596035
          ],
          [
            106.59253693,
            10.87625694
          ],
          [
            106.5923233,
            10.87655354
          ],
          [
            106.59211731,
            10.87685108
          ],
          [
            106.59190369,
            10.87714767
          ],
          [
            106.59169769,
            10.87744522
          ],
          [
            106.5917511,
            10.87748241
          ],
          [
            106.5917511,
            10.87748241
          ],
          [
            106.5917511,
            10.87748241
          ],
          [
            106.5917511,
            10.87748241
          ],
          [
            106.5917511,
            10.87748241
          ],
          [
            106.5917511,
            10.87748241
          ],
          [
            106.5917511,
            10.87748241
          ],
          [
            106.59168243,
            10.8774395
          ],
          [
            106.59102631,
            10.87833881
          ],
          [
            106.59039307,
            10.87924862
          ],
          [
            106.58974457,
            10.88016701
          ],
          [
            106.58911896,
            10.88107967
          ],
          [
            106.58917999,
            10.88110924
          ],
          [
            106.58917999,
            10.88110924
          ],
          [
            106.58917999,
            10.88110924
          ],
          [
            106.58917999,
            10.88110924
          ],
          [
            106.58917999,
            10.88110924
          ],
          [
            106.58917999,
            10.88110924
          ],
          [
            106.58917999,
            10.88110924
          ],
          [
            106.58917999,
            10.88110924
          ],
          [
            106.58911133,
            10.88107491
          ],
          [
            106.58850861,
            10.8819437
          ],
          [
            106.58789063,
            10.88281822
          ],
          [
            106.58728027,
            10.88369274
          ],
          [
            106.58666229,
            10.88456726
          ],
          [
            106.58673096,
            10.88461494
          ],
          [
            106.58673096,
            10.88461494
          ],
          [
            106.58673096,
            10.88461494
          ],
          [
            106.58673096,
            10.88461494
          ],
          [
            106.58673096,
            10.88461494
          ],
          [
            106.58673096,
            10.88461494
          ],
          [
            106.58666992,
            10.88458252
          ],
          [
            106.58596039,
            10.88560772
          ],
          [
            106.58524323,
            10.88663197
          ],
          [
            106.58454132,
            10.88765717
          ],
          [
            106.58383179,
            10.88868141
          ],
          [
            106.58387756,
            10.88870811
          ],
          [
            106.58387756,
            10.88870811
          ],
          [
            106.58387756,
            10.88870811
          ],
          [
            106.58387756,
            10.88870811
          ],
          [
            106.58387756,
            10.88870811
          ],
          [
            106.58381653,
            10.8886652
          ],
          [
            106.5830307,
            10.88979053
          ],
          [
            106.58224487,
            10.89091492
          ],
          [
            106.58146667,
            10.89201832
          ],
          [
            106.58069611,
            10.89312172
          ],
          [
            106.58074188,
            10.89314747
          ],
          [
            106.58074188,
            10.89314747
          ],
          [
            106.58074188,
            10.89314747
          ],
          [
            106.58074188,
            10.89314747
          ],
          [
            106.58074188,
            10.89314747
          ],
          [
            106.58074188,
            10.89314747
          ],
          [
            106.58069611,
            10.89311123
          ],
          [
            106.57983398,
            10.89436054
          ],
          [
            106.57897949,
            10.8956089
          ],
          [
            106.57902527,
            10.89566135
          ],
          [
            106.57902527,
            10.89566135
          ],
          [
            106.57902527,
            10.89566135
          ],
          [
            106.57902527,
            10.89566135
          ],
          [
            106.57902527,
            10.89566135
          ],
          [
            106.57902527,
            10.89566135
          ],
          [
            106.57894897,
            10.89560318
          ],
          [
            106.57824707,
            10.89662647
          ],
          [
            106.57753754,
            10.89764977
          ],
          [
            106.576828,
            10.89866734
          ],
          [
            106.57611847,
            10.89968586
          ],
          [
            106.57619476,
            10.89973259
          ],
          [
            106.57619476,
            10.89973259
          ],
          [
            106.57619476,
            10.89973259
          ],
          [
            106.57619476,
            10.89973259
          ],
          [
            106.57619476,
            10.89973259
          ],
          [
            106.57619476,
            10.89973259
          ],
          [
            106.57611847,
            10.89968014
          ],
          [
            106.57540894,
            10.9006815
          ],
          [
            106.57470703,
            10.9016819
          ],
          [
            106.57398987,
            10.90268517
          ],
          [
            106.57327271,
            10.90368938
          ],
          [
            106.57337189,
            10.90375233
          ],
          [
            106.57337189,
            10.90375233
          ],
          [
            106.57337189,
            10.90375233
          ],
          [
            106.57337189,
            10.90375233
          ],
          [
            106.57337189,
            10.90375233
          ],
          [
            106.57337189,
            10.90375233
          ],
          [
            106.57328796,
            10.90369987
          ],
          [
            106.57264709,
            10.9046526
          ],
          [
            106.57194519,
            10.90561676
          ],
          [
            106.57206726,
            10.90569115
          ],
          [
            106.57206726,
            10.90569115
          ],
          [
            106.57206726,
            10.90569115
          ],
          [
            106.57206726,
            10.90569115
          ],
          [
            106.57206726,
            10.90569115
          ],
          [
            106.57206726,
            10.90569115
          ],
          [
            106.57206726,
            10.90569115
          ],
          [
            106.57192993,
            10.90560627
          ],
          [
            106.57087708,
            10.90711308
          ],
          [
            106.56982422,
            10.90861988
          ],
          [
            106.56877136,
            10.91011238
          ],
          [
            106.56771851,
            10.91160583
          ],
          [
            106.56781006,
            10.91166401
          ],
          [
            106.56781006,
            10.91166401
          ],
          [
            106.56781006,
            10.91166401
          ],
          [
            106.56781006,
            10.91166401
          ],
          [
            106.56781006,
            10.91166401
          ],
          [
            106.56781006,
            10.91166401
          ],
          [
            106.56781006,
            10.91166401
          ],
          [
            106.56776428,
            10.91162682
          ],
          [
            106.56682587,
            10.91293049
          ],
          [
            106.56588745,
            10.91423321
          ],
          [
            106.56497192,
            10.91554832
          ],
          [
            106.5640564,
            10.91687393
          ],
          [
            106.56410217,
            10.91690063
          ],
          [
            106.56410217,
            10.91690063
          ],
          [
            106.56410217,
            10.91690063
          ],
          [
            106.56410217,
            10.91690063
          ],
          [
            106.56410217,
            10.91690063
          ],
          [
            106.56410217,
            10.91690063
          ],
          [
            106.56410217,
            10.91690063
          ],
          [
            106.56410217,
            10.91690063
          ],
          [
            106.56410217,
            10.91690063
          ],
          [
            106.56403351,
            10.91686249
          ],
          [
            106.56349945,
            10.91765785
          ],
          [
            106.56297302,
            10.91844845
          ],
          [
            106.56255341,
            10.91899586
          ],
          [
            106.56186676,
            10.92006016
          ],
          [
            106.56109619,
            10.9211607
          ],
          [
            106.56126404,
            10.92126083
          ],
          [
            106.56126404,
            10.92126083
          ],
          [
            106.56126404,
            10.92126083
          ],
          [
            106.56126404,
            10.92126083
          ],
          [
            106.56126404,
            10.92126083
          ],
          [
            106.56126404,
            10.92126083
          ],
          [
            106.56126404,
            10.92126083
          ],
          [
            106.56126404,
            10.92126083
          ],
          [
            106.56105804,
            10.92114544
          ],
          [
            106.56005859,
            10.92258358
          ],
          [
            106.55905914,
            10.92402077
          ],
          [
            106.55805969,
            10.92544842
          ],
          [
            106.55704498,
            10.92689705
          ],
          [
            106.55711365,
            10.92692947
          ],
          [
            106.55711365,
            10.92692947
          ],
          [
            106.55711365,
            10.92692947
          ],
          [
            106.55711365,
            10.92692947
          ],
          [
            106.55711365,
            10.92692947
          ],
          [
            106.55711365,
            10.92692947
          ],
          [
            106.55705261,
            10.92688084
          ],
          [
            106.55615234,
            10.92815876
          ],
          [
            106.5552597,
            10.92943573
          ],
          [
            106.55445099,
            10.9303627
          ],
          [
            106.55363464,
            10.9312849
          ],
          [
            106.55371094,
            10.93134308
          ],
          [
            106.55371094,
            10.93134308
          ],
          [
            106.55371094,
            10.93134308
          ],
          [
            106.55371094,
            10.93134308
          ],
          [
            106.55371094,
            10.93134308
          ],
          [
            106.55371094,
            10.93134308
          ],
          [
            106.55361938,
            10.93127918
          ],
          [
            106.552742,
            10.93222713
          ],
          [
            106.55187225,
            10.93317509
          ],
          [
            106.55092621,
            10.9340601
          ],
          [
            106.54948425,
            10.93492413
          ],
          [
            106.54955292,
            10.93498325
          ],
          [
            106.54955292,
            10.93498325
          ],
          [
            106.54955292,
            10.93498325
          ],
          [
            106.54955292,
            10.93498325
          ],
          [
            106.54955292,
            10.93498325
          ],
          [
            106.5495224,
            10.9349184
          ],
          [
            106.54794312,
            10.93565845
          ],
          [
            106.54640198,
            10.93640423
          ],
          [
            106.5448761,
            10.93715191
          ],
          [
            106.54336548,
            10.93789482
          ],
          [
            106.54342651,
            10.93797874
          ],
          [
            106.54342651,
            10.93797874
          ],
          [
            106.54342651,
            10.93797874
          ],
          [
            106.54342651,
            10.93797874
          ],
          [
            106.54342651,
            10.93797874
          ],
          [
            106.54338074,
            10.93788433
          ],
          [
            106.5418396,
            10.93863201
          ],
          [
            106.54029846,
            10.93937969
          ],
          [
            106.54033661,
            10.9394331
          ],
          [
            106.54033661,
            10.9394331
          ],
          [
            106.54033661,
            10.9394331
          ],
          [
            106.54033661,
            10.9394331
          ],
          [
            106.54033661,
            10.9394331
          ],
          [
            106.54033661,
            10.9394331
          ],
          [
            106.54030609,
            10.93936443
          ],
          [
            106.53904724,
            10.93997002
          ],
          [
            106.53778839,
            10.9405756
          ],
          [
            106.53653717,
            10.9411869
          ],
          [
            106.53528595,
            10.94179726
          ],
          [
            106.5353241,
            10.94184971
          ],
          [
            106.5353241,
            10.94184971
          ],
          [
            106.5353241,
            10.94184971
          ],
          [
            106.5353241,
            10.94184971
          ],
          [
            106.5353241,
            10.94184971
          ],
          [
            106.5353241,
            10.94184971
          ],
          [
            106.53527832,
            10.941782
          ],
          [
            106.53377533,
            10.94250584
          ],
          [
            106.53226471,
            10.94323063
          ],
          [
            106.53074646,
            10.94396496
          ],
          [
            106.52922821,
            10.94469929
          ],
          [
            106.52926636,
            10.94476795
          ],
          [
            106.52926636,
            10.94476795
          ],
          [
            106.52926636,
            10.94476795
          ],
          [
            106.52926636,
            10.94476795
          ],
          [
            106.52924347,
            10.94469929
          ],
          [
            106.52804565,
            10.94527626
          ],
          [
            106.52685547,
            10.94585323
          ],
          [
            106.52563477,
            10.9464426
          ],
          [
            106.52457428,
            10.94705391
          ],
          [
            106.52463531,
            10.94713306
          ],
          [
            106.52463531,
            10.94713306
          ],
          [
            106.52463531,
            10.94713306
          ],
          [
            106.52463531,
            10.94713306
          ],
          [
            106.52455902,
            10.94704342
          ],
          [
            106.52349091,
            10.94777012
          ],
          [
            106.52242279,
            10.94849682
          ],
          [
            106.52135468,
            10.94922352
          ],
          [
            106.52028656,
            10.94995022
          ],
          [
            106.52037048,
            10.95003033
          ],
          [
            106.52037048,
            10.95003033
          ],
          [
            106.52037048,
            10.95003033
          ],
          [
            106.52037048,
            10.95003033
          ],
          [
            106.52037048,
            10.95003033
          ],
          [
            106.52030182,
            10.94994545
          ],
          [
            106.51927948,
            10.95064545
          ],
          [
            106.51825714,
            10.9513464
          ],
          [
            106.51721191,
            10.95204926
          ],
          [
            106.51617432,
            10.95275211
          ],
          [
            106.51622772,
            10.95282078
          ],
          [
            106.51622772,
            10.95282078
          ],
          [
            106.51622772,
            10.95282078
          ],
          [
            106.51618195,
            10.95275211
          ],
          [
            106.51529694,
            10.95336819
          ],
          [
            106.51441193,
            10.95398521
          ],
          [
            106.51353455,
            10.95457745
          ],
          [
            106.51265717,
            10.95516968
          ],
          [
            106.51271057,
            10.95523071
          ],
          [
            106.51271057,
            10.95523071
          ],
          [
            106.51267242,
            10.95516968
          ],
          [
            106.51125336,
            10.95612812
          ],
          [
            106.51055908,
            10.9566021
          ],
          [
            106.50980377,
            10.95700264
          ],
          [
            106.50983429,
            10.95705032
          ],
          [
            106.50983429,
            10.95705032
          ],
          [
            106.50983429,
            10.95705032
          ],
          [
            106.50980377,
            10.95697594
          ],
          [
            106.50858307,
            10.95760345
          ],
          [
            106.50736237,
            10.95823002
          ],
          [
            106.50614929,
            10.95885944
          ],
          [
            106.50493622,
            10.95948887
          ],
          [
            106.50495911,
            10.95954609
          ],
          [
            106.50495911,
            10.95954609
          ],
          [
            106.50495911,
            10.95954609
          ],
          [
            106.50492859,
            10.95948887
          ],
          [
            106.50323486,
            10.96035767
          ],
          [
            106.50239563,
            10.96077919
          ],
          [
            106.50157928,
            10.96125793
          ],
          [
            106.50161743,
            10.96131706
          ],
          [
            106.50161743,
            10.96131706
          ],
          [
            106.50156403,
            10.96124744
          ],
          [
            106.50058746,
            10.96180534
          ],
          [
            106.4996109,
            10.9623642
          ],
          [
            106.49865723,
            10.96291924
          ],
          [
            106.49769592,
            10.96347523
          ],
          [
            106.49774933,
            10.96354961
          ],
          [
            106.49774933,
            10.96354961
          ],
          [
            106.49771118,
            10.96345425
          ],
          [
            106.49659729,
            10.96408367
          ],
          [
            106.49549103,
            10.9647131
          ],
          [
            106.49427032,
            10.96522617
          ],
          [
            106.49304962,
            10.9657402
          ],
          [
            106.49308014,
            10.96580029
          ],
          [
            106.49308014,
            10.96580029
          ],
          [
            106.49306488,
            10.96571922
          ],
          [
            106.49185944,
            10.96618748
          ],
          [
            106.49064636,
            10.96665573
          ],
          [
            106.48947144,
            10.96710682
          ],
          [
            106.48828125,
            10.96755695
          ],
          [
            106.4883194,
            10.96765041
          ],
          [
            106.4883194,
            10.96765041
          ],
          [
            106.4883194,
            10.96765041
          ],
          [
            106.4883194,
            10.96765041
          ],
          [
            106.48828888,
            10.96757793
          ],
          [
            106.4877243,
            10.96774101
          ],
          [
            106.48649596999999,
            10.9681778
          ],
          [
            106.48506927,
            10.96894169
          ],
          [
            106.48329926,
            10.9701004
          ],
          [
            106.48253632,
            10.97063732
          ],
          [
            106.48181152,
            10.97132778
          ],
          [
            106.48210144,
            10.97161674
          ],
          [
            106.48210144,
            10.97161674
          ],
          [
            106.48210144,
            10.97161674
          ]
        ]
      },
      "properties": {
        "feature_type": "route_path",
        "stt": 2,
        "route_id": 24,
        "route_no": "13",
        "display_code": "B 13",
        "route_name": "Bến xe buýt Sài Gòn - Bến xe Củ Chi",
        "direction": "Lượt đi",
        "outbound": true,
        "start_point": "Bến xe buýt Sài Gòn",
        "end_point": "Bến xe Củ Chi",
        "start_stop": "Bến xe buýt Sài Gòn",
        "end_stop": "Bến xe Củ Chi",
        "distance_km": 37.4,
        "listed_length_km": 36,
        "running_time_min": 80,
        "operating_hours": "4:00 - 19:45",
        "stroke": "#D81B60",
        "stroke_width": 4,
        "stroke_opacity": 0.85
      }
    },
    {
      "type": "Feature",
      "geometry": {
        "type": "LineString",
        "coordinates": [
          [
            106.48210144,
            10.97161674
          ],
          [
            106.48184967,
            10.97177029
          ],
          [
            106.48249054,
            10.97272015
          ],
          [
            106.48313904,
            10.97367096
          ],
          [
            106.48303223,
            10.97374439
          ],
          [
            106.48264313,
            10.97315407
          ],
          [
            106.4822464,
            10.97256279
          ],
          [
            106.4818573,
            10.97197151
          ],
          [
            106.4814682,
            10.97138023
          ],
          [
            106.48197174,
            10.97094345
          ],
          [
            106.48248291,
            10.97053242
          ],
          [
            106.48245239,
            10.97049522
          ],
          [
            106.48245239,
            10.97049522
          ],
          [
            106.48245239,
            10.97049522
          ],
          [
            106.48249817,
            10.97053719
          ],
          [
            106.48327637,
            10.96998978
          ],
          [
            106.48408508,
            10.96944714
          ],
          [
            106.48487091,
            10.96893692
          ],
          [
            106.485672,
            10.96852016
          ],
          [
            106.48648834,
            10.96812534
          ],
          [
            106.48731995,
            10.96777248
          ],
          [
            106.48819733,
            10.96745682
          ],
          [
            106.48906708,
            10.96714115
          ],
          [
            106.48902893,
            10.96704102
          ],
          [
            106.48902893,
            10.96704102
          ],
          [
            106.48902893,
            10.96704102
          ],
          [
            106.48904419,
            10.96714115
          ],
          [
            106.4910202,
            10.96638012
          ],
          [
            106.49299622,
            10.96561909
          ],
          [
            106.49299622,
            10.96552372
          ],
          [
            106.49299622,
            10.96552372
          ],
          [
            106.49299622,
            10.96552372
          ],
          [
            106.49299622,
            10.96552372
          ],
          [
            106.4930191,
            10.96562386
          ],
          [
            106.49427032,
            10.96511078
          ],
          [
            106.49552155,
            10.96459675
          ],
          [
            106.49645233,
            10.96407318
          ],
          [
            106.49738312,
            10.96354866
          ],
          [
            106.4973526,
            10.96344852
          ],
          [
            106.4973526,
            10.96344852
          ],
          [
            106.4973526,
            10.96344852
          ],
          [
            106.4973526,
            10.96344852
          ],
          [
            106.4973526,
            10.96344852
          ],
          [
            106.49740601,
            10.96351242
          ],
          [
            106.49884033,
            10.96267986
          ],
          [
            106.50028229,
            10.96184826
          ],
          [
            106.50184631,
            10.96096325
          ],
          [
            106.50314331,
            10.960289
          ],
          [
            106.50315857,
            10.96020031
          ],
          [
            106.50315857,
            10.96020031
          ],
          [
            106.50315857,
            10.96020031
          ],
          [
            106.50315857,
            10.96020031
          ],
          [
            106.50318909,
            10.96027851
          ],
          [
            106.50505066,
            10.95932007
          ],
          [
            106.50502777,
            10.95920372
          ],
          [
            106.50502777,
            10.95920372
          ],
          [
            106.50502777,
            10.95920372
          ],
          [
            106.50502777,
            10.95920372
          ],
          [
            106.50502777,
            10.95920372
          ],
          [
            106.50508881,
            10.95929909
          ],
          [
            106.50624084,
            10.95870495
          ],
          [
            106.50740051,
            10.95811176
          ],
          [
            106.50856018,
            10.95751762
          ],
          [
            106.50971222,
            10.95692348
          ],
          [
            106.50969696,
            10.95681763
          ],
          [
            106.50969696,
            10.95681763
          ],
          [
            106.50969696,
            10.95681763
          ],
          [
            106.50969696,
            10.95681763
          ],
          [
            106.50973511,
            10.95688629
          ],
          [
            106.51079559,
            10.95627594
          ],
          [
            106.51177216,
            10.9556179
          ],
          [
            106.51274109,
            10.95494843
          ],
          [
            106.51370239,
            10.95428467
          ],
          [
            106.51365662,
            10.95420074
          ],
          [
            106.51365662,
            10.95420074
          ],
          [
            106.51370239,
            10.95429039
          ],
          [
            106.51456451,
            10.95367908
          ],
          [
            106.51543427,
            10.95306778
          ],
          [
            106.51543427,
            10.95306778
          ],
          [
            106.51543427,
            10.95306778
          ],
          [
            106.51543427,
            10.95306778
          ],
          [
            106.51550293,
            10.95312119
          ],
          [
            106.51726532,
            10.95192051
          ],
          [
            106.51902008,
            10.95071983
          ],
          [
            106.5189743,
            10.95065117
          ],
          [
            106.5189743,
            10.95065117
          ],
          [
            106.5189743,
            10.95065117
          ],
          [
            106.5189743,
            10.95065117
          ],
          [
            106.5189743,
            10.95065117
          ],
          [
            106.5189743,
            10.95065117
          ],
          [
            106.5190506,
            10.95071411
          ],
          [
            106.52100372,
            10.9493742
          ],
          [
            106.52296448,
            10.94803333
          ],
          [
            106.52292633,
            10.94795418
          ],
          [
            106.52292633,
            10.94795418
          ],
          [
            106.52292633,
            10.94795418
          ],
          [
            106.52292633,
            10.94795418
          ],
          [
            106.52292633,
            10.94795418
          ],
          [
            106.52292633,
            10.94795418
          ],
          [
            106.52297974,
            10.94800663
          ],
          [
            106.52497101,
            10.94672203
          ],
          [
            106.52789307,
            10.94526863
          ],
          [
            106.53082275,
            10.94381428
          ],
          [
            106.53077698,
            10.9436779
          ],
          [
            106.53077698,
            10.9436779
          ],
          [
            106.53077698,
            10.9436779
          ],
          [
            106.53077698,
            10.9436779
          ],
          [
            106.53077698,
            10.9436779
          ],
          [
            106.53077698,
            10.9436779
          ],
          [
            106.53084564,
            10.94380379
          ],
          [
            106.53224945,
            10.94314194
          ],
          [
            106.53362274,
            10.94248962
          ],
          [
            106.5349884,
            10.94183826
          ],
          [
            106.53636169,
            10.9411869
          ],
          [
            106.53634644,
            10.94108295
          ],
          [
            106.53634644,
            10.94108295
          ],
          [
            106.53642273,
            10.9411602
          ],
          [
            106.53833008,
            10.94022274
          ],
          [
            106.54024506,
            10.93928528
          ],
          [
            106.54022217,
            10.93918037
          ],
          [
            106.54022217,
            10.93918037
          ],
          [
            106.54022217,
            10.93918037
          ],
          [
            106.54026794,
            10.93928528
          ],
          [
            106.54361725,
            10.93766308
          ],
          [
            106.54360199,
            10.93755817
          ],
          [
            106.54360199,
            10.93755817
          ],
          [
            106.54360199,
            10.93755817
          ],
          [
            106.54360199,
            10.93755817
          ],
          [
            106.54360199,
            10.93755817
          ],
          [
            106.54364777,
            10.93766308
          ],
          [
            106.54673767,
            10.93616486
          ],
          [
            106.54982758,
            10.93466568
          ],
          [
            106.54979706,
            10.93453979
          ],
          [
            106.54979706,
            10.93453979
          ],
          [
            106.54979706,
            10.93453979
          ],
          [
            106.54979706,
            10.93453979
          ],
          [
            106.54979706,
            10.93453979
          ],
          [
            106.54986572,
            10.93463993
          ],
          [
            106.5510788,
            10.93387032
          ],
          [
            106.55173492,
            10.93326473
          ],
          [
            106.55289459,
            10.9319849
          ],
          [
            106.55281067,
            10.93191719
          ],
          [
            106.55281067,
            10.93191719
          ],
          [
            106.55281067,
            10.93191719
          ],
          [
            106.55288696,
            10.93196964
          ],
          [
            106.55345917,
            10.9313612
          ],
          [
            106.554039,
            10.93075275
          ],
          [
            106.55460358,
            10.93009949
          ],
          [
            106.55511475,
            10.92945194
          ],
          [
            106.55501556,
            10.92939854
          ],
          [
            106.55501556,
            10.92939854
          ],
          [
            106.55509186,
            10.92944145
          ],
          [
            106.5556488,
            10.92869854
          ],
          [
            106.55619049,
            10.92792988
          ],
          [
            106.55673218,
            10.92716599
          ],
          [
            106.55725861,
            10.92642784
          ],
          [
            106.55719757,
            10.92638111
          ],
          [
            106.55719757,
            10.92638111
          ],
          [
            106.55719757,
            10.92638111
          ],
          [
            106.55719757,
            10.92638111
          ],
          [
            106.55727386,
            10.92641258
          ],
          [
            106.55780029,
            10.92565918
          ],
          [
            106.55831909,
            10.92490578
          ],
          [
            106.55886078,
            10.92412949
          ],
          [
            106.55940247,
            10.92335224
          ],
          [
            106.5593338,
            10.92331696
          ],
          [
            106.5593338,
            10.92331696
          ],
          [
            106.5593338,
            10.92331696
          ],
          [
            106.5593338,
            10.92331696
          ],
          [
            106.5593338,
            10.92331696
          ],
          [
            106.5593338,
            10.92331696
          ],
          [
            106.5593338,
            10.92331696
          ],
          [
            106.55993652,
            10.92246437
          ],
          [
            106.56053925,
            10.92161179
          ],
          [
            106.5611496,
            10.92076015
          ],
          [
            106.56175232,
            10.91990757
          ],
          [
            106.56238556,
            10.91901302
          ],
          [
            106.5630188,
            10.91811943
          ],
          [
            106.56367493,
            10.91722679
          ],
          [
            106.56428528,
            10.91633129
          ],
          [
            106.56420898,
            10.91626167
          ],
          [
            106.56420898,
            10.91626167
          ],
          [
            106.56420898,
            10.91626167
          ],
          [
            106.56420898,
            10.91626167
          ],
          [
            106.56420898,
            10.91626167
          ],
          [
            106.56420898,
            10.91626167
          ],
          [
            106.56434631,
            10.91629982
          ],
          [
            106.56767273,
            10.91154861
          ],
          [
            106.56757355,
            10.91148472
          ],
          [
            106.56757355,
            10.91148472
          ],
          [
            106.56757355,
            10.91148472
          ],
          [
            106.56757355,
            10.91148472
          ],
          [
            106.56757355,
            10.91148472
          ],
          [
            106.56764221,
            10.91152191
          ],
          [
            106.56858826,
            10.91016769
          ],
          [
            106.56952667,
            10.90881443
          ],
          [
            106.57047272,
            10.90746021
          ],
          [
            106.57141876,
            10.90610695
          ],
          [
            106.57136536,
            10.90607166
          ],
          [
            106.57136536,
            10.90607166
          ],
          [
            106.57136536,
            10.90607166
          ],
          [
            106.57136536,
            10.90607166
          ],
          [
            106.57136536,
            10.90607166
          ],
          [
            106.57136536,
            10.90607166
          ],
          [
            106.5714035,
            10.90611172
          ],
          [
            106.57254028,
            10.90450001
          ],
          [
            106.57366943,
            10.9028883
          ],
          [
            106.57479858,
            10.90127373
          ],
          [
            106.57592773,
            10.89965916
          ],
          [
            106.57588959,
            10.89963818
          ],
          [
            106.57588959,
            10.89963818
          ],
          [
            106.57588959,
            10.89963818
          ],
          [
            106.57588959,
            10.89963818
          ],
          [
            106.57588959,
            10.89963818
          ],
          [
            106.57588959,
            10.89963818
          ],
          [
            106.57593536,
            10.89965916
          ],
          [
            106.57656097,
            10.89877319
          ],
          [
            106.57717896,
            10.89788723
          ],
          [
            106.57780457,
            10.89700031
          ],
          [
            106.57842255,
            10.89611435
          ],
          [
            106.57836151,
            10.89608288
          ],
          [
            106.57836151,
            10.89608288
          ],
          [
            106.57836151,
            10.89608288
          ],
          [
            106.57836151,
            10.89608288
          ],
          [
            106.57836151,
            10.89608288
          ],
          [
            106.57836151,
            10.89608288
          ],
          [
            106.57840729,
            10.89611435
          ],
          [
            106.57907104,
            10.89516163
          ],
          [
            106.5797348,
            10.89420986
          ],
          [
            106.58039093,
            10.89325809
          ],
          [
            106.58105469,
            10.89230537
          ],
          [
            106.58100128,
            10.89227867
          ],
          [
            106.58100128,
            10.89227867
          ],
          [
            106.58100128,
            10.89227867
          ],
          [
            106.58100128,
            10.89227867
          ],
          [
            106.58106995,
            10.89232635
          ],
          [
            106.58254242,
            10.89026165
          ],
          [
            106.58397675,
            10.88818645
          ],
          [
            106.58390808,
            10.88813877
          ],
          [
            106.58390808,
            10.88813877
          ],
          [
            106.58390808,
            10.88813877
          ],
          [
            106.58402252,
            10.8882122
          ],
          [
            106.58737946,
            10.88333416
          ],
          [
            106.58726501,
            10.88330841
          ],
          [
            106.58726501,
            10.88330841
          ],
          [
            106.58726501,
            10.88330841
          ],
          [
            106.58726501,
            10.88330841
          ],
          [
            106.58735657,
            10.88334465
          ],
          [
            106.58940125,
            10.88040543
          ],
          [
            106.58927155,
            10.88033676
          ],
          [
            106.58927155,
            10.88033676
          ],
          [
            106.58927155,
            10.88033676
          ],
          [
            106.58927155,
            10.88033676
          ],
          [
            106.58927155,
            10.88033676
          ],
          [
            106.58940125,
            10.88041115
          ],
          [
            106.59178925,
            10.87706566
          ],
          [
            106.59168243,
            10.87702274
          ],
          [
            106.59168243,
            10.87702274
          ],
          [
            106.59168243,
            10.87702274
          ],
          [
            106.59168243,
            10.87702274
          ],
          [
            106.59168243,
            10.87702274
          ],
          [
            106.59168243,
            10.87702274
          ],
          [
            106.59168243,
            10.87702274
          ],
          [
            106.59177399,
            10.87708092
          ],
          [
            106.59213257,
            10.87657452
          ],
          [
            106.59248352,
            10.87606716
          ],
          [
            106.59283447,
            10.87556076
          ],
          [
            106.59319305,
            10.87505341
          ],
          [
            106.59307861,
            10.87496853
          ],
          [
            106.59307861,
            10.87496853
          ],
          [
            106.59307861,
            10.87496853
          ],
          [
            106.59307861,
            10.87496853
          ],
          [
            106.59307861,
            10.87496853
          ],
          [
            106.59307861,
            10.87496853
          ],
          [
            106.59307861,
            10.87496853
          ],
          [
            106.59321594,
            10.87504768
          ],
          [
            106.59358978,
            10.87453556
          ],
          [
            106.59395599,
            10.87402344
          ],
          [
            106.59432983,
            10.87351036
          ],
          [
            106.59469604,
            10.87299824
          ],
          [
            106.59466553,
            10.87294674
          ],
          [
            106.59466553,
            10.87294674
          ],
          [
            106.59466553,
            10.87294674
          ],
          [
            106.59466553,
            10.87294674
          ],
          [
            106.59466553,
            10.87294674
          ],
          [
            106.59466553,
            10.87294674
          ],
          [
            106.59476471,
            10.87299824
          ],
          [
            106.59527588,
            10.87225533
          ],
          [
            106.59578705,
            10.87151337
          ],
          [
            106.59629822,
            10.87077045
          ],
          [
            106.59680939,
            10.87002754
          ],
          [
            106.59675598,
            10.86995411
          ],
          [
            106.59675598,
            10.86995411
          ],
          [
            106.59675598,
            10.86995411
          ],
          [
            106.59675598,
            10.86995411
          ],
          [
            106.59675598,
            10.86995411
          ],
          [
            106.59675598,
            10.86995411
          ],
          [
            106.59675598,
            10.86995411
          ],
          [
            106.59735107,
            10.8692131
          ],
          [
            106.59788513,
            10.86845779
          ],
          [
            106.59841919,
            10.86770153
          ],
          [
            106.59890747,
            10.86691856
          ],
          [
            106.59890747,
            10.86691856
          ],
          [
            106.59890747,
            10.86691856
          ],
          [
            106.59890747,
            10.86691856
          ],
          [
            106.59890747,
            10.86691856
          ],
          [
            106.59890747,
            10.86691856
          ],
          [
            106.59890747,
            10.86691856
          ],
          [
            106.59890747,
            10.86691856
          ],
          [
            106.59973907,
            10.86587048
          ],
          [
            106.60050964,
            10.86478519
          ],
          [
            106.60128021,
            10.86367893
          ],
          [
            106.60205078,
            10.86257267
          ],
          [
            106.60197449,
            10.86254597
          ],
          [
            106.60197449,
            10.86254597
          ],
          [
            106.60197449,
            10.86254597
          ],
          [
            106.60197449,
            10.86254597
          ],
          [
            106.60197449,
            10.86254597
          ],
          [
            106.60197449,
            10.86254597
          ],
          [
            106.60197449,
            10.86254597
          ],
          [
            106.60205841,
            10.86258888
          ],
          [
            106.60270691,
            10.861619
          ],
          [
            106.60340118,
            10.86066532
          ],
          [
            106.60332489,
            10.86060238
          ],
          [
            106.60332489,
            10.86060238
          ],
          [
            106.60332489,
            10.86060238
          ],
          [
            106.60332489,
            10.86060238
          ],
          [
            106.60332489,
            10.86060238
          ],
          [
            106.60340118,
            10.86065006
          ],
          [
            106.60375977,
            10.86015224
          ],
          [
            106.60412598,
            10.85965443
          ],
          [
            106.60448456,
            10.85915852
          ],
          [
            106.60485077,
            10.85866356
          ],
          [
            106.60520935,
            10.85817146
          ],
          [
            106.60557556,
            10.85767841
          ],
          [
            106.60590363,
            10.85718346
          ],
          [
            106.60623932,
            10.8566885
          ],
          [
            106.60617828,
            10.85661983
          ],
          [
            106.60617828,
            10.85661983
          ],
          [
            106.60617828,
            10.85661983
          ],
          [
            106.60617828,
            10.85661983
          ],
          [
            106.60617828,
            10.85661983
          ],
          [
            106.60617828,
            10.85661983
          ],
          [
            106.60626221,
            10.85666656
          ],
          [
            106.60676575,
            10.85591221
          ],
          [
            106.60726166,
            10.85516262
          ],
          [
            106.60774994,
            10.85441399
          ],
          [
            106.60823822,
            10.85364246
          ],
          [
            106.6081543,
            10.85359478
          ],
          [
            106.6081543,
            10.85359478
          ],
          [
            106.6081543,
            10.85359478
          ],
          [
            106.6081543,
            10.85359478
          ],
          [
            106.6081543,
            10.85359478
          ],
          [
            106.6081543,
            10.85359478
          ],
          [
            106.6081543,
            10.85359478
          ],
          [
            106.60823059,
            10.8536272
          ],
          [
            106.60881805,
            10.85268116
          ],
          [
            106.60940552,
            10.85173607
          ],
          [
            106.61006165,
            10.8507452
          ],
          [
            106.61070251,
            10.84973907
          ],
          [
            106.61064148,
            10.84971333
          ],
          [
            106.61064148,
            10.84971333
          ],
          [
            106.61064148,
            10.84971333
          ],
          [
            106.61064148,
            10.84971333
          ],
          [
            106.61064148,
            10.84971333
          ],
          [
            106.61064148,
            10.84971333
          ],
          [
            106.61070251,
            10.84973907
          ],
          [
            106.61142731,
            10.84860897
          ],
          [
            106.6121521,
            10.84747887
          ],
          [
            106.61287689,
            10.84635639
          ],
          [
            106.6135788,
            10.84521294
          ],
          [
            106.61352539,
            10.84518719
          ],
          [
            106.61352539,
            10.84518719
          ],
          [
            106.61352539,
            10.84518719
          ],
          [
            106.61352539,
            10.84518719
          ],
          [
            106.61352539,
            10.84518719
          ],
          [
            106.61352539,
            10.84518719
          ],
          [
            106.6135788,
            10.84520817
          ],
          [
            106.61483765,
            10.8433218
          ],
          [
            106.6151123,
            10.84258461
          ],
          [
            106.61537933,
            10.84222031
          ],
          [
            106.61643982,
            10.84055614
          ],
          [
            106.61655426,
            10.84026623
          ],
          [
            106.61742401,
            10.83894348
          ],
          [
            106.61734772,
            10.83889103
          ],
          [
            106.61734772,
            10.83889103
          ],
          [
            106.61734772,
            10.83889103
          ],
          [
            106.61734772,
            10.83889103
          ],
          [
            106.61746216,
            10.83895397
          ],
          [
            106.61816406,
            10.83785248
          ],
          [
            106.6188736,
            10.83675194
          ],
          [
            106.61959076,
            10.83565044
          ],
          [
            106.62030792,
            10.83454895
          ],
          [
            106.62020874,
            10.83449745
          ],
          [
            106.62020874,
            10.83449745
          ],
          [
            106.62030029,
            10.83453846
          ],
          [
            106.62109375,
            10.83330059
          ],
          [
            106.62188721,
            10.83206749
          ],
          [
            106.62179565,
            10.83201981
          ],
          [
            106.62179565,
            10.83201981
          ],
          [
            106.62179565,
            10.83201981
          ],
          [
            106.62188721,
            10.83207321
          ],
          [
            106.62268829,
            10.83086681
          ],
          [
            106.62348175,
            10.82966518
          ],
          [
            106.62510681,
            10.82725239
          ],
          [
            106.62549591,
            10.82677746
          ],
          [
            106.62594604,
            10.8263092
          ],
          [
            106.62586212,
            10.82623959
          ],
          [
            106.62586212,
            10.82623959
          ],
          [
            106.62586212,
            10.82623959
          ],
          [
            106.62586212,
            10.82623959
          ],
          [
            106.62593842,
            10.8263092
          ],
          [
            106.62645721,
            10.82582378
          ],
          [
            106.62697601,
            10.82535553
          ],
          [
            106.62749481,
            10.8248806
          ],
          [
            106.62801361,
            10.82440662
          ],
          [
            106.62871552,
            10.82374573
          ],
          [
            106.62941742,
            10.82308388
          ],
          [
            106.62971497,
            10.82274723
          ],
          [
            106.62992096,
            10.82235718
          ],
          [
            106.62982178,
            10.82231522
          ],
          [
            106.62982178,
            10.82231522
          ],
          [
            106.62982178,
            10.82231522
          ],
          [
            106.62982178,
            10.82231522
          ],
          [
            106.62982178,
            10.82231522
          ],
          [
            106.62991333,
            10.82234097
          ],
          [
            106.63014984,
            10.82170868
          ],
          [
            106.63034821,
            10.82108212
          ],
          [
            106.63059235,
            10.82026005
          ],
          [
            106.63083649,
            10.8194437
          ],
          [
            106.63061523,
            10.81938553
          ],
          [
            106.63061523,
            10.81938553
          ],
          [
            106.63061523,
            10.81938553
          ],
          [
            106.63061523,
            10.81938553
          ],
          [
            106.63083649,
            10.8194437
          ],
          [
            106.63103485,
            10.81881905
          ],
          [
            106.63123322,
            10.81819439
          ],
          [
            106.63143158,
            10.81757069
          ],
          [
            106.63162994,
            10.81694603
          ],
          [
            106.63181305,
            10.81632328
          ],
          [
            106.63200378,
            10.81570053
          ],
          [
            106.63218689,
            10.81507778
          ],
          [
            106.63237762,
            10.81445503
          ],
          [
            106.63237762,
            10.81445503
          ],
          [
            106.63237762,
            10.81445503
          ],
          [
            106.63259888,
            10.81373405
          ],
          [
            106.63282013,
            10.81301308
          ],
          [
            106.63304138,
            10.8122921
          ],
          [
            106.633255,
            10.81157112
          ],
          [
            106.63346863,
            10.81084919
          ],
          [
            106.63368988,
            10.81012726
          ],
          [
            106.63394165,
            10.80940533
          ],
          [
            106.63414001,
            10.8087101
          ],
          [
            106.63401794,
            10.80868912
          ],
          [
            106.63401794,
            10.80868912
          ],
          [
            106.63401794,
            10.80868912
          ],
          [
            106.63414001,
            10.80871582
          ],
          [
            106.63453674,
            10.80748463
          ],
          [
            106.63493346999999,
            10.80625439
          ],
          [
            106.63477325,
            10.80621243
          ],
          [
            106.63477325,
            10.80621243
          ],
          [
            106.63495636,
            10.80626011
          ],
          [
            106.63519287,
            10.80554581
          ],
          [
            106.63542938,
            10.8048315
          ],
          [
            106.63526917,
            10.80480003
          ],
          [
            106.63526917,
            10.80480003
          ],
          [
            106.63526917,
            10.80480003
          ],
          [
            106.63526917,
            10.80480003
          ],
          [
            106.63540649,
            10.80484295
          ],
          [
            106.63565826,
            10.80397797
          ],
          [
            106.63605499,
            10.80287743
          ],
          [
            106.63665009,
            10.8018074
          ],
          [
            106.6375351,
            10.80132294
          ],
          [
            106.63751984,
            10.80127525
          ],
          [
            106.63751984,
            10.80127525
          ],
          [
            106.63751984,
            10.80127525
          ],
          [
            106.63751984,
            10.80127525
          ],
          [
            106.63751984,
            10.80127525
          ],
          [
            106.63762665,
            10.80129623
          ],
          [
            106.63925171,
            10.80043316
          ],
          [
            106.64086914,
            10.79957008
          ],
          [
            106.6415863,
            10.79918957
          ],
          [
            106.64155579,
            10.79911518
          ],
          [
            106.64155579,
            10.79911518
          ],
          [
            106.64157104,
            10.79916191
          ],
          [
            106.64429474,
            10.79771805
          ],
          [
            106.64426422,
            10.7976656
          ],
          [
            106.64426422,
            10.7976656
          ],
          [
            106.64426422,
            10.7976656
          ],
          [
            106.64430237,
            10.79772377
          ],
          [
            106.64528656,
            10.79719925
          ],
          [
            106.64626312,
            10.79667473
          ],
          [
            106.64621735,
            10.79660606
          ],
          [
            106.64621735,
            10.79660606
          ],
          [
            106.64621735,
            10.79660606
          ],
          [
            106.64621735,
            10.79660606
          ],
          [
            106.64621735,
            10.79660606
          ],
          [
            106.64624786,
            10.79669094
          ],
          [
            106.64778137,
            10.79586887
          ],
          [
            106.64931488,
            10.79504681
          ],
          [
            106.64926147,
            10.79497814
          ],
          [
            106.64926147,
            10.79497814
          ],
          [
            106.64926147,
            10.79497814
          ],
          [
            106.64926147,
            10.79497814
          ],
          [
            106.64926147,
            10.79497814
          ],
          [
            106.64932251,
            10.79504681
          ],
          [
            106.65037537,
            10.79448318
          ],
          [
            106.65142059,
            10.79391861
          ],
          [
            106.65136719,
            10.79385567
          ],
          [
            106.65136719,
            10.79385567
          ],
          [
            106.65136719,
            10.79385567
          ],
          [
            106.65136719,
            10.79385567
          ],
          [
            106.65136719,
            10.79385567
          ],
          [
            106.65136719,
            10.79385567
          ],
          [
            106.65143585,
            10.79390335
          ],
          [
            106.65278625,
            10.79318428
          ],
          [
            106.65413666,
            10.79246426
          ],
          [
            106.65412903,
            10.79239082
          ],
          [
            106.65412903,
            10.79239082
          ],
          [
            106.65412903,
            10.79239082
          ],
          [
            106.65412903,
            10.79239082
          ],
          [
            106.65412903,
            10.79239082
          ],
          [
            106.65419006,
            10.79243279
          ],
          [
            106.65589142,
            10.79154205
          ],
          [
            106.65588379,
            10.7914629
          ],
          [
            106.65588379,
            10.7914629
          ],
          [
            106.65588379,
            10.7914629
          ],
          [
            106.65588379,
            10.7914629
          ],
          [
            106.65588379,
            10.7914629
          ],
          [
            106.65593719,
            10.7915163
          ],
          [
            106.65720367,
            10.7908392
          ],
          [
            106.65847778,
            10.79016209
          ],
          [
            106.65846252,
            10.7901144
          ],
          [
            106.65846252,
            10.7901144
          ],
          [
            106.65846252,
            10.7901144
          ],
          [
            106.65846252,
            10.7901144
          ],
          [
            106.65849304,
            10.79016209
          ],
          [
            106.65955353,
            10.78959274
          ],
          [
            106.66062164,
            10.7890234
          ],
          [
            106.66170502,
            10.78845692
          ],
          [
            106.66278839,
            10.78789043
          ],
          [
            106.66274261,
            10.78785038
          ],
          [
            106.66274261,
            10.78785038
          ],
          [
            106.66277313,
            10.78788567
          ],
          [
            106.66425323,
            10.78708935
          ],
          [
            106.6657486,
            10.78629875
          ],
          [
            106.6672287,
            10.78550911
          ],
          [
            106.66871643,
            10.78471851
          ],
          [
            106.66868591,
            10.78467083
          ],
          [
            106.66868591,
            10.78467083
          ],
          [
            106.66868591,
            10.78467083
          ],
          [
            106.66874695,
            10.78472328
          ],
          [
            106.66973877,
            10.78419209
          ],
          [
            106.67073059,
            10.78366184
          ],
          [
            106.67173004,
            10.78313065
          ],
          [
            106.67272186,
            10.78259945
          ],
          [
            106.67269897,
            10.7825346
          ],
          [
            106.67269897,
            10.7825346
          ],
          [
            106.67269897,
            10.7825346
          ],
          [
            106.67269897,
            10.7825346
          ],
          [
            106.67269897,
            10.7825346
          ],
          [
            106.67269897,
            10.7825346
          ],
          [
            106.67273712,
            10.7825737
          ],
          [
            106.67389679,
            10.7819519
          ],
          [
            106.67505646,
            10.78133011
          ],
          [
            106.67506409,
            10.78124046
          ],
          [
            106.67506409,
            10.78124046
          ],
          [
            106.67506409,
            10.78124046
          ],
          [
            106.67506409,
            10.78124046
          ],
          [
            106.67510223,
            10.78128242
          ],
          [
            106.67584229,
            10.78090286
          ],
          [
            106.67657471,
            10.7805233
          ],
          [
            106.67657471,
            10.78043461
          ],
          [
            106.67657471,
            10.78043461
          ],
          [
            106.67657471,
            10.78043461
          ],
          [
            106.67657471,
            10.78043461
          ],
          [
            106.67657471,
            10.78043461
          ],
          [
            106.67657471,
            10.78043461
          ],
          [
            106.67657471,
            10.78043461
          ],
          [
            106.67660522,
            10.78049755
          ],
          [
            106.67762756,
            10.77995014
          ],
          [
            106.67865753,
            10.77940178
          ],
          [
            106.6796875,
            10.77885342
          ],
          [
            106.68070984,
            10.77830505
          ],
          [
            106.68070221,
            10.77820492
          ],
          [
            106.68070221,
            10.77820492
          ],
          [
            106.68070221,
            10.77820492
          ],
          [
            106.68070221,
            10.77820492
          ],
          [
            106.68074036,
            10.77826786
          ],
          [
            106.68136597,
            10.7779417
          ],
          [
            106.68145752,
            10.77763557
          ],
          [
            106.68171692,
            10.77750969
          ],
          [
            106.68197632,
            10.77767754
          ],
          [
            106.68251801,
            10.77733517
          ],
          [
            106.68245697,
            10.77721882
          ],
          [
            106.68245697,
            10.77721882
          ],
          [
            106.68253326,
            10.77734089
          ],
          [
            106.68439484,
            10.77630234
          ],
          [
            106.68434143,
            10.7762022
          ],
          [
            106.68434143,
            10.7762022
          ],
          [
            106.68439484,
            10.77629185
          ],
          [
            106.68595886,
            10.77545929
          ],
          [
            106.68682098,
            10.77501011
          ],
          [
            106.68724823,
            10.77476883
          ],
          [
            106.68720245,
            10.77468967
          ],
          [
            106.68720245,
            10.77468967
          ],
          [
            106.68720245,
            10.77468967
          ],
          [
            106.68727112,
            10.77478027
          ],
          [
            106.68940735,
            10.77361012
          ],
          [
            106.69154358,
            10.77243996
          ],
          [
            106.6914978,
            10.77234459
          ],
          [
            106.6914978,
            10.77234459
          ],
          [
            106.6914978,
            10.77234459
          ],
          [
            106.6914978,
            10.77234459
          ],
          [
            106.6914978,
            10.77234459
          ],
          [
            106.69155121,
            10.77240276
          ],
          [
            106.69308472,
            10.77153301
          ],
          [
            106.69309998,
            10.7712326
          ],
          [
            106.69341278,
            10.77122784
          ],
          [
            106.69364166,
            10.77087975
          ],
          [
            106.69358826,
            10.770854
          ],
          [
            106.69358826,
            10.770854
          ],
          [
            106.69358826,
            10.770854
          ],
          [
            106.69358826,
            10.770854
          ],
          [
            106.69358826,
            10.770854
          ],
          [
            106.69364166,
            10.77086926
          ],
          [
            106.69400787,
            10.77025795
          ],
          [
            106.69387817,
            10.77001572
          ],
          [
            106.69352721999999,
            10.76988411
          ],
          [
            106.6934967,
            10.76995182
          ],
          [
            106.6934967,
            10.76995182
          ],
          [
            106.6934967,
            10.76995182
          ],
          [
            106.6934967,
            10.76995182
          ],
          [
            106.69351959,
            10.76988411
          ],
          [
            106.69276428,
            10.7695837
          ],
          [
            106.69200897,
            10.76928329
          ],
          [
            106.69125366,
            10.76898479
          ],
          [
            106.69049835,
            10.76868725
          ],
          [
            106.69046783,
            10.76876068
          ],
          [
            106.69046783,
            10.76876068
          ],
          [
            106.69046783,
            10.76876068
          ],
          [
            106.69046783,
            10.76876068
          ],
          [
            106.69046783,
            10.76876068
          ],
          [
            106.69046783,
            10.76876068
          ],
          [
            106.69049835,
            10.76868725
          ],
          [
            106.68985748,
            10.7684164
          ],
          [
            106.68921661,
            10.76814461
          ],
          [
            106.68936157,
            10.76767635
          ],
          [
            106.68936157,
            10.76767635
          ],
          [
            106.68936157,
            10.76767635
          ]
        ]
      },
      "properties": {
        "feature_type": "route_path",
        "stt": 2,
        "route_id": 24,
        "route_no": "13",
        "display_code": "B 13",
        "route_name": "Bến xe buýt Sài Gòn - Bến xe Củ Chi",
        "direction": "Lượt về",
        "outbound": false,
        "start_point": "Bến xe buýt Sài Gòn",
        "end_point": "Bến xe Củ Chi",
        "start_stop": "Bến xe Củ Chi",
        "end_stop": "Bến xe buýt Sài Gòn",
        "distance_km": 36.11,
        "listed_length_km": 36,
        "running_time_min": 80,
        "operating_hours": "4:00 - 19:45",
        "stroke": "#D81B60",
        "stroke_width": 4,
        "stroke_opacity": 0.85
      }
    },
    {
      "type": "Feature",
      "geometry": {
        "type": "Point",
        "coordinates": [
          106.689362,
          10.767676
        ]
      },
      "properties": {
        "feature_type": "bus_stop",
        "stop_id": 35,
        "stop_code": "BX 01",
        "stop_name": "Bến xe buýt Sài Gòn",
        "stop_type": "Bến xe",
        "route_no": "13",
        "display_code": "B 13",
        "direction": "Lượt đi",
        "address": "BẾN XE BUÝT SÀI GÒN Lê Lai",
        "street": "Lê Lai",
        "zone": "Quận 1",
        "ward": "Phường Phạm Ngũ Lão",
        "all_routes": "03, 04, 102, 109, 13, 140, 171, 172, 18, 19, 20, 27, 28, 34, 36, 39, 52, 65, 69, 72, 75, 86, 88, 93, D4, DL01, DL02, DL03, DL04, DL05, DL06",
        "marker_color": "#D81B60"
      }
    },
    {
      "type": "Feature",
      "geometry": {
        "type": "Point",
        "coordinates": [
          106.690941,
          10.76767
        ]
      },
      "properties": {
        "feature_type": "bus_stop",
        "stop_id": 7276,
        "stop_code": "Q1 190",
        "stop_name": "Khách sạn Viễn Đông",
        "stop_type": "Trụ dừng",
        "route_no": "13",
        "display_code": "B 13",
        "direction": "Lượt đi",
        "address": "277-279-275Y Phạm Ngũ Lão",
        "street": "Phạm Ngũ Lão",
        "zone": "Quận 1",
        "ward": "Phường Phạm Ngũ Lão",
        "all_routes": "03, 04, 102, 109, 13, 140, 156V, 171, 172, 18, 19, 20, 28, 34, 36, 39, 46, 52, 65, 69, 72, 72-2B, 75, 86, 88, 93, D4, DL01, DL02, DL03",
        "marker_color": "#D81B60"
      }
    },
    {
      "type": "Feature",
      "geometry": {
        "type": "Point",
        "coordinates": [
          106.693699,
          10.768788
        ]
      },
      "properties": {
        "feature_type": "bus_stop",
        "stop_id": 7277,
        "stop_code": "Q1 191",
        "stop_name": "Sân khấu Sen Hồng",
        "stop_type": "Trụ dừng",
        "route_no": "13",
        "display_code": "B 13",
        "direction": "Lượt đi",
        "address": "187 Phạm Ngũ Lão",
        "street": "Phạm Ngũ Lão",
        "zone": "Quận 1",
        "ward": "Phường Phạm Ngũ Lão",
        "all_routes": "03, 04, 102, 109, 13, 140, 156V, 171, 172, 18, 19, 20, 28, 34, 36, 39, 46, 52, 65, 69, 72, 72-2B, 93, D4, DL01, DL02, DL03, DL05, DL06",
        "marker_color": "#D81B60"
      }
    },
    {
      "type": "Feature",
      "geometry": {
        "type": "Point",
        "coordinates": [
          106.695587,
          10.769504
        ]
      },
      "properties": {
        "feature_type": "bus_stop",
        "stop_id": 7278,
        "stop_code": "Q1 192",
        "stop_name": "Trường Emst Thalmann",
        "stop_type": "Nhà chờ",
        "route_no": "13",
        "display_code": "B 13",
        "direction": "Lượt đi",
        "address": "Trường Emst Thalmann Phạm Ngũ Lão",
        "street": "Phạm Ngũ Lão",
        "zone": "Quận 1",
        "ward": "Phường Phạm Ngũ Lão",
        "all_routes": "03, 04, 109, 13, 156V, 171, 172, 18, 19, 20, 28, 34, 36, 39, 52, 65, 69, 72-2B, 93, D4, DL01, DL02, DL03",
        "marker_color": "#D81B60"
      }
    },
    {
      "type": "Feature",
      "geometry": {
        "type": "Point",
        "coordinates": [
          106.695824,
          10.77129
        ]
      },
      "properties": {
        "feature_type": "bus_stop",
        "stop_id": 1944,
        "stop_code": "Q1 040",
        "stop_name": "Khách sạn New world",
        "stop_type": "Trụ dừng",
        "route_no": "13",
        "display_code": "B 13",
        "direction": "Lượt đi",
        "address": "40 Phạm Hồng Thái",
        "street": "Phạm Hồng Thái",
        "zone": "Quận 1",
        "ward": "Phường Bến Thành",
        "all_routes": "13, 152, 31, 38, 56, 65",
        "marker_color": "#D81B60"
      }
    },
    {
      "type": "Feature",
      "geometry": {
        "type": "Point",
        "coordinates": [
          106.690813,
          10.773046
        ]
      },
      "properties": {
        "feature_type": "bus_stop",
        "stop_id": 1297,
        "stop_code": "Q1 003",
        "stop_name": "Trống Đồng",
        "stop_type": "Nhà chờ",
        "route_no": "13",
        "display_code": "B 13",
        "direction": "Lượt đi",
        "address": "Đối diện số 89 Cách Mạng Tháng Tám",
        "street": "Cách Mạng Tháng Tám",
        "zone": "Quận 1",
        "ward": null,
        "all_routes": "13, 28, 38, 65, 69",
        "marker_color": "#D81B60"
      }
    },
    {
      "type": "Feature",
      "geometry": {
        "type": "Point",
        "coordinates": [
          106.688946,
          10.774068
        ]
      },
      "properties": {
        "feature_type": "bus_stop",
        "stop_id": 3478,
        "stop_code": "Q3 006",
        "stop_name": "Võ Văn Tần",
        "stop_type": "Trụ dừng",
        "route_no": "13",
        "display_code": "B 13",
        "direction": "Lượt đi",
        "address": "40 - 42 Cách Mạng Tháng Tám",
        "street": "Cách Mạng Tháng Tám",
        "zone": "Quận 3",
        "ward": "Phường 06",
        "all_routes": "13, 65, 69",
        "marker_color": "#D81B60"
      }
    },
    {
      "type": "Feature",
      "geometry": {
        "type": "Point",
        "coordinates": [
          106.684467,
          10.776461
        ]
      },
      "properties": {
        "feature_type": "bus_stop",
        "stop_id": 1296,
        "stop_code": "Q3 007",
        "stop_name": "Bệnh viện Mắt - Bình Dân - Da Liễu",
        "stop_type": "Trụ dừng",
        "route_no": "13",
        "display_code": "B 13",
        "direction": "Lượt đi",
        "address": "108 Cách Mạng Tháng Tám",
        "street": "Cách Mạng Tháng Tám",
        "zone": "Quận 3",
        "ward": null,
        "all_routes": "13, 65",
        "marker_color": "#D81B60"
      }
    },
    {
      "type": "Feature",
      "geometry": {
        "type": "Point",
        "coordinates": [
          106.682455,
          10.77753
        ]
      },
      "properties": {
        "feature_type": "bus_stop",
        "stop_id": 3477,
        "stop_code": "Q3 008",
        "stop_name": "Công trường Dân Chủ",
        "stop_type": "Nhà chờ",
        "route_no": "13",
        "display_code": "B 13",
        "direction": "Lượt đi",
        "address": "126 Cách Mạng Tháng Tám",
        "street": "Cách Mạng Tháng Tám",
        "zone": "Quận 3",
        "ward": null,
        "all_routes": "13, 65",
        "marker_color": "#D81B60"
      }
    },
    {
      "type": "Feature",
      "geometry": {
        "type": "Point",
        "coordinates": [
          106.680481,
          10.778516
        ]
      },
      "properties": {
        "feature_type": "bus_stop",
        "stop_id": 1299,
        "stop_code": "Q3 009",
        "stop_name": "Công trường Dân Chủ",
        "stop_type": "Trụ dừng",
        "route_no": "13",
        "display_code": "B 13",
        "direction": "Lượt đi",
        "address": "132C - 132D Cách Mạng Tháng Tám",
        "street": "Cách Mạng Tháng Tám",
        "zone": "Quận 3",
        "ward": "Phường 10",
        "all_routes": "13, 30, 65",
        "marker_color": "#D81B60"
      }
    },
    {
      "type": "Feature",
      "geometry": {
        "type": "Point",
        "coordinates": [
          106.67315,
          10.78237
        ]
      },
      "properties": {
        "feature_type": "bus_stop",
        "stop_id": 1298,
        "stop_code": "Q3 010",
        "stop_name": "Ngã Ba Chí Hòa",
        "stop_type": "Trụ dừng",
        "route_no": "13",
        "display_code": "B 13",
        "direction": "Lượt đi",
        "address": "276 Bis Cách Mạng Tháng Tám",
        "street": "Cách Mạng Tháng Tám",
        "zone": "Quận 3",
        "ward": "Phường 10",
        "all_routes": "13, 30, 65",
        "marker_color": "#D81B60"
      }
    },
    {
      "type": "Feature",
      "geometry": {
        "type": "Point",
        "coordinates": [
          106.674741,
          10.78163
        ]
      },
      "properties": {
        "feature_type": "bus_stop",
        "stop_id": 2711,
        "stop_code": "Q3 011",
        "stop_name": "Chùa Bửu Đà",
        "stop_type": "Biển treo",
        "route_no": "13",
        "display_code": "B 13",
        "direction": "Lượt đi",
        "address": "338 - 340 Cách Mạng Tháng Tám",
        "street": "Cách Mạng Tháng Tám",
        "zone": "Quận 3",
        "ward": "Phường 10",
        "all_routes": "13, 30, 65",
        "marker_color": "#D81B60"
      }
    },
    {
      "type": "Feature",
      "geometry": {
        "type": "Point",
        "coordinates": [
          106.673148,
          10.782368
        ]
      },
      "properties": {
        "feature_type": "bus_stop",
        "stop_id": 2709,
        "stop_code": "Q3 012",
        "stop_name": "Rạp hát Thanh Vân",
        "stop_type": "Trụ dừng",
        "route_no": "13",
        "display_code": "B 13",
        "direction": "Lượt đi",
        "address": "366 Cách Mạng Tháng Tám",
        "street": "Cách Mạng Tháng Tám",
        "zone": "Quận 3",
        "ward": "Phường 10",
        "all_routes": "13, 30, 65",
        "marker_color": "#D81B60"
      }
    },
    {
      "type": "Feature",
      "geometry": {
        "type": "Point",
        "coordinates": [
          106.669945,
          10.784146
        ]
      },
      "properties": {
        "feature_type": "bus_stop",
        "stop_id": 2712,
        "stop_code": "Q3 013",
        "stop_name": "Chợ Hòa Hưng",
        "stop_type": "Trụ dừng",
        "route_no": "13",
        "display_code": "B 13",
        "direction": "Lượt đi",
        "address": "442 Cách Mạng Tháng Tám",
        "street": "Cách Mạng Tháng Tám",
        "zone": "Quận 3",
        "ward": null,
        "all_routes": "13, 30, 65",
        "marker_color": "#D81B60"
      }
    },
    {
      "type": "Feature",
      "geometry": {
        "type": "Point",
        "coordinates": [
          106.66693,
          10.785814
        ]
      },
      "properties": {
        "feature_type": "bus_stop",
        "stop_id": 1300,
        "stop_code": "Q3 014",
        "stop_name": "Công viên Lê Thị Riêng",
        "stop_type": "Trụ dừng",
        "route_no": "13",
        "display_code": "B 13",
        "direction": "Lượt đi",
        "address": "542 Cách Mạng Tháng Tám",
        "street": "Cách Mạng Tháng Tám",
        "zone": "Quận 3",
        "ward": "Phường 11",
        "all_routes": "13, 30, 65",
        "marker_color": "#D81B60"
      }
    },
    {
      "type": "Feature",
      "geometry": {
        "type": "Point",
        "coordinates": [
          106.663727,
          10.787486
        ]
      },
      "properties": {
        "feature_type": "bus_stop",
        "stop_id": 906,
        "stop_code": "QTB 054",
        "stop_name": "Bắc Hải",
        "stop_type": "Trụ dừng",
        "route_no": "13",
        "display_code": "B 13",
        "direction": "Lượt đi",
        "address": "690 Cách Mạng Tháng Tám",
        "street": "Cách Mạng Tháng Tám",
        "zone": "Quận Tân Bình",
        "ward": null,
        "all_routes": "103, 13, 30, 65",
        "marker_color": "#D81B60"
      }
    },
    {
      "type": "Feature",
      "geometry": {
        "type": "Point",
        "coordinates": [
          106.661453,
          10.788692
        ]
      },
      "properties": {
        "feature_type": "bus_stop",
        "stop_id": 907,
        "stop_code": "QTB 055",
        "stop_name": "Ngã ba Bành Văn Trân",
        "stop_type": "Biển treo",
        "route_no": "13",
        "display_code": "B 13",
        "direction": "Lượt đi",
        "address": "814 Cách Mạng Tháng Tám",
        "street": "Cách Mạng Tháng Tám",
        "zone": "Quận Tân Bình",
        "ward": null,
        "all_routes": "103, 13, 30, 65",
        "marker_color": "#D81B60"
      }
    },
    {
      "type": "Feature",
      "geometry": {
        "type": "Point",
        "coordinates": [
          106.659694,
          10.78963
        ]
      },
      "properties": {
        "feature_type": "bus_stop",
        "stop_id": 910,
        "stop_code": "QTB 056",
        "stop_name": "Ông Tạ",
        "stop_type": "Biển treo",
        "route_no": "13",
        "display_code": "B 13",
        "direction": "Lượt đi",
        "address": "962 Cách Mạng Tháng Tám",
        "street": "Cách Mạng Tháng Tám",
        "zone": "Quận Tân Bình",
        "ward": null,
        "all_routes": "103, 13, 30, 65",
        "marker_color": "#D81B60"
      }
    },
    {
      "type": "Feature",
      "geometry": {
        "type": "Point",
        "coordinates": [
          106.656218,
          10.791448
        ]
      },
      "properties": {
        "feature_type": "bus_stop",
        "stop_id": 909,
        "stop_code": "QTB 057",
        "stop_name": "Cư xá Tự Do",
        "stop_type": "Biển treo",
        "route_no": "13",
        "display_code": "B 13",
        "direction": "Lượt đi",
        "address": "1130 Cách Mạng Tháng Tám",
        "street": "Cách Mạng Tháng Tám",
        "zone": "Quận Tân Bình",
        "ward": null,
        "all_routes": "103, 13, 30, 65",
        "marker_color": "#D81B60"
      }
    },
    {
      "type": "Feature",
      "geometry": {
        "type": "Point",
        "coordinates": [
          106.655198,
          10.79472
        ]
      },
      "properties": {
        "feature_type": "bus_stop",
        "stop_id": 510,
        "stop_code": "QTB 034",
        "stop_name": "Bệnh viện Quận Tân Bình",
        "stop_type": "Nhà chờ",
        "route_no": "13",
        "display_code": "B 13",
        "direction": "Lượt đi",
        "address": "605 Hoàng Văn Thụ",
        "street": "Hoàng Văn Thụ",
        "zone": "Quận Tân Bình",
        "ward": null,
        "all_routes": "08, 103, 13, 145, 148, 30, 50, 59, 63-1, 64, 65, 94",
        "marker_color": "#D81B60"
      }
    },
    {
      "type": "Feature",
      "geometry": {
        "type": "Point",
        "coordinates": [
          106.655145,
          10.796122
        ]
      },
      "properties": {
        "feature_type": "bus_stop",
        "stop_id": 604,
        "stop_code": "QTB 064",
        "stop_name": "Hội Chợ Triển lãm Tân Bình",
        "stop_type": "Trụ dừng",
        "route_no": "13",
        "display_code": "B 13",
        "direction": "Lượt đi",
        "address": "20 (B9) Xuân Diệu",
        "street": "Xuân Diệu",
        "zone": "Quận Tân Bình",
        "ward": null,
        "all_routes": "08, 103, 13, 145, 148, 30, 50, 59, 64, 94",
        "marker_color": "#D81B60"
      }
    },
    {
      "type": "Feature",
      "geometry": {
        "type": "Point",
        "coordinates": [
          106.654066,
          10.796032
        ]
      },
      "properties": {
        "feature_type": "bus_stop",
        "stop_id": 603,
        "stop_code": "QTB 065",
        "stop_name": "Trường Phạm Ngũ Lão",
        "stop_type": "Trụ dừng",
        "route_no": "13",
        "display_code": "B 13",
        "direction": "Lượt đi",
        "address": "149 (E62) Xuân Hồng",
        "street": "Xuân Hồng",
        "zone": "Quận Tân Bình",
        "ward": null,
        "all_routes": "08, 103, 13, 145, 148, 30, 50, 59, 64, 65, 94",
        "marker_color": "#D81B60"
      }
    },
    {
      "type": "Feature",
      "geometry": {
        "type": "Point",
        "coordinates": [
          106.652184,
          10.794256
        ]
      },
      "properties": {
        "feature_type": "bus_stop",
        "stop_id": 606,
        "stop_code": "QTB 066",
        "stop_name": "Cây xăng Đôi",
        "stop_type": "Trụ dừng",
        "route_no": "13",
        "display_code": "B 13",
        "direction": "Lượt đi",
        "address": "23 Xuân Hồng",
        "street": "Xuân Hồng",
        "zone": "Quận Tân Bình",
        "ward": null,
        "all_routes": "08, 103, 13, 145, 148, 30, 50, 59, 64, 65, 94",
        "marker_color": "#D81B60"
      }
    },
    {
      "type": "Feature",
      "geometry": {
        "type": "Point",
        "coordinates": [
          106.651191,
          10.794182
        ]
      },
      "properties": {
        "feature_type": "bus_stop",
        "stop_id": 1719,
        "stop_code": "QTB 067",
        "stop_name": "Ngã tư Bảy Hiền",
        "stop_type": "Biển treo",
        "route_no": "13",
        "display_code": "B 13",
        "direction": "Lượt đi",
        "address": "106 Trường Chinh",
        "street": "Trường Chinh",
        "zone": "Quận Tân Bình",
        "ward": null,
        "all_routes": "13, 30, 64, 65, 94",
        "marker_color": "#D81B60"
      }
    },
    {
      "type": "Feature",
      "geometry": {
        "type": "Point",
        "coordinates": [
          106.649576,
          10.795068
        ]
      },
      "properties": {
        "feature_type": "bus_stop",
        "stop_id": 1720,
        "stop_code": "QTB 068",
        "stop_name": "Nhà Thờ Đắc Lộ",
        "stop_type": "Trụ dừng",
        "route_no": "13",
        "display_code": "B 13",
        "direction": "Lượt đi",
        "address": "150 Trường Chinh",
        "street": "Trường Chinh",
        "zone": "Quận Tân Bình",
        "ward": null,
        "all_routes": "13, 30, 64, 65, 94",
        "marker_color": "#D81B60"
      }
    },
    {
      "type": "Feature",
      "geometry": {
        "type": "Point",
        "coordinates": [
          106.647747,
          10.796053
        ]
      },
      "properties": {
        "feature_type": "bus_stop",
        "stop_id": 1301,
        "stop_code": "QTB 069",
        "stop_name": "Ngã ba Hoàng Hoa Thám",
        "stop_type": "Nhà chờ",
        "route_no": "13",
        "display_code": "B 13",
        "direction": "Lượt đi",
        "address": "162T Trường Chinh",
        "street": "Trường Chinh",
        "zone": "Quận Tân Bình",
        "ward": null,
        "all_routes": "13, 30, 64, 65, 94",
        "marker_color": "#D81B60"
      }
    },
    {
      "type": "Feature",
      "geometry": {
        "type": "Point",
        "coordinates": [
          106.644453,
          10.797792
        ]
      },
      "properties": {
        "feature_type": "bus_stop",
        "stop_id": 2713,
        "stop_code": "QTB 070",
        "stop_name": "Ngã ba Bình Giã",
        "stop_type": "Trụ dừng",
        "route_no": "13",
        "display_code": "B 13",
        "direction": "Lượt đi",
        "address": "298 Trường Chinh",
        "street": "Trường Chinh",
        "zone": "Quận Tân Bình",
        "ward": null,
        "all_routes": "13, 30, 65, 94",
        "marker_color": "#D81B60"
      }
    },
    {
      "type": "Feature",
      "geometry": {
        "type": "Point",
        "coordinates": [
          106.641036,
          10.799642
        ]
      },
      "properties": {
        "feature_type": "bus_stop",
        "stop_id": 2200,
        "stop_code": "QTB 071",
        "stop_name": "Ngã ba Ấp Bắc",
        "stop_type": "Trụ dừng",
        "route_no": "13",
        "display_code": "B 13",
        "direction": "Lượt đi",
        "address": "366A Trường Chinh",
        "street": "Trường Chinh",
        "zone": "Quận Tân Bình",
        "ward": null,
        "all_routes": "13, 23, 65, 94",
        "marker_color": "#D81B60"
      }
    },
    {
      "type": "Feature",
      "geometry": {
        "type": "Point",
        "coordinates": [
          106.637823,
          10.801365
        ]
      },
      "properties": {
        "feature_type": "bus_stop",
        "stop_id": 2205,
        "stop_code": "QTB 072",
        "stop_name": "Chợ Võ Thành Trang",
        "stop_type": "Nhà chờ",
        "route_no": "13",
        "display_code": "B 13",
        "direction": "Lượt đi",
        "address": "510 Trường Chinh",
        "street": "Trường Chinh",
        "zone": "Quận Tân Bình",
        "ward": null,
        "all_routes": "13, 23, 65, 94",
        "marker_color": "#D81B60"
      }
    },
    {
      "type": "Feature",
      "geometry": {
        "type": "Point",
        "coordinates": [
          106.635629,
          10.804732
        ]
      },
      "properties": {
        "feature_type": "bus_stop",
        "stop_id": 1302,
        "stop_code": "QTB 073",
        "stop_name": "Ngã tư Tân Kỳ Tân Quý",
        "stop_type": "Biển treo",
        "route_no": "13",
        "display_code": "B 13",
        "direction": "Lượt đi",
        "address": "638 Trường Chinh",
        "street": "Trường Chinh",
        "zone": "Quận Tân Bình",
        "ward": null,
        "all_routes": "13, 23, 27, 62, 65, 94",
        "marker_color": "#D81B60"
      }
    },
    {
      "type": "Feature",
      "geometry": {
        "type": "Point",
        "coordinates": [
          106.635184,
          10.806202
        ]
      },
      "properties": {
        "feature_type": "bus_stop",
        "stop_id": 2202,
        "stop_code": "QTB 074",
        "stop_name": "Siêu thị Big C",
        "stop_type": "Nhà chờ",
        "route_no": "13",
        "display_code": "B 13",
        "direction": "Lượt đi",
        "address": "680 Trường Chinh",
        "street": "Trường Chinh",
        "zone": "Quận Tân Bình",
        "ward": null,
        "all_routes": "13, 23, 27, 62, 65, 94",
        "marker_color": "#D81B60"
      }
    },
    {
      "type": "Feature",
      "geometry": {
        "type": "Point",
        "coordinates": [
          106.634638,
          10.808314
        ]
      },
      "properties": {
        "feature_type": "bus_stop",
        "stop_id": 268,
        "stop_code": "QTB 075",
        "stop_name": "Mũi tàu Cộng Hòa",
        "stop_type": "Trụ dừng",
        "route_no": "13",
        "display_code": "B 13",
        "direction": "Lượt đi",
        "address": "19B1 Trường Chinh",
        "street": "Trường Chinh",
        "zone": "Quận Tân Bình",
        "ward": null,
        "all_routes": "04, 104, 13, 145, 16, 23, 27, 28, 62, 63-1, 65, 94",
        "marker_color": "#D81B60"
      }
    },
    {
      "type": "Feature",
      "geometry": {
        "type": "Point",
        "coordinates": [
          106.633349,
          10.812204
        ]
      },
      "properties": {
        "feature_type": "bus_stop",
        "stop_id": 267,
        "stop_code": "QTB 076",
        "stop_name": "Ngã ba Chế Lan Viên",
        "stop_type": "Nhà chờ",
        "route_no": "13",
        "display_code": "B 13",
        "direction": "Lượt đi",
        "address": "Đối diện đường Chế Lan Viên Trường Chinh",
        "street": "Trường Chinh",
        "zone": "Quận Tân Bình",
        "ward": null,
        "all_routes": "04, 104, 13, 145, 23, 27, 28, 62, 65, 94",
        "marker_color": "#D81B60"
      }
    },
    {
      "type": "Feature",
      "geometry": {
        "type": "Point",
        "coordinates": [
          106.631461,
          10.818332
        ]
      },
      "properties": {
        "feature_type": "bus_stop",
        "stop_id": 270,
        "stop_code": "QTB 078",
        "stop_name": "UBND Phường 15",
        "stop_type": "Nhà chờ",
        "route_no": "13",
        "display_code": "B 13",
        "direction": "Lượt đi",
        "address": "850 Trường Chinh",
        "street": "Trường Chinh",
        "zone": "Quận Tân Bình",
        "ward": null,
        "all_routes": "04, 104, 13, 145, 23, 27, 62, 65, 94",
        "marker_color": "#D81B60"
      }
    },
    {
      "type": "Feature",
      "geometry": {
        "type": "Point",
        "coordinates": [
          106.630254,
          10.822452
        ]
      },
      "properties": {
        "feature_type": "bus_stop",
        "stop_id": 271,
        "stop_code": "QTB 079",
        "stop_name": "Khu Công Nghiệp Tân Bình",
        "stop_type": "Nhà chờ",
        "route_no": "13",
        "display_code": "B 13",
        "direction": "Lượt đi",
        "address": "932 Trường Chinh",
        "street": "Trường Chinh",
        "zone": "Quận Tân Bình",
        "ward": null,
        "all_routes": "04, 104, 13, 145, 23, 27, 32, 41, 62, 65, 94",
        "marker_color": "#D81B60"
      }
    },
    {
      "type": "Feature",
      "geometry": {
        "type": "Point",
        "coordinates": [
          106.625828,
          10.826957
        ]
      },
      "properties": {
        "feature_type": "bus_stop",
        "stop_id": 272,
        "stop_code": "Q12 128",
        "stop_name": "Cầu Tham Lương - Siêu thị Thiên Hòa",
        "stop_type": "Nhà chờ",
        "route_no": "13",
        "display_code": "B 13",
        "direction": "Lượt đi",
        "address": "60A-B (1/17A) Trường Chinh",
        "street": "Trường Chinh",
        "zone": "Quận 12",
        "ward": null,
        "all_routes": "04, 104, 13, 145, 23, 27, 41, 62, 65, 94",
        "marker_color": "#D81B60"
      }
    },
    {
      "type": "Feature",
      "geometry": {
        "type": "Point",
        "coordinates": [
          106.624594,
          10.828627
        ]
      },
      "properties": {
        "feature_type": "bus_stop",
        "stop_id": 273,
        "stop_code": "Q12 129",
        "stop_name": "Chùa Vĩnh Phước",
        "stop_type": "Nhà chờ",
        "route_no": "13",
        "display_code": "B 13",
        "direction": "Lượt đi",
        "address": "110 (189/4) Trường Chinh",
        "street": "Trường Chinh",
        "zone": "Quận 12",
        "ward": null,
        "all_routes": "04, 104, 13, 145, 27, 41, 65, 94",
        "marker_color": "#D81B60"
      }
    },
    {
      "type": "Feature",
      "geometry": {
        "type": "Point",
        "coordinates": [
          106.620614,
          10.834781
        ]
      },
      "properties": {
        "feature_type": "bus_stop",
        "stop_id": 275,
        "stop_code": "Q12 132",
        "stop_name": "Chùa Lạc Quang",
        "stop_type": "Nhà chờ",
        "route_no": "13",
        "display_code": "B 13",
        "direction": "Lượt đi",
        "address": "408 Trường Chinh",
        "street": "Trường Chinh",
        "zone": "Quận 12",
        "ward": null,
        "all_routes": "04, 104, 13, 145, 27, 41, 65, 94",
        "marker_color": "#D81B60"
      }
    },
    {
      "type": "Feature",
      "geometry": {
        "type": "Point",
        "coordinates": [
          106.618398,
          10.838222
        ]
      },
      "properties": {
        "feature_type": "bus_stop",
        "stop_id": 277,
        "stop_code": "Q12 131",
        "stop_name": "Bitis",
        "stop_type": "Nhà chờ",
        "route_no": "13",
        "display_code": "B 13",
        "direction": "Lượt đi",
        "address": "590 (640) Trường Chinh",
        "street": "Trường Chinh",
        "zone": "Quận 12",
        "ward": null,
        "all_routes": "04, 104, 13, 145, 27, 41, 65, 94",
        "marker_color": "#D81B60"
      }
    },
    {
      "type": "Feature",
      "geometry": {
        "type": "Point",
        "coordinates": [
          106.6132,
          10.846293
        ]
      },
      "properties": {
        "feature_type": "bus_stop",
        "stop_id": 1117,
        "stop_code": "Q12 124",
        "stop_name": "Bến xe An Sương",
        "stop_type": "Trụ dừng",
        "route_no": "13",
        "display_code": "B 13",
        "direction": "Lượt đi",
        "address": "8C Quốc lộ 22",
        "street": "Quốc lộ 22",
        "zone": "Quận 12",
        "ward": null,
        "all_routes": "13, 62-5, 74, 85, 94",
        "marker_color": "#D81B60"
      }
    },
    {
      "type": "Feature",
      "geometry": {
        "type": "Point",
        "coordinates": [
          106.611274,
          10.84936
        ]
      },
      "properties": {
        "feature_type": "bus_stop",
        "stop_id": 1151,
        "stop_code": "Q12 125",
        "stop_name": "Cây xăng Quân Đội",
        "stop_type": "Trụ dừng",
        "route_no": "13",
        "display_code": "B 13",
        "direction": "Lượt đi",
        "address": "2 Quốc lộ 22",
        "street": "Quốc lộ 22",
        "zone": "Quận 12",
        "ward": null,
        "all_routes": "122, 13, 145, 62-5, 71, 74, 85, 94",
        "marker_color": "#D81B60"
      }
    },
    {
      "type": "Feature",
      "geometry": {
        "type": "Point",
        "coordinates": [
          106.607863,
          10.85466
        ]
      },
      "properties": {
        "feature_type": "bus_stop",
        "stop_id": 1152,
        "stop_code": "Q12 127",
        "stop_name": "Trung tâm Văn hóa Quận 12",
        "stop_type": "Nhà chờ",
        "route_no": "13",
        "display_code": "B 13",
        "direction": "Lượt đi",
        "address": "Trung tâm văn hóa Quận 12 Quốc lộ 22",
        "street": "Quốc lộ 22",
        "zone": "Quận 12",
        "ward": null,
        "all_routes": "122, 13, 145, 62-5, 71, 74, 85, 94",
        "marker_color": "#D81B60"
      }
    },
    {
      "type": "Feature",
      "geometry": {
        "type": "Point",
        "coordinates": [
          106.6062,
          10.857115
        ]
      },
      "properties": {
        "feature_type": "bus_stop",
        "stop_id": 1154,
        "stop_code": "HHM 022",
        "stop_name": "Liên đoàn lao động Hóc Môn",
        "stop_type": "Trụ dừng",
        "route_no": "13",
        "display_code": "B 13",
        "direction": "Lượt đi",
        "address": "69/1 (21/7) Quốc lộ 22",
        "street": "Quốc lộ 22",
        "zone": "Huyện Hóc Môn",
        "ward": "Xã Trung Chánh",
        "all_routes": "122, 13, 62-5, 71, 74, 85, 94",
        "marker_color": "#D81B60"
      }
    },
    {
      "type": "Feature",
      "geometry": {
        "type": "Point",
        "coordinates": [
          106.604306,
          10.859823
        ]
      },
      "properties": {
        "feature_type": "bus_stop",
        "stop_id": 1153,
        "stop_code": "HHM 023",
        "stop_name": "Cây xăng Củ Cải",
        "stop_type": "Trụ dừng",
        "route_no": "13",
        "display_code": "B 13",
        "direction": "Lượt đi",
        "address": "33/4 (336) Quốc lộ 22",
        "street": "Quốc lộ 22",
        "zone": "Huyện Hóc Môn",
        "ward": "Xã Trung Chánh",
        "all_routes": "122, 13, 62-5, 71, 74, 85, 94",
        "marker_color": "#D81B60"
      }
    },
    {
      "type": "Feature",
      "geometry": {
        "type": "Point",
        "coordinates": [
          106.602697,
          10.862014
        ]
      },
      "properties": {
        "feature_type": "bus_stop",
        "stop_id": 1156,
        "stop_code": "HHM 024",
        "stop_name": "Ngã 3 Củ Cải",
        "stop_type": "Trụ dừng",
        "route_no": "13",
        "display_code": "B 13",
        "direction": "Lượt đi",
        "address": "42/1 (62/1A) Quốc lộ 22",
        "street": "Quốc lộ 22",
        "zone": "Huyện Hóc Môn",
        "ward": null,
        "all_routes": "122, 13, 62-5, 74, 85, 94",
        "marker_color": "#D81B60"
      }
    },
    {
      "type": "Feature",
      "geometry": {
        "type": "Point",
        "coordinates": [
          106.600921,
          10.864569
        ]
      },
      "properties": {
        "feature_type": "bus_stop",
        "stop_id": 7800,
        "stop_code": "HHM 245",
        "stop_name": "Trường Đại học Ngoại ngữ - Tin học TP.HCM",
        "stop_type": "Trụ dừng",
        "route_no": "13",
        "display_code": "B 13",
        "direction": "Lượt đi",
        "address": "Trường Đại học Ngoại ngữ - Tin học TP.HCM Quốc lộ 22",
        "street": "Quốc lộ 22",
        "zone": "Huyện Hóc Môn",
        "ward": "Xã Tân Xuân",
        "all_routes": "122, 13, 62-5, 74, 85, 94",
        "marker_color": "#D81B60"
      }
    },
    {
      "type": "Feature",
      "geometry": {
        "type": "Point",
        "coordinates": [
          106.599349,
          10.866782
        ]
      },
      "properties": {
        "feature_type": "bus_stop",
        "stop_id": 1155,
        "stop_code": "HHM 025",
        "stop_name": "Trường học Tân Xuân",
        "stop_type": "Trụ dừng",
        "route_no": "13",
        "display_code": "B 13",
        "direction": "Lượt đi",
        "address": "8/6B Quốc lộ 22",
        "street": "Quốc lộ 22",
        "zone": "Huyện Hóc Môn",
        "ward": null,
        "all_routes": "122, 13, 62-5, 74, 85, 94",
        "marker_color": "#D81B60"
      }
    },
    {
      "type": "Feature",
      "geometry": {
        "type": "Point",
        "coordinates": [
          106.597075,
          10.870075
        ]
      },
      "properties": {
        "feature_type": "bus_stop",
        "stop_id": 1158,
        "stop_code": "HHM 026",
        "stop_name": "Ngã 3 Bùi Môn",
        "stop_type": "Ô sơn",
        "route_no": "13",
        "display_code": "B 13",
        "direction": "Lượt đi",
        "address": "1/1 Quốc lộ 22",
        "street": "Quốc lộ 22",
        "zone": "Huyện Hóc Môn",
        "ward": null,
        "all_routes": "122, 13, 62-5, 74, 85, 94",
        "marker_color": "#D81B60"
      }
    },
    {
      "type": "Feature",
      "geometry": {
        "type": "Point",
        "coordinates": [
          106.596147,
          10.871397
        ]
      },
      "properties": {
        "feature_type": "bus_stop",
        "stop_id": 1160,
        "stop_code": "HHM 027",
        "stop_name": "Ngã 3 Bùi Môn",
        "stop_type": "Trụ dừng",
        "route_no": "13",
        "display_code": "B 13",
        "direction": "Lượt đi",
        "address": "đd công ty Tây Bắc Sài Gòn Quốc lộ 22",
        "street": "Quốc lộ 22",
        "zone": "Huyện Hóc Môn",
        "ward": null,
        "all_routes": "13, 74, 94",
        "marker_color": "#D81B60"
      }
    },
    {
      "type": "Feature",
      "geometry": {
        "type": "Point",
        "coordinates": [
          106.593424,
          10.875093
        ]
      },
      "properties": {
        "feature_type": "bus_stop",
        "stop_id": 4592,
        "stop_code": "HHM 0270",
        "stop_name": "Sài Gòn Viễn Đông",
        "stop_type": "Trụ dừng",
        "route_no": "13",
        "display_code": "B 13",
        "direction": "Lượt đi",
        "address": "3/19 Quốc lộ 22",
        "street": "Quốc lộ 22",
        "zone": "Huyện Hóc Môn",
        "ward": "Xã Tân Xuân",
        "all_routes": "13, 74, 94",
        "marker_color": "#D81B60"
      }
    },
    {
      "type": "Feature",
      "geometry": {
        "type": "Point",
        "coordinates": [
          106.591748,
          10.877482
        ]
      },
      "properties": {
        "feature_type": "bus_stop",
        "stop_id": 1157,
        "stop_code": "HHM 028",
        "stop_name": "Ngã tư Giếng Nước",
        "stop_type": "Trụ dừng",
        "route_no": "13",
        "display_code": "B 13",
        "direction": "Lượt đi",
        "address": "3/88C Quốc lộ 22",
        "street": "Quốc lộ 22",
        "zone": "Huyện Hóc Môn",
        "ward": "Xã Tân Xuân",
        "all_routes": "13, 74, 94",
        "marker_color": "#D81B60"
      }
    },
    {
      "type": "Feature",
      "geometry": {
        "type": "Point",
        "coordinates": [
          106.589179,
          10.881109
        ]
      },
      "properties": {
        "feature_type": "bus_stop",
        "stop_id": 4751,
        "stop_code": "HHM 029",
        "stop_name": "Cây Xăng Xuyên Á",
        "stop_type": "Trụ dừng",
        "route_no": "13",
        "display_code": "B 13",
        "direction": "Lượt đi",
        "address": "2/20 Quốc lộ 22",
        "street": "Quốc lộ 22",
        "zone": "Huyện Hóc Môn",
        "ward": "Thị trấn Hóc Môn",
        "all_routes": "13, 74, 94",
        "marker_color": "#D81B60"
      }
    },
    {
      "type": "Feature",
      "geometry": {
        "type": "Point",
        "coordinates": [
          106.586732,
          10.884615
        ]
      },
      "properties": {
        "feature_type": "bus_stop",
        "stop_id": 1303,
        "stop_code": "HHM 030",
        "stop_name": "Ngã tư Hóc Môn",
        "stop_type": "Trụ dừng",
        "route_no": "13",
        "display_code": "B 13",
        "direction": "Lượt đi",
        "address": "53/1 (số cũ 206) Quốc lộ 22",
        "street": "Quốc lộ 22",
        "zone": "Huyện Hóc Môn",
        "ward": "Thị trấn Hóc Môn",
        "all_routes": "13, 24, 74, 94",
        "marker_color": "#D81B60"
      }
    },
    {
      "type": "Feature",
      "geometry": {
        "type": "Point",
        "coordinates": [
          106.583878,
          10.888708
        ]
      },
      "properties": {
        "feature_type": "bus_stop",
        "stop_id": 2270,
        "stop_code": "HHM 031",
        "stop_name": "Dân Thắng",
        "stop_type": "Trụ dừng",
        "route_no": "13",
        "display_code": "B 13",
        "direction": "Lượt đi",
        "address": "kế 8/5 Quốc lộ 22",
        "street": "Quốc lộ 22",
        "zone": "Huyện Hóc Môn",
        "ward": "Xã Tân Thới Nhì",
        "all_routes": "13, 24, 74, 94",
        "marker_color": "#D81B60"
      }
    },
    {
      "type": "Feature",
      "geometry": {
        "type": "Point",
        "coordinates": [
          106.580742,
          10.893147
        ]
      },
      "properties": {
        "feature_type": "bus_stop",
        "stop_id": 4752,
        "stop_code": "HHM 032",
        "stop_name": "Ngã ba Lam Sơn",
        "stop_type": "Nhà chờ",
        "route_no": "13",
        "display_code": "B 13",
        "direction": "Lượt đi",
        "address": "kế 30F Quốc lộ 22",
        "street": "Quốc lộ 22",
        "zone": "Huyện Hóc Môn",
        "ward": "Xã Tân Thới Nhì",
        "all_routes": "13, 24, 74, 94",
        "marker_color": "#D81B60"
      }
    },
    {
      "type": "Feature",
      "geometry": {
        "type": "Point",
        "coordinates": [
          106.579024,
          10.895661
        ]
      },
      "properties": {
        "feature_type": "bus_stop",
        "stop_id": 3636,
        "stop_code": "HHM 033",
        "stop_name": "Doanh trại Quân Đội",
        "stop_type": "Trụ dừng",
        "route_no": "13",
        "display_code": "B 13",
        "direction": "Lượt đi",
        "address": "Doanh trai Quân đội Quốc lộ 22",
        "street": "Quốc lộ 22",
        "zone": "Huyện Hóc Môn",
        "ward": "Xã Tân Thới Nhì",
        "all_routes": "13, 24, 74, 94",
        "marker_color": "#D81B60"
      }
    },
    {
      "type": "Feature",
      "geometry": {
        "type": "Point",
        "coordinates": [
          106.576191,
          10.899733
        ]
      },
      "properties": {
        "feature_type": "bus_stop",
        "stop_id": 1305,
        "stop_code": "HHM 034",
        "stop_name": "Ngã 3 Hồng Châu",
        "stop_type": "Trụ dừng",
        "route_no": "13",
        "display_code": "B 13",
        "direction": "Lượt đi",
        "address": "28/5 (số cũ 2/63) Quốc lộ 22",
        "street": "Quốc lộ 22",
        "zone": "Huyện Hóc Môn",
        "ward": "Xã Tân Thới Nhì",
        "all_routes": "13, 24, 74, 94",
        "marker_color": "#D81B60"
      }
    },
    {
      "type": "Feature",
      "geometry": {
        "type": "Point",
        "coordinates": [
          106.57337,
          10.903752
        ]
      },
      "properties": {
        "feature_type": "bus_stop",
        "stop_id": 3634,
        "stop_code": "HHM 035",
        "stop_name": "Công ty Sakos",
        "stop_type": "Nhà chờ",
        "route_no": "13",
        "display_code": "B 13",
        "direction": "Lượt đi",
        "address": "186 Quốc lộ 22",
        "street": "Quốc lộ 22",
        "zone": "Huyện Hóc Môn",
        "ward": "Xã Tân Hiệp",
        "all_routes": "13, 24, 74, 94",
        "marker_color": "#D81B60"
      }
    },
    {
      "type": "Feature",
      "geometry": {
        "type": "Point",
        "coordinates": [
          106.572071,
          10.905691
        ]
      },
      "properties": {
        "feature_type": "bus_stop",
        "stop_id": 3637,
        "stop_code": "HHM 036",
        "stop_name": "Cây xăng Hoàng Anh 2",
        "stop_type": "Trụ dừng",
        "route_no": "13",
        "display_code": "B 13",
        "direction": "Lượt đi",
        "address": "428 Quốc lộ 22",
        "street": "Quốc lộ 22",
        "zone": "Huyện Hóc Môn",
        "ward": "Xã Tân Hiệp",
        "all_routes": "13, 24, 74, 94",
        "marker_color": "#D81B60"
      }
    },
    {
      "type": "Feature",
      "geometry": {
        "type": "Point",
        "coordinates": [
          106.567812,
          10.911664
        ]
      },
      "properties": {
        "feature_type": "bus_stop",
        "stop_id": 1304,
        "stop_code": "HHM 037",
        "stop_name": "Công ty thoát nước đô thị",
        "stop_type": "Trụ dừng",
        "route_no": "13",
        "display_code": "B 13",
        "direction": "Lượt đi",
        "address": "200 (Công ty thoát nước đô thị) Quốc lộ 22",
        "street": "Quốc lộ 22",
        "zone": "Huyện Hóc Môn",
        "ward": "Xã Tân Hiệp",
        "all_routes": "13, 24, 74, 94",
        "marker_color": "#D81B60"
      }
    },
    {
      "type": "Feature",
      "geometry": {
        "type": "Point",
        "coordinates": [
          106.564102,
          10.916901
        ]
      },
      "properties": {
        "feature_type": "bus_stop",
        "stop_id": 4758,
        "stop_code": "HHM 038",
        "stop_name": "Cầu An Hạ",
        "stop_type": "Trụ dừng",
        "route_no": "13",
        "display_code": "B 13",
        "direction": "Lượt đi",
        "address": "Đối diện Giáo xứ Tân Thịnh Quốc lộ 22",
        "street": "Quốc lộ 22",
        "zone": "Huyện Hóc Môn",
        "ward": "Xã Tân Hiệp",
        "all_routes": "13, 24, 74, 94",
        "marker_color": "#D81B60"
      }
    },
    {
      "type": "Feature",
      "geometry": {
        "type": "Point",
        "coordinates": [
          106.561267,
          10.921261
        ]
      },
      "properties": {
        "feature_type": "bus_stop",
        "stop_id": 4702,
        "stop_code": "HCC 001",
        "stop_name": "Công ty Fujifilm",
        "stop_type": "Nhà chờ",
        "route_no": "13",
        "display_code": "B 13",
        "direction": "Lượt đi",
        "address": "Đối diện Công ty Fujifilm Quốc lộ 22",
        "street": "Quốc lộ 22",
        "zone": "Huyện Củ Chi",
        "ward": "Xã Tân Phú Trung",
        "all_routes": "13, 24, 74, 94",
        "marker_color": "#D81B60"
      }
    },
    {
      "type": "Feature",
      "geometry": {
        "type": "Point",
        "coordinates": [
          106.55711,
          10.926929
        ]
      },
      "properties": {
        "feature_type": "bus_stop",
        "stop_id": 3639,
        "stop_code": "HCC 002",
        "stop_name": "Bệnh viện Xuyên Á",
        "stop_type": "Nhà chờ",
        "route_no": "13",
        "display_code": "B 13",
        "direction": "Lượt đi",
        "address": "Bệnh viện Xuyên Á Quốc lộ 22",
        "street": "Quốc lộ 22",
        "zone": "Huyện Củ Chi",
        "ward": "Xã Tân Phú Trung",
        "all_routes": "13, 74, 94",
        "marker_color": "#D81B60"
      }
    },
    {
      "type": "Feature",
      "geometry": {
        "type": "Point",
        "coordinates": [
          106.553714,
          10.931343
        ]
      },
      "properties": {
        "feature_type": "bus_stop",
        "stop_id": 1307,
        "stop_code": "HCC 003",
        "stop_name": "Chợ chiều Tân Phú Trung",
        "stop_type": "Trụ dừng",
        "route_no": "13",
        "display_code": "B 13",
        "direction": "Lượt đi",
        "address": "102 Quốc lộ 22",
        "street": "Quốc lộ 22",
        "zone": "Huyện Củ Chi",
        "ward": "Xã Tân Phú Trung",
        "all_routes": "13, 74, 94",
        "marker_color": "#D81B60"
      }
    },
    {
      "type": "Feature",
      "geometry": {
        "type": "Point",
        "coordinates": [
          106.549553,
          10.934983
        ]
      },
      "properties": {
        "feature_type": "bus_stop",
        "stop_id": 3638,
        "stop_code": "HCC 004",
        "stop_name": "Mũi tàu Tỉnh lộ 2",
        "stop_type": "Trụ dừng",
        "route_no": "13",
        "display_code": "B 13",
        "direction": "Lượt đi",
        "address": "158 Quốc lộ 22",
        "street": "Quốc lộ 22",
        "zone": "Huyện Củ Chi",
        "ward": "Xã Tân Phú Trung",
        "all_routes": "13, 74, 94",
        "marker_color": "#D81B60"
      }
    },
    {
      "type": "Feature",
      "geometry": {
        "type": "Point",
        "coordinates": [
          106.543425,
          10.937979
        ]
      },
      "properties": {
        "feature_type": "bus_stop",
        "stop_id": 3640,
        "stop_code": "HCC 005",
        "stop_name": "Nhà thờ Bắc Đoàn",
        "stop_type": "Trụ dừng",
        "route_no": "13",
        "display_code": "B 13",
        "direction": "Lượt đi",
        "address": "Kế 254 Quốc lộ 22",
        "street": "Quốc lộ 22",
        "zone": "Huyện Củ Chi",
        "ward": "Xã Tân Phú Trung",
        "all_routes": "13, 74, 94",
        "marker_color": "#D81B60"
      }
    },
    {
      "type": "Feature",
      "geometry": {
        "type": "Point",
        "coordinates": [
          106.540335,
          10.939433
        ]
      },
      "properties": {
        "feature_type": "bus_stop",
        "stop_id": 1306,
        "stop_code": "HCC 006",
        "stop_name": "Trường Tân Phú Trung",
        "stop_type": "Nhà chờ",
        "route_no": "13",
        "display_code": "B 13",
        "direction": "Lượt đi",
        "address": "Trường Tân Phú Trung Quốc lộ 22",
        "street": "Quốc lộ 22",
        "zone": "Huyện Củ Chi",
        "ward": "Xã Tân Phú Trung",
        "all_routes": "13, 74, 94",
        "marker_color": "#D81B60"
      }
    },
    {
      "type": "Feature",
      "geometry": {
        "type": "Point",
        "coordinates": [
          106.535325,
          10.94185
        ]
      },
      "properties": {
        "feature_type": "bus_stop",
        "stop_id": 3642,
        "stop_code": "HCC 007",
        "stop_name": "Nhà thờ Sơn Lộc",
        "stop_type": "Trụ dừng",
        "route_no": "13",
        "display_code": "B 13",
        "direction": "Lượt đi",
        "address": "366 Quốc lộ 22",
        "street": "Quốc lộ 22",
        "zone": "Huyện Củ Chi",
        "ward": "Xã Tân Phú Trung",
        "all_routes": "13, 74, 94",
        "marker_color": "#D81B60"
      }
    },
    {
      "type": "Feature",
      "geometry": {
        "type": "Point",
        "coordinates": [
          106.529269,
          10.944768
        ]
      },
      "properties": {
        "feature_type": "bus_stop",
        "stop_id": 3641,
        "stop_code": "HCC 008",
        "stop_name": "Chùa Pháp Hạnh",
        "stop_type": "Trụ dừng",
        "route_no": "13",
        "display_code": "B 13",
        "direction": "Lượt đi",
        "address": "444A Quốc lộ 22",
        "street": "Quốc lộ 22",
        "zone": "Huyện Củ Chi",
        "ward": "Xã Tân Phú Trung",
        "all_routes": "13, 74, 94",
        "marker_color": "#D81B60"
      }
    },
    {
      "type": "Feature",
      "geometry": {
        "type": "Point",
        "coordinates": [
          106.524635,
          10.947133
        ]
      },
      "properties": {
        "feature_type": "bus_stop",
        "stop_id": 1309,
        "stop_code": "HCC 009",
        "stop_name": "Ngã tư Quán đôi",
        "stop_type": "Trụ dừng",
        "route_no": "13",
        "display_code": "B 13",
        "direction": "Lượt đi",
        "address": "38A-38B (40) Quốc lộ 22",
        "street": "Quốc lộ 22",
        "zone": "Huyện Củ Chi",
        "ward": "Xã Tân Thông Hội",
        "all_routes": "13, 74, 94",
        "marker_color": "#D81B60"
      }
    },
    {
      "type": "Feature",
      "geometry": {
        "type": "Point",
        "coordinates": [
          106.520369,
          10.95003
        ]
      },
      "properties": {
        "feature_type": "bus_stop",
        "stop_id": 3643,
        "stop_code": "HCC 010",
        "stop_name": "Hồng Đào",
        "stop_type": "Trụ dừng",
        "route_no": "13",
        "display_code": "B 13",
        "direction": "Lượt đi",
        "address": "140 Quốc lộ 22",
        "street": "Quốc lộ 22",
        "zone": "Huyện Củ Chi",
        "ward": "Xã Tân Thông Hội",
        "all_routes": "13, 74, 94",
        "marker_color": "#D81B60"
      }
    },
    {
      "type": "Feature",
      "geometry": {
        "type": "Point",
        "coordinates": [
          106.516228,
          10.952821
        ]
      },
      "properties": {
        "feature_type": "bus_stop",
        "stop_id": 3644,
        "stop_code": "HCC 011",
        "stop_name": "Trường Mầm non Tân Thông Hội 1",
        "stop_type": "Trụ dừng",
        "route_no": "13",
        "display_code": "B 13",
        "direction": "Lượt đi",
        "address": "206 Quốc lộ 22",
        "street": "Quốc lộ 22",
        "zone": "Huyện Củ Chi",
        "ward": "Xã Tân Thông Hội",
        "all_routes": "13, 74, 94",
        "marker_color": "#D81B60"
      }
    },
    {
      "type": "Feature",
      "geometry": {
        "type": "Point",
        "coordinates": [
          106.512707,
          10.955231
        ]
      },
      "properties": {
        "feature_type": "bus_stop",
        "stop_id": 9931,
        "stop_code": "HCM 0041",
        "stop_name": "Nước Mía Vườn Cau",
        "stop_type": "Ô sơn",
        "route_no": "13",
        "display_code": "B 13",
        "direction": "Lượt đi",
        "address": "240 Phan Văn Khải",
        "street": "Phan Văn Khải",
        "zone": "Huyện Củ Chi",
        "ward": null,
        "all_routes": "13, 74, 94",
        "marker_color": "#D81B60"
      }
    },
    {
      "type": "Feature",
      "geometry": {
        "type": "Point",
        "coordinates": [
          106.509834,
          10.95705
        ]
      },
      "properties": {
        "feature_type": "bus_stop",
        "stop_id": 1308,
        "stop_code": "HCC 012",
        "stop_name": "Công ty Sài Gòn Cáp",
        "stop_type": "Trụ dừng",
        "route_no": "13",
        "display_code": "B 13",
        "direction": "Lượt đi",
        "address": "270 Quốc lộ 22",
        "street": "Quốc lộ 22",
        "zone": "Huyện Củ Chi",
        "ward": "Xã Tân Thông Hội",
        "all_routes": "13, 74, 94",
        "marker_color": "#D81B60"
      }
    },
    {
      "type": "Feature",
      "geometry": {
        "type": "Point",
        "coordinates": [
          106.504962,
          10.959546
        ]
      },
      "properties": {
        "feature_type": "bus_stop",
        "stop_id": 3645,
        "stop_code": "HCC 013",
        "stop_name": "Nhà thờ Tân Thông",
        "stop_type": "Trụ dừng",
        "route_no": "13",
        "display_code": "B 13",
        "direction": "Lượt đi",
        "address": "Nhà thờ Tân Thông Quốc lộ 22",
        "street": "Quốc lộ 22",
        "zone": "Huyện Củ Chi",
        "ward": "Xã Tân Thông Hội",
        "all_routes": "13, 74, 94",
        "marker_color": "#D81B60"
      }
    },
    {
      "type": "Feature",
      "geometry": {
        "type": "Point",
        "coordinates": [
          106.501617,
          10.961317
        ]
      },
      "properties": {
        "feature_type": "bus_stop",
        "stop_id": 3648,
        "stop_code": "HCC 014",
        "stop_name": "Điện lực Củ Chi - Ngã 3 Việt Kiều",
        "stop_type": "Nhà chờ",
        "route_no": "13",
        "display_code": "B 13",
        "direction": "Lượt đi",
        "address": "400 Quốc lộ 22",
        "street": "Quốc lộ 22",
        "zone": "Huyện Củ Chi",
        "ward": "Xã Tân Thông Hội",
        "all_routes": "13, 74, 94",
        "marker_color": "#D81B60"
      }
    },
    {
      "type": "Feature",
      "geometry": {
        "type": "Point",
        "coordinates": [
          106.497749,
          10.96355
        ]
      },
      "properties": {
        "feature_type": "bus_stop",
        "stop_id": 3646,
        "stop_code": "HCC 015",
        "stop_name": "xóm Huế",
        "stop_type": "Nhà chờ",
        "route_no": "13",
        "display_code": "B 13",
        "direction": "Lượt đi",
        "address": "550 Quốc lộ 22",
        "street": "Quốc lộ 22",
        "zone": "Huyện Củ Chi",
        "ward": "Xã Tân An Hội",
        "all_routes": "13, 74, 94",
        "marker_color": "#D81B60"
      }
    },
    {
      "type": "Feature",
      "geometry": {
        "type": "Point",
        "coordinates": [
          106.49308,
          10.9658
        ]
      },
      "properties": {
        "feature_type": "bus_stop",
        "stop_id": 3647,
        "stop_code": "HCC 016",
        "stop_name": "Đường Nguyễn Giao",
        "stop_type": "Trụ dừng",
        "route_no": "13",
        "display_code": "B 13",
        "direction": "Lượt đi",
        "address": "632 Quốc lộ 22",
        "street": "Quốc lộ 22",
        "zone": "Huyện Củ Chi",
        "ward": null,
        "all_routes": "13, 74, 94",
        "marker_color": "#D81B60"
      }
    },
    {
      "type": "Feature",
      "geometry": {
        "type": "Point",
        "coordinates": [
          106.488319,
          10.96765
        ]
      },
      "properties": {
        "feature_type": "bus_stop",
        "stop_id": 1311,
        "stop_code": "HCC 017",
        "stop_name": "Cầu vượt Củ Chi",
        "stop_type": "Trụ dừng",
        "route_no": "13",
        "display_code": "B 13",
        "direction": "Lượt đi",
        "address": "734 Quốc lộ 22",
        "street": "Quốc lộ 22",
        "zone": "Huyện Củ Chi",
        "ward": "Thị trấn Củ Chi",
        "all_routes": "13, 74, 94",
        "marker_color": "#D81B60"
      }
    },
    {
      "type": "Feature",
      "geometry": {
        "type": "Point",
        "coordinates": [
          106.482099,
          10.971617
        ]
      },
      "properties": {
        "feature_type": "bus_stop",
        "stop_id": 732,
        "stop_code": "BX 63",
        "stop_name": "Bến xe Củ Chi",
        "stop_type": "Bến xe",
        "route_no": "13",
        "display_code": "B 13",
        "direction": "Lượt đi",
        "address": "Bến xe Củ Chi Quốc lộ 22",
        "street": "Quốc lộ 22",
        "zone": "Huyện Củ Chi",
        "ward": null,
        "all_routes": "100, 107, 126, 13, 70-1, 70-2, 74, 79, 87, 94",
        "marker_color": "#D81B60"
      }
    },
    {
      "type": "Feature",
      "geometry": {
        "type": "Point",
        "coordinates": [
          106.482453,
          10.970495
        ]
      },
      "properties": {
        "feature_type": "bus_stop",
        "stop_id": 7617,
        "stop_code": "HCC 279",
        "stop_name": "chợ Củ Chi",
        "stop_type": "Nhà chờ",
        "route_no": "13",
        "display_code": "B 13",
        "direction": "Lượt về",
        "address": "chợ Củ Chi Quốc lộ 22",
        "street": "Quốc lộ 22",
        "zone": "Huyện Củ Chi",
        "ward": "Thị trấn Củ Chi",
        "all_routes": "100, 107, 126, 13, 70-1, 70-2, 74, 79, 87, 94",
        "marker_color": "#D81B60"
      }
    },
    {
      "type": "Feature",
      "geometry": {
        "type": "Point",
        "coordinates": [
          106.48903,
          10.967041
        ]
      },
      "properties": {
        "feature_type": "bus_stop",
        "stop_id": 1387,
        "stop_code": "HCC 038",
        "stop_name": "Trường trung học cơ sở Củ Chi",
        "stop_type": "Nhà chờ",
        "route_no": "13",
        "display_code": "B 13",
        "direction": "Lượt về",
        "address": "607 Quốc lộ 22",
        "street": "Quốc lộ 22",
        "zone": "Huyện Củ Chi",
        "ward": "Thị trấn Củ Chi",
        "all_routes": "13, 74, 94",
        "marker_color": "#D81B60"
      }
    },
    {
      "type": "Feature",
      "geometry": {
        "type": "Point",
        "coordinates": [
          106.492994,
          10.965524
        ]
      },
      "properties": {
        "feature_type": "bus_stop",
        "stop_id": 3650,
        "stop_code": "HCC 039",
        "stop_name": "Đường Nguyễn Giao",
        "stop_type": "Trụ dừng",
        "route_no": "13",
        "display_code": "B 13",
        "direction": "Lượt về",
        "address": "517 Quốc lộ 22",
        "street": "Quốc lộ 22",
        "zone": "Huyện Củ Chi",
        "ward": "Thị trấn Củ Chi",
        "all_routes": "13, 74, 94",
        "marker_color": "#D81B60"
      }
    },
    {
      "type": "Feature",
      "geometry": {
        "type": "Point",
        "coordinates": [
          106.49735,
          10.963449
        ]
      },
      "properties": {
        "feature_type": "bus_stop",
        "stop_id": 3652,
        "stop_code": "HCC 040",
        "stop_name": "xóm Huế",
        "stop_type": "Trụ dừng",
        "route_no": "13",
        "display_code": "B 13",
        "direction": "Lượt về",
        "address": "457 Quốc lộ 22",
        "street": "Quốc lộ 22",
        "zone": "Huyện Củ Chi",
        "ward": "Xã Tân Thông Hội",
        "all_routes": "13, 74, 94",
        "marker_color": "#D81B60"
      }
    },
    {
      "type": "Feature",
      "geometry": {
        "type": "Point",
        "coordinates": [
          106.503161,
          10.9602
        ]
      },
      "properties": {
        "feature_type": "bus_stop",
        "stop_id": 7135,
        "stop_code": "HCC 041",
        "stop_name": "Điện lực Củ Chi - Ngã 3 Việt Kiều",
        "stop_type": "Trụ dừng",
        "route_no": "13",
        "display_code": "B 13",
        "direction": "Lượt về",
        "address": "413 Quốc lộ 22",
        "street": "Quốc lộ 22",
        "zone": "Huyện Củ Chi",
        "ward": "Xã Tân Thông Hội",
        "all_routes": "13, 74, 94",
        "marker_color": "#D81B60"
      }
    },
    {
      "type": "Feature",
      "geometry": {
        "type": "Point",
        "coordinates": [
          106.505027,
          10.959204
        ]
      },
      "properties": {
        "feature_type": "bus_stop",
        "stop_id": 1383,
        "stop_code": "HCC 042",
        "stop_name": "Nhà thiếu nhi Củ Chi",
        "stop_type": "Nhà chờ",
        "route_no": "13",
        "display_code": "B 13",
        "direction": "Lượt về",
        "address": "Nhà thiếu nhi Củ Chi Quốc lộ 22",
        "street": "Quốc lộ 22",
        "zone": "Huyện Củ Chi",
        "ward": "Xã Tân Thông Hội",
        "all_routes": "13, 74, 94",
        "marker_color": "#D81B60"
      }
    },
    {
      "type": "Feature",
      "geometry": {
        "type": "Point",
        "coordinates": [
          106.509694,
          10.956818
        ]
      },
      "properties": {
        "feature_type": "bus_stop",
        "stop_id": 3649,
        "stop_code": "HCC 043",
        "stop_name": "Công ty Sài Gòn Cáp",
        "stop_type": "Trụ dừng",
        "route_no": "13",
        "display_code": "B 13",
        "direction": "Lượt về",
        "address": "299 Quốc lộ 22",
        "street": "Quốc lộ 22",
        "zone": "Huyện Củ Chi",
        "ward": "Xã Tân Thông Hội",
        "all_routes": "13, 74, 94",
        "marker_color": "#D81B60"
      }
    },
    {
      "type": "Feature",
      "geometry": {
        "type": "Point",
        "coordinates": [
          106.513653,
          10.954201
        ]
      },
      "properties": {
        "feature_type": "bus_stop",
        "stop_id": 9932,
        "stop_code": "HCM 0042",
        "stop_name": "Nước Mía Vườn Cau",
        "stop_type": "Ô sơn",
        "route_no": "13",
        "display_code": "B 13",
        "direction": "Lượt về",
        "address": "251 Phan Văn Khải",
        "street": "Phan Văn Khải",
        "zone": "Huyện Củ Chi",
        "ward": null,
        "all_routes": "13, 74, 94",
        "marker_color": "#D81B60"
      }
    },
    {
      "type": "Feature",
      "geometry": {
        "type": "Point",
        "coordinates": [
          106.515434,
          10.953068
        ]
      },
      "properties": {
        "feature_type": "bus_stop",
        "stop_id": 3651,
        "stop_code": "HCC 044",
        "stop_name": "Trường Mầm non Tân Thông Hội 1",
        "stop_type": "Trụ dừng",
        "route_no": "13",
        "display_code": "B 13",
        "direction": "Lượt về",
        "address": "223 Quốc lộ 22",
        "street": "Quốc lộ 22",
        "zone": "Huyện Củ Chi",
        "ward": "Xã Tân Thông Hội",
        "all_routes": "13, 74, 94",
        "marker_color": "#D81B60"
      }
    },
    {
      "type": "Feature",
      "geometry": {
        "type": "Point",
        "coordinates": [
          106.518974,
          10.950651
        ]
      },
      "properties": {
        "feature_type": "bus_stop",
        "stop_id": 3653,
        "stop_code": "HCC 045",
        "stop_name": "Trạm Hồng Đào",
        "stop_type": "Trụ dừng",
        "route_no": "13",
        "display_code": "B 13",
        "direction": "Lượt về",
        "address": "157 Quốc lộ 22",
        "street": "Quốc lộ 22",
        "zone": "Huyện Củ Chi",
        "ward": "Xã Tân Thông Hội",
        "all_routes": "13, 74, 94",
        "marker_color": "#D81B60"
      }
    },
    {
      "type": "Feature",
      "geometry": {
        "type": "Point",
        "coordinates": [
          106.522923,
          10.947954
        ]
      },
      "properties": {
        "feature_type": "bus_stop",
        "stop_id": 3654,
        "stop_code": "HCC 046",
        "stop_name": "Ngã tư Quán đôi",
        "stop_type": "Trụ dừng",
        "route_no": "13",
        "display_code": "B 13",
        "direction": "Lượt về",
        "address": "97 Quốc lộ 22",
        "street": "Quốc lộ 22",
        "zone": "Huyện Củ Chi",
        "ward": "Xã Tân Thông Hội",
        "all_routes": "13, 74, 94",
        "marker_color": "#D81B60"
      }
    },
    {
      "type": "Feature",
      "geometry": {
        "type": "Point",
        "coordinates": [
          106.530776,
          10.943678
        ]
      },
      "properties": {
        "feature_type": "bus_stop",
        "stop_id": 3655,
        "stop_code": "HCC 047",
        "stop_name": "Chùa Pháp Hạnh",
        "stop_type": "Trụ dừng",
        "route_no": "13",
        "display_code": "B 13",
        "direction": "Lượt về",
        "address": "455A (Đ/d 450) Quốc lộ 22",
        "street": "Quốc lộ 22",
        "zone": "Huyện Củ Chi",
        "ward": "Xã Tân Thông Hội",
        "all_routes": "13, 74, 94",
        "marker_color": "#D81B60"
      }
    },
    {
      "type": "Feature",
      "geometry": {
        "type": "Point",
        "coordinates": [
          106.536346,
          10.941083
        ]
      },
      "properties": {
        "feature_type": "bus_stop",
        "stop_id": 3656,
        "stop_code": "HCC 048",
        "stop_name": "Nhà thờ Sơn Lộc",
        "stop_type": "Trụ dừng",
        "route_no": "13",
        "display_code": "B 13",
        "direction": "Lượt về",
        "address": "351 Quốc lộ 22",
        "street": "Quốc lộ 22",
        "zone": "Huyện Củ Chi",
        "ward": "Xã Tân Phú Trung",
        "all_routes": "13, 74, 94",
        "marker_color": "#D81B60"
      }
    },
    {
      "type": "Feature",
      "geometry": {
        "type": "Point",
        "coordinates": [
          106.540223,
          10.93918
        ]
      },
      "properties": {
        "feature_type": "bus_stop",
        "stop_id": 1384,
        "stop_code": "HCC 049",
        "stop_name": "trường Tân Phú Trung",
        "stop_type": "Nhà chờ",
        "route_no": "13",
        "display_code": "B 13",
        "direction": "Lượt về",
        "address": "Đối diện Trường Tân Phú Trung Quốc lộ 22",
        "street": "Quốc lộ 22",
        "zone": "Huyện Củ Chi",
        "ward": null,
        "all_routes": "13, 74, 94",
        "marker_color": "#D81B60"
      }
    },
    {
      "type": "Feature",
      "geometry": {
        "type": "Point",
        "coordinates": [
          106.543602,
          10.937558
        ]
      },
      "properties": {
        "feature_type": "bus_stop",
        "stop_id": 3657,
        "stop_code": "HCC 050",
        "stop_name": "Nhà thờ Bắc Đoàn",
        "stop_type": "Trụ dừng",
        "route_no": "13",
        "display_code": "B 13",
        "direction": "Lượt về",
        "address": "215 (231) Quốc lộ 22",
        "street": "Quốc lộ 22",
        "zone": "Huyện Củ Chi",
        "ward": "Xã Tân Phú Trung",
        "all_routes": "13, 74, 94",
        "marker_color": "#D81B60"
      }
    },
    {
      "type": "Feature",
      "geometry": {
        "type": "Point",
        "coordinates": [
          106.549798,
          10.93454
        ]
      },
      "properties": {
        "feature_type": "bus_stop",
        "stop_id": 1391,
        "stop_code": "HCC 051",
        "stop_name": "Mũi tàu Tỉnh lộ 2",
        "stop_type": "Trụ dừng",
        "route_no": "13",
        "display_code": "B 13",
        "direction": "Lượt về",
        "address": "151 (số cũ 135) Quốc lộ 22",
        "street": "Quốc lộ 22",
        "zone": "Huyện Củ Chi",
        "ward": "Xã Tân Phú Trung",
        "all_routes": "13, 74, 94",
        "marker_color": "#D81B60"
      }
    },
    {
      "type": "Feature",
      "geometry": {
        "type": "Point",
        "coordinates": [
          106.552808,
          10.931917
        ]
      },
      "properties": {
        "feature_type": "bus_stop",
        "stop_id": 3658,
        "stop_code": "HCC 052",
        "stop_name": "Chợ chiều Tân Phú Trung",
        "stop_type": "Trụ dừng",
        "route_no": "13",
        "display_code": "B 13",
        "direction": "Lượt về",
        "address": "85C Quốc lộ 22",
        "street": "Quốc lộ 22",
        "zone": "Huyện Củ Chi",
        "ward": "Xã Tân Phú Trung",
        "all_routes": "13, 74, 94",
        "marker_color": "#D81B60"
      }
    },
    {
      "type": "Feature",
      "geometry": {
        "type": "Point",
        "coordinates": [
          106.555012,
          10.929399
        ]
      },
      "properties": {
        "feature_type": "bus_stop",
        "stop_id": 7847,
        "stop_code": "HCC 355",
        "stop_name": "Công ty Thủy lợi TP.HCM",
        "stop_type": "Nhà chờ",
        "route_no": "13",
        "display_code": "B 13",
        "direction": "Lượt về",
        "address": "Công ty Thủy lợi TP.HCM (21) Quốc lộ 22",
        "street": "Quốc lộ 22",
        "zone": "Huyện Củ Chi",
        "ward": "Xã Tân Phú Trung",
        "all_routes": "13, 74, 94",
        "marker_color": "#D81B60"
      }
    },
    {
      "type": "Feature",
      "geometry": {
        "type": "Point",
        "coordinates": [
          106.557201,
          10.926381
        ]
      },
      "properties": {
        "feature_type": "bus_stop",
        "stop_id": 3660,
        "stop_code": "HCC 053",
        "stop_name": "Bệnh viện Xuyên Á",
        "stop_type": "Nhà chờ",
        "route_no": "13",
        "display_code": "B 13",
        "direction": "Lượt về",
        "address": "Đối diện cây xăng Ngọc Sương Quốc lộ 22",
        "street": "Quốc lộ 22",
        "zone": "Huyện Củ Chi",
        "ward": "Xã Tân Phú Trung",
        "all_routes": "13, 74, 94",
        "marker_color": "#D81B60"
      }
    },
    {
      "type": "Feature",
      "geometry": {
        "type": "Point",
        "coordinates": [
          106.559333,
          10.923317
        ]
      },
      "properties": {
        "feature_type": "bus_stop",
        "stop_id": 4147,
        "stop_code": "HCC 054",
        "stop_name": "Công ty Fujifilm",
        "stop_type": "Nhà chờ",
        "route_no": "13",
        "display_code": "B 13",
        "direction": "Lượt về",
        "address": "Cty Fujifilm Quốc lộ 22",
        "street": "Quốc lộ 22",
        "zone": "Huyện Củ Chi",
        "ward": "Xã Tân Phú Trung",
        "all_routes": "13, 24, 74, 94",
        "marker_color": "#D81B60"
      }
    },
    {
      "type": "Feature",
      "geometry": {
        "type": "Point",
        "coordinates": [
          106.564212,
          10.916262
        ]
      },
      "properties": {
        "feature_type": "bus_stop",
        "stop_id": 1388,
        "stop_code": "HHM 039",
        "stop_name": "Cầu An Hạ",
        "stop_type": "Nhà chờ",
        "route_no": "13",
        "display_code": "B 13",
        "direction": "Lượt về",
        "address": "Giáo xứ Tân Thịnh Quốc lộ 22",
        "street": "Quốc lộ 22",
        "zone": "Huyện Hóc Môn",
        "ward": "Xã Tân Thới Nhì",
        "all_routes": "13, 24, 74, 94",
        "marker_color": "#D81B60"
      }
    },
    {
      "type": "Feature",
      "geometry": {
        "type": "Point",
        "coordinates": [
          106.567576,
          10.911485
        ]
      },
      "properties": {
        "feature_type": "bus_stop",
        "stop_id": 1389,
        "stop_code": "HHM 040",
        "stop_name": "Công ty thoát nước đô thị",
        "stop_type": "Nhà chờ",
        "route_no": "13",
        "display_code": "B 13",
        "direction": "Lượt về",
        "address": "Đối diện Cty thoát nước đô thị Quốc lộ 22",
        "street": "Quốc lộ 22",
        "zone": "Huyện Hóc Môn",
        "ward": "Xã Tân Thới Nhì",
        "all_routes": "13, 24, 74, 94",
        "marker_color": "#D81B60"
      }
    },
    {
      "type": "Feature",
      "geometry": {
        "type": "Point",
        "coordinates": [
          106.571364,
          10.906072
        ]
      },
      "properties": {
        "feature_type": "bus_stop",
        "stop_id": 4753,
        "stop_code": "HHM 041",
        "stop_name": "Cây xăng Hoàng Anh 2",
        "stop_type": "Trụ dừng",
        "route_no": "13",
        "display_code": "B 13",
        "direction": "Lượt về",
        "address": "Đối diện cây xăng Hoàng Anh 2 Quốc lộ 22",
        "street": "Quốc lộ 22",
        "zone": "Huyện Hóc Môn",
        "ward": "Xã Tân Thới Nhì",
        "all_routes": "13, 24, 74, 94",
        "marker_color": "#D81B60"
      }
    },
    {
      "type": "Feature",
      "geometry": {
        "type": "Point",
        "coordinates": [
          106.575891,
          10.899638
        ]
      },
      "properties": {
        "feature_type": "bus_stop",
        "stop_id": 1390,
        "stop_code": "HHM 042",
        "stop_name": "Ngã 3 Hồng Châu",
        "stop_type": "Trụ dừng",
        "route_no": "13",
        "display_code": "B 13",
        "direction": "Lượt về",
        "address": "1/147 Quốc lộ 22",
        "street": "Quốc lộ 22",
        "zone": "Huyện Hóc Môn",
        "ward": "Xã Tân Thới Nhì",
        "all_routes": "13, 24, 74, 94",
        "marker_color": "#D81B60"
      }
    },
    {
      "type": "Feature",
      "geometry": {
        "type": "Point",
        "coordinates": [
          106.578358,
          10.896083
        ]
      },
      "properties": {
        "feature_type": "bus_stop",
        "stop_id": 3659,
        "stop_code": "HHM 043",
        "stop_name": "Doanh trại Quân Đội",
        "stop_type": "Trụ dừng",
        "route_no": "13",
        "display_code": "B 13",
        "direction": "Lượt về",
        "address": "48/10A Quốc lộ 22",
        "street": "Quốc lộ 22",
        "zone": "Huyện Hóc Môn",
        "ward": "Xã Tân Thới Nhì",
        "all_routes": "13, 24, 74, 94",
        "marker_color": "#D81B60"
      }
    },
    {
      "type": "Feature",
      "geometry": {
        "type": "Point",
        "coordinates": [
          106.581003,
          10.892279
        ]
      },
      "properties": {
        "feature_type": "bus_stop",
        "stop_id": 2263,
        "stop_code": "HHM 044",
        "stop_name": "Ngã 3 Lam Sơn",
        "stop_type": "Trụ dừng",
        "route_no": "13",
        "display_code": "B 13",
        "direction": "Lượt về",
        "address": "65/15A Quốc lộ 22",
        "street": "Quốc lộ 22",
        "zone": "Huyện Hóc Môn",
        "ward": "Xã Tân Thới Nhì",
        "all_routes": "13, 24, 74, 94",
        "marker_color": "#D81B60"
      }
    },
    {
      "type": "Feature",
      "geometry": {
        "type": "Point",
        "coordinates": [
          106.583911,
          10.888139
        ]
      },
      "properties": {
        "feature_type": "bus_stop",
        "stop_id": 2328,
        "stop_code": "HHM 045",
        "stop_name": "Dân Thắng",
        "stop_type": "Trụ dừng",
        "route_no": "13",
        "display_code": "B 13",
        "direction": "Lượt về",
        "address": "65/5 Quốc lộ 22",
        "street": "Quốc lộ 22",
        "zone": "Huyện Hóc Môn",
        "ward": "Xã Tân Thới Nhì",
        "all_routes": "13, 24, 74, 94",
        "marker_color": "#D81B60"
      }
    },
    {
      "type": "Feature",
      "geometry": {
        "type": "Point",
        "coordinates": [
          106.587263,
          10.883308
        ]
      },
      "properties": {
        "feature_type": "bus_stop",
        "stop_id": 1395,
        "stop_code": "HHM 046",
        "stop_name": "Ngã tư Hóc Môn",
        "stop_type": "Nhà chờ",
        "route_no": "13",
        "display_code": "B 13",
        "direction": "Lượt về",
        "address": "49/6 Quốc lộ 22",
        "street": "Quốc lộ 22",
        "zone": "Huyện Hóc Môn",
        "ward": "Xã Xuân Thới Sơn",
        "all_routes": "13, 74, 94",
        "marker_color": "#D81B60"
      }
    },
    {
      "type": "Feature",
      "geometry": {
        "type": "Point",
        "coordinates": [
          106.58927,
          10.880337
        ]
      },
      "properties": {
        "feature_type": "bus_stop",
        "stop_id": 4759,
        "stop_code": "HHM 047",
        "stop_name": "Công ty Khánh Đông",
        "stop_type": "Nhà chờ",
        "route_no": "13",
        "display_code": "B 13",
        "direction": "Lượt về",
        "address": "5A Quốc lộ 22",
        "street": "Quốc lộ 22",
        "zone": "Huyện Hóc Môn",
        "ward": "Xã Xuân Thới Sơn",
        "all_routes": "13, 74, 94",
        "marker_color": "#D81B60"
      }
    },
    {
      "type": "Feature",
      "geometry": {
        "type": "Point",
        "coordinates": [
          106.591684,
          10.877023
        ]
      },
      "properties": {
        "feature_type": "bus_stop",
        "stop_id": 1230,
        "stop_code": "HHM 048",
        "stop_name": "Ngã tư giếng nước",
        "stop_type": "Nhà chờ",
        "route_no": "13",
        "display_code": "B 13",
        "direction": "Lượt về",
        "address": "Cây xăng Thành Công Quốc lộ 22",
        "street": "Quốc lộ 22",
        "zone": "Huyện Hóc Môn",
        "ward": "Thị trấn Hóc Môn",
        "all_routes": "13, 74, 94",
        "marker_color": "#D81B60"
      }
    },
    {
      "type": "Feature",
      "geometry": {
        "type": "Point",
        "coordinates": [
          106.593078,
          10.874969
        ]
      },
      "properties": {
        "feature_type": "bus_stop",
        "stop_id": 1232,
        "stop_code": "HHM 049",
        "stop_name": "Cây xăng Hoàng Anh 1",
        "stop_type": "Ô sơn",
        "route_no": "13",
        "display_code": "B 13",
        "direction": "Lượt về",
        "address": "42/7B Quốc lộ 22",
        "street": "Quốc lộ 22",
        "zone": "Huyện Hóc Môn",
        "ward": null,
        "all_routes": "13, 74, 94",
        "marker_color": "#D81B60"
      }
    },
    {
      "type": "Feature",
      "geometry": {
        "type": "Point",
        "coordinates": [
          106.594666,
          10.872947
        ]
      },
      "properties": {
        "feature_type": "bus_stop",
        "stop_id": 4588,
        "stop_code": "HHM 0490",
        "stop_name": "Công ty Suất ăn công nghiệp",
        "stop_type": "Trụ dừng",
        "route_no": "13",
        "display_code": "B 13",
        "direction": "Lượt về",
        "address": "43/1 Quốc lộ 22",
        "street": "Quốc lộ 22",
        "zone": "Huyện Hóc Môn",
        "ward": "Xã Xuân Thới Đông",
        "all_routes": "13, 74, 94",
        "marker_color": "#D81B60"
      }
    },
    {
      "type": "Feature",
      "geometry": {
        "type": "Point",
        "coordinates": [
          106.596758,
          10.869954
        ]
      },
      "properties": {
        "feature_type": "bus_stop",
        "stop_id": 1231,
        "stop_code": "HHM 050",
        "stop_name": "Ngã 3 Bùi Môn",
        "stop_type": "Trụ dừng",
        "route_no": "13",
        "display_code": "B 13",
        "direction": "Lượt về",
        "address": "58/5 Quốc lộ 22",
        "street": "Quốc lộ 22",
        "zone": "Huyện Hóc Môn",
        "ward": "Xã Xuân Thới Đông",
        "all_routes": "122, 13, 62-5, 74, 85, 94",
        "marker_color": "#D81B60"
      }
    },
    {
      "type": "Feature",
      "geometry": {
        "type": "Point",
        "coordinates": [
          106.598904,
          10.866919
        ]
      },
      "properties": {
        "feature_type": "bus_stop",
        "stop_id": 1235,
        "stop_code": "HHM 051",
        "stop_name": "Trường học Tân Xuân",
        "stop_type": "Trụ dừng",
        "route_no": "13",
        "display_code": "B 13",
        "direction": "Lượt về",
        "address": "1/4 Quốc lộ 22",
        "street": "Quốc lộ 22",
        "zone": "Huyện Hóc Môn",
        "ward": "Xã Tân Xuân",
        "all_routes": "122, 13, 62-5, 74, 85, 94",
        "marker_color": "#D81B60"
      }
    },
    {
      "type": "Feature",
      "geometry": {
        "type": "Point",
        "coordinates": [
          106.601978,
          10.862546
        ]
      },
      "properties": {
        "feature_type": "bus_stop",
        "stop_id": 1233,
        "stop_code": "HHM 052",
        "stop_name": "Ngân Hàng Aribank",
        "stop_type": "Nhà chờ",
        "route_no": "13",
        "display_code": "B 13",
        "direction": "Lượt về",
        "address": "5/1 (gần đường Nguyễn Thị Sóc) Quốc lộ 22",
        "street": "Quốc lộ 22",
        "zone": "Huyện Hóc Môn",
        "ward": "Xã Trung Chánh",
        "all_routes": "122, 13, 62-5, 74, 85, 94",
        "marker_color": "#D81B60"
      }
    },
    {
      "type": "Feature",
      "geometry": {
        "type": "Point",
        "coordinates": [
          106.603324,
          10.860602
        ]
      },
      "properties": {
        "feature_type": "bus_stop",
        "stop_id": 1234,
        "stop_code": "HHM 053",
        "stop_name": "Ngã 3 Củ Cải",
        "stop_type": "Nhà chờ",
        "route_no": "13",
        "display_code": "B 13",
        "direction": "Lượt về",
        "address": "43/1 (kế 33/5A), 7/2A Quốc lộ 22",
        "street": "Quốc lộ 22",
        "zone": "Huyện Hóc Môn",
        "ward": "Xã Xuân Thới Đông",
        "all_routes": "122, 13, 62-5, 71, 74, 85, 94",
        "marker_color": "#D81B60"
      }
    },
    {
      "type": "Feature",
      "geometry": {
        "type": "Point",
        "coordinates": [
          106.606178,
          10.85662
        ]
      },
      "properties": {
        "feature_type": "bus_stop",
        "stop_id": 3635,
        "stop_code": "HHM 055",
        "stop_name": "Chùa Linh Sơn",
        "stop_type": "Trụ dừng",
        "route_no": "13",
        "display_code": "B 13",
        "direction": "Lượt về",
        "address": "G68A Quốc lộ 22",
        "street": "Quốc lộ 22",
        "zone": "Huyện Hóc Môn",
        "ward": null,
        "all_routes": "122, 13, 62-5, 71, 74, 85, 94",
        "marker_color": "#D81B60"
      }
    },
    {
      "type": "Feature",
      "geometry": {
        "type": "Point",
        "coordinates": [
          106.608152,
          10.853595
        ]
      },
      "properties": {
        "feature_type": "bus_stop",
        "stop_id": 1393,
        "stop_code": "HHM 056",
        "stop_name": "Ngã tư Trung Chánh",
        "stop_type": "Nhà chờ",
        "route_no": "13",
        "display_code": "B 13",
        "direction": "Lượt về",
        "address": "30/10B (kế 30) Quốc lộ 22",
        "street": "Quốc lộ 22",
        "zone": "Huyện Hóc Môn",
        "ward": "Xã Trung Chánh",
        "all_routes": "122, 13, 145, 62-5, 71, 74, 85, 94",
        "marker_color": "#D81B60"
      }
    },
    {
      "type": "Feature",
      "geometry": {
        "type": "Point",
        "coordinates": [
          106.610641,
          10.849713
        ]
      },
      "properties": {
        "feature_type": "bus_stop",
        "stop_id": 1238,
        "stop_code": "HHM 057",
        "stop_name": "Cư xá Bà Điểm",
        "stop_type": "Nhà chờ",
        "route_no": "13",
        "display_code": "B 13",
        "direction": "Lượt về",
        "address": "3A Quốc lộ 22",
        "street": "Quốc lộ 22",
        "zone": "Huyện Hóc Môn",
        "ward": "Xã Bà Điểm",
        "all_routes": "122, 13, 145, 62-5, 71, 74, 85, 94",
        "marker_color": "#D81B60"
      }
    },
    {
      "type": "Feature",
      "geometry": {
        "type": "Point",
        "coordinates": [
          106.613522,
          10.845187
        ]
      },
      "properties": {
        "feature_type": "bus_stop",
        "stop_id": 1239,
        "stop_code": "HHM 058",
        "stop_name": "Bến xe An Sương",
        "stop_type": "Trụ dừng",
        "route_no": "13",
        "display_code": "B 13",
        "direction": "Lượt về",
        "address": "1B Quốc lộ 22",
        "street": "Quốc lộ 22",
        "zone": "Huyện Hóc Môn",
        "ward": "Xã Bà Điểm",
        "all_routes": "04, 104, 122, 13, 145, 151, 33, 41, 61-3, 62-5, 65, 71, 74, 85, 94",
        "marker_color": "#D81B60"
      }
    },
    {
      "type": "Feature",
      "geometry": {
        "type": "Point",
        "coordinates": [
          106.617347,
          10.838891
        ]
      },
      "properties": {
        "feature_type": "bus_stop",
        "stop_id": 167,
        "stop_code": "Q12 135",
        "stop_name": "Bitis",
        "stop_type": "Nhà chờ",
        "route_no": "13",
        "display_code": "B 13",
        "direction": "Lượt về",
        "address": "487 Trường Chinh",
        "street": "Trường Chinh",
        "zone": "Quận 12",
        "ward": null,
        "all_routes": "04, 104, 13, 145, 27, 41, 65, 94",
        "marker_color": "#D81B60"
      }
    },
    {
      "type": "Feature",
      "geometry": {
        "type": "Point",
        "coordinates": [
          106.620212,
          10.834497
        ]
      },
      "properties": {
        "feature_type": "bus_stop",
        "stop_id": 172,
        "stop_code": "Q12 136",
        "stop_name": "Chùa Lạc Quang",
        "stop_type": "Nhà chờ",
        "route_no": "13",
        "display_code": "B 13",
        "direction": "Lượt về",
        "address": "257 Trường Chinh",
        "street": "Trường Chinh",
        "zone": "Quận 12",
        "ward": null,
        "all_routes": "04, 104, 13, 145, 27, 41, 65, 94",
        "marker_color": "#D81B60"
      }
    },
    {
      "type": "Feature",
      "geometry": {
        "type": "Point",
        "coordinates": [
          106.621794,
          10.83202
        ]
      },
      "properties": {
        "feature_type": "bus_stop",
        "stop_id": 168,
        "stop_code": "Q12 137",
        "stop_name": "Chùa Vĩnh Phước",
        "stop_type": "Nhà chờ",
        "route_no": "13",
        "display_code": "B 13",
        "direction": "Lượt về",
        "address": "Chùa Vĩnh Phước Trường Chinh",
        "street": "Trường Chinh",
        "zone": "Quận 12",
        "ward": null,
        "all_routes": "04, 104, 13, 145, 27, 41, 65, 94",
        "marker_color": "#D81B60"
      }
    },
    {
      "type": "Feature",
      "geometry": {
        "type": "Point",
        "coordinates": [
          106.62586,
          10.82624
        ]
      },
      "properties": {
        "feature_type": "bus_stop",
        "stop_id": 169,
        "stop_code": "Q12 139",
        "stop_name": "Cầu Tham Lương - Siêu thị Thiên Hòa",
        "stop_type": "Nhà chờ",
        "route_no": "13",
        "display_code": "B 13",
        "direction": "Lượt về",
        "address": "21 (Kế 2/6B) Trường Chinh",
        "street": "Trường Chinh",
        "zone": "Quận 12",
        "ward": null,
        "all_routes": "04, 104, 13, 145, 23, 27, 41, 62, 65, 94",
        "marker_color": "#D81B60"
      }
    },
    {
      "type": "Feature",
      "geometry": {
        "type": "Point",
        "coordinates": [
          106.629825,
          10.822315
        ]
      },
      "properties": {
        "feature_type": "bus_stop",
        "stop_id": 174,
        "stop_code": "QTP 010",
        "stop_name": "Trạm Dệt Thành Công",
        "stop_type": "Nhà chờ",
        "route_no": "13",
        "display_code": "B 13",
        "direction": "Lượt về",
        "address": "8 Trường Chinh",
        "street": "Trường Chinh",
        "zone": "Quận Tân Phú",
        "ward": "Phường Tây Thạnh",
        "all_routes": "04, 104, 13, 145, 23, 27, 32, 41, 62, 65, 94",
        "marker_color": "#D81B60"
      }
    },
    {
      "type": "Feature",
      "geometry": {
        "type": "Point",
        "coordinates": [
          106.630615,
          10.819386
        ]
      },
      "properties": {
        "feature_type": "bus_stop",
        "stop_id": 173,
        "stop_code": "QTP 011",
        "stop_name": "Trạm KCN Tân Bình",
        "stop_type": "Nhà chờ",
        "route_no": "13",
        "display_code": "B 13",
        "direction": "Lượt về",
        "address": "881 Trường Chinh",
        "street": "Trường Chinh",
        "zone": "Quận Tân Phú",
        "ward": "Phường Tây Thạnh",
        "all_routes": "04, 104, 13, 145, 23, 27, 28, 62, 65, 94",
        "marker_color": "#D81B60"
      }
    },
    {
      "type": "Feature",
      "geometry": {
        "type": "Point",
        "coordinates": [
          106.632377,
          10.814455
        ]
      },
      "properties": {
        "feature_type": "bus_stop",
        "stop_id": 176,
        "stop_code": "QTP 012",
        "stop_name": "Ngã 3 Chế Lan Viên",
        "stop_type": "Nhà chờ",
        "route_no": "13",
        "display_code": "B 13",
        "direction": "Lượt về",
        "address": "831 (trước showroom o tô) Trường Chinh",
        "street": "Trường Chinh",
        "zone": "Quận Tân Phú",
        "ward": "Phường Tây Thạnh",
        "all_routes": "04, 104, 13, 145, 23, 27, 28, 62, 65, 94",
        "marker_color": "#D81B60"
      }
    },
    {
      "type": "Feature",
      "geometry": {
        "type": "Point",
        "coordinates": [
          106.634019,
          10.808689
        ]
      },
      "properties": {
        "feature_type": "bus_stop",
        "stop_id": 177,
        "stop_code": "QTP 014",
        "stop_name": "Trạm Đài Liệt Sỹ",
        "stop_type": "Nhà chờ",
        "route_no": "13",
        "display_code": "B 13",
        "direction": "Lượt về",
        "address": "1/3 Trường Chinh",
        "street": "Trường Chinh",
        "zone": "Quận Tân Phú",
        "ward": "Phường Tây Thạnh",
        "all_routes": "04, 104, 13, 145, 16, 23, 27, 28, 48, 62, 63-1, 65, 94",
        "marker_color": "#D81B60"
      }
    },
    {
      "type": "Feature",
      "geometry": {
        "type": "Point",
        "coordinates": [
          106.634773,
          10.806212
        ]
      },
      "properties": {
        "feature_type": "bus_stop",
        "stop_id": 2292,
        "stop_code": "QTP 015",
        "stop_name": "Siêu thị BigC",
        "stop_type": "Nhà chờ",
        "route_no": "13",
        "display_code": "B 13",
        "direction": "Lượt về",
        "address": "1/1 Trường Chinh",
        "street": "Trường Chinh",
        "zone": "Quận Tân Phú",
        "ward": "Phường Tây Thạnh",
        "all_routes": "13, 23, 27, 48, 62, 65, 94",
        "marker_color": "#D81B60"
      }
    },
    {
      "type": "Feature",
      "geometry": {
        "type": "Point",
        "coordinates": [
          106.635269,
          10.8048
        ]
      },
      "properties": {
        "feature_type": "bus_stop",
        "stop_id": 2291,
        "stop_code": "QTP 016",
        "stop_name": "Trạm Tân Kỳ Tân Quý",
        "stop_type": "Trụ dừng",
        "route_no": "13",
        "display_code": "B 13",
        "direction": "Lượt về",
        "address": "33/24 (659-661) Trường Chinh",
        "street": "Trường Chinh",
        "zone": "Quận Tân Phú",
        "ward": "Phường Tây Thạnh",
        "all_routes": "13, 23, 27, 62, 65, 94",
        "marker_color": "#D81B60"
      }
    },
    {
      "type": "Feature",
      "geometry": {
        "type": "Point",
        "coordinates": [
          106.637517,
          10.801275
        ]
      },
      "properties": {
        "feature_type": "bus_stop",
        "stop_id": 2293,
        "stop_code": "QTB 080",
        "stop_name": "Chợ Võ Thành Trang",
        "stop_type": "Trụ dừng",
        "route_no": "13",
        "display_code": "B 13",
        "direction": "Lượt về",
        "address": "541 Trường Chinh",
        "street": "Trường Chinh",
        "zone": "Quận Tân Bình",
        "ward": null,
        "all_routes": "13, 23, 65, 94",
        "marker_color": "#D81B60"
      }
    },
    {
      "type": "Feature",
      "geometry": {
        "type": "Point",
        "coordinates": [
          106.641557,
          10.799115
        ]
      },
      "properties": {
        "feature_type": "bus_stop",
        "stop_id": 2296,
        "stop_code": "QTB 081",
        "stop_name": "Ngã ba Trương Công Định",
        "stop_type": "Trụ dừng",
        "route_no": "13",
        "display_code": "B 13",
        "direction": "Lượt về",
        "address": "403 Trường Chinh",
        "street": "Trường Chinh",
        "zone": "Quận Tân Bình",
        "ward": null,
        "all_routes": "13, 23, 65, 94",
        "marker_color": "#D81B60"
      }
    },
    {
      "type": "Feature",
      "geometry": {
        "type": "Point",
        "coordinates": [
          106.644266,
          10.797666
        ]
      },
      "properties": {
        "feature_type": "bus_stop",
        "stop_id": 2559,
        "stop_code": "QTB 082",
        "stop_name": "Ngã ba Hồng Đào",
        "stop_type": "Trụ dừng",
        "route_no": "13",
        "display_code": "B 13",
        "direction": "Lượt về",
        "address": "351 Trường Chinh",
        "street": "Trường Chinh",
        "zone": "Quận Tân Bình",
        "ward": null,
        "all_routes": "13, 30, 64, 65, 94",
        "marker_color": "#D81B60"
      }
    },
    {
      "type": "Feature",
      "geometry": {
        "type": "Point",
        "coordinates": [
          106.646218,
          10.796606
        ]
      },
      "properties": {
        "feature_type": "bus_stop",
        "stop_id": 1392,
        "stop_code": "QTB 083",
        "stop_name": "Ngã ba Hoàng Hoa Thám",
        "stop_type": "Trụ dừng",
        "route_no": "13",
        "display_code": "B 13",
        "direction": "Lượt về",
        "address": "233 Trường Chinh",
        "street": "Trường Chinh",
        "zone": "Quận Tân Bình",
        "ward": null,
        "all_routes": "13, 30, 64, 65, 94",
        "marker_color": "#D81B60"
      }
    },
    {
      "type": "Feature",
      "geometry": {
        "type": "Point",
        "coordinates": [
          106.64926,
          10.794978
        ]
      },
      "properties": {
        "feature_type": "bus_stop",
        "stop_id": 1826,
        "stop_code": "QTB 084",
        "stop_name": "Nhà thờ Đắc Lộ",
        "stop_type": "Nhà chờ",
        "route_no": "13",
        "display_code": "B 13",
        "direction": "Lượt về",
        "address": "97 (đối diện 160B) Trường Chinh",
        "street": "Trường Chinh",
        "zone": "Quận Tân Bình",
        "ward": null,
        "all_routes": "13, 30, 64, 65, 94",
        "marker_color": "#D81B60"
      }
    },
    {
      "type": "Feature",
      "geometry": {
        "type": "Point",
        "coordinates": [
          106.651368,
          10.793856
        ]
      },
      "properties": {
        "feature_type": "bus_stop",
        "stop_id": 1830,
        "stop_code": "QTB 085",
        "stop_name": "Ngã tư Bảy Hiền",
        "stop_type": "Nhà chờ",
        "route_no": "13",
        "display_code": "B 13",
        "direction": "Lượt về",
        "address": "67 Trường Chinh",
        "street": "Trường Chinh",
        "zone": "Quận Tân Bình",
        "ward": null,
        "all_routes": "13, 30, 64, 65, 94",
        "marker_color": "#D81B60"
      }
    },
    {
      "type": "Feature",
      "geometry": {
        "type": "Point",
        "coordinates": [
          106.654131,
          10.792391
        ]
      },
      "properties": {
        "feature_type": "bus_stop",
        "stop_id": 996,
        "stop_code": "QTB 059",
        "stop_name": "Bệnh viện Thống Nhất",
        "stop_type": "Nhà chờ",
        "route_no": "13",
        "display_code": "B 13",
        "direction": "Lượt về",
        "address": "1125 (đối diện 544) Cách Mạng Tháng Tám",
        "street": "Cách Mạng Tháng Tám",
        "zone": "Quận Tân Bình",
        "ward": null,
        "all_routes": "103, 13, 30, 65",
        "marker_color": "#D81B60"
      }
    },
    {
      "type": "Feature",
      "geometry": {
        "type": "Point",
        "coordinates": [
          106.655885,
          10.791463
        ]
      },
      "properties": {
        "feature_type": "bus_stop",
        "stop_id": 998,
        "stop_code": "QTB 060",
        "stop_name": "Y tế Phường 4",
        "stop_type": "Biển treo",
        "route_no": "13",
        "display_code": "B 13",
        "direction": "Lượt về",
        "address": "1057 Cách Mạng Tháng Tám",
        "street": "Cách Mạng Tháng Tám",
        "zone": "Quận Tân Bình",
        "ward": null,
        "all_routes": "103, 13, 30, 65",
        "marker_color": "#D81B60"
      }
    },
    {
      "type": "Feature",
      "geometry": {
        "type": "Point",
        "coordinates": [
          106.65846,
          10.790114
        ]
      },
      "properties": {
        "feature_type": "bus_stop",
        "stop_id": 1000,
        "stop_code": "QTB 061",
        "stop_name": "Hồ Bơi Cộng Hòa",
        "stop_type": "Biển treo",
        "route_no": "13",
        "display_code": "B 13",
        "direction": "Lượt về",
        "address": "1003 Cách Mạng Tháng Tám",
        "street": "Cách Mạng Tháng Tám",
        "zone": "Quận Tân Bình",
        "ward": null,
        "all_routes": "103, 13, 30, 65",
        "marker_color": "#D81B60"
      }
    },
    {
      "type": "Feature",
      "geometry": {
        "type": "Point",
        "coordinates": [
          106.66274,
          10.78785
        ]
      },
      "properties": {
        "feature_type": "bus_stop",
        "stop_id": 1001,
        "stop_code": "QTB 063",
        "stop_name": "Ngã ba Bành Văn Trân",
        "stop_type": "Trụ dừng",
        "route_no": "13",
        "display_code": "B 13",
        "direction": "Lượt về",
        "address": "755-757 (771) Cách Mạng Tháng Tám",
        "street": "Cách Mạng Tháng Tám",
        "zone": "Quận Tân Bình",
        "ward": null,
        "all_routes": "103, 13, 30, 65",
        "marker_color": "#D81B60"
      }
    },
    {
      "type": "Feature",
      "geometry": {
        "type": "Point",
        "coordinates": [
          106.668684,
          10.784671
        ]
      },
      "properties": {
        "feature_type": "bus_stop",
        "stop_id": 2562,
        "stop_code": "Q10 084",
        "stop_name": "Hội thánh tin lành Hòa Hưng",
        "stop_type": "Trụ dừng",
        "route_no": "13",
        "display_code": "B 13",
        "direction": "Lượt về",
        "address": "601 Cách Mạng Tháng Tám",
        "street": "Cách Mạng Tháng Tám",
        "zone": "Quận 10",
        "ward": null,
        "all_routes": "13, 30, 65",
        "marker_color": "#D81B60"
      }
    },
    {
      "type": "Feature",
      "geometry": {
        "type": "Point",
        "coordinates": [
          106.672699,
          10.782535
        ]
      },
      "properties": {
        "feature_type": "bus_stop",
        "stop_id": 2561,
        "stop_code": "Q10 085",
        "stop_name": "Ngã ba Tô Hiến Thành",
        "stop_type": "Biển treo",
        "route_no": "13",
        "display_code": "B 13",
        "direction": "Lượt về",
        "address": "513 Cách Mạng Tháng Tám",
        "street": "Cách Mạng Tháng Tám",
        "zone": "Quận 10",
        "ward": null,
        "all_routes": "13, 30, 65",
        "marker_color": "#D81B60"
      }
    },
    {
      "type": "Feature",
      "geometry": {
        "type": "Point",
        "coordinates": [
          106.675063,
          10.78124
        ]
      },
      "properties": {
        "feature_type": "bus_stop",
        "stop_id": 1399,
        "stop_code": "Q10 086",
        "stop_name": "Chùa Bửu Đà",
        "stop_type": "Trụ dừng",
        "route_no": "13",
        "display_code": "B 13",
        "direction": "Lượt về",
        "address": "427 Cách Mạng Tháng Tám",
        "street": "Cách Mạng Tháng Tám",
        "zone": "Quận 10",
        "ward": null,
        "all_routes": "13, 30, 65",
        "marker_color": "#D81B60"
      }
    },
    {
      "type": "Feature",
      "geometry": {
        "type": "Point",
        "coordinates": [
          106.676575,
          10.780435
        ]
      },
      "properties": {
        "feature_type": "bus_stop",
        "stop_id": 2564,
        "stop_code": "Q10 087",
        "stop_name": " Ngã ba Hòa Hưng",
        "stop_type": "Biển treo",
        "route_no": "13",
        "display_code": "B 13",
        "direction": "Lượt về",
        "address": "385 Cách Mạng Tháng Tám",
        "street": "Cách Mạng Tháng Tám",
        "zone": "Quận 10",
        "ward": null,
        "all_routes": "13, 30, 65",
        "marker_color": "#D81B60"
      }
    },
    {
      "type": "Feature",
      "geometry": {
        "type": "Point",
        "coordinates": [
          106.680706,
          10.778205
        ]
      },
      "properties": {
        "feature_type": "bus_stop",
        "stop_id": 1394,
        "stop_code": "Q10 088",
        "stop_name": "Công trường Dân Chủ",
        "stop_type": "Nhà chờ",
        "route_no": "13",
        "display_code": "B 13",
        "direction": "Lượt về",
        "address": "Đối diện 132A Cách Mạng Tháng Tám",
        "street": "Cách Mạng Tháng Tám",
        "zone": "Quận 10",
        "ward": null,
        "all_routes": "13, 30, 65",
        "marker_color": "#D81B60"
      }
    },
    {
      "type": "Feature",
      "geometry": {
        "type": "Point",
        "coordinates": [
          106.68246,
          10.777219
        ]
      },
      "properties": {
        "feature_type": "bus_stop",
        "stop_id": 2563,
        "stop_code": "Q3 015",
        "stop_name": "Công an Quận 3",
        "stop_type": "Nhà chờ",
        "route_no": "13",
        "display_code": "B 13",
        "direction": "Lượt về",
        "address": "243 Cách Mạng Tháng Tám",
        "street": "Cách Mạng Tháng Tám",
        "zone": "Quận 3",
        "ward": null,
        "all_routes": "13, 30, 65",
        "marker_color": "#D81B60"
      }
    },
    {
      "type": "Feature",
      "geometry": {
        "type": "Point",
        "coordinates": [
          106.684338,
          10.776202
        ]
      },
      "properties": {
        "feature_type": "bus_stop",
        "stop_id": 1400,
        "stop_code": "Q3 016",
        "stop_name": "Bệnh viện Mắt - Bình Dân - Da Liễu",
        "stop_type": "Trụ dừng",
        "route_no": "13",
        "display_code": "B 13",
        "direction": "Lượt về",
        "address": "205 Cách Mạng Tháng Tám",
        "street": "Cách Mạng Tháng Tám",
        "zone": "Quận 3",
        "ward": null,
        "all_routes": "13, 65",
        "marker_color": "#D81B60"
      }
    },
    {
      "type": "Feature",
      "geometry": {
        "type": "Point",
        "coordinates": [
          106.687202,
          10.77469
        ]
      },
      "properties": {
        "feature_type": "bus_stop",
        "stop_id": 2477,
        "stop_code": "Q3 017",
        "stop_name": "Võ Văn Tần",
        "stop_type": "Trụ dừng",
        "route_no": "13",
        "display_code": "B 13",
        "direction": "Lượt về",
        "address": "179C Cách Mạng Tháng Tám",
        "street": "Cách Mạng Tháng Tám",
        "zone": "Quận 3",
        "ward": null,
        "all_routes": "13, 28, 65",
        "marker_color": "#D81B60"
      }
    },
    {
      "type": "Feature",
      "geometry": {
        "type": "Point",
        "coordinates": [
          106.691499,
          10.772345
        ]
      },
      "properties": {
        "feature_type": "bus_stop",
        "stop_id": 1396,
        "stop_code": "Q1 004",
        "stop_name": "Trống Đồng",
        "stop_type": "Trụ dừng",
        "route_no": "13",
        "display_code": "B 13",
        "direction": "Lượt về",
        "address": "85 Cách Mạng Tháng Tám",
        "street": "Cách Mạng Tháng Tám",
        "zone": "Quận 1",
        "ward": null,
        "all_routes": "13, 28, 38, 65, 69",
        "marker_color": "#D81B60"
      }
    },
    {
      "type": "Feature",
      "geometry": {
        "type": "Point",
        "coordinates": [
          106.693588,
          10.770854
        ]
      },
      "properties": {
        "feature_type": "bus_stop",
        "stop_id": 1401,
        "stop_code": "Q1 122",
        "stop_name": "Nguyễn Thị Nghĩa",
        "stop_type": "Trụ dừng",
        "route_no": "13",
        "display_code": "B 13",
        "direction": "Lượt về",
        "address": "26 - 32 Nguyễn Thị Nghĩa",
        "street": "Nguyễn Thị Nghĩa",
        "zone": "Quận 1",
        "ward": "Phường Bến Thành",
        "all_routes": "13, 152, 31, 38, 56, 69",
        "marker_color": "#D81B60"
      }
    },
    {
      "type": "Feature",
      "geometry": {
        "type": "Point",
        "coordinates": [
          106.693495,
          10.769952
        ]
      },
      "properties": {
        "feature_type": "bus_stop",
        "stop_id": 7274,
        "stop_code": "Q1 188",
        "stop_name": "Sân khấu Sen Hồng",
        "stop_type": "Trụ dừng",
        "route_no": "13",
        "display_code": "B 13",
        "direction": "Lượt về",
        "address": "94-96 Lê Lai",
        "street": "Lê Lai",
        "zone": "Quận 1",
        "ward": "Phường Bến Thành",
        "all_routes": "03, 04, 102, 109, 13, 140, 156D, 171, 172, 18, 19, 20, 34, 36, 39, 52, 53, 69, 72, 72-2B, 75, 86, 88, 93, D4, DL01, DL03",
        "marker_color": "#D81B60"
      }
    },
    {
      "type": "Feature",
      "geometry": {
        "type": "Point",
        "coordinates": [
          106.690469,
          10.768761
        ]
      },
      "properties": {
        "feature_type": "bus_stop",
        "stop_id": 7275,
        "stop_code": "Q1 189",
        "stop_name": "Tôn Thất Tùng",
        "stop_type": "Trụ dừng",
        "route_no": "13",
        "display_code": "B 13",
        "direction": "Lượt về",
        "address": "202-204 Lê Lai",
        "street": "Lê Lai",
        "zone": "Quận 1",
        "ward": "Phường Bến Thành",
        "all_routes": "03, 04, 102, 109, 13, 140, 156D, 171, 172, 18, 19, 20, 34, 36, 39, 52, 53, 69, 72, 72-2B, 75, 86, 88, 93, D4, DL01, DL03",
        "marker_color": "#D81B60"
      }
    }
  ]
}