{
  "type": "FeatureCollection",
  "properties": {
    "stt": 10,
    "route_no": "60-1",
    "display_code": "B 60-1",
    "route_name": "Bến xe Miền Tây - Bến xe Biên Hòa",
    "start_point": "Bến xe Miền Tây",
    "end_point": "Bến xe Biên Hòa",
    "listed_length_km": 62,
    "operating_hours": "4:45 - 18:30",
    "color": "#43A047",
    "num_variants": 2,
    "total_stops": 151,
    "total_points": 1166
  },
  "features": [
    {
      "type": "Feature",
      "geometry": {
        "type": "LineString",
        "coordinates": [
          [
            106.61943817,
            10.73948574
          ],
          [
            106.61954498,
            10.73955345
          ],
          [
            106.61917877,
            10.73998642
          ],
          [
            106.61988068,
            10.74058151
          ],
          [
            106.61988068,
            10.74082375
          ],
          [
            106.61917877,
            10.74170971
          ],
          [
            106.61928558,
            10.74178886
          ],
          [
            106.61916351,
            10.74195194
          ],
          [
            106.61823273,
            10.74118996
          ],
          [
            106.61666107,
            10.73987961
          ],
          [
            106.61643219,
            10.73968029
          ],
          [
            106.61639404,
            10.73967457
          ],
          [
            106.61639404,
            10.73967457
          ],
          [
            106.61639404,
            10.73967457
          ],
          [
            106.615448,
            10.7388525
          ],
          [
            106.61504364,
            10.73830509
          ],
          [
            106.61314392,
            10.73513794
          ],
          [
            106.61314392,
            10.73513794
          ],
          [
            106.61103058,
            10.73167419
          ],
          [
            106.61103058,
            10.73167419
          ],
          [
            106.61064148,
            10.73102093
          ],
          [
            106.61013794,
            10.73030376
          ],
          [
            106.60967255,
            10.72996712
          ],
          [
            106.60827637,
            10.7290144
          ],
          [
            106.60827637,
            10.7290144
          ],
          [
            106.60706329,
            10.72817993
          ],
          [
            106.60575104,
            10.72733021
          ],
          [
            106.60575104,
            10.72733021
          ],
          [
            106.60440826,
            10.72639847
          ],
          [
            106.60302734,
            10.72546577
          ],
          [
            106.60302734,
            10.72546577
          ],
          [
            106.60253906,
            10.72501755
          ],
          [
            106.60188293,
            10.72422218
          ],
          [
            106.60170746,
            10.72407913
          ],
          [
            106.60147095,
            10.72408485
          ],
          [
            106.60132599,
            10.72434807
          ],
          [
            106.60215759,
            10.72917652
          ],
          [
            106.60308838,
            10.734025
          ],
          [
            106.60269928,
            10.73575401
          ],
          [
            106.60136414,
            10.73765659
          ],
          [
            106.60136414,
            10.73765659
          ],
          [
            106.59844208,
            10.74230671
          ],
          [
            106.59844208,
            10.74230671
          ],
          [
            106.59507751,
            10.74763393
          ],
          [
            106.59507751,
            10.74763393
          ],
          [
            106.59507751,
            10.74763393
          ],
          [
            106.59507751,
            10.74763393
          ],
          [
            106.59500885,
            10.74771023
          ],
          [
            106.59461975,
            10.74842358
          ],
          [
            106.59377289,
            10.74978352
          ],
          [
            106.59329224,
            10.75055313
          ],
          [
            106.5929718,
            10.75148106
          ],
          [
            106.59268951,
            10.75296688
          ],
          [
            106.59268951,
            10.75296688
          ],
          [
            106.59185791,
            10.75788403
          ],
          [
            106.59185791,
            10.75788403
          ],
          [
            106.59092712,
            10.76307487
          ],
          [
            106.59092712,
            10.76307487
          ],
          [
            106.59063721,
            10.76408958
          ],
          [
            106.59056854,
            10.76484013
          ],
          [
            106.59056854,
            10.76541042
          ],
          [
            106.59062958,
            10.76622963
          ],
          [
            106.5907135,
            10.76669025
          ],
          [
            106.59089661,
            10.76753044
          ],
          [
            106.59114838,
            10.76847649
          ],
          [
            106.59114838,
            10.76847649
          ],
          [
            106.59196472,
            10.77205467
          ],
          [
            106.59196472,
            10.77205467
          ],
          [
            106.59195709,
            10.77243996
          ],
          [
            106.59200287,
            10.77277184
          ],
          [
            106.59234619,
            10.77420998
          ],
          [
            106.59256744,
            10.77521133
          ],
          [
            106.59266663,
            10.77548027
          ],
          [
            106.59266663,
            10.77548027
          ],
          [
            106.59350586,
            10.77956963
          ],
          [
            106.59350586,
            10.77956963
          ],
          [
            106.59403992,
            10.78199387
          ],
          [
            106.59394836,
            10.78201008
          ],
          [
            106.59436798,
            10.78398991
          ],
          [
            106.59443665,
            10.78433037
          ],
          [
            106.5945282,
            10.78446007
          ],
          [
            106.59458923,
            10.78454971
          ],
          [
            106.59552002,
            10.7888546
          ],
          [
            106.59612274,
            10.7915163
          ],
          [
            106.59612274,
            10.7915163
          ],
          [
            106.5974884,
            10.79819298
          ],
          [
            106.5974884,
            10.79819298
          ],
          [
            106.59871674,
            10.80413055
          ],
          [
            106.59871674,
            10.80413055
          ],
          [
            106.59931946,
            10.80687141
          ],
          [
            106.59931946,
            10.80687141
          ],
          [
            106.60041046,
            10.81193542
          ],
          [
            106.60041046,
            10.81193542
          ],
          [
            106.60099792,
            10.81469631
          ],
          [
            106.60099792,
            10.81469631
          ],
          [
            106.60159302,
            10.81760406
          ],
          [
            106.60153198,
            10.81762028
          ],
          [
            106.60221863,
            10.82089043
          ],
          [
            106.60233307,
            10.82087135
          ],
          [
            106.60385132,
            10.82777882
          ],
          [
            106.60379791,
            10.8278923
          ],
          [
            106.60404205,
            10.82874298
          ],
          [
            106.60424805,
            10.82921696
          ],
          [
            106.60445404,
            10.82973385
          ],
          [
            106.60483551,
            10.83040333
          ],
          [
            106.60634613,
            10.83298206
          ],
          [
            106.60655975,
            10.83326912
          ],
          [
            106.6084137,
            10.83625698
          ],
          [
            106.61019897,
            10.83788967
          ],
          [
            106.61019897,
            10.83788967
          ],
          [
            106.61177063,
            10.83940983
          ],
          [
            106.61230469,
            10.83975506
          ],
          [
            106.61230469,
            10.83975506
          ],
          [
            106.61496735,
            10.84227371
          ],
          [
            106.61637878,
            10.84350586
          ],
          [
            106.61780548,
            10.84461784
          ],
          [
            106.61780548,
            10.84461784
          ],
          [
            106.61959076,
            10.84617233
          ],
          [
            106.62046814,
            10.84683609
          ],
          [
            106.62150574,
            10.84741783
          ],
          [
            106.62150574,
            10.84741783
          ],
          [
            106.62150574,
            10.84741783
          ],
          [
            106.62150574,
            10.84741783
          ],
          [
            106.62150574,
            10.84741783
          ],
          [
            106.62316895,
            10.84830093
          ],
          [
            106.62625122,
            10.84976578
          ],
          [
            106.62757111,
            10.85007095
          ],
          [
            106.62757111,
            10.85007095
          ],
          [
            106.62757111,
            10.85007095
          ],
          [
            106.62757111,
            10.85007095
          ],
          [
            106.62748718,
            10.85016537
          ],
          [
            106.62989807,
            10.85146141
          ],
          [
            106.63234711,
            10.85258293
          ],
          [
            106.63234711,
            10.85258293
          ],
          [
            106.63234711,
            10.85258293
          ],
          [
            106.63234711,
            10.85258293
          ],
          [
            106.63234711,
            10.85258293
          ],
          [
            106.63420105,
            10.8536644
          ],
          [
            106.63604736,
            10.85467529
          ],
          [
            106.63793182,
            10.85567665
          ],
          [
            106.63983154,
            10.85666656
          ],
          [
            106.63983154,
            10.85666656
          ],
          [
            106.63983154,
            10.85666656
          ],
          [
            106.63980103,
            10.85671997
          ],
          [
            106.64185333,
            10.85785007
          ],
          [
            106.64417267,
            10.85910034
          ],
          [
            106.6442337,
            10.85895348
          ],
          [
            106.6442337,
            10.85895348
          ],
          [
            106.6442337,
            10.85895348
          ],
          [
            106.64427948,
            10.85909557
          ],
          [
            106.64528656,
            10.85972786
          ],
          [
            106.64777374,
            10.86102962
          ],
          [
            106.64778137,
            10.86096954
          ],
          [
            106.64778137,
            10.86096954
          ],
          [
            106.64777374,
            10.86102962
          ],
          [
            106.64784241,
            10.86104965
          ],
          [
            106.64851379,
            10.86139965
          ],
          [
            106.64910889,
            10.86168957
          ],
          [
            106.64945984,
            10.86180019
          ],
          [
            106.64978027,
            10.86188984
          ],
          [
            106.65019226,
            10.86194992
          ],
          [
            106.6506424,
            10.86196041
          ],
          [
            106.65119934,
            10.86194038
          ],
          [
            106.65119934,
            10.86188126
          ],
          [
            106.65119934,
            10.86198235
          ],
          [
            106.65265656,
            10.86190891
          ],
          [
            106.65405273,
            10.86180782
          ],
          [
            106.65406036,
            10.86186028
          ],
          [
            106.65550995,
            10.8617897
          ],
          [
            106.65712738,
            10.86172009
          ],
          [
            106.65712738,
            10.86165142
          ],
          [
            106.65712738,
            10.86165142
          ],
          [
            106.65712738,
            10.86165142
          ],
          [
            106.65712738,
            10.86172009
          ],
          [
            106.66223907,
            10.86149311
          ],
          [
            106.6622467,
            10.8613348
          ],
          [
            106.6622467,
            10.8613348
          ],
          [
            106.6622467,
            10.8613348
          ],
          [
            106.6622467,
            10.8613348
          ],
          [
            106.6622467,
            10.8613348
          ],
          [
            106.6622467,
            10.8613348
          ],
          [
            106.66225433,
            10.86152458
          ],
          [
            106.66640472,
            10.86158752
          ],
          [
            106.66645813,
            10.86150265
          ],
          [
            106.66645813,
            10.86150265
          ],
          [
            106.66645813,
            10.86150265
          ],
          [
            106.66645813,
            10.86150265
          ],
          [
            106.66644287,
            10.86163998
          ],
          [
            106.66763306,
            10.861619
          ],
          [
            106.67015076,
            10.86163998
          ],
          [
            106.67188263,
            10.86166954
          ],
          [
            106.67188263,
            10.86157703
          ],
          [
            106.67188263,
            10.86157703
          ],
          [
            106.67495728,
            10.86157703
          ],
          [
            106.6780777,
            10.86147213
          ],
          [
            106.6780777,
            10.86147213
          ],
          [
            106.6780777,
            10.86147213
          ],
          [
            106.6780777,
            10.86153984
          ],
          [
            106.67881012,
            10.86156178
          ],
          [
            106.68047333,
            10.86143494
          ],
          [
            106.68120575,
            10.86138248
          ],
          [
            106.68195343,
            10.86127663
          ],
          [
            106.68200684,
            10.86117077
          ],
          [
            106.68200684,
            10.86117077
          ],
          [
            106.68200684,
            10.86117077
          ],
          [
            106.68199921,
            10.86127663
          ],
          [
            106.68564606,
            10.8610611
          ],
          [
            106.68621826,
            10.86099243
          ],
          [
            106.68665314,
            10.86089706
          ],
          [
            106.68665314,
            10.86089706
          ],
          [
            106.68681335,
            10.8609972
          ],
          [
            106.69224548,
            10.86053371
          ],
          [
            106.69232941,
            10.86038589
          ],
          [
            106.69232941,
            10.86038589
          ],
          [
            106.69232941,
            10.86038589
          ],
          [
            106.69522858,
            10.86038685
          ],
          [
            106.70069885,
            10.85967541
          ],
          [
            106.70069885,
            10.85967541
          ],
          [
            106.70075989,
            10.85977554
          ],
          [
            106.70330048,
            10.85949039
          ],
          [
            106.70599365,
            10.85911179
          ],
          [
            106.70604706,
            10.85901737
          ],
          [
            106.70604706,
            10.85901737
          ],
          [
            106.71084595,
            10.85853195
          ],
          [
            106.71350098,
            10.85965919
          ],
          [
            106.71450806,
            10.86017609
          ],
          [
            106.71459961,
            10.86030006
          ],
          [
            106.71668243,
            10.86146164
          ],
          [
            106.71798706,
            10.86211491
          ],
          [
            106.71958923,
            10.86291981
          ],
          [
            106.72042847,
            10.8633604
          ],
          [
            106.72045135,
            10.86331463
          ],
          [
            106.72042847,
            10.8633604
          ],
          [
            106.72113037,
            10.86373997
          ],
          [
            106.72338104,
            10.86483002
          ],
          [
            106.72367859,
            10.86493969
          ],
          [
            106.72384644,
            10.86493015
          ],
          [
            106.72399139,
            10.86491966
          ],
          [
            106.72412872,
            10.86499977
          ],
          [
            106.72418213,
            10.86509991
          ],
          [
            106.72418976,
            10.86515045
          ],
          [
            106.72427368,
            10.8652401
          ],
          [
            106.72438049,
            10.86532974
          ],
          [
            106.72463989,
            10.86544991
          ],
          [
            106.72666168,
            10.86645985
          ],
          [
            106.72680664,
            10.86657047
          ],
          [
            106.72708893,
            10.86682034
          ],
          [
            106.72718048,
            10.86686993
          ],
          [
            106.72737885,
            10.86697006
          ],
          [
            106.72742462,
            10.86688995
          ],
          [
            106.72742462,
            10.86688995
          ],
          [
            106.72742462,
            10.86688995
          ],
          [
            106.72737885,
            10.86697006
          ],
          [
            106.72898865,
            10.867836
          ],
          [
            106.7301178,
            10.86840439
          ],
          [
            106.73020172,
            10.86830997
          ],
          [
            106.73020172,
            10.86830997
          ],
          [
            106.73020172,
            10.86830997
          ],
          [
            106.73020172,
            10.86830997
          ],
          [
            106.73020172,
            10.86830997
          ],
          [
            106.73016357,
            10.86841011
          ],
          [
            106.73095703,
            10.86884022
          ],
          [
            106.73193359,
            10.86931038
          ],
          [
            106.73319244,
            10.86993027
          ],
          [
            106.73468781,
            10.87067986
          ],
          [
            106.73535919,
            10.87098026
          ],
          [
            106.73538208,
            10.8708601
          ],
          [
            106.73538208,
            10.8708601
          ],
          [
            106.73538208,
            10.8708601
          ],
          [
            106.73535919,
            10.87098026
          ],
          [
            106.73597717,
            10.87121964
          ],
          [
            106.73674774,
            10.87143993
          ],
          [
            106.73748779,
            10.87160969
          ],
          [
            106.73834991,
            10.87172985
          ],
          [
            106.73965454,
            10.87186623
          ],
          [
            106.7396698,
            10.87176609
          ],
          [
            106.7396698,
            10.87176609
          ],
          [
            106.7396698,
            10.87176609
          ],
          [
            106.7396698,
            10.87176609
          ],
          [
            106.73968506,
            10.87185001
          ],
          [
            106.73966217,
            10.87189198
          ],
          [
            106.74080658,
            10.87203407
          ],
          [
            106.74259186,
            10.87253475
          ],
          [
            106.74403381,
            10.87304974
          ],
          [
            106.74407959,
            10.8729353
          ],
          [
            106.74407959,
            10.8729353
          ],
          [
            106.74407959,
            10.8729353
          ],
          [
            106.74407959,
            10.8729353
          ],
          [
            106.74407959,
            10.8729353
          ],
          [
            106.74407196,
            10.87301445
          ],
          [
            106.74706268,
            10.87398911
          ],
          [
            106.74713135,
            10.87390518
          ],
          [
            106.74713135,
            10.87390518
          ],
          [
            106.74707794,
            10.87403011
          ],
          [
            106.74913025,
            10.87469006
          ],
          [
            106.75228119,
            10.87574005
          ],
          [
            106.7530899,
            10.87596035
          ],
          [
            106.75370026,
            10.87602043
          ],
          [
            106.75434113,
            10.87600994
          ],
          [
            106.75489807,
            10.87592983
          ],
          [
            106.75566101,
            10.87580013
          ],
          [
            106.75562286,
            10.87570572
          ],
          [
            106.75563812,
            10.8757906
          ],
          [
            106.75746918,
            10.87544346
          ],
          [
            106.75746918,
            10.87535286
          ],
          [
            106.75746918,
            10.87535286
          ],
          [
            106.75746918,
            10.87535286
          ],
          [
            106.75749969,
            10.87541676
          ],
          [
            106.75918579,
            10.87510014
          ],
          [
            106.76094055,
            10.87456894
          ],
          [
            106.76091003,
            10.87447357
          ],
          [
            106.76091003,
            10.87447357
          ],
          [
            106.76091003,
            10.87447357
          ],
          [
            106.76091003,
            10.87447357
          ],
          [
            106.76098633,
            10.87458992
          ],
          [
            106.76246643,
            10.87408352
          ],
          [
            106.76247406,
            10.87397289
          ],
          [
            106.76247406,
            10.87397289
          ],
          [
            106.76247406,
            10.87397289
          ],
          [
            106.76247406,
            10.87397289
          ],
          [
            106.76248169,
            10.87404919
          ],
          [
            106.76261902,
            10.87403679
          ],
          [
            106.76309204,
            10.87384033
          ],
          [
            106.76498413,
            10.87319565
          ],
          [
            106.76686859,
            10.87255001
          ],
          [
            106.76715088,
            10.87254524
          ],
          [
            106.76966095,
            10.87170982
          ],
          [
            106.76964569,
            10.87165546
          ],
          [
            106.76964569,
            10.87159729
          ],
          [
            106.76964569,
            10.87159729
          ],
          [
            106.76964569,
            10.87159729
          ],
          [
            106.76967621,
            10.87167645
          ],
          [
            106.7713623,
            10.87112331
          ],
          [
            106.77305603,
            10.87057495
          ],
          [
            106.77304077,
            10.87050724
          ],
          [
            106.77304077,
            10.87050724
          ],
          [
            106.77304077,
            10.87050724
          ],
          [
            106.77307129,
            10.87059975
          ],
          [
            106.77397919,
            10.87029648
          ],
          [
            106.77488708,
            10.86999226
          ],
          [
            106.77580261,
            10.86968899
          ],
          [
            106.77671051,
            10.86938477
          ],
          [
            106.77672577,
            10.86930561
          ],
          [
            106.77672577,
            10.86930561
          ],
          [
            106.77672577,
            10.86930561
          ],
          [
            106.77674103,
            10.86936378
          ],
          [
            106.77770233,
            10.86905003
          ],
          [
            106.77867126,
            10.86873627
          ],
          [
            106.77865601,
            10.86869144
          ],
          [
            106.77865601,
            10.86869144
          ],
          [
            106.77865601,
            10.86869144
          ],
          [
            106.77869415,
            10.86874199
          ],
          [
            106.78086853,
            10.86801529
          ],
          [
            106.78206635,
            10.8676405
          ],
          [
            106.78312683,
            10.86740398
          ],
          [
            106.7841568,
            10.86727238
          ],
          [
            106.7857132,
            10.86722755
          ],
          [
            106.78727721999999,
            10.86718273
          ],
          [
            106.78727721999999,
            10.8671217
          ],
          [
            106.78727721999999,
            10.8671217
          ],
          [
            106.78727721999999,
            10.86717987
          ],
          [
            106.78822327,
            10.86713028
          ],
          [
            106.78961182,
            10.8670702
          ],
          [
            106.79029846,
            10.86695957
          ],
          [
            106.7902832,
            10.86691189
          ],
          [
            106.7902832,
            10.86691189
          ],
          [
            106.7902832,
            10.86691189
          ],
          [
            106.79031372,
            10.86696148
          ],
          [
            106.79129028,
            10.86662388
          ],
          [
            106.7923584,
            10.8661499
          ],
          [
            106.79316711,
            10.8655386
          ],
          [
            106.7938385,
            10.86490631
          ],
          [
            106.79440308,
            10.8641243
          ],
          [
            106.79496002,
            10.86334229
          ],
          [
            106.79545593,
            10.86248589
          ],
          [
            106.79594421,
            10.86162949
          ],
          [
            106.79586792,
            10.86110306
          ],
          [
            106.79556274,
            10.86076546
          ],
          [
            106.79508972,
            10.86070251
          ],
          [
            106.79463959,
            10.86120796
          ],
          [
            106.79457855,
            10.86154556
          ],
          [
            106.79479218,
            10.86190414
          ],
          [
            106.79502869,
            10.86221504
          ],
          [
            106.7956543,
            10.86256027
          ],
          [
            106.79628754,
            10.8629055
          ],
          [
            106.79691315,
            10.86324978
          ],
          [
            106.79753876,
            10.86359501
          ],
          [
            106.79753876,
            10.86359501
          ],
          [
            106.79753876,
            10.86359501
          ],
          [
            106.79753876,
            10.86359501
          ],
          [
            106.79753876,
            10.86359501
          ],
          [
            106.79750061,
            10.86364746
          ],
          [
            106.79826355,
            10.86408997
          ],
          [
            106.79910278,
            10.86454296
          ],
          [
            106.8000412,
            10.86508846
          ],
          [
            106.80097198,
            10.86563396
          ],
          [
            106.8014679,
            10.86573887
          ],
          [
            106.80207825,
            10.86611271
          ],
          [
            106.80207825,
            10.86611271
          ],
          [
            106.80207825,
            10.86611271
          ],
          [
            106.80264282,
            10.86644745
          ],
          [
            106.80319977,
            10.86678219
          ],
          [
            106.80375671,
            10.86717224
          ],
          [
            106.8042984,
            10.86758804
          ],
          [
            106.80509949,
            10.86826801
          ],
          [
            106.80590057,
            10.86905766
          ],
          [
            106.80636597,
            10.86957741
          ],
          [
            106.80683136,
            10.87009621
          ],
          [
            106.80726624,
            10.87068558
          ],
          [
            106.80770111,
            10.8712759
          ],
          [
            106.80853271,
            10.87244034
          ],
          [
            106.80895233,
            10.87300873
          ],
          [
            106.80937195,
            10.87357807
          ],
          [
            106.80945587,
            10.87351513
          ],
          [
            106.80928802,
            10.87369442
          ],
          [
            106.80928802,
            10.87369442
          ],
          [
            106.80923462,
            10.87376213
          ],
          [
            106.81282806,
            10.87882042
          ],
          [
            106.81485748,
            10.88150692
          ],
          [
            106.81673431,
            10.88410378
          ],
          [
            106.81681824,
            10.88406658
          ],
          [
            106.81681824,
            10.88406658
          ],
          [
            106.81681824,
            10.88406658
          ],
          [
            106.81743622,
            10.8849678
          ],
          [
            106.81807709,
            10.8858633
          ],
          [
            106.81873322,
            10.88675308
          ],
          [
            106.81936646,
            10.8876543
          ],
          [
            106.81942749,
            10.88762283
          ],
          [
            106.81942749,
            10.88762283
          ],
          [
            106.81934357,
            10.88768005
          ],
          [
            106.81976318,
            10.88825512
          ],
          [
            106.82019043,
            10.88883018
          ],
          [
            106.82061768,
            10.88940525
          ],
          [
            106.82103729,
            10.88998032
          ],
          [
            106.8215332,
            10.89062691
          ],
          [
            106.82202911,
            10.8912735
          ],
          [
            106.82250214,
            10.89194202
          ],
          [
            106.82296753,
            10.8926096
          ],
          [
            106.82341003,
            10.89315033
          ],
          [
            106.82369232,
            10.89352989
          ],
          [
            106.82374573,
            10.89345932
          ],
          [
            106.82374573,
            10.89345932
          ],
          [
            106.82374573,
            10.89345932
          ],
          [
            106.82372284,
            10.89356995
          ],
          [
            106.82411194,
            10.89410973
          ],
          [
            106.82453918,
            10.89461994
          ],
          [
            106.82511139,
            10.89523029
          ],
          [
            106.82543182,
            10.89552975
          ],
          [
            106.82601166,
            10.8960104
          ],
          [
            106.82652283,
            10.89638042
          ],
          [
            106.82715607,
            10.89680386
          ],
          [
            106.82841492,
            10.89742565
          ],
          [
            106.82958221,
            10.89786816
          ],
          [
            106.8296051,
            10.89783669
          ],
          [
            106.8296051,
            10.89783669
          ],
          [
            106.8296051,
            10.89783669
          ],
          [
            106.8296051,
            10.89783669
          ],
          [
            106.8296051,
            10.89783669
          ],
          [
            106.8296051,
            10.89783669
          ],
          [
            106.84740448,
            10.90472698
          ],
          [
            106.84817505,
            10.90525913
          ],
          [
            106.84889221,
            10.90575886
          ],
          [
            106.85003662,
            10.90693378
          ],
          [
            106.85057068,
            10.90749741
          ],
          [
            106.85112,
            10.90805626
          ],
          [
            106.8513031,
            10.9078455
          ],
          [
            106.85074615,
            10.9073658
          ],
          [
            106.85048676,
            10.90729713
          ],
          [
            106.8503952,
            10.90699196
          ],
          [
            106.84913635,
            10.90580654
          ],
          [
            106.84872437,
            10.90616512
          ],
          [
            106.84788513,
            10.90551186
          ],
          [
            106.84697723,
            10.90487385
          ],
          [
            106.84663391,
            10.905406
          ],
          [
            106.84837341,
            10.90642262
          ],
          [
            106.84842682,
            10.90590096
          ],
          [
            106.84860229,
            10.90567493
          ],
          [
            106.85083008,
            10.90789223
          ],
          [
            106.85390472,
            10.91097927
          ],
          [
            106.8562851,
            10.91338158
          ],
          [
            106.8597641,
            10.91645718
          ],
          [
            106.8670578,
            10.92399979
          ],
          [
            106.8679657,
            10.92652798
          ],
          [
            106.86843109,
            10.92888832
          ],
          [
            106.86839294,
            10.93133163
          ],
          [
            106.86847687,
            10.93638802
          ],
          [
            106.86873627,
            10.94523716
          ],
          [
            106.86980438,
            10.94814396
          ],
          [
            106.8717804,
            10.95084095
          ],
          [
            106.8677063,
            10.95501137
          ],
          [
            106.85731506,
            10.95855141
          ],
          [
            106.85659027,
            10.95897198
          ],
          [
            106.8551712,
            10.96234322
          ],
          [
            106.85397339,
            10.967062
          ],
          [
            106.83646393,
            10.96293259
          ],
          [
            106.83248901,
            10.96044731
          ],
          [
            106.8307724,
            10.95859337
          ],
          [
            106.8291626,
            10.95737171
          ],
          [
            106.82836914,
            10.95686531
          ],
          [
            106.8264389,
            10.95640182
          ],
          [
            106.81161499,
            10.95635986
          ],
          [
            106.81039429,
            10.95602322
          ],
          [
            106.80919647,
            10.95526505
          ],
          [
            106.80845642,
            10.95456982
          ],
          [
            106.80895233,
            10.95412731
          ],
          [
            106.80895233,
            10.95412731
          ],
          [
            106.80895233,
            10.95412731
          ],
          [
            106.80895233,
            10.95412731
          ]
        ]
      },
      "properties": {
        "feature_type": "route_path",
        "stt": 10,
        "route_id": 81,
        "route_no": "60-1",
        "display_code": "B 60-1",
        "route_name": "Bến xe Miền Tây - Bến xe Biên Hòa",
        "direction": "Lượt đi",
        "outbound": true,
        "start_point": "Bến xe Miền Tây",
        "end_point": "Bến xe Biên Hòa",
        "start_stop": "Bến xe Miền Tây",
        "end_stop": "Bến xe Biên Hòa",
        "distance_km": 62.67,
        "listed_length_km": 62,
        "running_time_min": 130,
        "operating_hours": "4:45 - 18:30",
        "stroke": "#43A047",
        "stroke_width": 4,
        "stroke_opacity": 0.85
      }
    },
    {
      "type": "Feature",
      "geometry": {
        "type": "LineString",
        "coordinates": [
          [
            106.80895233,
            10.95412731
          ],
          [
            106.80895233,
            10.95412731
          ],
          [
            106.80860138,
            10.95441628
          ],
          [
            106.80923462,
            10.95501709
          ],
          [
            106.80992126,
            10.95550156
          ],
          [
            106.81105042,
            10.95593357
          ],
          [
            106.81223297,
            10.95612335
          ],
          [
            106.81494904,
            10.95608616
          ],
          [
            106.82020569,
            10.95604897
          ],
          [
            106.82346344,
            10.9560442
          ],
          [
            106.82653046,
            10.95609188
          ],
          [
            106.82859039,
            10.95676517
          ],
          [
            106.8309021,
            10.95845604
          ],
          [
            106.8327713,
            10.96042633
          ],
          [
            106.83590698,
            10.96247959
          ],
          [
            106.85388184,
            10.96678829
          ],
          [
            106.85491943,
            10.96232224
          ],
          [
            106.85577393,
            10.96025753
          ],
          [
            106.85641479,
            10.95897198
          ],
          [
            106.85714722,
            10.95821381
          ],
          [
            106.86789703,
            10.95444298
          ],
          [
            106.87148285,
            10.95098782
          ],
          [
            106.86985779,
            10.94860268
          ],
          [
            106.86916351,
            10.94738007
          ],
          [
            106.86873627,
            10.94599533
          ],
          [
            106.86850739,
            10.94480515
          ],
          [
            106.86821747,
            10.94014931
          ],
          [
            106.86820984,
            10.93373871
          ],
          [
            106.86814117,
            10.93052101
          ],
          [
            106.86811066,
            10.92866135
          ],
          [
            106.86803436,
            10.92780781
          ],
          [
            106.8675766,
            10.9261179
          ],
          [
            106.86684418,
            10.92448425
          ],
          [
            106.8660202,
            10.92316818
          ],
          [
            106.86374664,
            10.92081833
          ],
          [
            106.86032104,
            10.91740513
          ],
          [
            106.8534317,
            10.9104948
          ],
          [
            106.84882355,
            10.90594864
          ],
          [
            106.84699249,
            10.9048214
          ],
          [
            106.84664154,
            10.90542698
          ],
          [
            106.84557343,
            10.90475273
          ],
          [
            106.84499359,
            10.90445805
          ],
          [
            106.84440613,
            10.90416813
          ],
          [
            106.84385681,
            10.90384197
          ],
          [
            106.84384155,
            10.90345192
          ],
          [
            106.84236145,
            10.90275097
          ],
          [
            106.83943939,
            10.90172958
          ],
          [
            106.83365631,
            10.89966106
          ],
          [
            106.83365631,
            10.89966106
          ],
          [
            106.83365631,
            10.89966106
          ],
          [
            106.83365631,
            10.89966106
          ],
          [
            106.82811737,
            10.89762115
          ],
          [
            106.82701111,
            10.89697266
          ],
          [
            106.82595062,
            10.89618778
          ],
          [
            106.82505798,
            10.89539242
          ],
          [
            106.82432556,
            10.89452362
          ],
          [
            106.82286072,
            10.89262199
          ],
          [
            106.82280731,
            10.89268494
          ],
          [
            106.82280731,
            10.89268494
          ],
          [
            106.82280731,
            10.89268494
          ],
          [
            106.82287598,
            10.89263725
          ],
          [
            106.82254028,
            10.89217091
          ],
          [
            106.82221222,
            10.89170551
          ],
          [
            106.8218689,
            10.89125347
          ],
          [
            106.82151794,
            10.89080143
          ],
          [
            106.82118225,
            10.89034271
          ],
          [
            106.82084656,
            10.889884
          ],
          [
            106.82048798,
            10.88939571
          ],
          [
            106.82013702,
            10.88890743
          ],
          [
            106.82004547,
            10.88896084
          ],
          [
            106.82004547,
            10.88896084
          ],
          [
            106.82004547,
            10.88896084
          ],
          [
            106.82012939,
            10.88888645
          ],
          [
            106.81967926,
            10.88828659
          ],
          [
            106.81923676,
            10.88766003
          ],
          [
            106.81846619,
            10.88659286
          ],
          [
            106.81769562,
            10.8855257
          ],
          [
            106.81689453,
            10.88448334
          ],
          [
            106.81613159,
            10.88341331
          ],
          [
            106.81536102,
            10.88234711
          ],
          [
            106.81459045,
            10.88127995
          ],
          [
            106.81381989,
            10.88020039
          ],
          [
            106.81356049,
            10.87978935
          ],
          [
            106.81300354,
            10.87917042
          ],
          [
            106.81291962,
            10.87924099
          ],
          [
            106.81291962,
            10.87924099
          ],
          [
            106.81161499,
            10.87736034
          ],
          [
            106.81098938,
            10.87713909
          ],
          [
            106.80980682,
            10.87557507
          ],
          [
            106.80905151,
            10.87453175
          ],
          [
            106.80828857,
            10.87345695
          ],
          [
            106.80815887,
            10.87330437
          ],
          [
            106.80797577,
            10.8732729
          ],
          [
            106.80731201,
            10.87235069
          ],
          [
            106.80697632,
            10.87188148
          ],
          [
            106.80665588,
            10.87140179
          ],
          [
            106.80665588,
            10.87140179
          ],
          [
            106.80635071,
            10.87096024
          ],
          [
            106.80551147,
            10.8699646
          ],
          [
            106.80448151,
            10.86894226
          ],
          [
            106.80416107,
            10.86859989
          ],
          [
            106.80402374,
            10.8681097
          ],
          [
            106.80393982,
            10.86782551
          ],
          [
            106.80361938,
            10.86756229
          ],
          [
            106.8030014,
            10.86715126
          ],
          [
            106.80238342,
            10.86676598
          ],
          [
            106.80111694,
            10.86604977
          ],
          [
            106.80111694,
            10.86604977
          ],
          [
            106.80111694,
            10.86604977
          ],
          [
            106.80111694,
            10.86604977
          ],
          [
            106.80111694,
            10.86604977
          ],
          [
            106.80111694,
            10.86604977
          ],
          [
            106.80115509,
            10.86597061
          ],
          [
            106.80004883,
            10.86532593
          ],
          [
            106.7989502,
            10.86468029
          ],
          [
            106.79875946,
            10.86464977
          ],
          [
            106.79828644,
            10.86450958
          ],
          [
            106.79799652,
            10.86443996
          ],
          [
            106.7976532,
            10.86439991
          ],
          [
            106.79727173,
            10.86441994
          ],
          [
            106.79627228,
            10.8645401
          ],
          [
            106.79530334,
            10.86468029
          ],
          [
            106.7949295,
            10.86474991
          ],
          [
            106.79467773,
            10.86483002
          ],
          [
            106.79414368,
            10.8651104
          ],
          [
            106.79388428,
            10.8652916
          ],
          [
            106.79393768,
            10.86533546
          ],
          [
            106.79393768,
            10.86533546
          ],
          [
            106.79393768,
            10.86533546
          ],
          [
            106.79393768,
            10.86533546
          ],
          [
            106.79393768,
            10.86533546
          ],
          [
            106.79393768,
            10.86533546
          ],
          [
            106.79393768,
            10.86533546
          ],
          [
            106.79387665,
            10.86530209
          ],
          [
            106.79307556,
            10.86581802
          ],
          [
            106.79228973,
            10.86629772
          ],
          [
            106.79107666,
            10.86690331
          ],
          [
            106.79109955,
            10.86696053
          ],
          [
            106.79109955,
            10.86696053
          ],
          [
            106.79109955,
            10.86696053
          ],
          [
            106.79109955,
            10.86696053
          ],
          [
            106.79109955,
            10.86696053
          ],
          [
            106.79109955,
            10.86696053
          ],
          [
            106.79107666,
            10.8669138
          ],
          [
            106.79008484,
            10.86714554
          ],
          [
            106.78874207,
            10.86728287
          ],
          [
            106.78726196,
            10.8673296
          ],
          [
            106.78726196,
            10.86740398
          ],
          [
            106.78726196,
            10.86740398
          ],
          [
            106.78726196,
            10.86740398
          ],
          [
            106.78726196,
            10.86740398
          ],
          [
            106.78726196,
            10.86740398
          ],
          [
            106.78726196,
            10.86740398
          ],
          [
            106.78726959,
            10.86731434
          ],
          [
            106.78578186,
            10.86736679
          ],
          [
            106.7842865,
            10.8674202
          ],
          [
            106.78352356,
            10.86748028
          ],
          [
            106.78308105,
            10.8675499
          ],
          [
            106.78216553,
            10.86777306
          ],
          [
            106.78220367,
            10.86786747
          ],
          [
            106.78220367,
            10.86786747
          ],
          [
            106.78220367,
            10.86786747
          ],
          [
            106.78220367,
            10.86786747
          ],
          [
            106.7821579,
            10.8677702
          ],
          [
            106.77870941,
            10.86888027
          ],
          [
            106.77787018,
            10.86915016
          ],
          [
            106.77722168,
            10.86934757
          ],
          [
            106.77725983,
            10.86942673
          ],
          [
            106.77725983,
            10.86942673
          ],
          [
            106.77722931,
            10.8693428
          ],
          [
            106.77604675,
            10.86973
          ],
          [
            106.7748642,
            10.87011719
          ],
          [
            106.77493286,
            10.87025356
          ],
          [
            106.77493286,
            10.87025356
          ],
          [
            106.77493286,
            10.87025356
          ],
          [
            106.77082062,
            10.87157059
          ],
          [
            106.76824951,
            10.87241936
          ],
          [
            106.76821899,
            10.87230873
          ],
          [
            106.76711273,
            10.87266922
          ],
          [
            106.7660141,
            10.87303066
          ],
          [
            106.76506042,
            10.87337971
          ],
          [
            106.76233673,
            10.87427998
          ],
          [
            106.76203918,
            10.87438011
          ],
          [
            106.76209259,
            10.87447357
          ],
          [
            106.76203918,
            10.87438011
          ],
          [
            106.76026917,
            10.87495041
          ],
          [
            106.75898743,
            10.87526989
          ],
          [
            106.75866699,
            10.87534046
          ],
          [
            106.75868988,
            10.87545395
          ],
          [
            106.75868988,
            10.87545395
          ],
          [
            106.75867462,
            10.87536907
          ],
          [
            106.75791168,
            10.87551689
          ],
          [
            106.75714874,
            10.87566471
          ],
          [
            106.75637817,
            10.87581158
          ],
          [
            106.75561523,
            10.8759594
          ],
          [
            106.75563049,
            10.87604904
          ],
          [
            106.75563049,
            10.87604904
          ],
          [
            106.75563049,
            10.87604904
          ],
          [
            106.75563049,
            10.87604904
          ],
          [
            106.75563049,
            10.87604904
          ],
          [
            106.75561523,
            10.87592793
          ],
          [
            106.75421906,
            10.87615967
          ],
          [
            106.75382996,
            10.87617016
          ],
          [
            106.75346375,
            10.87615013
          ],
          [
            106.75312805,
            10.87609959
          ],
          [
            106.75231934,
            10.87590027
          ],
          [
            106.75132751,
            10.8755703
          ],
          [
            106.74894714,
            10.87480068
          ],
          [
            106.74656677,
            10.87403107
          ],
          [
            106.74652863,
            10.87411499
          ],
          [
            106.74652863,
            10.87411499
          ],
          [
            106.74652863,
            10.87411499
          ],
          [
            106.74652863,
            10.87411499
          ],
          [
            106.74652863,
            10.87411499
          ],
          [
            106.74655151,
            10.87403107
          ],
          [
            106.74543762,
            10.87366772
          ],
          [
            106.7443161,
            10.87330437
          ],
          [
            106.74429321,
            10.87337303
          ],
          [
            106.74429321,
            10.87337303
          ],
          [
            106.74429321,
            10.87337303
          ],
          [
            106.74432373,
            10.87330437
          ],
          [
            106.74311066,
            10.87288284
          ],
          [
            106.74188995,
            10.87254047
          ],
          [
            106.74085999,
            10.87227726
          ],
          [
            106.73992157,
            10.87209225
          ],
          [
            106.73991394,
            10.87217712
          ],
          [
            106.73991394,
            10.87217712
          ],
          [
            106.73991394,
            10.87217712
          ],
          [
            106.73993683,
            10.87209797
          ],
          [
            106.73836517,
            10.87190247
          ],
          [
            106.73750305,
            10.87177658
          ],
          [
            106.73639679,
            10.87151814
          ],
          [
            106.73532104,
            10.8711338
          ],
          [
            106.7345047,
            10.87074375
          ],
          [
            106.73447418,
            10.87082767
          ],
          [
            106.73447418,
            10.87082767
          ],
          [
            106.73447418,
            10.87082767
          ],
          [
            106.73447418,
            10.87082767
          ],
          [
            106.73451996,
            10.87075996
          ],
          [
            106.733078,
            10.87003994
          ],
          [
            106.73206329,
            10.86951065
          ],
          [
            106.72918701,
            10.86807823
          ],
          [
            106.72915649,
            10.86812019
          ],
          [
            106.72915649,
            10.86812019
          ],
          [
            106.72915649,
            10.86812019
          ],
          [
            106.72653198,
            10.86666965
          ],
          [
            106.72357941,
            10.86522007
          ],
          [
            106.71989441,
            10.863451
          ],
          [
            106.71989441,
            10.863451
          ],
          [
            106.71989441,
            10.863451
          ],
          [
            106.71694183,
            10.86185074
          ],
          [
            106.71309662,
            10.85997009
          ],
          [
            106.71309662,
            10.85997009
          ],
          [
            106.71309662,
            10.85997009
          ],
          [
            106.7131424,
            10.85988045
          ],
          [
            106.71234131,
            10.85947037
          ],
          [
            106.71154022,
            10.85908985
          ],
          [
            106.71115875,
            10.85896969
          ],
          [
            106.71031189,
            10.85883713
          ],
          [
            106.70943451,
            10.85883713
          ],
          [
            106.7077179,
            10.85905361
          ],
          [
            106.70772552,
            10.85914803
          ],
          [
            106.70772552,
            10.85914803
          ],
          [
            106.70772552,
            10.85914803
          ],
          [
            106.70772552,
            10.85914803
          ],
          [
            106.70772552,
            10.85908031
          ],
          [
            106.70605469,
            10.859272
          ],
          [
            106.70438385,
            10.85946465
          ],
          [
            106.7027359,
            10.85969353
          ],
          [
            106.70108032,
            10.85992241
          ],
          [
            106.70108795,
            10.86000729
          ],
          [
            106.70108795,
            10.86000729
          ],
          [
            106.70108795,
            10.86000729
          ],
          [
            106.70108795,
            10.86000729
          ],
          [
            106.70105743,
            10.85989094
          ],
          [
            106.69965363,
            10.86005974
          ],
          [
            106.69824219,
            10.86022854
          ],
          [
            106.69683838,
            10.86039639
          ],
          [
            106.69543457,
            10.86056519
          ],
          [
            106.69544983,
            10.86065006
          ],
          [
            106.69544983,
            10.86065006
          ],
          [
            106.69544983,
            10.86065006
          ],
          [
            106.69544983,
            10.86065006
          ],
          [
            106.69544983,
            10.8605442
          ],
          [
            106.69393921,
            10.86067104
          ],
          [
            106.69243622,
            10.86079693
          ],
          [
            106.69091797,
            10.86088657
          ],
          [
            106.68940735,
            10.86097622
          ],
          [
            106.68941498,
            10.86104012
          ],
          [
            106.68941498,
            10.86104012
          ],
          [
            106.68941498,
            10.86104012
          ],
          [
            106.68941498,
            10.86104012
          ],
          [
            106.68941498,
            10.86104012
          ],
          [
            106.68942261,
            10.86098194
          ],
          [
            106.68836212,
            10.86104774
          ],
          [
            106.68730164,
            10.86111355
          ],
          [
            106.68623352,
            10.86117935
          ],
          [
            106.68517303,
            10.86124516
          ],
          [
            106.68517303,
            10.86132431
          ],
          [
            106.68517303,
            10.86132431
          ],
          [
            106.68517303,
            10.86132431
          ],
          [
            106.68517303,
            10.86132431
          ],
          [
            106.68517303,
            10.86132431
          ],
          [
            106.68517303,
            10.86124516
          ],
          [
            106.68370819,
            10.86132908
          ],
          [
            106.68223572,
            10.86141872
          ],
          [
            106.68079376,
            10.86150837
          ],
          [
            106.67935181,
            10.86159801
          ],
          [
            106.67935181,
            10.86172485
          ],
          [
            106.67935181,
            10.86172485
          ],
          [
            106.67935181,
            10.86172485
          ],
          [
            106.67936707,
            10.86163998
          ],
          [
            106.67700195,
            10.8618145
          ],
          [
            106.67456055,
            10.86190891
          ],
          [
            106.67456055,
            10.86196709
          ],
          [
            106.67456055,
            10.86196709
          ],
          [
            106.67456055,
            10.86196709
          ],
          [
            106.67456055,
            10.86187172
          ],
          [
            106.67279816,
            10.86183834
          ],
          [
            106.67102814,
            10.86180401
          ],
          [
            106.66924286,
            10.86179352
          ],
          [
            106.66746521,
            10.86178303
          ],
          [
            106.66745758,
            10.86187744
          ],
          [
            106.66745758,
            10.86187744
          ],
          [
            106.66745758,
            10.86187744
          ],
          [
            106.66745758,
            10.86187744
          ],
          [
            106.66745758,
            10.86187744
          ],
          [
            106.66745758,
            10.86187744
          ],
          [
            106.66746521,
            10.86177731
          ],
          [
            106.66594696,
            10.86176395
          ],
          [
            106.66442871,
            10.8617506
          ],
          [
            106.66291046,
            10.86172199
          ],
          [
            106.66139221,
            10.86169338
          ],
          [
            106.66139221,
            10.86181927
          ],
          [
            106.66139221,
            10.86181927
          ],
          [
            106.66139221,
            10.86181927
          ],
          [
            106.66139221,
            10.86181927
          ],
          [
            106.66139221,
            10.86181927
          ],
          [
            106.66139221,
            10.86181927
          ],
          [
            106.66139221,
            10.86181927
          ],
          [
            106.66139221,
            10.86181927
          ],
          [
            106.66139221,
            10.86169338
          ],
          [
            106.66033936,
            10.86173534
          ],
          [
            106.65927887,
            10.86177731
          ],
          [
            106.65822601,
            10.86181927
          ],
          [
            106.65716553,
            10.86186123
          ],
          [
            106.65718079,
            10.86198807
          ],
          [
            106.65718079,
            10.86198807
          ],
          [
            106.65718079,
            10.86198807
          ],
          [
            106.65718079,
            10.86198807
          ],
          [
            106.65718079,
            10.86198807
          ],
          [
            106.65718079,
            10.86198807
          ],
          [
            106.65718079,
            10.86198807
          ],
          [
            106.65718842,
            10.86187744
          ],
          [
            106.65625,
            10.8619194
          ],
          [
            106.65530396,
            10.86196232
          ],
          [
            106.65436554,
            10.86200428
          ],
          [
            106.65341949,
            10.86204624
          ],
          [
            106.65342712,
            10.86211395
          ],
          [
            106.65342712,
            10.86211395
          ],
          [
            106.65342712,
            10.86211395
          ],
          [
            106.65342712,
            10.86211395
          ],
          [
            106.65091705,
            10.86225128
          ],
          [
            106.64981079,
            10.86218834
          ],
          [
            106.64853668,
            10.86176682
          ],
          [
            106.64853668,
            10.86176682
          ],
          [
            106.64853668,
            10.86176682
          ],
          [
            106.64853668,
            10.86176682
          ],
          [
            106.6485672,
            10.86171436
          ],
          [
            106.64717102,
            10.86094189
          ],
          [
            106.64577484,
            10.86017036
          ],
          [
            106.64568329,
            10.86030197
          ],
          [
            106.64568329,
            10.86030197
          ],
          [
            106.64568329,
            10.86030197
          ],
          [
            106.64568329,
            10.86030197
          ],
          [
            106.64568329,
            10.86030197
          ],
          [
            106.64568329,
            10.86030197
          ],
          [
            106.64576721,
            10.86015511
          ],
          [
            106.64382935,
            10.85907459
          ],
          [
            106.64100647,
            10.8575201
          ],
          [
            106.64091492,
            10.85766792
          ],
          [
            106.64091492,
            10.85766792
          ],
          [
            106.64091492,
            10.85766792
          ],
          [
            106.64091492,
            10.85766792
          ],
          [
            106.64091492,
            10.85766792
          ],
          [
            106.64091492,
            10.85766792
          ],
          [
            106.64100647,
            10.857584
          ],
          [
            106.63964844,
            10.85684872
          ],
          [
            106.63828278,
            10.85611343
          ],
          [
            106.63816833,
            10.85625553
          ],
          [
            106.63816833,
            10.85625553
          ],
          [
            106.63816833,
            10.85625553
          ],
          [
            106.63816833,
            10.85625553
          ],
          [
            106.63831329,
            10.8560667
          ],
          [
            106.63687134,
            10.8552866
          ],
          [
            106.63542938,
            10.85450649
          ],
          [
            106.63398743,
            10.85371399
          ],
          [
            106.63254547,
            10.85292149
          ],
          [
            106.63246918,
            10.85304832
          ],
          [
            106.63246918,
            10.85304832
          ],
          [
            106.63246918,
            10.85304832
          ],
          [
            106.63253021,
            10.85295296
          ],
          [
            106.63054657,
            10.85189915
          ],
          [
            106.62851715,
            10.85093975
          ],
          [
            106.62644958,
            10.84998131
          ],
          [
            106.62438202,
            10.84900093
          ],
          [
            106.6243515,
            10.8490696
          ],
          [
            106.6243515,
            10.8490696
          ],
          [
            106.6243515,
            10.8490696
          ],
          [
            106.6243515,
            10.8490696
          ],
          [
            106.62437439,
            10.84899044
          ],
          [
            106.62271881,
            10.84822178
          ],
          [
            106.62108612,
            10.84745216
          ],
          [
            106.6210556,
            10.84749985
          ],
          [
            106.6210556,
            10.84749985
          ],
          [
            106.6210556,
            10.84749985
          ],
          [
            106.6210556,
            10.84749985
          ],
          [
            106.61985779,
            10.84687805
          ],
          [
            106.61800385,
            10.84520817
          ],
          [
            106.6161499,
            10.84356976
          ],
          [
            106.61608124,
            10.84362316
          ],
          [
            106.61608124,
            10.84362316
          ],
          [
            106.61608124,
            10.84362316
          ],
          [
            106.61611938,
            10.84359074
          ],
          [
            106.61515045,
            10.84279537
          ],
          [
            106.61427307,
            10.84194183
          ],
          [
            106.61422729,
            10.84197807
          ],
          [
            106.61422729,
            10.84197807
          ],
          [
            106.61422729,
            10.84197807
          ],
          [
            106.61425018,
            10.84193611
          ],
          [
            106.61339569,
            10.84114552
          ],
          [
            106.61258698,
            10.84033966
          ],
          [
            106.61253357,
            10.84039783
          ],
          [
            106.61253357,
            10.84039783
          ],
          [
            106.61253357,
            10.84039783
          ],
          [
            106.61253357,
            10.84039783
          ],
          [
            106.61253357,
            10.84039783
          ],
          [
            106.6125946,
            10.84033489
          ],
          [
            106.61169434,
            10.83953667
          ],
          [
            106.61079407,
            10.83873844
          ],
          [
            106.6098938,
            10.83794212
          ],
          [
            106.6089859,
            10.83714676
          ],
          [
            106.60801697,
            10.83613491
          ],
          [
            106.60797119,
            10.83616734
          ],
          [
            106.60797119,
            10.83616734
          ],
          [
            106.60797119,
            10.83616734
          ],
          [
            106.60797119,
            10.83616734
          ],
          [
            106.60803223,
            10.83612442
          ],
          [
            106.60694885,
            10.83447075
          ],
          [
            106.60586548,
            10.83262062
          ],
          [
            106.60580444,
            10.83267403
          ],
          [
            106.60580444,
            10.83267403
          ],
          [
            106.60580444,
            10.83267403
          ],
          [
            106.60401917,
            10.82942772
          ],
          [
            106.60321808,
            10.82639885
          ],
          [
            106.60255432,
            10.82331085
          ],
          [
            106.60255432,
            10.82331085
          ],
          [
            106.60255432,
            10.82331085
          ],
          [
            106.60255432,
            10.82331085
          ],
          [
            106.60229492,
            10.82198334
          ],
          [
            106.60202789,
            10.82065487
          ],
          [
            106.60174561,
            10.81932735
          ],
          [
            106.60132599,
            10.81769943
          ],
          [
            106.6010437,
            10.81636143
          ],
          [
            106.60076904,
            10.81502819
          ],
          [
            106.60069275,
            10.81503773
          ],
          [
            106.60069275,
            10.81503773
          ],
          [
            106.60076904,
            10.81502819
          ],
          [
            106.60054016,
            10.8139658
          ],
          [
            106.60031891,
            10.81290436
          ],
          [
            106.60009766,
            10.81184578
          ],
          [
            106.59986877,
            10.81078625
          ],
          [
            106.59978485,
            10.81080723
          ],
          [
            106.59978485,
            10.81080723
          ],
          [
            106.59986115,
            10.81079674
          ],
          [
            106.59962463,
            10.8097086
          ],
          [
            106.59939575,
            10.80861568
          ],
          [
            106.59916687,
            10.80753994
          ],
          [
            106.59893036,
            10.80646515
          ],
          [
            106.59884644,
            10.80646515
          ],
          [
            106.59884644,
            10.80646515
          ],
          [
            106.59893036,
            10.80646515
          ],
          [
            106.59873962,
            10.80554771
          ],
          [
            106.59854126,
            10.80462933
          ],
          [
            106.59835052,
            10.80371094
          ],
          [
            106.59815979,
            10.80279255
          ],
          [
            106.59796906,
            10.80188465
          ],
          [
            106.59777832,
            10.80097771
          ],
          [
            106.59758759,
            10.80006981
          ],
          [
            106.59740448,
            10.79916191
          ],
          [
            106.59733582,
            10.79916668
          ],
          [
            106.59733582,
            10.79916668
          ],
          [
            106.59739685,
            10.79915714
          ],
          [
            106.59725189,
            10.79840851
          ],
          [
            106.5970993,
            10.79765987
          ],
          [
            106.5969162,
            10.79691505
          ],
          [
            106.59674072,
            10.79616928
          ],
          [
            106.59658051,
            10.79542065
          ],
          [
            106.59642792,
            10.79467297
          ],
          [
            106.59627533,
            10.79392433
          ],
          [
            106.59612274,
            10.7931757
          ],
          [
            106.59605408,
            10.79318142
          ],
          [
            106.59605408,
            10.79318142
          ],
          [
            106.59612274,
            10.79316521
          ],
          [
            106.59590912,
            10.79217243
          ],
          [
            106.59570313,
            10.7911787
          ],
          [
            106.59549713,
            10.79018593
          ],
          [
            106.59529114,
            10.7891922
          ],
          [
            106.59522247,
            10.78919697
          ],
          [
            106.59522247,
            10.78919697
          ],
          [
            106.59528351,
            10.78918743
          ],
          [
            106.59509277,
            10.78821182
          ],
          [
            106.5949173,
            10.78723717
          ],
          [
            106.59471893,
            10.78627586
          ],
          [
            106.59451294,
            10.78531361
          ],
          [
            106.5943222,
            10.78447056
          ],
          [
            106.59413147,
            10.78362751
          ],
          [
            106.59394836,
            10.78278732
          ],
          [
            106.59375763,
            10.78194618
          ],
          [
            106.59369659,
            10.7819519
          ],
          [
            106.59369659,
            10.7819519
          ],
          [
            106.59369659,
            10.7819519
          ],
          [
            106.59369659,
            10.7819519
          ],
          [
            106.59377289,
            10.7819252
          ],
          [
            106.59354401,
            10.7807579
          ],
          [
            106.5933075,
            10.77959061
          ],
          [
            106.59326172,
            10.7796011
          ],
          [
            106.59326172,
            10.7796011
          ],
          [
            106.59326172,
            10.7796011
          ],
          [
            106.59326172,
            10.7796011
          ],
          [
            106.59326172,
            10.7796011
          ],
          [
            106.59326172,
            10.7796011
          ],
          [
            106.5933075,
            10.77958584
          ],
          [
            106.59288025,
            10.77752304
          ],
          [
            106.59244537,
            10.77545929
          ],
          [
            106.59237671,
            10.7754755
          ],
          [
            106.59237671,
            10.77547646
          ],
          [
            106.59237671,
            10.77547646
          ],
          [
            106.59237671,
            10.77547646
          ],
          [
            106.59237671,
            10.77547646
          ],
          [
            106.59237671,
            10.7754755
          ],
          [
            106.59243011,
            10.77545929
          ],
          [
            106.59210205,
            10.77389431
          ],
          [
            106.59176636,
            10.77232933
          ],
          [
            106.59166718,
            10.77233982
          ],
          [
            106.59166718,
            10.77233982
          ],
          [
            106.59166718,
            10.77233982
          ],
          [
            106.59166718,
            10.77233982
          ],
          [
            106.59166718,
            10.77233982
          ],
          [
            106.59166718,
            10.77233982
          ],
          [
            106.59177399,
            10.77232361
          ],
          [
            106.59135437,
            10.77043438
          ],
          [
            106.59093475,
            10.76854515
          ],
          [
            106.59093475,
            10.76854515
          ],
          [
            106.59093475,
            10.76854515
          ],
          [
            106.59093475,
            10.76854515
          ],
          [
            106.59098053,
            10.76854038
          ],
          [
            106.59059906,
            10.76671982
          ],
          [
            106.59052277,
            10.76624012
          ],
          [
            106.59043884,
            10.76539993
          ],
          [
            106.59044647,
            10.76469994
          ],
          [
            106.59050751,
            10.76410007
          ],
          [
            106.59056854,
            10.76379013
          ],
          [
            106.59078979,
            10.76241589
          ],
          [
            106.59068298,
            10.76240063
          ],
          [
            106.59068298,
            10.76240063
          ],
          [
            106.59068298,
            10.76240063
          ],
          [
            106.59078217,
            10.76241112
          ],
          [
            106.59092712,
            10.76160336
          ],
          [
            106.59107971,
            10.76079559
          ],
          [
            106.59120941,
            10.75998783
          ],
          [
            106.59134674,
            10.75897026
          ],
          [
            106.5914917,
            10.75802612
          ],
          [
            106.5914917,
            10.75802612
          ],
          [
            106.5914917,
            10.75802612
          ],
          [
            106.5914917,
            10.75802612
          ],
          [
            106.59157562,
            10.75745964
          ],
          [
            106.59165955,
            10.75689316
          ],
          [
            106.5917511,
            10.75632954
          ],
          [
            106.59185028,
            10.75576591
          ],
          [
            106.59185028,
            10.75576591
          ],
          [
            106.59185028,
            10.75576591
          ],
          [
            106.59198761,
            10.755023
          ],
          [
            106.59211731,
            10.75427914
          ],
          [
            106.59225464,
            10.75353622
          ],
          [
            106.59239197,
            10.75279331
          ],
          [
            106.59239197,
            10.75279331
          ],
          [
            106.59239197,
            10.75279331
          ],
          [
            106.59247589,
            10.75279808
          ],
          [
            106.5928421,
            10.75125408
          ],
          [
            106.5933075,
            10.75017357
          ],
          [
            106.59536743,
            10.74689865
          ],
          [
            106.59536743,
            10.74689865
          ],
          [
            106.59536743,
            10.74689865
          ],
          [
            106.59536743,
            10.74689865
          ],
          [
            106.59605408,
            10.74586487
          ],
          [
            106.59661102,
            10.74499989
          ],
          [
            106.59706879,
            10.7442627
          ],
          [
            106.59751892,
            10.74352646
          ],
          [
            106.59751892,
            10.74352646
          ],
          [
            106.59751892,
            10.74352646
          ],
          [
            106.59806824,
            10.74264431
          ],
          [
            106.59862518,
            10.74176311
          ],
          [
            106.5991745,
            10.74088192
          ],
          [
            106.59972382,
            10.74000072
          ],
          [
            106.59972382,
            10.74000072
          ],
          [
            106.60070801,
            10.73845959
          ],
          [
            106.60172272,
            10.73686028
          ],
          [
            106.60208893,
            10.73622036
          ],
          [
            106.6020813,
            10.73620415
          ],
          [
            106.6020813,
            10.73620415
          ],
          [
            106.60237122,
            10.73562717
          ],
          [
            106.60271454,
            10.73428822
          ],
          [
            106.60268402,
            10.73343468
          ],
          [
            106.60238647,
            10.73167801
          ],
          [
            106.6020813,
            10.72992039
          ],
          [
            106.60147858,
            10.7264061
          ],
          [
            106.60128784,
            10.7250061
          ],
          [
            106.60108948,
            10.72360516
          ],
          [
            106.60150909,
            10.7233839
          ],
          [
            106.60192108,
            10.72385311
          ],
          [
            106.60223389,
            10.72437477
          ],
          [
            106.6023407,
            10.7243166
          ],
          [
            106.6023407,
            10.7243166
          ],
          [
            106.6023407,
            10.7243166
          ],
          [
            106.60288239,
            10.72501755
          ],
          [
            106.60360718,
            10.72560787
          ],
          [
            106.60436249,
            10.72610378
          ],
          [
            106.60519409,
            10.72658253
          ],
          [
            106.60519409,
            10.72658253
          ],
          [
            106.60760498,
            10.72832012
          ],
          [
            106.60760498,
            10.72832012
          ],
          [
            106.6089325,
            10.72914886
          ],
          [
            106.61025238,
            10.72997665
          ],
          [
            106.61025238,
            10.72997665
          ],
          [
            106.61161804,
            10.73212719
          ],
          [
            106.6129837,
            10.73427773
          ],
          [
            106.6129837,
            10.73427773
          ],
          [
            106.61394501,
            10.73590946
          ],
          [
            106.61490631,
            10.7375412
          ],
          [
            106.61490631,
            10.7375412
          ],
          [
            106.61568451,
            10.73867416
          ],
          [
            106.61686707,
            10.73966503
          ],
          [
            106.61686707,
            10.73966503
          ],
          [
            106.61686707,
            10.73966503
          ],
          [
            106.61686707,
            10.73966503
          ],
          [
            106.61686707,
            10.73966503
          ],
          [
            106.61686707,
            10.73966503
          ],
          [
            106.61679077,
            10.73972225
          ],
          [
            106.61844635,
            10.74102974
          ],
          [
            106.61856842,
            10.74085045
          ],
          [
            106.61933136,
            10.74150944
          ],
          [
            106.6195755,
            10.74120331
          ],
          [
            106.6193161,
            10.74101925
          ],
          [
            106.61979675,
            10.7404871
          ],
          [
            106.61917877,
            10.7399807
          ],
          [
            106.61953735,
            10.73956966
          ],
          [
            106.61943817,
            10.73948574
          ]
        ]
      },
      "properties": {
        "feature_type": "route_path",
        "stt": 10,
        "route_id": 81,
        "route_no": "60-1",
        "display_code": "B 60-1",
        "route_name": "Bến xe Miền Tây - Bến xe Biên Hòa",
        "direction": "Lượt về",
        "outbound": false,
        "start_point": "Bến xe Miền Tây",
        "end_point": "Bến xe Biên Hòa",
        "start_stop": "Bến xe Biên Hòa",
        "end_stop": "Bến xe Miền Tây",
        "distance_km": 61.44,
        "listed_length_km": 62,
        "running_time_min": 130,
        "operating_hours": "4:45 - 18:30",
        "stroke": "#43A047",
        "stroke_width": 4,
        "stroke_opacity": 0.85
      }
    },
    {
      "type": "Feature",
      "geometry": {
        "type": "Point",
        "coordinates": [
          106.619438,
          10.739486
        ]
      },
      "properties": {
        "feature_type": "bus_stop",
        "stop_id": 725,
        "stop_code": "BX 46",
        "stop_name": "Bến xe Miền Tây",
        "stop_type": "Bến xe",
        "route_no": "60-1",
        "display_code": "B 60-1",
        "direction": "Lượt đi",
        "address": "Bến xe Miền Tây Kinh Dương Vương",
        "street": "Kinh Dương Vương",
        "zone": "Quận Bình Tân",
        "ward": null,
        "all_routes": "10, 102, 139, 14, 148, 151, 32, 39, 41, 60-1, 91",
        "marker_color": "#43A047"
      }
    },
    {
      "type": "Feature",
      "geometry": {
        "type": "Point",
        "coordinates": [
          106.615362,
          10.738774
        ]
      },
      "properties": {
        "feature_type": "bus_stop",
        "stop_id": 630,
        "stop_code": "QBT 014",
        "stop_name": "Bệnh viện Triều An",
        "stop_type": "Trụ dừng",
        "route_no": "60-1",
        "display_code": "B 60-1",
        "direction": "Lượt đi",
        "address": "480 (EXIMBANK) Kinh Dương Vương",
        "street": "Kinh Dương Vương",
        "zone": "Quận Bình Tân",
        "ward": "Phường An Lạc",
        "all_routes": "09, 102, 151, 25, 39, 41, 60-1, 61, 62-1, 62-10, 62-2, 62-8, 63-1, 84",
        "marker_color": "#43A047"
      }
    },
    {
      "type": "Feature",
      "geometry": {
        "type": "Point",
        "coordinates": [
          106.613144,
          10.735138
        ]
      },
      "properties": {
        "feature_type": "bus_stop",
        "stop_id": 631,
        "stop_code": "QBT 015",
        "stop_name": "Hàng Dương",
        "stop_type": "Trụ dừng",
        "route_no": "60-1",
        "display_code": "B 60-1",
        "direction": "Lượt đi",
        "address": "548 Kinh Dương Vương",
        "street": "Kinh Dương Vương",
        "zone": "Quận Bình Tân",
        "ward": "Phường An Lạc",
        "all_routes": "09, 102, 151, 39, 60-1, 61, 62-1, 62-10, 62-2, 62-8, 63-1, 84",
        "marker_color": "#43A047"
      }
    },
    {
      "type": "Feature",
      "geometry": {
        "type": "Point",
        "coordinates": [
          106.611028,
          10.731674
        ]
      },
      "properties": {
        "feature_type": "bus_stop",
        "stop_id": 632,
        "stop_code": "QBT 016",
        "stop_name": "SinCo",
        "stop_type": "Nhà chờ",
        "route_no": "60-1",
        "display_code": "B 60-1",
        "direction": "Lượt đi",
        "address": "Đối diện nhà trọ Thanh Trường Kinh Dương Vương",
        "street": "Kinh Dương Vương",
        "zone": "Quận Bình Tân",
        "ward": null,
        "all_routes": "09, 102, 151, 39, 60-1, 61, 62-1, 62-10, 62-2, 62-8, 63-1, 84",
        "marker_color": "#43A047"
      }
    },
    {
      "type": "Feature",
      "geometry": {
        "type": "Point",
        "coordinates": [
          106.608276,
          10.729014
        ]
      },
      "properties": {
        "feature_type": "bus_stop",
        "stop_id": 633,
        "stop_code": "QBT 017",
        "stop_name": "Hoa hồng",
        "stop_type": "Trụ dừng",
        "route_no": "60-1",
        "display_code": "B 60-1",
        "direction": "Lượt đi",
        "address": "620 Kinh Dương Vương",
        "street": "Kinh Dương Vương",
        "zone": "Quận Bình Tân",
        "ward": "Phường An Lạc",
        "all_routes": "09, 102, 151, 39, 60-1, 61, 62-1, 62-10, 62-2, 62-8, 63-1, 84",
        "marker_color": "#43A047"
      }
    },
    {
      "type": "Feature",
      "geometry": {
        "type": "Point",
        "coordinates": [
          106.605751,
          10.72733
        ]
      },
      "properties": {
        "feature_type": "bus_stop",
        "stop_id": 634,
        "stop_code": "QBT 018",
        "stop_name": "An Lạc",
        "stop_type": "Trụ dừng",
        "route_no": "60-1",
        "display_code": "B 60-1",
        "direction": "Lượt đi",
        "address": "676 Kinh Dương Vương",
        "street": "Kinh Dương Vương",
        "zone": "Quận Bình Tân",
        "ward": null,
        "all_routes": "09, 102, 60-1, 61, 62-1, 62-10, 62-2, 62-8, 63-1, 84",
        "marker_color": "#43A047"
      }
    },
    {
      "type": "Feature",
      "geometry": {
        "type": "Point",
        "coordinates": [
          106.603027,
          10.725466
        ]
      },
      "properties": {
        "feature_type": "bus_stop",
        "stop_id": 635,
        "stop_code": "QBT 019",
        "stop_name": "Thời trang",
        "stop_type": "Trụ dừng",
        "route_no": "60-1",
        "display_code": "B 60-1",
        "direction": "Lượt đi",
        "address": "724 Kinh Dương Vương",
        "street": "Kinh Dương Vương",
        "zone": "Quận Bình Tân",
        "ward": null,
        "all_routes": "09, 102, 60-1, 61, 62-1, 62-10, 62-2, 62-8, 63-1, 84",
        "marker_color": "#43A047"
      }
    },
    {
      "type": "Feature",
      "geometry": {
        "type": "Point",
        "coordinates": [
          106.601364,
          10.737657
        ]
      },
      "properties": {
        "feature_type": "bus_stop",
        "stop_id": 1856,
        "stop_code": "QBT 051",
        "stop_name": "Trạm Điện Quốc lộ 1A",
        "stop_type": "Ô sơn",
        "route_no": "60-1",
        "display_code": "B 60-1",
        "direction": "Lượt đi",
        "address": "1229C Quốc lộ 1A",
        "street": "Quốc lộ 1A",
        "zone": "Quận Bình Tân",
        "ward": "Phường Bình Trị Đông B",
        "all_routes": "15, 151, 60-1",
        "marker_color": "#43A047"
      }
    },
    {
      "type": "Feature",
      "geometry": {
        "type": "Point",
        "coordinates": [
          106.598442,
          10.742307
        ]
      },
      "properties": {
        "feature_type": "bus_stop",
        "stop_id": 1854,
        "stop_code": "QBT 052",
        "stop_name": "Công ty Hai Thành",
        "stop_type": "Trụ dừng",
        "route_no": "60-1",
        "display_code": "B 60-1",
        "direction": "Lượt đi",
        "address": "E4/48 Quốc lộ 1A",
        "street": "Quốc lộ 1A",
        "zone": "Quận Bình Tân",
        "ward": null,
        "all_routes": "15, 151, 60-1",
        "marker_color": "#43A047"
      }
    },
    {
      "type": "Feature",
      "geometry": {
        "type": "Point",
        "coordinates": [
          106.595078,
          10.747634
        ]
      },
      "properties": {
        "feature_type": "bus_stop",
        "stop_id": 1857,
        "stop_code": "QBT 053",
        "stop_name": "Công ty Pouyuen",
        "stop_type": "Nhà chờ",
        "route_no": "60-1",
        "display_code": "B 60-1",
        "direction": "Lượt đi",
        "address": "Công ty Pouyuen Quốc lộ 1A",
        "street": "Quốc lộ 1A",
        "zone": "Quận Bình Tân",
        "ward": null,
        "all_routes": "15, 151, 60-1",
        "marker_color": "#43A047"
      }
    },
    {
      "type": "Feature",
      "geometry": {
        "type": "Point",
        "coordinates": [
          106.592692,
          10.752967
        ]
      },
      "properties": {
        "feature_type": "bus_stop",
        "stop_id": 1858,
        "stop_code": "QBT 054",
        "stop_name": "KCN Tân Tạo",
        "stop_type": "Nhà chờ",
        "route_no": "60-1",
        "display_code": "B 60-1",
        "direction": "Lượt đi",
        "address": "56 Quốc lộ 1A",
        "street": "Quốc lộ 1A",
        "zone": "Quận Bình Tân",
        "ward": null,
        "all_routes": "15, 151, 60-1",
        "marker_color": "#43A047"
      }
    },
    {
      "type": "Feature",
      "geometry": {
        "type": "Point",
        "coordinates": [
          106.591858,
          10.757884
        ]
      },
      "properties": {
        "feature_type": "bus_stop",
        "stop_id": 1861,
        "stop_code": "QBT 056",
        "stop_name": "Trạm xăng số 5",
        "stop_type": "Ô sơn",
        "route_no": "60-1",
        "display_code": "B 60-1",
        "direction": "Lượt đi",
        "address": "1137 (D11/89A) Quốc lộ 1A",
        "street": "Quốc lộ 1A",
        "zone": "Quận Bình Tân",
        "ward": "Phường Tân Tạo",
        "all_routes": "15, 151, 25, 60-1",
        "marker_color": "#43A047"
      }
    },
    {
      "type": "Feature",
      "geometry": {
        "type": "Point",
        "coordinates": [
          106.590927,
          10.763075
        ]
      },
      "properties": {
        "feature_type": "bus_stop",
        "stop_id": 1863,
        "stop_code": "QBT 057",
        "stop_name": "Chung cư Tân Mai",
        "stop_type": "Trụ dừng",
        "route_no": "60-1",
        "display_code": "B 60-1",
        "direction": "Lượt đi",
        "address": "Đối diện 952 Quốc lộ 1A",
        "street": "Quốc lộ 1A",
        "zone": "Quận Bình Tân",
        "ward": null,
        "all_routes": "15, 151, 25, 60-1",
        "marker_color": "#43A047"
      }
    },
    {
      "type": "Feature",
      "geometry": {
        "type": "Point",
        "coordinates": [
          106.591148,
          10.768476
        ]
      },
      "properties": {
        "feature_type": "bus_stop",
        "stop_id": 1865,
        "stop_code": "QBT 058",
        "stop_name": "Hương lộ 2",
        "stop_type": "Ô sơn",
        "route_no": "60-1",
        "display_code": "B 60-1",
        "direction": "Lượt đi",
        "address": "1083A Quốc lộ 1A",
        "street": "Quốc lộ 1A",
        "zone": "Quận Bình Tân",
        "ward": null,
        "all_routes": "15, 151, 25, 60-1",
        "marker_color": "#43A047"
      }
    },
    {
      "type": "Feature",
      "geometry": {
        "type": "Point",
        "coordinates": [
          106.591965,
          10.772055
        ]
      },
      "properties": {
        "feature_type": "bus_stop",
        "stop_id": 1893,
        "stop_code": "QBT 059",
        "stop_name": "Hương lộ 2",
        "stop_type": "Ô sơn",
        "route_no": "60-1",
        "display_code": "B 60-1",
        "direction": "Lượt đi",
        "address": "1069 Quốc lộ 1A",
        "street": "Quốc lộ 1A",
        "zone": "Quận Bình Tân",
        "ward": null,
        "all_routes": "151, 60-1",
        "marker_color": "#43A047"
      }
    },
    {
      "type": "Feature",
      "geometry": {
        "type": "Point",
        "coordinates": [
          106.592667,
          10.77548
        ]
      },
      "properties": {
        "feature_type": "bus_stop",
        "stop_id": 1886,
        "stop_code": "QBT 060",
        "stop_name": "Ao Đôi",
        "stop_type": "Trụ dừng",
        "route_no": "60-1",
        "display_code": "B 60-1",
        "direction": "Lượt đi",
        "address": "1015 (Ao Đôi) Quốc lộ 1A",
        "street": "Quốc lộ 1A",
        "zone": "Quận Bình Tân",
        "ward": "Phường Bình Trị Đông A",
        "all_routes": "151, 60-1",
        "marker_color": "#43A047"
      }
    },
    {
      "type": "Feature",
      "geometry": {
        "type": "Point",
        "coordinates": [
          106.593506,
          10.77957
        ]
      },
      "properties": {
        "feature_type": "bus_stop",
        "stop_id": 1887,
        "stop_code": "QBT 061",
        "stop_name": "Khu phố 1",
        "stop_type": "Ô sơn",
        "route_no": "60-1",
        "display_code": "B 60-1",
        "direction": "Lượt đi",
        "address": "853 Quốc lộ 1A",
        "street": "Quốc lộ 1A",
        "zone": "Quận Bình Tân",
        "ward": "Phường Bình Hưng Hoà A",
        "all_routes": "151, 60-1",
        "marker_color": "#43A047"
      }
    },
    {
      "type": "Feature",
      "geometry": {
        "type": "Point",
        "coordinates": [
          106.59404,
          10.781994
        ]
      },
      "properties": {
        "feature_type": "bus_stop",
        "stop_id": 1895,
        "stop_code": "QBT 062",
        "stop_name": "Sơn Expo",
        "stop_type": "Nhà chờ",
        "route_no": "60-1",
        "display_code": "B 60-1",
        "direction": "Lượt đi",
        "address": "Sơn Expo Quốc lộ 1A",
        "street": "Quốc lộ 1A",
        "zone": "Quận Bình Tân",
        "ward": "Phường Bình Hưng Hoà A",
        "all_routes": "151, 60-1",
        "marker_color": "#43A047"
      }
    },
    {
      "type": "Feature",
      "geometry": {
        "type": "Point",
        "coordinates": [
          106.595519,
          10.788855
        ]
      },
      "properties": {
        "feature_type": "bus_stop",
        "stop_id": 1888,
        "stop_code": "QBT 063",
        "stop_name": "Tân Kỳ Tân Quý",
        "stop_type": "Ô sơn",
        "route_no": "60-1",
        "display_code": "B 60-1",
        "direction": "Lượt đi",
        "address": "813 Quốc lộ 1A",
        "street": "Quốc lộ 1A",
        "zone": "Quận Bình Tân",
        "ward": "Phường Bình Hưng Hoà A",
        "all_routes": "151, 60-1",
        "marker_color": "#43A047"
      }
    },
    {
      "type": "Feature",
      "geometry": {
        "type": "Point",
        "coordinates": [
          106.59612,
          10.791516
        ]
      },
      "properties": {
        "feature_type": "bus_stop",
        "stop_id": 1898,
        "stop_code": "QBT 064",
        "stop_name": "Tân Kỳ Tân Quý",
        "stop_type": "Trụ dừng",
        "route_no": "60-1",
        "display_code": "B 60-1",
        "direction": "Lượt đi",
        "address": "741 Quốc lộ 1A",
        "street": "Quốc lộ 1A",
        "zone": "Quận Bình Tân",
        "ward": "Phường Bình Hưng Hòa",
        "all_routes": "151, 60-1",
        "marker_color": "#43A047"
      }
    },
    {
      "type": "Feature",
      "geometry": {
        "type": "Point",
        "coordinates": [
          106.597488,
          10.798193
        ]
      },
      "properties": {
        "feature_type": "bus_stop",
        "stop_id": 1892,
        "stop_code": "QBT 065",
        "stop_name": "Phát Đạt",
        "stop_type": "Trụ dừng",
        "route_no": "60-1",
        "display_code": "B 60-1",
        "direction": "Lượt đi",
        "address": "605A (601) Quốc lộ 1A",
        "street": "Quốc lộ 1A",
        "zone": "Quận Bình Tân",
        "ward": "Phường Bình Hưng Hòa",
        "all_routes": "151, 60-1",
        "marker_color": "#43A047"
      }
    },
    {
      "type": "Feature",
      "geometry": {
        "type": "Point",
        "coordinates": [
          106.598716,
          10.804131
        ]
      },
      "properties": {
        "feature_type": "bus_stop",
        "stop_id": 1900,
        "stop_code": "QBT 066",
        "stop_name": "Trạm cân số 1",
        "stop_type": "Ô sơn",
        "route_no": "60-1",
        "display_code": "B 60-1",
        "direction": "Lượt đi",
        "address": "497 Quốc lộ 1A",
        "street": "Quốc lộ 1A",
        "zone": "Quận Bình Tân",
        "ward": "Phường Bình Hưng Hòa",
        "all_routes": "151, 60-1",
        "marker_color": "#43A047"
      }
    },
    {
      "type": "Feature",
      "geometry": {
        "type": "Point",
        "coordinates": [
          106.599323,
          10.806871
        ]
      },
      "properties": {
        "feature_type": "bus_stop",
        "stop_id": 1894,
        "stop_code": "QBT 067",
        "stop_name": "Khu phố 3 (T H P)",
        "stop_type": "Ô sơn",
        "route_no": "60-1",
        "display_code": "B 60-1",
        "direction": "Lượt đi",
        "address": "461 Quốc lộ 1A",
        "street": "Quốc lộ 1A",
        "zone": "Quận Bình Tân",
        "ward": "Phường Bình Hưng Hòa",
        "all_routes": "151, 60-1",
        "marker_color": "#43A047"
      }
    },
    {
      "type": "Feature",
      "geometry": {
        "type": "Point",
        "coordinates": [
          106.600412,
          10.811935
        ]
      },
      "properties": {
        "feature_type": "bus_stop",
        "stop_id": 1902,
        "stop_code": "QBT 068",
        "stop_name": "Cửa hàng Thảo Vân (Thành Vịnh)",
        "stop_type": "Ô sơn",
        "route_no": "60-1",
        "display_code": "B 60-1",
        "direction": "Lượt đi",
        "address": "383 Quốc lộ 1A",
        "street": "Quốc lộ 1A",
        "zone": "Quận Bình Tân",
        "ward": "Phường Bình Hưng Hòa",
        "all_routes": "151, 60-1",
        "marker_color": "#43A047"
      }
    },
    {
      "type": "Feature",
      "geometry": {
        "type": "Point",
        "coordinates": [
          106.600996,
          10.814696
        ]
      },
      "properties": {
        "feature_type": "bus_stop",
        "stop_id": 1896,
        "stop_code": "QBT 069",
        "stop_name": "Gò Mây",
        "stop_type": "Trụ dừng",
        "route_no": "60-1",
        "display_code": "B 60-1",
        "direction": "Lượt đi",
        "address": "253 Quốc lộ 1A",
        "street": "Quốc lộ 1A",
        "zone": "Quận Bình Tân",
        "ward": "Phường Bình Hưng Hòa",
        "all_routes": "151, 60-1",
        "marker_color": "#43A047"
      }
    },
    {
      "type": "Feature",
      "geometry": {
        "type": "Point",
        "coordinates": [
          106.601593,
          10.817604
        ]
      },
      "properties": {
        "feature_type": "bus_stop",
        "stop_id": 1904,
        "stop_code": "QBT 070",
        "stop_name": "Hội quán (Sài Gòn JSC) ",
        "stop_type": "Trụ dừng",
        "route_no": "60-1",
        "display_code": "B 60-1",
        "direction": "Lượt đi",
        "address": "171 (Tạp phẩm Sài Gòn) Quốc lộ 1A",
        "street": "Quốc lộ 1A",
        "zone": "Quận Bình Tân",
        "ward": "Phường Bình Hưng Hòa",
        "all_routes": "151, 60-1",
        "marker_color": "#43A047"
      }
    },
    {
      "type": "Feature",
      "geometry": {
        "type": "Point",
        "coordinates": [
          106.602333,
          10.820871
        ]
      },
      "properties": {
        "feature_type": "bus_stop",
        "stop_id": 1897,
        "stop_code": "QBT 071",
        "stop_name": "Nồi Hơi",
        "stop_type": "Trụ dừng",
        "route_no": "60-1",
        "display_code": "B 60-1",
        "direction": "Lượt đi",
        "address": "117 Quốc lộ 1A",
        "street": "Quốc lộ 1A",
        "zone": "Quận Bình Tân",
        "ward": "Phường Bình Hưng Hòa",
        "all_routes": "151, 60-1",
        "marker_color": "#43A047"
      }
    },
    {
      "type": "Feature",
      "geometry": {
        "type": "Point",
        "coordinates": [
          106.603855,
          10.827779
        ]
      },
      "properties": {
        "feature_type": "bus_stop",
        "stop_id": 1899,
        "stop_code": "Q12 089",
        "stop_name": "Lộc Ích",
        "stop_type": "Nhà chờ",
        "route_no": "60-1",
        "display_code": "B 60-1",
        "direction": "Lượt đi",
        "address": "168 Quốc lộ 1A",
        "street": "Quốc lộ 1A",
        "zone": "Quận 12",
        "ward": null,
        "all_routes": "151, 60-1",
        "marker_color": "#43A047"
      }
    },
    {
      "type": "Feature",
      "geometry": {
        "type": "Point",
        "coordinates": [
          106.606559,
          10.833269
        ]
      },
      "properties": {
        "feature_type": "bus_stop",
        "stop_id": 1908,
        "stop_code": "Q12 090",
        "stop_name": "Ngã tư Bà Điểm",
        "stop_type": "Trụ dừng",
        "route_no": "60-1",
        "display_code": "B 60-1",
        "direction": "Lượt đi",
        "address": "2945 (19/7F) Quốc lộ 1A",
        "street": "Quốc lộ 1A",
        "zone": "Quận 12",
        "ward": null,
        "all_routes": "151, 60-1",
        "marker_color": "#43A047"
      }
    },
    {
      "type": "Feature",
      "geometry": {
        "type": "Point",
        "coordinates": [
          106.610202,
          10.83789
        ]
      },
      "properties": {
        "feature_type": "bus_stop",
        "stop_id": 1910,
        "stop_code": "Q12 092",
        "stop_name": "Trạm Rác",
        "stop_type": "Trụ dừng",
        "route_no": "60-1",
        "display_code": "B 60-1",
        "direction": "Lượt đi",
        "address": "88/1 Quốc lộ 1A",
        "street": "Quốc lộ 1A",
        "zone": "Quận 12",
        "ward": null,
        "all_routes": "151, 60-1",
        "marker_color": "#43A047"
      }
    },
    {
      "type": "Feature",
      "geometry": {
        "type": "Point",
        "coordinates": [
          106.612304,
          10.839755
        ]
      },
      "properties": {
        "feature_type": "bus_stop",
        "stop_id": 1903,
        "stop_code": "Q12 093",
        "stop_name": "Trạm măng",
        "stop_type": "Trụ dừng",
        "route_no": "60-1",
        "display_code": "B 60-1",
        "direction": "Lượt đi",
        "address": "2797 Quốc lộ 1A",
        "street": "Quốc lộ 1A",
        "zone": "Quận 12",
        "ward": null,
        "all_routes": "151, 60-1",
        "marker_color": "#43A047"
      }
    },
    {
      "type": "Feature",
      "geometry": {
        "type": "Point",
        "coordinates": [
          106.617803,
          10.844618
        ]
      },
      "properties": {
        "feature_type": "bus_stop",
        "stop_id": 2342,
        "stop_code": "Q12 095",
        "stop_name": "Cầu vượt An Sương",
        "stop_type": "Trụ dừng",
        "route_no": "60-1",
        "display_code": "B 60-1",
        "direction": "Lượt đi",
        "address": "2571-2575 (17A-4/8A) Quốc lộ 1A",
        "street": "Quốc lộ 1A",
        "zone": "Quận 12",
        "ward": null,
        "all_routes": "33, 60-1, 61-3",
        "marker_color": "#43A047"
      }
    },
    {
      "type": "Feature",
      "geometry": {
        "type": "Point",
        "coordinates": [
          106.621506,
          10.847418
        ]
      },
      "properties": {
        "feature_type": "bus_stop",
        "stop_id": 2341,
        "stop_code": "Q12 097",
        "stop_name": "Trạm đăng kiểm",
        "stop_type": "Trụ dừng",
        "route_no": "60-1",
        "display_code": "B 60-1",
        "direction": "Lượt đi",
        "address": "Đối diện trạm đăng kiểm Quốc lộ 1A",
        "street": "Quốc lộ 1A",
        "zone": "Quận 12",
        "ward": null,
        "all_routes": "33, 60-1, 61-3",
        "marker_color": "#43A047"
      }
    },
    {
      "type": "Feature",
      "geometry": {
        "type": "Point",
        "coordinates": [
          106.627572,
          10.850071
        ]
      },
      "properties": {
        "feature_type": "bus_stop",
        "stop_id": 2344,
        "stop_code": "Q12 099",
        "stop_name": "Đài phát thanh Quán Tre",
        "stop_type": "Nhà chờ",
        "route_no": "60-1",
        "display_code": "B 60-1",
        "direction": "Lượt đi",
        "address": "Đài phát thanh quán tre Quốc lộ 1A",
        "street": "Quốc lộ 1A",
        "zone": "Quận 12",
        "ward": null,
        "all_routes": "33, 60-1, 61-3",
        "marker_color": "#43A047"
      }
    },
    {
      "type": "Feature",
      "geometry": {
        "type": "Point",
        "coordinates": [
          106.632347,
          10.852583
        ]
      },
      "properties": {
        "feature_type": "bus_stop",
        "stop_id": 2677,
        "stop_code": "Q12 100",
        "stop_name": "Trường Nguyễn Du",
        "stop_type": "Nhà chờ",
        "route_no": "60-1",
        "display_code": "B 60-1",
        "direction": "Lượt đi",
        "address": "Trường Nguyễn Du Quốc lộ 1A",
        "street": "Quốc lộ 1A",
        "zone": "Quận 12",
        "ward": null,
        "all_routes": "33, 60-1, 61-3, 62",
        "marker_color": "#43A047"
      }
    },
    {
      "type": "Feature",
      "geometry": {
        "type": "Point",
        "coordinates": [
          106.639832,
          10.856667
        ]
      },
      "properties": {
        "feature_type": "bus_stop",
        "stop_id": 2676,
        "stop_code": "Q12 102",
        "stop_name": "Ngã tư Đình",
        "stop_type": "Ô sơn",
        "route_no": "60-1",
        "display_code": "B 60-1",
        "direction": "Lượt đi",
        "address": "1781 Quốc lộ 1A",
        "street": "Quốc lộ 1A",
        "zone": "Quận 12",
        "ward": null,
        "all_routes": "33, 60-1, 61-3, 62",
        "marker_color": "#43A047"
      }
    },
    {
      "type": "Feature",
      "geometry": {
        "type": "Point",
        "coordinates": [
          106.644233,
          10.858953
        ]
      },
      "properties": {
        "feature_type": "bus_stop",
        "stop_id": 2678,
        "stop_code": "Q12 103",
        "stop_name": "Cây xăng Năng lượng",
        "stop_type": "Trụ dừng",
        "route_no": "60-1",
        "display_code": "B 60-1",
        "direction": "Lượt đi",
        "address": "Kế cây xăng Năng lượng Quốc lộ 1A",
        "street": "Quốc lộ 1A",
        "zone": "Quận 12",
        "ward": null,
        "all_routes": "33, 60-1, 61-3, 62",
        "marker_color": "#43A047"
      }
    },
    {
      "type": "Feature",
      "geometry": {
        "type": "Point",
        "coordinates": [
          106.647781,
          10.86097
        ]
      },
      "properties": {
        "feature_type": "bus_stop",
        "stop_id": 2680,
        "stop_code": "Q12 104",
        "stop_name": "Cao su Vina",
        "stop_type": "Trụ dừng",
        "route_no": "60-1",
        "display_code": "B 60-1",
        "direction": "Lượt đi",
        "address": "1721 Quốc lộ 1A",
        "street": "Quốc lộ 1A",
        "zone": "Quận 12",
        "ward": null,
        "all_routes": "33, 60-1, 61-3, 62",
        "marker_color": "#43A047"
      }
    },
    {
      "type": "Feature",
      "geometry": {
        "type": "Point",
        "coordinates": [
          106.651199,
          10.861881
        ]
      },
      "properties": {
        "feature_type": "bus_stop",
        "stop_id": 932,
        "stop_code": "Q12 105",
        "stop_name": "Ngã tư Tân Thới Hiệp",
        "stop_type": "Trụ dừng",
        "route_no": "60-1",
        "display_code": "B 60-1",
        "direction": "Lượt đi",
        "address": "79/1 Quốc lộ 1A",
        "street": "Quốc lộ 1A",
        "zone": "Quận 12",
        "ward": null,
        "all_routes": "103, 33, 60-1, 61-3",
        "marker_color": "#43A047"
      }
    },
    {
      "type": "Feature",
      "geometry": {
        "type": "Point",
        "coordinates": [
          106.654053,
          10.861808
        ]
      },
      "properties": {
        "feature_type": "bus_stop",
        "stop_id": 935,
        "stop_code": "Q12 106",
        "stop_name": "UBND Quận 12",
        "stop_type": "Trụ dừng",
        "route_no": "60-1",
        "display_code": "B 60-1",
        "direction": "Lượt đi",
        "address": "1251 Quốc lộ 1A",
        "street": "Quốc lộ 1A",
        "zone": "Quận 12",
        "ward": null,
        "all_routes": "103, 33, 60-1, 61-3",
        "marker_color": "#43A047"
      }
    },
    {
      "type": "Feature",
      "geometry": {
        "type": "Point",
        "coordinates": [
          106.657127,
          10.861651
        ]
      },
      "properties": {
        "feature_type": "bus_stop",
        "stop_id": 933,
        "stop_code": "Q12 107",
        "stop_name": "Bãi xe Tri Ân",
        "stop_type": "Trụ dừng",
        "route_no": "60-1",
        "display_code": "B 60-1",
        "direction": "Lượt đi",
        "address": "1797 Quốc lộ 1A",
        "street": "Quốc lộ 1A",
        "zone": "Quận 12",
        "ward": null,
        "all_routes": "103, 146, 33, 60-1, 61-3",
        "marker_color": "#43A047"
      }
    },
    {
      "type": "Feature",
      "geometry": {
        "type": "Point",
        "coordinates": [
          106.662247,
          10.861335
        ]
      },
      "properties": {
        "feature_type": "bus_stop",
        "stop_id": 936,
        "stop_code": "Q12 108",
        "stop_name": "Cầu Bến Cát",
        "stop_type": "Trụ dừng",
        "route_no": "60-1",
        "display_code": "B 60-1",
        "direction": "Lượt đi",
        "address": "973 Quốc lộ 1A",
        "street": "Quốc lộ 1A",
        "zone": "Quận 12",
        "ward": null,
        "all_routes": "103, 146, 33, 60-1, 61-3",
        "marker_color": "#43A047"
      }
    },
    {
      "type": "Feature",
      "geometry": {
        "type": "Point",
        "coordinates": [
          106.666458,
          10.861503
        ]
      },
      "properties": {
        "feature_type": "bus_stop",
        "stop_id": 942,
        "stop_code": "Q12 109",
        "stop_name": "Gò Sao",
        "stop_type": "Trụ dừng",
        "route_no": "60-1",
        "display_code": "B 60-1",
        "direction": "Lượt đi",
        "address": "109 Quốc lộ 1A",
        "street": "Quốc lộ 1A",
        "zone": "Quận 12",
        "ward": null,
        "all_routes": "103, 146, 33, 60-1, 61-3",
        "marker_color": "#43A047"
      }
    },
    {
      "type": "Feature",
      "geometry": {
        "type": "Point",
        "coordinates": [
          106.671882,
          10.861577
        ]
      },
      "properties": {
        "feature_type": "bus_stop",
        "stop_id": 937,
        "stop_code": "Q12 110",
        "stop_name": "Cây xăng Thạnh Xuân",
        "stop_type": "Trụ dừng",
        "route_no": "60-1",
        "display_code": "B 60-1",
        "direction": "Lượt đi",
        "address": "Cây xăng Thạnh Xuân Quốc lộ 1A",
        "street": "Quốc lộ 1A",
        "zone": "Quận 12",
        "ward": null,
        "all_routes": "103, 161, 32, 33, 59, 60-1, 61-3",
        "marker_color": "#43A047"
      }
    },
    {
      "type": "Feature",
      "geometry": {
        "type": "Point",
        "coordinates": [
          106.678078,
          10.861472
        ]
      },
      "properties": {
        "feature_type": "bus_stop",
        "stop_id": 944,
        "stop_code": "Q12 112",
        "stop_name": "Bến xe Ngã tư Ga",
        "stop_type": "Nhà chờ",
        "route_no": "60-1",
        "display_code": "B 60-1",
        "direction": "Lượt đi",
        "address": "Đối diện Bx Ngã tư Ga Quốc lộ 1A",
        "street": "Quốc lộ 1A",
        "zone": "Quận 12",
        "ward": null,
        "all_routes": "103, 161, 32, 33, 59, 60-1, 61-3",
        "marker_color": "#43A047"
      }
    },
    {
      "type": "Feature",
      "geometry": {
        "type": "Point",
        "coordinates": [
          106.68201,
          10.861171
        ]
      },
      "properties": {
        "feature_type": "bus_stop",
        "stop_id": 2356,
        "stop_code": "Q12 113",
        "stop_name": "Cầu Ga nhỏ",
        "stop_type": "Ô sơn",
        "route_no": "60-1",
        "display_code": "B 60-1",
        "direction": "Lượt đi",
        "address": "30 Quốc lộ 1A",
        "street": "Quốc lộ 1A",
        "zone": "Quận 12",
        "ward": null,
        "all_routes": "33, 60-1, 61-3",
        "marker_color": "#43A047"
      }
    },
    {
      "type": "Feature",
      "geometry": {
        "type": "Point",
        "coordinates": [
          106.686655,
          10.860897
        ]
      },
      "properties": {
        "feature_type": "bus_stop",
        "stop_id": 2359,
        "stop_code": "Q12 114",
        "stop_name": "An Phú Đông",
        "stop_type": "Nhà chờ",
        "route_no": "60-1",
        "display_code": "B 60-1",
        "direction": "Lượt đi",
        "address": "365 - 501 Quốc lộ 1A",
        "street": "Quốc lộ 1A",
        "zone": "Quận 12",
        "ward": null,
        "all_routes": "33, 60-1, 61-3",
        "marker_color": "#43A047"
      }
    },
    {
      "type": "Feature",
      "geometry": {
        "type": "Point",
        "coordinates": [
          106.692331,
          10.860386
        ]
      },
      "properties": {
        "feature_type": "bus_stop",
        "stop_id": 2360,
        "stop_code": "Q12 116",
        "stop_name": "Đài liệt sĩ An Phú Đông",
        "stop_type": "Ô sơn",
        "route_no": "60-1",
        "display_code": "B 60-1",
        "direction": "Lượt đi",
        "address": "C32/16 Quốc lộ 1A",
        "street": "Quốc lộ 1A",
        "zone": "Quận 12",
        "ward": null,
        "all_routes": "33, 60-1, 61-3",
        "marker_color": "#43A047"
      }
    },
    {
      "type": "Feature",
      "geometry": {
        "type": "Point",
        "coordinates": [
          106.700699,
          10.859675
        ]
      },
      "properties": {
        "feature_type": "bus_stop",
        "stop_id": 2364,
        "stop_code": "Q12 118",
        "stop_name": "Công ty đá Ngọc Ngân",
        "stop_type": "Trụ dừng",
        "route_no": "60-1",
        "display_code": "B 60-1",
        "direction": "Lượt đi",
        "address": "1126/3A  Quốc lộ 1A",
        "street": "Quốc lộ 1A",
        "zone": "Quận 12",
        "ward": null,
        "all_routes": "33, 60-1, 61-3",
        "marker_color": "#43A047"
      }
    },
    {
      "type": "Feature",
      "geometry": {
        "type": "Point",
        "coordinates": [
          106.706048,
          10.859017
        ]
      },
      "properties": {
        "feature_type": "bus_stop",
        "stop_id": 2362,
        "stop_code": "Q12 119",
        "stop_name": "Tu viện Khánh An",
        "stop_type": "Trụ dừng",
        "route_no": "60-1",
        "display_code": "B 60-1",
        "direction": "Lượt đi",
        "address": "107 Quốc lộ 1A",
        "street": "Quốc lộ 1A",
        "zone": "Quận 12",
        "ward": null,
        "all_routes": "33, 60-1, 61-3",
        "marker_color": "#43A047"
      }
    },
    {
      "type": "Feature",
      "geometry": {
        "type": "Point",
        "coordinates": [
          106.713504,
          10.859659
        ]
      },
      "properties": {
        "feature_type": "bus_stop",
        "stop_id": 2368,
        "stop_code": "Q12 121",
        "stop_name": "Aone",
        "stop_type": "Trụ dừng",
        "route_no": "60-1",
        "display_code": "B 60-1",
        "direction": "Lượt đi",
        "address": "Aone Quốc lộ 1A",
        "street": "Quốc lộ 1A",
        "zone": "Quận 12",
        "ward": null,
        "all_routes": "33, 60-1, 61-3",
        "marker_color": "#43A047"
      }
    },
    {
      "type": "Feature",
      "geometry": {
        "type": "Point",
        "coordinates": [
          106.720456,
          10.863258
        ]
      },
      "properties": {
        "feature_type": "bus_stop",
        "stop_id": 2365,
        "stop_code": "QTD 158",
        "stop_name": "Ngã 4 Bình Phước",
        "stop_type": "Trụ dừng",
        "route_no": "60-1",
        "display_code": "B 60-1",
        "direction": "Lượt đi",
        "address": "30 (33/8) Quốc lộ 1",
        "street": "Quốc lộ 1",
        "zone": "TP. Thủ Đức - KV3",
        "ward": "Phường Hiệp Bình Phước",
        "all_routes": "33, 60-1, 61-3",
        "marker_color": "#43A047"
      }
    },
    {
      "type": "Feature",
      "geometry": {
        "type": "Point",
        "coordinates": [
          106.727425,
          10.86689
        ]
      },
      "properties": {
        "feature_type": "bus_stop",
        "stop_id": 315,
        "stop_code": "QTD 159",
        "stop_name": "Ngã ba mũi tàu đường Gò Dưa ",
        "stop_type": "Trụ dừng",
        "route_no": "60-1",
        "display_code": "B 60-1",
        "direction": "Lượt đi",
        "address": "120 Quốc lộ 1",
        "street": "Quốc lộ 1",
        "zone": "TP. Thủ Đức - KV3",
        "ward": "Phường Tam Bình",
        "all_routes": "05, 19, 29, 33, 60-1, 91",
        "marker_color": "#43A047"
      }
    },
    {
      "type": "Feature",
      "geometry": {
        "type": "Point",
        "coordinates": [
          106.730198,
          10.86831
        ]
      },
      "properties": {
        "feature_type": "bus_stop",
        "stop_id": 320,
        "stop_code": "QTD 160",
        "stop_name": "Chợ Đầu Mối",
        "stop_type": "Trụ dừng",
        "route_no": "60-1",
        "display_code": "B 60-1",
        "direction": "Lượt đi",
        "address": "160 Quốc lộ 1",
        "street": "Quốc lộ 1",
        "zone": "TP. Thủ Đức - KV3",
        "ward": "Phường Tam Bình",
        "all_routes": "05, 19, 29, 33, 60-1, 91",
        "marker_color": "#43A047"
      }
    },
    {
      "type": "Feature",
      "geometry": {
        "type": "Point",
        "coordinates": [
          106.73538,
          10.87086
        ]
      },
      "properties": {
        "feature_type": "bus_stop",
        "stop_id": 317,
        "stop_code": "QTD 161",
        "stop_name": "Chợ Tam Bình",
        "stop_type": "Trụ dừng",
        "route_no": "60-1",
        "display_code": "B 60-1",
        "direction": "Lượt đi",
        "address": "Chợ Tam Bình Quốc lộ 1",
        "street": "Quốc lộ 1",
        "zone": "TP. Thủ Đức - KV3",
        "ward": null,
        "all_routes": "05, 19, 33, 60-1",
        "marker_color": "#43A047"
      }
    },
    {
      "type": "Feature",
      "geometry": {
        "type": "Point",
        "coordinates": [
          106.739666,
          10.871766
        ]
      },
      "properties": {
        "feature_type": "bus_stop",
        "stop_id": 322,
        "stop_code": "QTD 162",
        "stop_name": "Hồ Bơi",
        "stop_type": "Trụ dừng",
        "route_no": "60-1",
        "display_code": "B 60-1",
        "direction": "Lượt đi",
        "address": "376 Quốc lộ 1",
        "street": "Quốc lộ 1",
        "zone": "TP. Thủ Đức - KV3",
        "ward": "Phường Tam Bình",
        "all_routes": "05, 19, 33, 60-1",
        "marker_color": "#43A047"
      }
    },
    {
      "type": "Feature",
      "geometry": {
        "type": "Point",
        "coordinates": [
          106.744081,
          10.872935
        ]
      },
      "properties": {
        "feature_type": "bus_stop",
        "stop_id": 319,
        "stop_code": "QTD 163",
        "stop_name": "Chợ Tam Hải",
        "stop_type": "Trụ dừng",
        "route_no": "60-1",
        "display_code": "B 60-1",
        "direction": "Lượt đi",
        "address": "450 Quốc lộ 1",
        "street": "Quốc lộ 1",
        "zone": "TP. Thủ Đức - KV3",
        "ward": "Phường Tam Bình",
        "all_routes": "05, 19, 33, 60-1",
        "marker_color": "#43A047"
      }
    },
    {
      "type": "Feature",
      "geometry": {
        "type": "Point",
        "coordinates": [
          106.747128,
          10.873905
        ]
      },
      "properties": {
        "feature_type": "bus_stop",
        "stop_id": 321,
        "stop_code": "QTD 164",
        "stop_name": "Cầu vượt Sóng Thần",
        "stop_type": "Nhà chờ",
        "route_no": "60-1",
        "display_code": "B 60-1",
        "direction": "Lượt đi",
        "address": "Đối diện 275-Mitsubishi  Quốc lộ 1",
        "street": "Quốc lộ 1",
        "zone": "TP. Thủ Đức - KV3",
        "ward": null,
        "all_routes": "05, 19, 33, 60-1",
        "marker_color": "#43A047"
      }
    },
    {
      "type": "Feature",
      "geometry": {
        "type": "Point",
        "coordinates": [
          106.75562,
          10.875706
        ]
      },
      "properties": {
        "feature_type": "bus_stop",
        "stop_id": 323,
        "stop_code": "QTD 165",
        "stop_name": "Bến xe Lam Hồng",
        "stop_type": "Trụ dừng",
        "route_no": "60-1",
        "display_code": "B 60-1",
        "direction": "Lượt đi",
        "address": "6/8 Quốc lộ 1",
        "street": "Quốc lộ 1",
        "zone": "TP. Thủ Đức - KV3",
        "ward": null,
        "all_routes": "05, 19, 33, 60-1, 61-9",
        "marker_color": "#43A047"
      }
    },
    {
      "type": "Feature",
      "geometry": {
        "type": "Point",
        "coordinates": [
          106.757466,
          10.875353
        ]
      },
      "properties": {
        "feature_type": "bus_stop",
        "stop_id": 325,
        "stop_code": "QTD 166",
        "stop_name": "Giày da Thái Bình",
        "stop_type": "Trụ dừng",
        "route_no": "60-1",
        "display_code": "B 60-1",
        "direction": "Lượt đi",
        "address": "Đối diện 10/19 (20/8) Quốc lộ 1",
        "street": "Quốc lộ 1",
        "zone": "TP. Thủ Đức - KV3",
        "ward": null,
        "all_routes": "05, 19, 33, 60-1, 61-9",
        "marker_color": "#43A047"
      }
    },
    {
      "type": "Feature",
      "geometry": {
        "type": "Point",
        "coordinates": [
          106.76091,
          10.874474
        ]
      },
      "properties": {
        "feature_type": "bus_stop",
        "stop_id": 328,
        "stop_code": "QTD 167",
        "stop_name": "Linh Xuân",
        "stop_type": "Trụ dừng",
        "route_no": "60-1",
        "display_code": "B 60-1",
        "direction": "Lượt đi",
        "address": "54/8 Quốc lộ 1",
        "street": "Quốc lộ 1",
        "zone": "TP. Thủ Đức - KV3",
        "ward": null,
        "all_routes": "05, 19, 33, 60-1, 61-9",
        "marker_color": "#43A047"
      }
    },
    {
      "type": "Feature",
      "geometry": {
        "type": "Point",
        "coordinates": [
          106.762476,
          10.873973
        ]
      },
      "properties": {
        "feature_type": "bus_stop",
        "stop_id": 324,
        "stop_code": "QTD 168",
        "stop_name": "Cầu vượt Linh Xuân",
        "stop_type": "Trụ dừng",
        "route_no": "60-1",
        "display_code": "B 60-1",
        "direction": "Lượt đi",
        "address": "Kho 856 Quốc lộ 1",
        "street": "Quốc lộ 1",
        "zone": "TP. Thủ Đức - KV3",
        "ward": "Phường Linh Trung",
        "all_routes": "05, 19, 33, 60-1, 61-9",
        "marker_color": "#43A047"
      }
    },
    {
      "type": "Feature",
      "geometry": {
        "type": "Point",
        "coordinates": [
          106.769643,
          10.871597
        ]
      },
      "properties": {
        "feature_type": "bus_stop",
        "stop_id": 2083,
        "stop_code": "QTD 169",
        "stop_name": "KCX Linh Trung 1",
        "stop_type": "Trụ dừng",
        "route_no": "60-1",
        "display_code": "B 60-1",
        "direction": "Lượt đi",
        "address": "Ngân hàng Vietcombank Quốc lộ 1",
        "street": "Quốc lộ 1",
        "zone": "TP. Thủ Đức - KV3",
        "ward": "Phường Linh Trung",
        "all_routes": "167D, 167V, 19, 33, 50, 53, 60-1, 61-9, 93",
        "marker_color": "#43A047"
      }
    },
    {
      "type": "Feature",
      "geometry": {
        "type": "Point",
        "coordinates": [
          106.773039,
          10.870507
        ]
      },
      "properties": {
        "feature_type": "bus_stop",
        "stop_id": 2084,
        "stop_code": "QTD 170",
        "stop_name": "Nghĩa trang TP",
        "stop_type": "Nhà chờ",
        "route_no": "60-1",
        "display_code": "B 60-1",
        "direction": "Lượt đi",
        "address": "Cổng nghĩa trang thành phố Quốc lộ 1",
        "street": "Quốc lộ 1",
        "zone": "TP. Thủ Đức - KV3",
        "ward": "Phường Linh Trung",
        "all_routes": "167V, 19, 33, 50, 53, 60-1, 61-9, 93",
        "marker_color": "#43A047"
      }
    },
    {
      "type": "Feature",
      "geometry": {
        "type": "Point",
        "coordinates": [
          106.776724,
          10.869306
        ]
      },
      "properties": {
        "feature_type": "bus_stop",
        "stop_id": 1040,
        "stop_code": "QTD 171",
        "stop_name": "ĐH Kinh tế Luật",
        "stop_type": "Nhà chờ",
        "route_no": "60-1",
        "display_code": "B 60-1",
        "direction": "Lượt đi",
        "address": "Đối diện 665-CoopXtra Quốc lộ 1",
        "street": "Quốc lộ 1",
        "zone": "TP. Thủ Đức - KV3",
        "ward": "Phường Linh Trung",
        "all_routes": "167V, 19, 33, 50, 53, 60-1, 61-9, 93",
        "marker_color": "#43A047"
      }
    },
    {
      "type": "Feature",
      "geometry": {
        "type": "Point",
        "coordinates": [
          106.778656,
          10.868691
        ]
      },
      "properties": {
        "feature_type": "bus_stop",
        "stop_id": 1041,
        "stop_code": "QTD 172",
        "stop_name": "Công ty điện tử Samsung",
        "stop_type": "Nhà chờ",
        "route_no": "60-1",
        "display_code": "B 60-1",
        "direction": "Lượt đi",
        "address": "Công ty điện tử Samsung Quốc lộ 1",
        "street": "Quốc lộ 1",
        "zone": "TP. Thủ Đức - KV3",
        "ward": "Phường Linh Trung",
        "all_routes": "167V, 19, 33, 50, 53, 60-1, 61-9, 93",
        "marker_color": "#43A047"
      }
    },
    {
      "type": "Feature",
      "geometry": {
        "type": "Point",
        "coordinates": [
          106.787277,
          10.867122
        ]
      },
      "properties": {
        "feature_type": "bus_stop",
        "stop_id": 1042,
        "stop_code": "QTD 173",
        "stop_name": "ĐH Nông Lâm",
        "stop_type": "Nhà chờ",
        "route_no": "60-1",
        "display_code": "B 60-1",
        "direction": "Lượt đi",
        "address": "Cột điện SI 2 Quốc lộ 1",
        "street": "Quốc lộ 1",
        "zone": "TP. Thủ Đức - KV3",
        "ward": "Phường Linh Trung",
        "all_routes": "167V, 19, 33, 50, 53, 60-1, 60-2, 61-9, 93",
        "marker_color": "#43A047"
      }
    },
    {
      "type": "Feature",
      "geometry": {
        "type": "Point",
        "coordinates": [
          106.790283,
          10.866912
        ]
      },
      "properties": {
        "feature_type": "bus_stop",
        "stop_id": 396,
        "stop_code": "QTD 174",
        "stop_name": "ĐH Nông Lâm",
        "stop_type": "Trụ dừng",
        "route_no": "60-1",
        "display_code": "B 60-1",
        "direction": "Lượt đi",
        "address": "1026/2 (1030) Quốc lộ 1",
        "street": "Quốc lộ 1",
        "zone": "TP. Thủ Đức - KV3",
        "ward": "Phường Linh Trung",
        "all_routes": "06, 164D, 164V, 165, 170, 19, 33, 50, 52, 53, 60-1, 60-2, 61-9, 93",
        "marker_color": "#43A047"
      }
    },
    {
      "type": "Feature",
      "geometry": {
        "type": "Point",
        "coordinates": [
          106.797538,
          10.863595
        ]
      },
      "properties": {
        "feature_type": "bus_stop",
        "stop_id": 536,
        "stop_code": "Q9 221",
        "stop_name": "Cầu Vượt Trạm 2",
        "stop_type": "Nhà chờ",
        "route_no": "60-1",
        "display_code": "B 60-1",
        "direction": "Lượt đi",
        "address": "Tiệm vàng Kim Lợi Quốc lộ 1",
        "street": "Quốc lộ 1",
        "zone": "TP. Thủ Đức - KV2",
        "ward": null,
        "all_routes": "08, 10, 150, 164D, 170, 19, 33, 53, 60-1, 60-2, 60-3, 61-9, 67, 76, 93",
        "marker_color": "#43A047"
      }
    },
    {
      "type": "Feature",
      "geometry": {
        "type": "Point",
        "coordinates": [
          106.802081,
          10.866113
        ]
      },
      "properties": {
        "feature_type": "bus_stop",
        "stop_id": 537,
        "stop_code": "Q9 223",
        "stop_name": "Suối Tiên",
        "stop_type": "Trụ dừng",
        "route_no": "60-1",
        "display_code": "B 60-1",
        "direction": "Lượt đi",
        "address": "Suối Tiên Quốc lộ 1",
        "street": "Quốc lộ 1",
        "zone": "TP. Thủ Đức - KV2",
        "ward": "Phường Tân Phú",
        "all_routes": "08, 10, 150, 19, 33, 53, 60-1, 60-2, 60-3, 60-7, 61-9, 67, 76, 93, 99",
        "marker_color": "#43A047"
      }
    },
    {
      "type": "Feature",
      "geometry": {
        "type": "Point",
        "coordinates": [
          106.809458,
          10.873515
        ]
      },
      "properties": {
        "feature_type": "bus_stop",
        "stop_id": 1919,
        "stop_code": "Q9 225",
        "stop_name": "Nghĩa trang liệt sĩ TP.HCM",
        "stop_type": "Trụ dừng",
        "route_no": "60-1",
        "display_code": "B 60-1",
        "direction": "Lượt đi",
        "address": "Nghĩa trang liệt sĩ Thành phố HCM Quốc lộ 1",
        "street": "Quốc lộ 1",
        "zone": "TP. Thủ Đức - KV2",
        "ward": "Phường Tân Phú",
        "all_routes": "08, 10, 150, 164V, 170, 19, 33, 53, 56, 60-1, 60-2, 60-3, 60-7, 61-77, 61-9, 67, 93, 99",
        "marker_color": "#43A047"
      }
    },
    {
      "type": "Feature",
      "geometry": {
        "type": "Point",
        "coordinates": [
          106.816818,
          10.884067
        ]
      },
      "properties": {
        "feature_type": "bus_stop",
        "stop_id": 1097,
        "stop_code": "Q9 227",
        "stop_name": "Công ty Nam Hàn",
        "stop_type": "Trụ dừng",
        "route_no": "60-1",
        "display_code": "B 60-1",
        "direction": "Lượt đi",
        "address": "110/1A (Công ty TNHH Nam Hàn) Quốc lộ 1",
        "street": "Quốc lộ 1",
        "zone": "TP. Thủ Đức - KV2",
        "ward": null,
        "all_routes": "60-1, 60-2, 60-3, 60-7",
        "marker_color": "#43A047"
      }
    },
    {
      "type": "Feature",
      "geometry": {
        "type": "Point",
        "coordinates": [
          106.81943,
          10.887623
        ]
      },
      "properties": {
        "feature_type": "bus_stop",
        "stop_id": 1098,
        "stop_code": "Q9 228",
        "stop_name": "Khu tưởng niệm các Vua Hùng",
        "stop_type": "Ô sơn",
        "route_no": "60-1",
        "display_code": "B 60-1",
        "direction": "Lượt đi",
        "address": "Kho 190C - 19/11 Hiệp Thắng Quốc lộ 1",
        "street": "Quốc lộ 1",
        "zone": "TP. Thủ Đức - KV2",
        "ward": null,
        "all_routes": "60-1, 60-2, 60-3, 60-7",
        "marker_color": "#43A047"
      }
    },
    {
      "type": "Feature",
      "geometry": {
        "type": "Point",
        "coordinates": [
          106.823743,
          10.893459
        ]
      },
      "properties": {
        "feature_type": "bus_stop",
        "stop_id": 1100,
        "stop_code": "Q9 229",
        "stop_name": "Trạm xăng Hiệp Phú",
        "stop_type": "Trụ dừng",
        "route_no": "60-1",
        "display_code": "B 60-1",
        "direction": "Lượt đi",
        "address": "Trạm xăng Hiệp Phú Quốc lộ 1",
        "street": "Quốc lộ 1",
        "zone": "TP. Thủ Đức - KV2",
        "ward": null,
        "all_routes": "60-1, 60-2, 60-3, 60-7",
        "marker_color": "#43A047"
      }
    },
    {
      "type": "Feature",
      "geometry": {
        "type": "Point",
        "coordinates": [
          106.829606,
          10.897837
        ]
      },
      "properties": {
        "feature_type": "bus_stop",
        "stop_id": 1099,
        "stop_code": "BD004",
        "stop_name": "Ngã 3 Tân Vạn",
        "stop_type": "Trụ dừng",
        "route_no": "60-1",
        "display_code": "B 60-1",
        "direction": "Lượt đi",
        "address": "Ngã 3 Tân Vạn Quốc lộ 1",
        "street": "Quốc lộ 1",
        "zone": "TP. Thủ Đức - KV2",
        "ward": null,
        "all_routes": "60-1, 60-2, 60-3, 60-7",
        "marker_color": "#43A047"
      }
    },
    {
      "type": "Feature",
      "geometry": {
        "type": "Point",
        "coordinates": [
          106.808953,
          10.954127
        ]
      },
      "properties": {
        "feature_type": "bus_stop",
        "stop_id": 7208,
        "stop_code": "BXLT Bien Hoa",
        "stop_name": "Bến xe Biên Hòa",
        "stop_type": "Bến xe",
        "route_no": "60-1",
        "display_code": "B 60-1",
        "direction": "Lượt đi",
        "address": "4 Nguyễn Ái Quốc Quốc lộ 1K",
        "street": "Quốc lộ 1K",
        "zone": "Ngoại thành",
        "ward": null,
        "all_routes": "05, 60-1, 60-5, 60-7",
        "marker_color": "#43A047"
      }
    },
    {
      "type": "Feature",
      "geometry": {
        "type": "Point",
        "coordinates": [
          106.833655,
          10.899661
        ]
      },
      "properties": {
        "feature_type": "bus_stop",
        "stop_id": 7700,
        "stop_code": "Q9 286",
        "stop_name": "Chung Cư Samsora Riverside",
        "stop_type": "Trụ dừng",
        "route_no": "60-1",
        "display_code": "B 60-1",
        "direction": "Lượt về",
        "address": "Vườn kiểng Mai Vàng (đ/d 254/10) Quốc Lộ 1",
        "street": "Quốc Lộ 1",
        "zone": "TP. Thủ Đức - KV2",
        "ward": null,
        "all_routes": "60-1, 60-2, 60-3, 60-7",
        "marker_color": "#43A047"
      }
    },
    {
      "type": "Feature",
      "geometry": {
        "type": "Point",
        "coordinates": [
          106.822804,
          10.892685
        ]
      },
      "properties": {
        "feature_type": "bus_stop",
        "stop_id": 1186,
        "stop_code": "Q9 230",
        "stop_name": "Công ty TNHH Thuận Thành Tâm",
        "stop_type": "Trụ dừng",
        "route_no": "60-1",
        "display_code": "B 60-1",
        "direction": "Lượt về",
        "address": "Công ty TNHH Thuận Thành Tâm Quốc lộ 1",
        "street": "Quốc lộ 1",
        "zone": "TP. Thủ Đức - KV2",
        "ward": null,
        "all_routes": "60-1, 60-2, 60-3, 60-7",
        "marker_color": "#43A047"
      }
    },
    {
      "type": "Feature",
      "geometry": {
        "type": "Point",
        "coordinates": [
          106.820047,
          10.888961
        ]
      },
      "properties": {
        "feature_type": "bus_stop",
        "stop_id": 1188,
        "stop_code": "Q9 231",
        "stop_name": "Công ty Dosan",
        "stop_type": "Trụ dừng",
        "route_no": "60-1",
        "display_code": "B 60-1",
        "direction": "Lượt về",
        "address": "Công ty Dosan Quốc lộ 1",
        "street": "Quốc lộ 1",
        "zone": "TP. Thủ Đức - KV2",
        "ward": null,
        "all_routes": "60-1, 60-2, 60-3, 60-7",
        "marker_color": "#43A047"
      }
    },
    {
      "type": "Feature",
      "geometry": {
        "type": "Point",
        "coordinates": [
          106.812918,
          10.879241
        ]
      },
      "properties": {
        "feature_type": "bus_stop",
        "stop_id": 1187,
        "stop_code": "Q9 232",
        "stop_name": "Công ty Cp Đức Khải",
        "stop_type": "Trụ dừng",
        "route_no": "60-1",
        "display_code": "B 60-1",
        "direction": "Lượt về",
        "address": "Công ty Cp Đức Khải Quốc lộ 1",
        "street": "Quốc lộ 1",
        "zone": "TP. Thủ Đức - KV2",
        "ward": null,
        "all_routes": "60-1, 60-2, 60-3, 60-7",
        "marker_color": "#43A047"
      }
    },
    {
      "type": "Feature",
      "geometry": {
        "type": "Point",
        "coordinates": [
          106.806657,
          10.871402
        ]
      },
      "properties": {
        "feature_type": "bus_stop",
        "stop_id": 572,
        "stop_code": "QTD 175",
        "stop_name": "Đại học An Ninh Nhân Dân",
        "stop_type": "Ô sơn",
        "route_no": "60-1",
        "display_code": "B 60-1",
        "direction": "Lượt về",
        "address": "Nhà máy Tiến Thành Quốc lộ 1",
        "street": "Quốc lộ 1",
        "zone": "TP. Thủ Đức - KV3",
        "ward": null,
        "all_routes": "08, 10, 150, 164V, 166, 170, 19, 33, 53, 60-1, 60-2, 60-3, 60-7, 61-9, 67, 76, 93, 99",
        "marker_color": "#43A047"
      }
    },
    {
      "type": "Feature",
      "geometry": {
        "type": "Point",
        "coordinates": [
          106.801116,
          10.86605
        ]
      },
      "properties": {
        "feature_type": "bus_stop",
        "stop_id": 574,
        "stop_code": "QTD 177",
        "stop_name": "Khu DL Suối Tiên",
        "stop_type": "Nhà chờ",
        "route_no": "60-1",
        "display_code": "B 60-1",
        "direction": "Lượt về",
        "address": "9/29 Quốc lộ 1",
        "street": "Quốc lộ 1",
        "zone": "TP. Thủ Đức - KV3",
        "ward": "Phường Linh Trung",
        "all_routes": "08, 10, 150, 19, 33, 53, 60-1, 60-2, 60-3, 60-7, 61-9, 67, 76, 93, 99",
        "marker_color": "#43A047"
      }
    },
    {
      "type": "Feature",
      "geometry": {
        "type": "Point",
        "coordinates": [
          106.793938,
          10.865335
        ]
      },
      "properties": {
        "feature_type": "bus_stop",
        "stop_id": 2145,
        "stop_code": "QTD 179",
        "stop_name": "Thảo Nguyên",
        "stop_type": "Trụ dừng",
        "route_no": "60-1",
        "display_code": "B 60-1",
        "direction": "Lượt về",
        "address": "35B Quốc lộ 1",
        "street": "Quốc lộ 1",
        "zone": "TP. Thủ Đức - KV3",
        "ward": "Phường Linh Trung",
        "all_routes": "164V, 19, 33, 50, 52, 53, 60-1, 60-2, 61-9, 93",
        "marker_color": "#43A047"
      }
    },
    {
      "type": "Feature",
      "geometry": {
        "type": "Point",
        "coordinates": [
          106.791101,
          10.866961
        ]
      },
      "properties": {
        "feature_type": "bus_stop",
        "stop_id": 500,
        "stop_code": "QTD 180",
        "stop_name": "Đại học Nông Lâm",
        "stop_type": "Trụ dừng",
        "route_no": "60-1",
        "display_code": "B 60-1",
        "direction": "Lượt về",
        "address": "85 (Đối diện 1026-1028) Quốc lộ 1",
        "street": "Quốc lộ 1",
        "zone": "TP. Thủ Đức - KV3",
        "ward": "Phường Linh Trung",
        "all_routes": "06, 164D, 164V, 170, 19, 33, 50, 52, 53, 60-1, 60-2, 61-9, 93",
        "marker_color": "#43A047"
      }
    },
    {
      "type": "Feature",
      "geometry": {
        "type": "Point",
        "coordinates": [
          106.787265,
          10.867404
        ]
      },
      "properties": {
        "feature_type": "bus_stop",
        "stop_id": 1101,
        "stop_code": "QTD 181",
        "stop_name": "ĐH Nông Lâm",
        "stop_type": "Nhà chờ",
        "route_no": "60-1",
        "display_code": "B 60-1",
        "direction": "Lượt về",
        "address": "Kế 21 Quốc lộ 1",
        "street": "Quốc lộ 1",
        "zone": "TP. Thủ Đức - KV3",
        "ward": null,
        "all_routes": "167D, 19, 33, 50, 53, 60-1, 61-9, 93",
        "marker_color": "#43A047"
      }
    },
    {
      "type": "Feature",
      "geometry": {
        "type": "Point",
        "coordinates": [
          106.782201,
          10.867867
        ]
      },
      "properties": {
        "feature_type": "bus_stop",
        "stop_id": 1102,
        "stop_code": "QTD 182",
        "stop_name": "Công ty điện tử Samsung",
        "stop_type": "Trụ dừng",
        "route_no": "60-1",
        "display_code": "B 60-1",
        "direction": "Lượt về",
        "address": "34/38 (Kế 59/6) Quốc lộ 1",
        "street": "Quốc lộ 1",
        "zone": "TP. Thủ Đức - KV3",
        "ward": null,
        "all_routes": "167D, 19, 33, 50, 53, 60-1, 61-9, 93",
        "marker_color": "#43A047"
      }
    },
    {
      "type": "Feature",
      "geometry": {
        "type": "Point",
        "coordinates": [
          106.77726,
          10.869427
        ]
      },
      "properties": {
        "feature_type": "bus_stop",
        "stop_id": 1103,
        "stop_code": "QTD 183",
        "stop_name": "Đại học Kinh tế -Luật",
        "stop_type": "Nhà chờ",
        "route_no": "60-1",
        "display_code": "B 60-1",
        "direction": "Lượt về",
        "address": "Đại học Kinh tế -Luật Quốc lộ 1",
        "street": "Quốc lộ 1",
        "zone": "TP. Thủ Đức - KV3",
        "ward": "Phường Linh Xuân",
        "all_routes": "167V, 19, 33, 50, 60-1, 61-9, 93",
        "marker_color": "#43A047"
      }
    },
    {
      "type": "Feature",
      "geometry": {
        "type": "Point",
        "coordinates": [
          106.774932,
          10.870254
        ]
      },
      "properties": {
        "feature_type": "bus_stop",
        "stop_id": 2142,
        "stop_code": "QTD 184",
        "stop_name": "Trung tâm kho vận Linh Xuân",
        "stop_type": "Nhà chờ",
        "route_no": "60-1",
        "display_code": "B 60-1",
        "direction": "Lượt về",
        "address": "Trung tâm kho vận Linh Xuân Quốc lộ 1",
        "street": "Quốc lộ 1",
        "zone": "TP. Thủ Đức - KV3",
        "ward": "Phường Linh Xuân",
        "all_routes": "167V, 19, 33, 50, 53, 60-1, 61-9, 93",
        "marker_color": "#43A047"
      }
    },
    {
      "type": "Feature",
      "geometry": {
        "type": "Point",
        "coordinates": [
          106.768248,
          10.872419
        ]
      },
      "properties": {
        "feature_type": "bus_stop",
        "stop_id": 2143,
        "stop_code": "QTD 186",
        "stop_name": "Công ty Nissan",
        "stop_type": "Ô sơn",
        "route_no": "60-1",
        "display_code": "B 60-1",
        "direction": "Lượt về",
        "address": "Đối diện công ty Nissan (559) Quốc lộ 1",
        "street": "Quốc lộ 1",
        "zone": "TP. Thủ Đức - KV3",
        "ward": null,
        "all_routes": "167V, 19, 33, 50, 53, 60-1, 61-9, 93",
        "marker_color": "#43A047"
      }
    },
    {
      "type": "Feature",
      "geometry": {
        "type": "Point",
        "coordinates": [
          106.762095,
          10.874474
        ]
      },
      "properties": {
        "feature_type": "bus_stop",
        "stop_id": 339,
        "stop_code": "QTD 187",
        "stop_name": "Cầu vượt Linh Xuân",
        "stop_type": "Trụ dừng",
        "route_no": "60-1",
        "display_code": "B 60-1",
        "direction": "Lượt về",
        "address": "467B Quốc lộ 1",
        "street": "Quốc lộ 1",
        "zone": "TP. Thủ Đức - KV3",
        "ward": "Phường Linh Xuân",
        "all_routes": "05, 19, 33, 60-1, 61-9",
        "marker_color": "#43A047"
      }
    },
    {
      "type": "Feature",
      "geometry": {
        "type": "Point",
        "coordinates": [
          106.758689,
          10.875454
        ]
      },
      "properties": {
        "feature_type": "bus_stop",
        "stop_id": 341,
        "stop_code": "QTD 188",
        "stop_name": "Giày Thái Bình-Bình Đường",
        "stop_type": "Trụ dừng",
        "route_no": "60-1",
        "display_code": "B 60-1",
        "direction": "Lượt về",
        "address": "467B Quốc lộ 1",
        "street": "Quốc lộ 1",
        "zone": "TP. Thủ Đức - KV3",
        "ward": null,
        "all_routes": "05, 19, 33, 60-1, 61-9",
        "marker_color": "#43A047"
      }
    },
    {
      "type": "Feature",
      "geometry": {
        "type": "Point",
        "coordinates": [
          106.755631,
          10.876049
        ]
      },
      "properties": {
        "feature_type": "bus_stop",
        "stop_id": 342,
        "stop_code": "QTD 190",
        "stop_name": "Bến xe Lam Hồng",
        "stop_type": "Trụ dừng",
        "route_no": "60-1",
        "display_code": "B 60-1",
        "direction": "Lượt về",
        "address": "12A/28 Quốc lộ 1",
        "street": "Quốc lộ 1",
        "zone": "TP. Thủ Đức - KV3",
        "ward": null,
        "all_routes": "05, 19, 33, 60-1, 61-9",
        "marker_color": "#43A047"
      }
    },
    {
      "type": "Feature",
      "geometry": {
        "type": "Point",
        "coordinates": [
          106.746528,
          10.874115
        ]
      },
      "properties": {
        "feature_type": "bus_stop",
        "stop_id": 344,
        "stop_code": "QTD 191",
        "stop_name": "Cầu vượt Sóng Thần",
        "stop_type": "Nhà chờ",
        "route_no": "60-1",
        "display_code": "B 60-1",
        "direction": "Lượt về",
        "address": "275 Quốc lộ 1",
        "street": "Quốc lộ 1",
        "zone": "TP. Thủ Đức - KV3",
        "ward": null,
        "all_routes": "05, 19, 33, 60-1",
        "marker_color": "#43A047"
      }
    },
    {
      "type": "Feature",
      "geometry": {
        "type": "Point",
        "coordinates": [
          106.744291,
          10.873373
        ]
      },
      "properties": {
        "feature_type": "bus_stop",
        "stop_id": 346,
        "stop_code": "QTD 192",
        "stop_name": "Chợ Tam Hải",
        "stop_type": "Ô sơn",
        "route_no": "60-1",
        "display_code": "B 60-1",
        "direction": "Lượt về",
        "address": "251B Quốc lộ 1",
        "street": "Quốc lộ 1",
        "zone": "TP. Thủ Đức - KV3",
        "ward": "Phường Bình Chiểu",
        "all_routes": "05, 19, 33, 60-1",
        "marker_color": "#43A047"
      }
    },
    {
      "type": "Feature",
      "geometry": {
        "type": "Point",
        "coordinates": [
          106.739913,
          10.872177
        ]
      },
      "properties": {
        "feature_type": "bus_stop",
        "stop_id": 345,
        "stop_code": "QTD 193",
        "stop_name": "Hồ Bơi",
        "stop_type": "Trụ dừng",
        "route_no": "60-1",
        "display_code": "B 60-1",
        "direction": "Lượt về",
        "address": "179 Quốc lộ 1",
        "street": "Quốc lộ 1",
        "zone": "TP. Thủ Đức - KV3",
        "ward": "Phường Bình Chiểu",
        "all_routes": "05, 19, 33, 60-1",
        "marker_color": "#43A047"
      }
    },
    {
      "type": "Feature",
      "geometry": {
        "type": "Point",
        "coordinates": [
          106.734474,
          10.870828
        ]
      },
      "properties": {
        "feature_type": "bus_stop",
        "stop_id": 348,
        "stop_code": "QTD 194",
        "stop_name": "Chợ Tam Bình",
        "stop_type": "Trụ dừng",
        "route_no": "60-1",
        "display_code": "B 60-1",
        "direction": "Lượt về",
        "address": "Đối diện Bưu điện Tam Bình Quốc lộ 1",
        "street": "Quốc lộ 1",
        "zone": "TP. Thủ Đức - KV3",
        "ward": "Phường Bình Chiểu",
        "all_routes": "05, 19, 33, 60-1",
        "marker_color": "#43A047"
      }
    },
    {
      "type": "Feature",
      "geometry": {
        "type": "Point",
        "coordinates": [
          106.729158,
          10.86812
        ]
      },
      "properties": {
        "feature_type": "bus_stop",
        "stop_id": 347,
        "stop_code": "QTD 195",
        "stop_name": "Chợ đầu mối nông sản Thủ Đức",
        "stop_type": "Nhà chờ",
        "route_no": "60-1",
        "display_code": "B 60-1",
        "direction": "Lượt về",
        "address": "Chợ đầu mối nông sản Thủ Đức Quốc lộ 1",
        "street": "Quốc lộ 1",
        "zone": "TP. Thủ Đức - KV3",
        "ward": "Phường Tam Bình",
        "all_routes": "05, 19, 29, 33, 60-1, 91",
        "marker_color": "#43A047"
      }
    },
    {
      "type": "Feature",
      "geometry": {
        "type": "Point",
        "coordinates": [
          106.719894,
          10.863451
        ]
      },
      "properties": {
        "feature_type": "bus_stop",
        "stop_id": 2348,
        "stop_code": "QTD 196",
        "stop_name": "Cầu Bình Phước",
        "stop_type": "Trụ dừng",
        "route_no": "60-1",
        "display_code": "B 60-1",
        "direction": "Lượt về",
        "address": "39A Quốc lộ 1",
        "street": "Quốc lộ 1",
        "zone": "TP. Thủ Đức - KV3",
        "ward": null,
        "all_routes": "33, 60-1, 61-3",
        "marker_color": "#43A047"
      }
    },
    {
      "type": "Feature",
      "geometry": {
        "type": "Point",
        "coordinates": [
          106.713096,
          10.85997
        ]
      },
      "properties": {
        "feature_type": "bus_stop",
        "stop_id": 2345,
        "stop_code": "Q12 061",
        "stop_name": "Aone",
        "stop_type": "Ô sơn",
        "route_no": "60-1",
        "display_code": "B 60-1",
        "direction": "Lượt về",
        "address": "Đối diện Aone Quốc lộ 1A",
        "street": "Quốc lộ 1A",
        "zone": "Quận 12",
        "ward": null,
        "all_routes": "33, 60-1, 61-3",
        "marker_color": "#43A047"
      }
    },
    {
      "type": "Feature",
      "geometry": {
        "type": "Point",
        "coordinates": [
          106.707727,
          10.859148
        ]
      },
      "properties": {
        "feature_type": "bus_stop",
        "stop_id": 2349,
        "stop_code": "Q12 062",
        "stop_name": "Công ty EUROPA",
        "stop_type": "Nhà chờ",
        "route_no": "60-1",
        "display_code": "B 60-1",
        "direction": "Lượt về",
        "address": "Công ty EUROPA Quốc lộ 1A",
        "street": "Quốc lộ 1A",
        "zone": "Quận 12",
        "ward": null,
        "all_routes": "33, 60-1, 61-3",
        "marker_color": "#43A047"
      }
    },
    {
      "type": "Feature",
      "geometry": {
        "type": "Point",
        "coordinates": [
          106.701086,
          10.860007
        ]
      },
      "properties": {
        "feature_type": "bus_stop",
        "stop_id": 2350,
        "stop_code": "Q12 064",
        "stop_name": "Công ty Mai Linh",
        "stop_type": "Trụ dừng",
        "route_no": "60-1",
        "display_code": "B 60-1",
        "direction": "Lượt về",
        "address": "1691/3N Quốc lộ 1A",
        "street": "Quốc lộ 1A",
        "zone": "Quận 12",
        "ward": null,
        "all_routes": "33, 60-1, 61-3",
        "marker_color": "#43A047"
      }
    },
    {
      "type": "Feature",
      "geometry": {
        "type": "Point",
        "coordinates": [
          106.695453,
          10.86065
        ]
      },
      "properties": {
        "feature_type": "bus_stop",
        "stop_id": 2351,
        "stop_code": "Q12 065",
        "stop_name": "Đình An Phú Đông",
        "stop_type": "Biển treo",
        "route_no": "60-1",
        "display_code": "B 60-1",
        "direction": "Lượt về",
        "address": "Đối diện Đình An Phú Đông Quốc lộ 1A",
        "street": "Quốc lộ 1A",
        "zone": "Quận 12",
        "ward": null,
        "all_routes": "33, 60-1, 61-3",
        "marker_color": "#43A047"
      }
    },
    {
      "type": "Feature",
      "geometry": {
        "type": "Point",
        "coordinates": [
          106.689413,
          10.86104
        ]
      },
      "properties": {
        "feature_type": "bus_stop",
        "stop_id": 2352,
        "stop_code": "Q12 067",
        "stop_name": "Công ty Hồng Mã",
        "stop_type": "Trụ dừng",
        "route_no": "60-1",
        "display_code": "B 60-1",
        "direction": "Lượt về",
        "address": "Công ty Hồng Mã Quốc lộ 1A",
        "street": "Quốc lộ 1A",
        "zone": "Quận 12",
        "ward": null,
        "all_routes": "33, 60-1, 61-3",
        "marker_color": "#43A047"
      }
    },
    {
      "type": "Feature",
      "geometry": {
        "type": "Point",
        "coordinates": [
          106.685175,
          10.861324
        ]
      },
      "properties": {
        "feature_type": "bus_stop",
        "stop_id": 2355,
        "stop_code": "Q12 068",
        "stop_name": "Phường An Phú Đông",
        "stop_type": "Trụ dừng",
        "route_no": "60-1",
        "display_code": "B 60-1",
        "direction": "Lượt về",
        "address": "616 - 618 Quốc lộ 1A",
        "street": "Quốc lộ 1A",
        "zone": "Quận 12",
        "ward": null,
        "all_routes": "33, 60-1, 61-3",
        "marker_color": "#43A047"
      }
    },
    {
      "type": "Feature",
      "geometry": {
        "type": "Point",
        "coordinates": [
          106.679354,
          10.861725
        ]
      },
      "properties": {
        "feature_type": "bus_stop",
        "stop_id": 2354,
        "stop_code": "Q12 070",
        "stop_name": "Bến xe Ngã tư Ga",
        "stop_type": "Nhà chờ",
        "route_no": "60-1",
        "display_code": "B 60-1",
        "direction": "Lượt về",
        "address": "Bến xe Ngã tư ga Quốc lộ 1A",
        "street": "Quốc lộ 1A",
        "zone": "Quận 12",
        "ward": null,
        "all_routes": "33, 58, 60-1, 61-3",
        "marker_color": "#43A047"
      }
    },
    {
      "type": "Feature",
      "geometry": {
        "type": "Point",
        "coordinates": [
          106.674564,
          10.861967
        ]
      },
      "properties": {
        "feature_type": "bus_stop",
        "stop_id": 976,
        "stop_code": "Q12 071",
        "stop_name": "Khu QLGTĐT số 3",
        "stop_type": "Trụ dừng",
        "route_no": "60-1",
        "display_code": "B 60-1",
        "direction": "Lượt về",
        "address": "96/2 Quốc lộ 1A",
        "street": "Quốc lộ 1A",
        "zone": "Quận 12",
        "ward": null,
        "all_routes": "103, 161, 32, 33, 59, 60-1, 61-3",
        "marker_color": "#43A047"
      }
    },
    {
      "type": "Feature",
      "geometry": {
        "type": "Point",
        "coordinates": [
          106.667461,
          10.861877
        ]
      },
      "properties": {
        "feature_type": "bus_stop",
        "stop_id": 965,
        "stop_code": "Q12 073",
        "stop_name": "Trường Mầm non Ngôi Nhà Trẻ Thơ",
        "stop_type": "Trụ dừng",
        "route_no": "60-1",
        "display_code": "B 60-1",
        "direction": "Lượt về",
        "address": "990 Quốc lộ 1A",
        "street": "Quốc lộ 1A",
        "zone": "Quận 12",
        "ward": null,
        "all_routes": "103, 146, 33, 60-1, 61-3",
        "marker_color": "#43A047"
      }
    },
    {
      "type": "Feature",
      "geometry": {
        "type": "Point",
        "coordinates": [
          106.661389,
          10.861819
        ]
      },
      "properties": {
        "feature_type": "bus_stop",
        "stop_id": 977,
        "stop_code": "Q12 074",
        "stop_name": "Cơ khí Minh Huy",
        "stop_type": "Trụ dừng",
        "route_no": "60-1",
        "display_code": "B 60-1",
        "direction": "Lượt về",
        "address": "1218/11 Quốc lộ 1A",
        "street": "Quốc lộ 1A",
        "zone": "Quận 12",
        "ward": null,
        "all_routes": "103, 146, 33, 60-1, 61-3",
        "marker_color": "#43A047"
      }
    },
    {
      "type": "Feature",
      "geometry": {
        "type": "Point",
        "coordinates": [
          106.657183,
          10.861988
        ]
      },
      "properties": {
        "feature_type": "bus_stop",
        "stop_id": 966,
        "stop_code": "Q12 075",
        "stop_name": "Đá hoa cương Chí Thành",
        "stop_type": "Nhà chờ",
        "route_no": "60-1",
        "display_code": "B 60-1",
        "direction": "Lượt về",
        "address": "1360 Quốc lộ 1A",
        "street": "Quốc lộ 1A",
        "zone": "Quận 12",
        "ward": null,
        "all_routes": "103, 146, 33, 60-1, 61-3",
        "marker_color": "#43A047"
      }
    },
    {
      "type": "Feature",
      "geometry": {
        "type": "Point",
        "coordinates": [
          106.653428,
          10.862114
        ]
      },
      "properties": {
        "feature_type": "bus_stop",
        "stop_id": 969,
        "stop_code": "Q12 076",
        "stop_name": "Quận ủy Quận 12",
        "stop_type": "Trụ dừng",
        "route_no": "60-1",
        "display_code": "B 60-1",
        "direction": "Lượt về",
        "address": "1456 (Quận Ủy quận 12) Quốc lộ 1A",
        "street": "Quốc lộ 1A",
        "zone": "Quận 12",
        "ward": null,
        "all_routes": "103, 33, 60-1, 61-3",
        "marker_color": "#43A047"
      }
    },
    {
      "type": "Feature",
      "geometry": {
        "type": "Point",
        "coordinates": [
          106.648536,
          10.861767
        ]
      },
      "properties": {
        "feature_type": "bus_stop",
        "stop_id": 2775,
        "stop_code": "Q12 078",
        "stop_name": "Cao su Vina",
        "stop_type": "Trụ dừng",
        "route_no": "60-1",
        "display_code": "B 60-1",
        "direction": "Lượt về",
        "address": "67/3A Quốc lộ 1A",
        "street": "Quốc lộ 1A",
        "zone": "Quận 12",
        "ward": null,
        "all_routes": "33, 60-1, 61-3, 62",
        "marker_color": "#43A047"
      }
    },
    {
      "type": "Feature",
      "geometry": {
        "type": "Point",
        "coordinates": [
          106.645682,
          10.860302
        ]
      },
      "properties": {
        "feature_type": "bus_stop",
        "stop_id": 2776,
        "stop_code": "Q12 079",
        "stop_name": "Cây xăng Trung Tín",
        "stop_type": "Trụ dừng",
        "route_no": "60-1",
        "display_code": "B 60-1",
        "direction": "Lượt về",
        "address": "1828 Quốc lộ 1A",
        "street": "Quốc lộ 1A",
        "zone": "Quận 12",
        "ward": null,
        "all_routes": "33, 60-1, 61-3, 62",
        "marker_color": "#43A047"
      }
    },
    {
      "type": "Feature",
      "geometry": {
        "type": "Point",
        "coordinates": [
          106.640918,
          10.857668
        ]
      },
      "properties": {
        "feature_type": "bus_stop",
        "stop_id": 2777,
        "stop_code": "Q12 080",
        "stop_name": "Trạm điện Hóc Môn",
        "stop_type": "Trụ dừng",
        "route_no": "60-1",
        "display_code": "B 60-1",
        "direction": "Lượt về",
        "address": "1956 Quốc lộ 1A",
        "street": "Quốc lộ 1A",
        "zone": "Quận 12",
        "ward": null,
        "all_routes": "33, 60-1, 61-3, 62",
        "marker_color": "#43A047"
      }
    },
    {
      "type": "Feature",
      "geometry": {
        "type": "Point",
        "coordinates": [
          106.638172,
          10.856256
        ]
      },
      "properties": {
        "feature_type": "bus_stop",
        "stop_id": 2778,
        "stop_code": "Q12 081",
        "stop_name": "Ngã tư Đình",
        "stop_type": "Trụ dừng",
        "route_no": "60-1",
        "display_code": "B 60-1",
        "direction": "Lượt về",
        "address": "44D Quốc lộ 1A",
        "street": "Quốc lộ 1A",
        "zone": "Quận 12",
        "ward": null,
        "all_routes": "33, 60-1, 61-3, 62",
        "marker_color": "#43A047"
      }
    },
    {
      "type": "Feature",
      "geometry": {
        "type": "Point",
        "coordinates": [
          106.632469,
          10.853048
        ]
      },
      "properties": {
        "feature_type": "bus_stop",
        "stop_id": 2781,
        "stop_code": "Q12 083",
        "stop_name": "Trường Nguyễn Du",
        "stop_type": "Nhà chờ",
        "route_no": "60-1",
        "display_code": "B 60-1",
        "direction": "Lượt về",
        "address": "Đối diện Trường Nguyễn Du Quốc lộ 1A",
        "street": "Quốc lộ 1A",
        "zone": "Quận 12",
        "ward": null,
        "all_routes": "33, 60-1, 61-3, 62",
        "marker_color": "#43A047"
      }
    },
    {
      "type": "Feature",
      "geometry": {
        "type": "Point",
        "coordinates": [
          106.624348,
          10.84907
        ]
      },
      "properties": {
        "feature_type": "bus_stop",
        "stop_id": 2254,
        "stop_code": "Q12 085",
        "stop_name": "Chung cư Thái An",
        "stop_type": "Trụ dừng",
        "route_no": "60-1",
        "display_code": "B 60-1",
        "direction": "Lượt về",
        "address": "Chung cư Thái An Quốc lộ 1A",
        "street": "Quốc lộ 1A",
        "zone": "Quận 12",
        "ward": null,
        "all_routes": "33, 60-1, 61-3",
        "marker_color": "#43A047"
      }
    },
    {
      "type": "Feature",
      "geometry": {
        "type": "Point",
        "coordinates": [
          106.621059,
          10.8475
        ]
      },
      "properties": {
        "feature_type": "bus_stop",
        "stop_id": 2250,
        "stop_code": "Q12 086",
        "stop_name": "Trạm đăng kiểm",
        "stop_type": "Trụ dừng",
        "route_no": "60-1",
        "display_code": "B 60-1",
        "direction": "Lượt về",
        "address": "Trạm đăng kiểm Quốc lộ 1A",
        "street": "Quốc lộ 1A",
        "zone": "Quận 12",
        "ward": null,
        "all_routes": "33, 60-1, 61-3",
        "marker_color": "#43A047"
      }
    },
    {
      "type": "Feature",
      "geometry": {
        "type": "Point",
        "coordinates": [
          106.616081,
          10.843623
        ]
      },
      "properties": {
        "feature_type": "bus_stop",
        "stop_id": 2252,
        "stop_code": "Q12 088",
        "stop_name": "Cầu vượt An Sương",
        "stop_type": "Nhà chờ",
        "route_no": "60-1",
        "display_code": "B 60-1",
        "direction": "Lượt về",
        "address": "Xưởng Z735 Quốc lộ 1A",
        "street": "Quốc lộ 1A",
        "zone": "Quận 12",
        "ward": null,
        "all_routes": "33, 60-1, 61-3",
        "marker_color": "#43A047"
      }
    },
    {
      "type": "Feature",
      "geometry": {
        "type": "Point",
        "coordinates": [
          106.614225,
          10.841978
        ]
      },
      "properties": {
        "feature_type": "bus_stop",
        "stop_id": 3843,
        "stop_code": "HHM 0160",
        "stop_name": "cầu vượt An Sương",
        "stop_type": "Trụ dừng",
        "route_no": "60-1",
        "display_code": "B 60-1",
        "direction": "Lượt về",
        "address": "45/8C Quốc lộ 1A",
        "street": "Quốc lộ 1A",
        "zone": "Huyện Hóc Môn",
        "ward": "Xã Bà Điểm",
        "all_routes": "151, 60-1",
        "marker_color": "#43A047"
      }
    },
    {
      "type": "Feature",
      "geometry": {
        "type": "Point",
        "coordinates": [
          106.612535,
          10.840398
        ]
      },
      "properties": {
        "feature_type": "bus_stop",
        "stop_id": 1926,
        "stop_code": "HHM 017",
        "stop_name": "Trạm măng",
        "stop_type": "Trụ dừng",
        "route_no": "60-1",
        "display_code": "B 60-1",
        "direction": "Lượt về",
        "address": "41/1B Quốc lộ 1A",
        "street": "Quốc lộ 1A",
        "zone": "Huyện Hóc Môn",
        "ward": "Xã Bà Điểm",
        "all_routes": "151, 60-1",
        "marker_color": "#43A047"
      }
    },
    {
      "type": "Feature",
      "geometry": {
        "type": "Point",
        "coordinates": [
          106.60797,
          10.836167
        ]
      },
      "properties": {
        "feature_type": "bus_stop",
        "stop_id": 1921,
        "stop_code": "HHM 018",
        "stop_name": "Hồng Mộc",
        "stop_type": "Trụ dừng",
        "route_no": "60-1",
        "display_code": "B 60-1",
        "direction": "Lượt về",
        "address": "59/2A Quốc lộ 1A",
        "street": "Quốc lộ 1A",
        "zone": "Huyện Hóc Môn",
        "ward": "Xã Bà Điểm",
        "all_routes": "151, 60-1",
        "marker_color": "#43A047"
      }
    },
    {
      "type": "Feature",
      "geometry": {
        "type": "Point",
        "coordinates": [
          106.605804,
          10.832674
        ]
      },
      "properties": {
        "feature_type": "bus_stop",
        "stop_id": 1928,
        "stop_code": "HHM 019",
        "stop_name": "Ngã tư Bà Điểm",
        "stop_type": "Trụ dừng",
        "route_no": "60-1",
        "display_code": "B 60-1",
        "direction": "Lượt về",
        "address": "57/7B Quốc lộ 1A",
        "street": "Quốc lộ 1A",
        "zone": "Huyện Hóc Môn",
        "ward": "Xã Bà Điểm",
        "all_routes": "151, 60-1",
        "marker_color": "#43A047"
      }
    },
    {
      "type": "Feature",
      "geometry": {
        "type": "Point",
        "coordinates": [
          106.602554,
          10.823311
        ]
      },
      "properties": {
        "feature_type": "bus_stop",
        "stop_id": 1930,
        "stop_code": "QBT 073",
        "stop_name": "Quang Châu",
        "stop_type": "Ô sơn",
        "route_no": "60-1",
        "display_code": "B 60-1",
        "direction": "Lượt về",
        "address": "5/30K (SỐ 6) Quốc lộ 1A",
        "street": "Quốc lộ 1A",
        "zone": "Quận Bình Tân",
        "ward": "Phường Bình Hưng Hoà B",
        "all_routes": "151, 60-1",
        "marker_color": "#43A047"
      }
    },
    {
      "type": "Feature",
      "geometry": {
        "type": "Point",
        "coordinates": [
          106.600696,
          10.815038
        ]
      },
      "properties": {
        "feature_type": "bus_stop",
        "stop_id": 1932,
        "stop_code": "QBT 075",
        "stop_name": "Gò Mây",
        "stop_type": "Trụ dừng",
        "route_no": "60-1",
        "display_code": "B 60-1",
        "direction": "Lượt về",
        "address": "230 Quốc lộ 1A",
        "street": "Quốc lộ 1A",
        "zone": "Quận Bình Tân",
        "ward": "Phường Bình Hưng Hoà B",
        "all_routes": "151, 60-1",
        "marker_color": "#43A047"
      }
    },
    {
      "type": "Feature",
      "geometry": {
        "type": "Point",
        "coordinates": [
          106.599784,
          10.810807
        ]
      },
      "properties": {
        "feature_type": "bus_stop",
        "stop_id": 1934,
        "stop_code": "QBT 077",
        "stop_name": "Hương Quê",
        "stop_type": "Ô sơn",
        "route_no": "60-1",
        "display_code": "B 60-1",
        "direction": "Lượt về",
        "address": "320 Quốc lộ 1A",
        "street": "Quốc lộ 1A",
        "zone": "Quận Bình Tân",
        "ward": "Phường Bình Hưng Hoà B",
        "all_routes": "151, 60-1",
        "marker_color": "#43A047"
      }
    },
    {
      "type": "Feature",
      "geometry": {
        "type": "Point",
        "coordinates": [
          106.59885,
          10.806465
        ]
      },
      "properties": {
        "feature_type": "bus_stop",
        "stop_id": 1927,
        "stop_code": "QBT 076",
        "stop_name": "Phú Cường",
        "stop_type": "Ô sơn",
        "route_no": "60-1",
        "display_code": "B 60-1",
        "direction": "Lượt về",
        "address": "386 Quốc lộ 1A",
        "street": "Quốc lộ 1A",
        "zone": "Quận Bình Tân",
        "ward": "Phường Bình Hưng Hoà B",
        "all_routes": "151, 60-1",
        "marker_color": "#43A047"
      }
    },
    {
      "type": "Feature",
      "geometry": {
        "type": "Point",
        "coordinates": [
          106.597338,
          10.799167
        ]
      },
      "properties": {
        "feature_type": "bus_stop",
        "stop_id": 1929,
        "stop_code": "QBT 078",
        "stop_name": "Phát Đạt",
        "stop_type": "Trụ dừng",
        "route_no": "60-1",
        "display_code": "B 60-1",
        "direction": "Lượt về",
        "address": "502 Quốc lộ 1A",
        "street": "Quốc lộ 1A",
        "zone": "Quận Bình Tân",
        "ward": "Phường Bình Hưng Hoà B",
        "all_routes": "151, 60-1",
        "marker_color": "#43A047"
      }
    },
    {
      "type": "Feature",
      "geometry": {
        "type": "Point",
        "coordinates": [
          106.596056,
          10.793181
        ]
      },
      "properties": {
        "feature_type": "bus_stop",
        "stop_id": 1937,
        "stop_code": "QBT 079",
        "stop_name": "Khu phố 5",
        "stop_type": "Trụ dừng",
        "route_no": "60-1",
        "display_code": "B 60-1",
        "direction": "Lượt về",
        "address": "576 Quốc lộ 1A",
        "street": "Quốc lộ 1A",
        "zone": "Quận Bình Tân",
        "ward": "Phường Bình Hưng Hoà B",
        "all_routes": "151, 60-1",
        "marker_color": "#43A047"
      }
    },
    {
      "type": "Feature",
      "geometry": {
        "type": "Point",
        "coordinates": [
          106.595219,
          10.789197
        ]
      },
      "properties": {
        "feature_type": "bus_stop",
        "stop_id": 1931,
        "stop_code": "QBT 080",
        "stop_name": "Tân Kỳ Tân Quý (Hoàng Gia Phát)",
        "stop_type": "Trụ dừng",
        "route_no": "60-1",
        "display_code": "B 60-1",
        "direction": "Lượt về",
        "address": "642 Quốc lộ 1A",
        "street": "Quốc lộ 1A",
        "zone": "Quận Bình Tân",
        "ward": "Phường Bình Hưng Hoà B",
        "all_routes": "151, 60-1",
        "marker_color": "#43A047"
      }
    },
    {
      "type": "Feature",
      "geometry": {
        "type": "Point",
        "coordinates": [
          106.593697,
          10.781952
        ]
      },
      "properties": {
        "feature_type": "bus_stop",
        "stop_id": 1939,
        "stop_code": "QBT 081",
        "stop_name": "Thiên Phúc Học",
        "stop_type": "Nhà chờ",
        "route_no": "60-1",
        "display_code": "B 60-1",
        "direction": "Lượt về",
        "address": "734 (kế 738) Quốc lộ 1A",
        "street": "Quốc lộ 1A",
        "zone": "Quận Bình Tân",
        "ward": "Phường Bình Hưng Hoà B",
        "all_routes": "151, 60-1",
        "marker_color": "#43A047"
      }
    },
    {
      "type": "Feature",
      "geometry": {
        "type": "Point",
        "coordinates": [
          106.593262,
          10.779601
        ]
      },
      "properties": {
        "feature_type": "bus_stop",
        "stop_id": 1941,
        "stop_code": "QBT 082",
        "stop_name": "Ao Đôi",
        "stop_type": "Ô sơn",
        "route_no": "60-1",
        "display_code": "B 60-1",
        "direction": "Lượt về",
        "address": "790 (Đối diện Ao Đôi) Quốc lộ 1A",
        "street": "Quốc lộ 1A",
        "zone": "Quận Bình Tân",
        "ward": null,
        "all_routes": "151, 60-1",
        "marker_color": "#43A047"
      }
    },
    {
      "type": "Feature",
      "geometry": {
        "type": "Point",
        "coordinates": [
          106.592377,
          10.775476
        ]
      },
      "properties": {
        "feature_type": "bus_stop",
        "stop_id": 1933,
        "stop_code": "QBT 083",
        "stop_name": "Hương lộ 2",
        "stop_type": "Trụ dừng",
        "route_no": "60-1",
        "display_code": "B 60-1",
        "direction": "Lượt về",
        "address": "854 Quốc lộ 1A",
        "street": "Quốc lộ 1A",
        "zone": "Quận Bình Tân",
        "ward": null,
        "all_routes": "151, 60-1",
        "marker_color": "#43A047"
      }
    },
    {
      "type": "Feature",
      "geometry": {
        "type": "Point",
        "coordinates": [
          106.591667,
          10.77234
        ]
      },
      "properties": {
        "feature_type": "bus_stop",
        "stop_id": 1935,
        "stop_code": "QBT 084",
        "stop_name": "Qua ngã tư Hương lộ 2",
        "stop_type": "Trụ dừng",
        "route_no": "60-1",
        "display_code": "B 60-1",
        "direction": "Lượt về",
        "address": "892 Quốc lộ 1A",
        "street": "Quốc lộ 1A",
        "zone": "Quận Bình Tân",
        "ward": "Phường Bình Trị Đông A",
        "all_routes": "151, 60-1",
        "marker_color": "#43A047"
      }
    },
    {
      "type": "Feature",
      "geometry": {
        "type": "Point",
        "coordinates": [
          106.590935,
          10.768545
        ]
      },
      "properties": {
        "feature_type": "bus_stop",
        "stop_id": 1789,
        "stop_code": "QBT 085",
        "stop_name": "Nghĩa trang Bình TÂn",
        "stop_type": "Trụ dừng",
        "route_no": "60-1",
        "display_code": "B 60-1",
        "direction": "Lượt về",
        "address": "950 Quốc lộ 1A",
        "street": "Quốc lộ 1A",
        "zone": "Quận Bình Tân",
        "ward": null,
        "all_routes": "15, 151, 25, 60-1",
        "marker_color": "#43A047"
      }
    },
    {
      "type": "Feature",
      "geometry": {
        "type": "Point",
        "coordinates": [
          106.590683,
          10.762401
        ]
      },
      "properties": {
        "feature_type": "bus_stop",
        "stop_id": 1788,
        "stop_code": "QBT 086",
        "stop_name": "Bà Hom",
        "stop_type": "Trụ dừng",
        "route_no": "60-1",
        "display_code": "B 60-1",
        "direction": "Lượt về",
        "address": "950 Quốc lộ 1A",
        "street": "Quốc lộ 1A",
        "zone": "Quận Bình Tân",
        "ward": "Phường Tân Tạo",
        "all_routes": "15, 151, 25, 60-1",
        "marker_color": "#43A047"
      }
    },
    {
      "type": "Feature",
      "geometry": {
        "type": "Point",
        "coordinates": [
          106.591492,
          10.758026
        ]
      },
      "properties": {
        "feature_type": "bus_stop",
        "stop_id": 1791,
        "stop_code": "QBT 087",
        "stop_name": "Tỉnh lộ 10",
        "stop_type": "Trụ dừng",
        "route_no": "60-1",
        "display_code": "B 60-1",
        "direction": "Lượt về",
        "address": "978A Quốc lộ 1A",
        "street": "Quốc lộ 1A",
        "zone": "Quận Bình Tân",
        "ward": "Phường Tân Tạo",
        "all_routes": "15, 151, 25, 60-1",
        "marker_color": "#43A047"
      }
    },
    {
      "type": "Feature",
      "geometry": {
        "type": "Point",
        "coordinates": [
          106.591848,
          10.755766
        ]
      },
      "properties": {
        "feature_type": "bus_stop",
        "stop_id": 10068,
        "stop_code": "QBT 328",
        "stop_name": "Nhà sách Tân Tạo",
        "stop_type": "Trụ dừng",
        "route_no": "60-1",
        "display_code": "B 60-1",
        "direction": "Lượt về",
        "address": "1024 Lê Đức Anh",
        "street": "Lê Đức Anh",
        "zone": "Quận Bình Tân",
        "ward": "Phường Tân Tạo",
        "all_routes": "15, 151, 60-1, 73",
        "marker_color": "#43A047"
      }
    },
    {
      "type": "Feature",
      "geometry": {
        "type": "Point",
        "coordinates": [
          106.592392,
          10.752793
        ]
      },
      "properties": {
        "feature_type": "bus_stop",
        "stop_id": 1790,
        "stop_code": "QBT 088",
        "stop_name": "Khu Công nghiệp Tân Tạo",
        "stop_type": "Nhà chờ",
        "route_no": "60-1",
        "display_code": "B 60-1",
        "direction": "Lượt về",
        "address": "1054B (số cũ 666) Quốc lộ 1A",
        "street": "Quốc lộ 1A",
        "zone": "Quận Bình Tân",
        "ward": "Phường Tân Tạo",
        "all_routes": "15, 151, 60-1, 73",
        "marker_color": "#43A047"
      }
    },
    {
      "type": "Feature",
      "geometry": {
        "type": "Point",
        "coordinates": [
          106.595367,
          10.746899
        ]
      },
      "properties": {
        "feature_type": "bus_stop",
        "stop_id": 1792,
        "stop_code": "QBT 089",
        "stop_name": "Công ty Pouyuen",
        "stop_type": "Nhà chờ",
        "route_no": "60-1",
        "display_code": "B 60-1",
        "direction": "Lượt về",
        "address": "Đối diện Pouyen (1054N) Quốc lộ 1A",
        "street": "Quốc lộ 1A",
        "zone": "Quận Bình Tân",
        "ward": "Phường Tân Tạo",
        "all_routes": "15, 151, 60-1",
        "marker_color": "#43A047"
      }
    },
    {
      "type": "Feature",
      "geometry": {
        "type": "Point",
        "coordinates": [
          106.597519,
          10.743526
        ]
      },
      "properties": {
        "feature_type": "bus_stop",
        "stop_id": 1793,
        "stop_code": "QBT 090",
        "stop_name": "Công ty Hai Thành",
        "stop_type": "Trụ dừng",
        "route_no": "60-1",
        "display_code": "B 60-1",
        "direction": "Lượt về",
        "address": "A5/13Q (1054N) Quốc lộ 1A",
        "street": "Quốc lộ 1A",
        "zone": "Quận Bình Tân",
        "ward": "Phường Tân Tạo A",
        "all_routes": "15, 151, 60-1",
        "marker_color": "#43A047"
      }
    },
    {
      "type": "Feature",
      "geometry": {
        "type": "Point",
        "coordinates": [
          106.599724,
          10.740001
        ]
      },
      "properties": {
        "feature_type": "bus_stop",
        "stop_id": 1794,
        "stop_code": "QBT 091",
        "stop_name": "Trạm Điện Quốc lộ 1A",
        "stop_type": "Trụ dừng",
        "route_no": "60-1",
        "display_code": "B 60-1",
        "direction": "Lượt về",
        "address": "A5/3Q Quốc lộ 1A",
        "street": "Quốc lộ 1A",
        "zone": "Quận Bình Tân",
        "ward": "Phường Tân Tạo A",
        "all_routes": "15, 151, 60-1",
        "marker_color": "#43A047"
      }
    },
    {
      "type": "Feature",
      "geometry": {
        "type": "Point",
        "coordinates": [
          106.602081,
          10.736204
        ]
      },
      "properties": {
        "feature_type": "bus_stop",
        "stop_id": 1795,
        "stop_code": "QBT 092",
        "stop_name": "Công an Quận Bình Tân",
        "stop_type": "Trụ dừng",
        "route_no": "60-1",
        "display_code": "B 60-1",
        "direction": "Lượt về",
        "address": "1054 (Quán ăn Xa lộ) Quốc lộ 1A",
        "street": "Quốc lộ 1A",
        "zone": "Quận Bình Tân",
        "ward": null,
        "all_routes": "15, 151, 60-1",
        "marker_color": "#43A047"
      }
    },
    {
      "type": "Feature",
      "geometry": {
        "type": "Point",
        "coordinates": [
          106.602337,
          10.724317
        ]
      },
      "properties": {
        "feature_type": "bus_stop",
        "stop_id": 708,
        "stop_code": "QBT 001",
        "stop_name": "Cầu An Lạc",
        "stop_type": "Trụ dừng",
        "route_no": "60-1",
        "display_code": "B 60-1",
        "direction": "Lượt về",
        "address": "849-851 Kinh Dương Vương",
        "street": "Kinh Dương Vương",
        "zone": "Quận Bình Tân",
        "ward": null,
        "all_routes": "09, 102, 60-1, 61, 62-1, 62-10, 62-2, 62-8, 63-1, 84",
        "marker_color": "#43A047"
      }
    },
    {
      "type": "Feature",
      "geometry": {
        "type": "Point",
        "coordinates": [
          106.605191,
          10.726583
        ]
      },
      "properties": {
        "feature_type": "bus_stop",
        "stop_id": 712,
        "stop_code": "QBT 002",
        "stop_name": "Hoa Hồng",
        "stop_type": "Trụ dừng",
        "route_no": "60-1",
        "display_code": "B 60-1",
        "direction": "Lượt về",
        "address": "771 Kinh Dương Vương",
        "street": "Kinh Dương Vương",
        "zone": "Quận Bình Tân",
        "ward": null,
        "all_routes": "09, 102, 60-1, 61, 62-1, 62-10, 62-2, 62-8, 63-1, 84",
        "marker_color": "#43A047"
      }
    },
    {
      "type": "Feature",
      "geometry": {
        "type": "Point",
        "coordinates": [
          106.607605,
          10.72832
        ]
      },
      "properties": {
        "feature_type": "bus_stop",
        "stop_id": 709,
        "stop_code": "QBT 003",
        "stop_name": "Hàng Dương",
        "stop_type": "Trụ dừng",
        "route_no": "60-1",
        "display_code": "B 60-1",
        "direction": "Lượt về",
        "address": "703 Kinh Dương Vương",
        "street": "Kinh Dương Vương",
        "zone": "Quận Bình Tân",
        "ward": "Phường An Lạc",
        "all_routes": "09, 102, 151, 39, 60-1, 61, 62-1, 62-10, 62-2, 62-8, 63-1, 84",
        "marker_color": "#43A047"
      }
    },
    {
      "type": "Feature",
      "geometry": {
        "type": "Point",
        "coordinates": [
          106.610255,
          10.729977
        ]
      },
      "properties": {
        "feature_type": "bus_stop",
        "stop_id": 714,
        "stop_code": "QBT 004",
        "stop_name": "Ủy ban",
        "stop_type": "Trụ dừng",
        "route_no": "60-1",
        "display_code": "B 60-1",
        "direction": "Lượt về",
        "address": "631-637 Kinh Dương Vương",
        "street": "Kinh Dương Vương",
        "zone": "Quận Bình Tân",
        "ward": "Phường An Lạc",
        "all_routes": "09, 102, 151, 39, 60-1, 61, 62-1, 62-10, 62-2, 62-8, 63-1, 84",
        "marker_color": "#43A047"
      }
    },
    {
      "type": "Feature",
      "geometry": {
        "type": "Point",
        "coordinates": [
          106.61298,
          10.734278
        ]
      },
      "properties": {
        "feature_type": "bus_stop",
        "stop_id": 710,
        "stop_code": "QBT 005",
        "stop_name": "Lâm Thành",
        "stop_type": "Trụ dừng",
        "route_no": "60-1",
        "display_code": "B 60-1",
        "direction": "Lượt về",
        "address": "289(561) Kinh Dương Vương",
        "street": "Kinh Dương Vương",
        "zone": "Quận Bình Tân",
        "ward": "Phường An Lạc",
        "all_routes": "09, 102, 151, 39, 60-1, 61, 62-1, 62-10, 62-2, 62-8, 63-1, 84",
        "marker_color": "#43A047"
      }
    },
    {
      "type": "Feature",
      "geometry": {
        "type": "Point",
        "coordinates": [
          106.614906,
          10.737541
        ]
      },
      "properties": {
        "feature_type": "bus_stop",
        "stop_id": 716,
        "stop_code": "QBT 006",
        "stop_name": "Tên Lửa",
        "stop_type": "Trụ dừng",
        "route_no": "60-1",
        "display_code": "B 60-1",
        "direction": "Lượt về",
        "address": "251(511) Kinh Dương Vương",
        "street": "Kinh Dương Vương",
        "zone": "Quận Bình Tân",
        "ward": "Phường An Lạc",
        "all_routes": "09, 102, 151, 39, 60-1, 61, 62-1, 62-10, 62-2, 62-8, 63-1, 84",
        "marker_color": "#43A047"
      }
    },
    {
      "type": "Feature",
      "geometry": {
        "type": "Point",
        "coordinates": [
          106.61687,
          10.739665
        ]
      },
      "properties": {
        "feature_type": "bus_stop",
        "stop_id": 713,
        "stop_code": "QBT 007",
        "stop_name": "Bệnh viện Triều An",
        "stop_type": "Nhà chờ",
        "route_no": "60-1",
        "display_code": "B 60-1",
        "direction": "Lượt về",
        "address": "Bệnh viện Triều An Kinh Dương Vương",
        "street": "Kinh Dương Vương",
        "zone": "Quận Bình Tân",
        "ward": "Phường An Lạc",
        "all_routes": "09, 102, 151, 25, 39, 41, 60-1, 61, 62-1, 62-10, 62-2, 62-8, 63-1, 84",
        "marker_color": "#43A047"
      }
    }
  ]
}