{
  "type": "FeatureCollection",
  "properties": {
    "stt": 17,
    "route_no": "71",
    "display_code": "B 71",
    "route_name": "Bến xe An Sương - Phật Cô Đơn",
    "start_point": "Bến xe An Sương",
    "end_point": "Phật Cô Đơn",
    "listed_length_km": 24,
    "operating_hours": "5:00 - 20:30",
    "color": "#6D4C41",
    "num_variants": 2,
    "total_stops": 103,
    "total_points": 880
  },
  "features": [
    {
      "type": "Feature",
      "geometry": {
        "type": "LineString",
        "coordinates": [
          [
            106.6133728,
            10.8437376
          ],
          [
            106.6133194,
            10.84385967
          ],
          [
            106.61410522,
            10.84443378
          ],
          [
            106.61462402,
            10.84361649
          ],
          [
            106.61486053,
            10.84324837
          ],
          [
            106.61502075,
            10.84288406
          ],
          [
            106.61500549,
            10.84266281
          ],
          [
            106.6151123,
            10.84247875
          ],
          [
            106.61531067,
            10.84236813
          ],
          [
            106.61556244,
            10.84245205
          ],
          [
            106.61565399,
            10.84266281
          ],
          [
            106.61557007,
            10.84288979
          ],
          [
            106.615242,
            10.84305859
          ],
          [
            106.6144104,
            10.84423828
          ],
          [
            106.61328125,
            10.84600353
          ],
          [
            106.61335754,
            10.846035
          ],
          [
            106.61335754,
            10.846035
          ],
          [
            106.61335754,
            10.846035
          ],
          [
            106.61335754,
            10.846035
          ],
          [
            106.61335754,
            10.846035
          ],
          [
            106.61335754,
            10.846035
          ],
          [
            106.61328888,
            10.84599876
          ],
          [
            106.61224365,
            10.84767914
          ],
          [
            106.61121368,
            10.84932232
          ],
          [
            106.61127472,
            10.84936047
          ],
          [
            106.61127472,
            10.84936047
          ],
          [
            106.61127472,
            10.84936047
          ],
          [
            106.61127472,
            10.84936047
          ],
          [
            106.61127472,
            10.84936047
          ],
          [
            106.61127472,
            10.84936047
          ],
          [
            106.61118317,
            10.84931755
          ],
          [
            106.61030579,
            10.85063457
          ],
          [
            106.60943604,
            10.8519516
          ],
          [
            106.6085968,
            10.85328484
          ],
          [
            106.60775757,
            10.85461712
          ],
          [
            106.60786438,
            10.85466003
          ],
          [
            106.60786438,
            10.85466003
          ],
          [
            106.60786438,
            10.85466003
          ],
          [
            106.60786438,
            10.85466003
          ],
          [
            106.60786438,
            10.85466003
          ],
          [
            106.60786438,
            10.85466003
          ],
          [
            106.60786438,
            10.85466003
          ],
          [
            106.60786438,
            10.85466003
          ],
          [
            106.60778046,
            10.85461712
          ],
          [
            106.6073761,
            10.85523415
          ],
          [
            106.60696411,
            10.85585308
          ],
          [
            106.60655975,
            10.85647106
          ],
          [
            106.6061554,
            10.85708809
          ],
          [
            106.60620117,
            10.85711479
          ],
          [
            106.60620117,
            10.85711479
          ],
          [
            106.60620117,
            10.85711479
          ],
          [
            106.60620117,
            10.85711479
          ],
          [
            106.60620117,
            10.85711479
          ],
          [
            106.60620117,
            10.85711479
          ],
          [
            106.60620117,
            10.85711479
          ],
          [
            106.60620117,
            10.85711479
          ],
          [
            106.60613251,
            10.85708332
          ],
          [
            106.60565948,
            10.85775852
          ],
          [
            106.60518646,
            10.85843468
          ],
          [
            106.60471344,
            10.85910988
          ],
          [
            106.60424042,
            10.85978603
          ],
          [
            106.60430908,
            10.85982323
          ],
          [
            106.60430908,
            10.85982323
          ],
          [
            106.60430908,
            10.85982323
          ],
          [
            106.60430908,
            10.85982323
          ],
          [
            106.60430908,
            10.85982323
          ],
          [
            106.60424805,
            10.85980129
          ],
          [
            106.60360718,
            10.86071014
          ],
          [
            106.60297394,
            10.861619
          ],
          [
            106.60277557,
            10.86136627
          ],
          [
            106.60245514,
            10.86008358
          ],
          [
            106.60212708,
            10.85880089
          ],
          [
            106.60203552,
            10.85882092
          ],
          [
            106.60203552,
            10.85882092
          ],
          [
            106.60212708,
            10.85880089
          ],
          [
            106.60186768,
            10.85771275
          ],
          [
            106.60160828,
            10.8566246
          ],
          [
            106.60135651,
            10.85554218
          ],
          [
            106.60109711,
            10.85445976
          ],
          [
            106.6010437,
            10.85448074
          ],
          [
            106.6010437,
            10.85448074
          ],
          [
            106.60109711,
            10.85446453
          ],
          [
            106.60090637,
            10.85367966
          ],
          [
            106.60071564,
            10.85289478
          ],
          [
            106.6005249,
            10.85210991
          ],
          [
            106.60033417,
            10.85132504
          ],
          [
            106.60025024,
            10.85135269
          ],
          [
            106.60025024,
            10.85135269
          ],
          [
            106.60033417,
            10.85132504
          ],
          [
            106.6001358,
            10.85047626
          ],
          [
            106.59997559,
            10.84962845
          ],
          [
            106.60011292,
            10.84893322
          ],
          [
            106.60024261,
            10.84824276
          ],
          [
            106.6003418,
            10.84756088
          ],
          [
            106.60044098,
            10.84687805
          ],
          [
            106.60025787,
            10.84626198
          ],
          [
            106.60025787,
            10.84626198
          ],
          [
            106.60025787,
            10.84626198
          ],
          [
            106.60025787,
            10.84626198
          ],
          [
            106.60025787,
            10.84626198
          ],
          [
            106.60002899,
            10.84552383
          ],
          [
            106.59992218,
            10.8448
          ],
          [
            106.59983826,
            10.84436989
          ],
          [
            106.59983063,
            10.84418011
          ],
          [
            106.59985352,
            10.84385967
          ],
          [
            106.59989929,
            10.84331989
          ],
          [
            106.59990692,
            10.84292984
          ],
          [
            106.59989929,
            10.84229946
          ],
          [
            106.59980774,
            10.84185696
          ],
          [
            106.599617,
            10.84148788
          ],
          [
            106.59920502,
            10.84103012
          ],
          [
            106.59920502,
            10.84103012
          ],
          [
            106.59920502,
            10.84103012
          ],
          [
            106.59920502,
            10.84103012
          ],
          [
            106.59920502,
            10.84103012
          ],
          [
            106.59920502,
            10.84103012
          ],
          [
            106.59883118,
            10.84061909
          ],
          [
            106.60002899,
            10.83958149
          ],
          [
            106.59996033,
            10.83950233
          ],
          [
            106.59996033,
            10.83950233
          ],
          [
            106.59996033,
            10.83950233
          ],
          [
            106.59996033,
            10.83950233
          ],
          [
            106.59996033,
            10.83950233
          ],
          [
            106.6000061,
            10.83957577
          ],
          [
            106.60020447,
            10.83939648
          ],
          [
            106.5998764,
            10.83862782
          ],
          [
            106.59951782,
            10.83786297
          ],
          [
            106.59951782,
            10.83786297
          ],
          [
            106.59951782,
            10.83786297
          ],
          [
            106.59951782,
            10.83786297
          ],
          [
            106.5991745,
            10.83717346
          ],
          [
            106.59857941,
            10.83623505
          ],
          [
            106.59857941,
            10.83623505
          ],
          [
            106.59857941,
            10.83623505
          ],
          [
            106.59857941,
            10.83623505
          ],
          [
            106.59799194,
            10.83518314
          ],
          [
            106.59739685,
            10.83413124
          ],
          [
            106.59739685,
            10.83413124
          ],
          [
            106.59739685,
            10.83413124
          ],
          [
            106.59739685,
            10.83413124
          ],
          [
            106.59686279,
            10.83300018
          ],
          [
            106.59661865,
            10.8324995
          ],
          [
            106.59625244,
            10.83181
          ],
          [
            106.59625244,
            10.83181
          ],
          [
            106.59625244,
            10.83181
          ],
          [
            106.59594727,
            10.83109856
          ],
          [
            106.59555054,
            10.83038139
          ],
          [
            106.59509277,
            10.82966518
          ],
          [
            106.59468842,
            10.82911205
          ],
          [
            106.59436798,
            10.82870674
          ],
          [
            106.59422302,
            10.8286171
          ],
          [
            106.59407806,
            10.82840633
          ],
          [
            106.59357452,
            10.82770538
          ],
          [
            106.59307861,
            10.82697296
          ],
          [
            106.59235382,
            10.82604313
          ],
          [
            106.59235382,
            10.82604313
          ],
          [
            106.59235382,
            10.82604313
          ],
          [
            106.5918045,
            10.82532883
          ],
          [
            106.59123993,
            10.82460213
          ],
          [
            106.59120178,
            10.82462502
          ],
          [
            106.59120178,
            10.82462502
          ],
          [
            106.59122467,
            10.82459641
          ],
          [
            106.59082794,
            10.82409096
          ],
          [
            106.59038544,
            10.82359505
          ],
          [
            106.58992004,
            10.82312679
          ],
          [
            106.58945465,
            10.82265759
          ],
          [
            106.58942413,
            10.82267857
          ],
          [
            106.58942413,
            10.82267857
          ],
          [
            106.58944702,
            10.82266235
          ],
          [
            106.58901215,
            10.82220936
          ],
          [
            106.58855438,
            10.82176208
          ],
          [
            106.58809662,
            10.82132721
          ],
          [
            106.58764648,
            10.82089233
          ],
          [
            106.58761597,
            10.82091904
          ],
          [
            106.58761597,
            10.82091904
          ],
          [
            106.58763123,
            10.82090282
          ],
          [
            106.58731842,
            10.82061005
          ],
          [
            106.5872879,
            10.82050037
          ],
          [
            106.5872879,
            10.82040024
          ],
          [
            106.58706665,
            10.82017994
          ],
          [
            106.58631134,
            10.81946945
          ],
          [
            106.58553314,
            10.81877708
          ],
          [
            106.58553314,
            10.81877708
          ],
          [
            106.58482361,
            10.81815434
          ],
          [
            106.5841217,
            10.81753159
          ],
          [
            106.58341217,
            10.81690884
          ],
          [
            106.58270264,
            10.81628609
          ],
          [
            106.58270264,
            10.81628609
          ],
          [
            106.58189392,
            10.81562042
          ],
          [
            106.58107758,
            10.8149538
          ],
          [
            106.58023071,
            10.81431675
          ],
          [
            106.57939148,
            10.81367874
          ],
          [
            106.57846069,
            10.81309128
          ],
          [
            106.57752991,
            10.81250381
          ],
          [
            106.57660675,
            10.81191921
          ],
          [
            106.57568359,
            10.81133461
          ],
          [
            106.57565308,
            10.81137562
          ],
          [
            106.57565308,
            10.81137562
          ],
          [
            106.57565308,
            10.81137562
          ],
          [
            106.57565308,
            10.81137562
          ],
          [
            106.57565308,
            10.81137562
          ],
          [
            106.57565308,
            10.81137562
          ],
          [
            106.57568359,
            10.81132412
          ],
          [
            106.57489014,
            10.81080723
          ],
          [
            106.57409668,
            10.81029129
          ],
          [
            106.57328033,
            10.8098011
          ],
          [
            106.57247162,
            10.80931091
          ],
          [
            106.57245636,
            10.80933189
          ],
          [
            106.57245636,
            10.80933189
          ],
          [
            106.57245636,
            10.80933189
          ],
          [
            106.57245636,
            10.80933189
          ],
          [
            106.57245636,
            10.80933189
          ],
          [
            106.57245636,
            10.80933189
          ],
          [
            106.57247925,
            10.80930996
          ],
          [
            106.57180023,
            10.80887032
          ],
          [
            106.57112885,
            10.80843067
          ],
          [
            106.56982422,
            10.80762959
          ],
          [
            106.56854248,
            10.80681038
          ],
          [
            106.56850433,
            10.80684471
          ],
          [
            106.56854248,
            10.80681038
          ],
          [
            106.56813049,
            10.80655003
          ],
          [
            106.56762695,
            10.80626011
          ],
          [
            106.56649017,
            10.80550957
          ],
          [
            106.56555176,
            10.80494976
          ],
          [
            106.56522369,
            10.8046999
          ],
          [
            106.56504059,
            10.80453014
          ],
          [
            106.56477356,
            10.80418015
          ],
          [
            106.56476593,
            10.80416775
          ],
          [
            106.56477356,
            10.80418015
          ],
          [
            106.56386566,
            10.80301952
          ],
          [
            106.56290436,
            10.80188084
          ],
          [
            106.56200409,
            10.80066395
          ],
          [
            106.56106567,
            10.79957294
          ],
          [
            106.56106567,
            10.79957294
          ],
          [
            106.5607605,
            10.79913998
          ],
          [
            106.56002045,
            10.79819965
          ],
          [
            106.55991364,
            10.79811001
          ],
          [
            106.55860138,
            10.79646015
          ],
          [
            106.55812073,
            10.79589462
          ],
          [
            106.55812073,
            10.79589462
          ],
          [
            106.55812073,
            10.79589462
          ],
          [
            106.55709076,
            10.7945509
          ],
          [
            106.55648041,
            10.79316521
          ],
          [
            106.55641937,
            10.7931757
          ],
          [
            106.55641937,
            10.7931757
          ],
          [
            106.55641937,
            10.7931757
          ],
          [
            106.55641937,
            10.7931757
          ],
          [
            106.55641937,
            10.7931757
          ],
          [
            106.55645752,
            10.79316044
          ],
          [
            106.55612183,
            10.79233265
          ],
          [
            106.55575562,
            10.79149532
          ],
          [
            106.5553894,
            10.79065704
          ],
          [
            106.55500031,
            10.78983498
          ],
          [
            106.55500031,
            10.78983498
          ],
          [
            106.55500031,
            10.78983498
          ],
          [
            106.55500031,
            10.78983498
          ],
          [
            106.55500031,
            10.78983498
          ],
          [
            106.55443573,
            10.78825378
          ],
          [
            106.55422211,
            10.78677368
          ],
          [
            106.55394745,
            10.78529263
          ],
          [
            106.55394745,
            10.78529263
          ],
          [
            106.55394745,
            10.78529263
          ],
          [
            106.55394745,
            10.78529263
          ],
          [
            106.55378723,
            10.78398609
          ],
          [
            106.55358887,
            10.78271103
          ],
          [
            106.5533905,
            10.78139877
          ],
          [
            106.55311584,
            10.78012753
          ],
          [
            106.55311584,
            10.78012753
          ],
          [
            106.55311584,
            10.78012753
          ],
          [
            106.55311584,
            10.78012753
          ],
          [
            106.55306244,
            10.77933788
          ],
          [
            106.55284882,
            10.77809429
          ],
          [
            106.55266571,
            10.77688217
          ],
          [
            106.5524292,
            10.77581215
          ],
          [
            106.5524292,
            10.77581215
          ],
          [
            106.55239105,
            10.7751379
          ],
          [
            106.55224609,
            10.77403641
          ],
          [
            106.55201721,
            10.77271366
          ],
          [
            106.55184174,
            10.77198124
          ],
          [
            106.55184174,
            10.77198124
          ],
          [
            106.55184174,
            10.77198124
          ],
          [
            106.55184174,
            10.77198124
          ],
          [
            106.55168915,
            10.77071667
          ],
          [
            106.55036926,
            10.77132797
          ],
          [
            106.55039978,
            10.77138042
          ],
          [
            106.55039978,
            10.77138042
          ],
          [
            106.55039978,
            10.77138042
          ],
          [
            106.54925537,
            10.77193928
          ],
          [
            106.54811859,
            10.77249813
          ],
          [
            106.54701996,
            10.77308273
          ],
          [
            106.5459137,
            10.77366829
          ],
          [
            106.5459137,
            10.77366829
          ],
          [
            106.54515076,
            10.7740469
          ],
          [
            106.54438019,
            10.77442646
          ],
          [
            106.54364014,
            10.774827
          ],
          [
            106.54290771,
            10.77522659
          ],
          [
            106.54290771,
            10.77522659
          ],
          [
            106.54176331,
            10.77579117
          ],
          [
            106.5406189,
            10.77635479
          ],
          [
            106.53947449,
            10.77691936
          ],
          [
            106.53833008,
            10.77748299
          ],
          [
            106.53833008,
            10.77748299
          ],
          [
            106.5370636,
            10.77810478
          ],
          [
            106.53580475,
            10.77872658
          ],
          [
            106.5345993,
            10.7793541
          ],
          [
            106.53340149,
            10.77998066
          ],
          [
            106.53343964,
            10.78003407
          ],
          [
            106.53343964,
            10.78003407
          ],
          [
            106.53340149,
            10.77998638
          ],
          [
            106.53192139,
            10.78069782
          ],
          [
            106.53044128,
            10.78140354
          ],
          [
            106.5289917,
            10.7821207
          ],
          [
            106.52754211,
            10.78284264
          ],
          [
            106.52758026,
            10.78289032
          ],
          [
            106.52758026,
            10.78289032
          ],
          [
            106.52754974,
            10.7828474
          ],
          [
            106.52642059,
            10.78341103
          ],
          [
            106.52529144,
            10.78397274
          ],
          [
            106.52416229,
            10.78453541
          ],
          [
            106.52303314,
            10.78509808
          ],
          [
            106.52306366,
            10.78515625
          ],
          [
            106.52306366,
            10.78515625
          ],
          [
            106.52303314,
            10.78508759
          ],
          [
            106.52167511,
            10.78576279
          ],
          [
            106.52031708,
            10.78643894
          ],
          [
            106.51896667,
            10.7871151
          ],
          [
            106.51760864,
            10.7877903
          ],
          [
            106.51763153,
            10.78783321
          ],
          [
            106.51763153,
            10.78783321
          ],
          [
            106.51760864,
            10.78779602
          ],
          [
            106.51714325,
            10.7880249
          ],
          [
            106.51668549,
            10.78826523
          ],
          [
            106.51655579,
            10.78833294
          ],
          [
            106.51647186,
            10.78832245
          ],
          [
            106.5164032,
            10.78827
          ],
          [
            106.51622772,
            10.78822803
          ],
          [
            106.51593018,
            10.78831196
          ],
          [
            106.51554871,
            10.78859138
          ],
          [
            106.51517487,
            10.78880215
          ],
          [
            106.51475525,
            10.78900814
          ],
          [
            106.51449585,
            10.78903389
          ],
          [
            106.51425934,
            10.78814983
          ],
          [
            106.51420593,
            10.78800678
          ],
          [
            106.51420593,
            10.78800678
          ],
          [
            106.51420593,
            10.78800678
          ],
          [
            106.51420593,
            10.78800678
          ],
          [
            106.51420593,
            10.78800678
          ],
          [
            106.51420593,
            10.78800678
          ],
          [
            106.51420593,
            10.78800678
          ],
          [
            106.51399231,
            10.78726864
          ],
          [
            106.5138092,
            10.78646755
          ],
          [
            106.51361847,
            10.78568268
          ],
          [
            106.51348114,
            10.78490829
          ],
          [
            106.51348114,
            10.78490829
          ],
          [
            106.51348114,
            10.78490829
          ],
          [
            106.51348114,
            10.78490829
          ],
          [
            106.51322937,
            10.78414345
          ],
          [
            106.51303864,
            10.78335857
          ],
          [
            106.51268768,
            10.78185177
          ],
          [
            106.51278687,
            10.78183079
          ],
          [
            106.51278687,
            10.78183079
          ],
          [
            106.51278687,
            10.78183079
          ],
          [
            106.51268768,
            10.78185654
          ],
          [
            106.51251221,
            10.7811451
          ],
          [
            106.51235199,
            10.78042889
          ],
          [
            106.51215363,
            10.77972507
          ],
          [
            106.51195526,
            10.77902222
          ],
          [
            106.51153564,
            10.77761745
          ],
          [
            106.51132965,
            10.77690887
          ],
          [
            106.51104736,
            10.7762289
          ],
          [
            106.51112366,
            10.77620792
          ],
          [
            106.51112366,
            10.77620792
          ],
          [
            106.51104736,
            10.77621841
          ],
          [
            106.51054382,
            10.77510643
          ],
          [
            106.50997162,
            10.7740097
          ],
          [
            106.50981903,
            10.77385044
          ],
          [
            106.50886536,
            10.77280331
          ],
          [
            106.50761414,
            10.77175999
          ],
          [
            106.50761414,
            10.77173424
          ],
          [
            106.50761414,
            10.77173424
          ],
          [
            106.5063858,
            10.77079296
          ],
          [
            106.50515747,
            10.76985264
          ],
          [
            106.50392914,
            10.76890373
          ],
          [
            106.50268555,
            10.76798725
          ],
          [
            106.50268555,
            10.76798725
          ],
          [
            106.5021286,
            10.76753902
          ],
          [
            106.50157166,
            10.7670908
          ],
          [
            106.50095367,
            10.76668739
          ],
          [
            106.50032806,
            10.76628399
          ],
          [
            106.50032806,
            10.76628399
          ],
          [
            106.50032806,
            10.76628399
          ],
          [
            106.49990082,
            10.7659626
          ],
          [
            106.49925232,
            10.76558399
          ],
          [
            106.49891663,
            10.76495075
          ],
          [
            106.49874115,
            10.76474571
          ],
          [
            106.49795532,
            10.76423931
          ],
          [
            106.49785614,
            10.76435566
          ],
          [
            106.49785614,
            10.76435566
          ],
          [
            106.49785614,
            10.76435566
          ],
          [
            106.49785614,
            10.76435566
          ],
          [
            106.49796295,
            10.76423454
          ],
          [
            106.49748993,
            10.76391792
          ],
          [
            106.4968338,
            10.76342773
          ],
          [
            106.49617767,
            10.76293755
          ],
          [
            106.49555206,
            10.76247883
          ],
          [
            106.49493408,
            10.76202106
          ],
          [
            106.49485779,
            10.7621212
          ],
          [
            106.49485779,
            10.7621212
          ],
          [
            106.49485779,
            10.7621212
          ],
          [
            106.49494934,
            10.76199436
          ],
          [
            106.49414063,
            10.76140404
          ],
          [
            106.49339294,
            10.76078224
          ],
          [
            106.49254608,
            10.76019192
          ],
          [
            106.49175262,
            10.75957775
          ],
          [
            106.49093628,
            10.7589798
          ],
          [
            106.49014282,
            10.75837421
          ],
          [
            106.48928833,
            10.7578001
          ],
          [
            106.48854828,
            10.75716019
          ],
          [
            106.4885025,
            10.75706673
          ]
        ]
      },
      "properties": {
        "feature_type": "route_path",
        "stt": 17,
        "route_id": 111,
        "route_no": "71",
        "display_code": "B 71",
        "route_name": "Bến xe An Sương - Phật Cô Đơn",
        "direction": "Lượt đi",
        "outbound": true,
        "start_point": "Bến xe An Sương",
        "end_point": "Phật Cô Đơn",
        "start_stop": "Bến xe An Sương",
        "end_stop": "Phật Cô Đơn",
        "distance_km": 25.09,
        "listed_length_km": 24,
        "running_time_min": 65,
        "operating_hours": "5:00 - 20:30",
        "stroke": "#6D4C41",
        "stroke_width": 4,
        "stroke_opacity": 0.85
      }
    },
    {
      "type": "Feature",
      "geometry": {
        "type": "LineString",
        "coordinates": [
          [
            106.4885025,
            10.75706673
          ],
          [
            106.48929596,
            10.75767803
          ],
          [
            106.49008942,
            10.75828934
          ],
          [
            106.49090576,
            10.75889587
          ],
          [
            106.49171448,
            10.75950146
          ],
          [
            106.49251556,
            10.76010227
          ],
          [
            106.49332428,
            10.76070881
          ],
          [
            106.49412537,
            10.76131248
          ],
          [
            106.49493408,
            10.76191521
          ],
          [
            106.49485016,
            10.76199532
          ],
          [
            106.49485016,
            10.76199532
          ],
          [
            106.49491119,
            10.76193142
          ],
          [
            106.49565887,
            10.76247406
          ],
          [
            106.49639893,
            10.7630167
          ],
          [
            106.49713898,
            10.7635603
          ],
          [
            106.49787903,
            10.76410294
          ],
          [
            106.49778748,
            10.76419163
          ],
          [
            106.49778748,
            10.76419163
          ],
          [
            106.49787903,
            10.76408195
          ],
          [
            106.49835968,
            10.76440811
          ],
          [
            106.4988327,
            10.76473522
          ],
          [
            106.49906921,
            10.76514053
          ],
          [
            106.49930573,
            10.7655468
          ],
          [
            106.49958801,
            10.76570988
          ],
          [
            106.49986267,
            10.76587296
          ],
          [
            106.49990082,
            10.76584721
          ],
          [
            106.49990082,
            10.76584721
          ],
          [
            106.49986267,
            10.76589966
          ],
          [
            106.50058746,
            10.76633167
          ],
          [
            106.50127411,
            10.76685905
          ],
          [
            106.50196838,
            10.76738358
          ],
          [
            106.50267029,
            10.76790714
          ],
          [
            106.50270081,
            10.7678709
          ],
          [
            106.50270081,
            10.7678709
          ],
          [
            106.50270081,
            10.7678709
          ],
          [
            106.50266266,
            10.76791286
          ],
          [
            106.50325775,
            10.76835918
          ],
          [
            106.50385284,
            10.76880646
          ],
          [
            106.50444794,
            10.76925278
          ],
          [
            106.50504303,
            10.7696991
          ],
          [
            106.50563049,
            10.77015781
          ],
          [
            106.50621796,
            10.77061081
          ],
          [
            106.50679016,
            10.77107239
          ],
          [
            106.50737762,
            10.77154922
          ],
          [
            106.50745392,
            10.77148056
          ],
          [
            106.50745392,
            10.77148056
          ],
          [
            106.50745392,
            10.77148056
          ],
          [
            106.50737762,
            10.77155972
          ],
          [
            106.5085907,
            10.7725029
          ],
          [
            106.50933838,
            10.77322483
          ],
          [
            106.50999451,
            10.77400494
          ],
          [
            106.51045227,
            10.7748642
          ],
          [
            106.51086426,
            10.77573299
          ],
          [
            106.51100922,
            10.77566528
          ],
          [
            106.51100922,
            10.77566528
          ],
          [
            106.51100922,
            10.77566528
          ],
          [
            106.51100922,
            10.77566528
          ],
          [
            106.51087952,
            10.77571964
          ],
          [
            106.51126862,
            10.77667141
          ],
          [
            106.51159668,
            10.77777958
          ],
          [
            106.51187897,
            10.77871418
          ],
          [
            106.51216125,
            10.77964878
          ],
          [
            106.51239777,
            10.78062344
          ],
          [
            106.51262665,
            10.78159904
          ],
          [
            106.51282501,
            10.78155613
          ],
          [
            106.51282501,
            10.78155613
          ],
          [
            106.51282501,
            10.78155613
          ],
          [
            106.51282501,
            10.78155613
          ],
          [
            106.51282501,
            10.78155613
          ],
          [
            106.51264954,
            10.78158283
          ],
          [
            106.51282501,
            10.7823391
          ],
          [
            106.51300049,
            10.78309536
          ],
          [
            106.51318359,
            10.78383064
          ],
          [
            106.51337433,
            10.78456593
          ],
          [
            106.51350403,
            10.78452873
          ],
          [
            106.51350403,
            10.78452873
          ],
          [
            106.51350403,
            10.78452873
          ],
          [
            106.51350403,
            10.78452873
          ],
          [
            106.51350403,
            10.78452873
          ],
          [
            106.5133667,
            10.78455448
          ],
          [
            106.51358032,
            10.78540611
          ],
          [
            106.51379395,
            10.78625679
          ],
          [
            106.51400757,
            10.78710556
          ],
          [
            106.51421356,
            10.78795433
          ],
          [
            106.51429749,
            10.78792763
          ],
          [
            106.51429749,
            10.78792763
          ],
          [
            106.51429749,
            10.78792763
          ],
          [
            106.51429749,
            10.78792763
          ],
          [
            106.51429749,
            10.78792763
          ],
          [
            106.51429749,
            10.78792763
          ],
          [
            106.51419067,
            10.78796482
          ],
          [
            106.51448822,
            10.78904438
          ],
          [
            106.51475525,
            10.78902912
          ],
          [
            106.51551056,
            10.78861809
          ],
          [
            106.51635742,
            10.78796482
          ],
          [
            106.51702881,
            10.78794861
          ],
          [
            106.51760101,
            10.78765392
          ],
          [
            106.51756287,
            10.78757954
          ],
          [
            106.51756287,
            10.78757954
          ],
          [
            106.51756287,
            10.78757954
          ],
          [
            106.51756287,
            10.78757954
          ],
          [
            106.51756287,
            10.78757954
          ],
          [
            106.51760864,
            10.78765869
          ],
          [
            106.5189209,
            10.78700542
          ],
          [
            106.52023315,
            10.78635216
          ],
          [
            106.52155304,
            10.78569794
          ],
          [
            106.52278137,
            10.78509808
          ],
          [
            106.52275848,
            10.78503418
          ],
          [
            106.52275848,
            10.78503418
          ],
          [
            106.52275848,
            10.78503418
          ],
          [
            106.52281189,
            10.78511906
          ],
          [
            106.52431488,
            10.78433323
          ],
          [
            106.52574158,
            10.78362274
          ],
          [
            106.52716064,
            10.7829113
          ],
          [
            106.52709961,
            10.78281593
          ],
          [
            106.52709961,
            10.78281593
          ],
          [
            106.52709961,
            10.78281593
          ],
          [
            106.5271225,
            10.78287888
          ],
          [
            106.52841949,
            10.78226948
          ],
          [
            106.52970886,
            10.78166008
          ],
          [
            106.53083801,
            10.78110886
          ],
          [
            106.53197479,
            10.78055859
          ],
          [
            106.53330994,
            10.77992249
          ],
          [
            106.53327179,
            10.77982807
          ],
          [
            106.53327179,
            10.77982807
          ],
          [
            106.53330231,
            10.77990723
          ],
          [
            106.53570557,
            10.7786684
          ],
          [
            106.53824615,
            10.77736187
          ],
          [
            106.53820801,
            10.77731419
          ],
          [
            106.53820801,
            10.77731419
          ],
          [
            106.53820801,
            10.77731419
          ],
          [
            106.53820801,
            10.77731419
          ],
          [
            106.53820801,
            10.77731419
          ],
          [
            106.53820801,
            10.77731419
          ],
          [
            106.53820801,
            10.77731419
          ],
          [
            106.5382309,
            10.77737713
          ],
          [
            106.53943634,
            10.77676964
          ],
          [
            106.54063416,
            10.7761631
          ],
          [
            106.5418396,
            10.77555561
          ],
          [
            106.54290009,
            10.77503777
          ],
          [
            106.54285431,
            10.77494812
          ],
          [
            106.54285431,
            10.77494812
          ],
          [
            106.54290009,
            10.77502155
          ],
          [
            106.54360199,
            10.77466869
          ],
          [
            106.54431152,
            10.77431583
          ],
          [
            106.54502106,
            10.77394676
          ],
          [
            106.54572296,
            10.77357769
          ],
          [
            106.5456543,
            10.7734623
          ],
          [
            106.5456543,
            10.7734623
          ],
          [
            106.54573059,
            10.77358818
          ],
          [
            106.54653168,
            10.77317524
          ],
          [
            106.54732513,
            10.77276134
          ],
          [
            106.54827118,
            10.77228165
          ],
          [
            106.54920959,
            10.77180195
          ],
          [
            106.55015564,
            10.77132225
          ],
          [
            106.55012512,
            10.77128029
          ],
          [
            106.55012512,
            10.77128029
          ],
          [
            106.55012512,
            10.77128029
          ],
          [
            106.55012512,
            10.77128029
          ],
          [
            106.55012512,
            10.77128029
          ],
          [
            106.55012512,
            10.77128029
          ],
          [
            106.55014038,
            10.77133846
          ],
          [
            106.55091858,
            10.77097988
          ],
          [
            106.55169678,
            10.7706213
          ],
          [
            106.55181885,
            10.77139378
          ],
          [
            106.55193329,
            10.7721653
          ],
          [
            106.55197144,
            10.77215958
          ],
          [
            106.55197144,
            10.77215958
          ],
          [
            106.55197144,
            10.77215958
          ],
          [
            106.55197144,
            10.77215958
          ],
          [
            106.55197144,
            10.77215958
          ],
          [
            106.55197144,
            10.77215958
          ],
          [
            106.55192566,
            10.7721653
          ],
          [
            106.55208588,
            10.7731142
          ],
          [
            106.55223083,
            10.77405739
          ],
          [
            106.55238342,
            10.77500343
          ],
          [
            106.55252838,
            10.77594948
          ],
          [
            106.55258942,
            10.77594376
          ],
          [
            106.55258942,
            10.77594376
          ],
          [
            106.55258942,
            10.77594376
          ],
          [
            106.55258942,
            10.77594376
          ],
          [
            106.55258942,
            10.77594376
          ],
          [
            106.55258942,
            10.77594376
          ],
          [
            106.55252838,
            10.77594948
          ],
          [
            106.5526886,
            10.77700615
          ],
          [
            106.55284882,
            10.77806282
          ],
          [
            106.55302429,
            10.77914524
          ],
          [
            106.5532074,
            10.78022861
          ],
          [
            106.55330658,
            10.78021336
          ],
          [
            106.55330658,
            10.78021336
          ],
          [
            106.55330658,
            10.78021336
          ],
          [
            106.55330658,
            10.78021336
          ],
          [
            106.55330658,
            10.78021336
          ],
          [
            106.55330658,
            10.78021336
          ],
          [
            106.55330658,
            10.78021336
          ],
          [
            106.5532074,
            10.78022289
          ],
          [
            106.55342102,
            10.78154087
          ],
          [
            106.55361176,
            10.78286362
          ],
          [
            106.55382538,
            10.78418064
          ],
          [
            106.554039,
            10.78554535
          ],
          [
            106.55413055,
            10.78553009
          ],
          [
            106.55413055,
            10.78553009
          ],
          [
            106.55413055,
            10.78553009
          ],
          [
            106.55413055,
            10.78553009
          ],
          [
            106.55413055,
            10.78553009
          ],
          [
            106.55413055,
            10.78553009
          ],
          [
            106.55408478,
            10.78565121
          ],
          [
            106.55423737,
            10.78684235
          ],
          [
            106.55440521,
            10.78803253
          ],
          [
            106.55467224,
            10.78898144
          ],
          [
            106.55519104,
            10.79019356
          ],
          [
            106.55529022,
            10.79015064
          ],
          [
            106.55529022,
            10.79015064
          ],
          [
            106.55529022,
            10.79015064
          ],
          [
            106.55529022,
            10.79015064
          ],
          [
            106.55521393,
            10.79018307
          ],
          [
            106.5555191,
            10.79092312
          ],
          [
            106.55583191,
            10.79166412
          ],
          [
            106.55612946,
            10.79228592
          ],
          [
            106.55641937,
            10.79298115
          ],
          [
            106.55653381,
            10.79293442
          ],
          [
            106.55653381,
            10.79293442
          ],
          [
            106.55653381,
            10.79293442
          ],
          [
            106.55653381,
            10.79293442
          ],
          [
            106.55640411,
            10.79297066
          ],
          [
            106.55673218,
            10.79375553
          ],
          [
            106.55709076,
            10.79451466
          ],
          [
            106.55778503,
            10.79542065
          ],
          [
            106.55788422,
            10.79537868
          ],
          [
            106.55788422,
            10.79537868
          ],
          [
            106.55788422,
            10.79537868
          ],
          [
            106.55788422,
            10.79537868
          ],
          [
            106.55779266,
            10.79542637
          ],
          [
            106.55858612,
            10.796422
          ],
          [
            106.55937958,
            10.79739666
          ],
          [
            106.56016541,
            10.79837132
          ],
          [
            106.5609436,
            10.7993679
          ],
          [
            106.56102753,
            10.79930401
          ],
          [
            106.56102753,
            10.79930401
          ],
          [
            106.56102753,
            10.79930401
          ],
          [
            106.56102753,
            10.79930401
          ],
          [
            106.56102753,
            10.79937267
          ],
          [
            106.5609436,
            10.7993784
          ],
          [
            106.56185913,
            10.80049038
          ],
          [
            106.56273651,
            10.80160141
          ],
          [
            106.56359863,
            10.80268764
          ],
          [
            106.56450653,
            10.80383587
          ],
          [
            106.56459808,
            10.80379391
          ],
          [
            106.56459808,
            10.80379391
          ],
          [
            106.56459808,
            10.80379391
          ],
          [
            106.56459808,
            10.80379391
          ],
          [
            106.5644989,
            10.80384159
          ],
          [
            106.56522369,
            10.80471611
          ],
          [
            106.56584167,
            10.8051424
          ],
          [
            106.56645203,
            10.8055172
          ],
          [
            106.56733704,
            10.80605412
          ],
          [
            106.56822205,
            10.80659199
          ],
          [
            106.56824493,
            10.80653858
          ],
          [
            106.56824493,
            10.80653858
          ],
          [
            106.56824493,
            10.80653858
          ],
          [
            106.56824493,
            10.80653858
          ],
          [
            106.56819916,
            10.80660725
          ],
          [
            106.56929779,
            10.80727482
          ],
          [
            106.57029724,
            10.80789852
          ],
          [
            106.57129669,
            10.80853081
          ],
          [
            106.57234955,
            10.80920506
          ],
          [
            106.57239532,
            10.80915833
          ],
          [
            106.57239532,
            10.80915833
          ],
          [
            106.57239532,
            10.80915833
          ],
          [
            106.57239532,
            10.80915833
          ],
          [
            106.57239532,
            10.80915833
          ],
          [
            106.57235718,
            10.80921555
          ],
          [
            106.57355499,
            10.80993271
          ],
          [
            106.57444763,
            10.81052303
          ],
          [
            106.57529449,
            10.81103897
          ],
          [
            106.57534027,
            10.81102276
          ],
          [
            106.57534027,
            10.81102276
          ],
          [
            106.57534027,
            10.81102276
          ],
          [
            106.57534027,
            10.81102276
          ],
          [
            106.57534027,
            10.81102276
          ],
          [
            106.57529449,
            10.81105995
          ],
          [
            106.57646179,
            10.81180859
          ],
          [
            106.57765198,
            10.81254101
          ],
          [
            106.57850647,
            10.81311035
          ],
          [
            106.57936859,
            10.81365299
          ],
          [
            106.58074188,
            10.81464863
          ],
          [
            106.5821228,
            10.81577587
          ],
          [
            106.58347321,
            10.81691456
          ],
          [
            106.58447266,
            10.81780624
          ],
          [
            106.58545685,
            10.81872177
          ],
          [
            106.58547974,
            10.81869698
          ],
          [
            106.58547974,
            10.81869698
          ],
          [
            106.58547974,
            10.81869698
          ],
          [
            106.58547974,
            10.81869698
          ],
          [
            106.58547974,
            10.81869698
          ],
          [
            106.58547974,
            10.81869698
          ],
          [
            106.58547974,
            10.81869698
          ],
          [
            106.58547974,
            10.81869698
          ],
          [
            106.58551025,
            10.81877422
          ],
          [
            106.58635712,
            10.81952763
          ],
          [
            106.58718109,
            10.82029152
          ],
          [
            106.58737946,
            10.82032299
          ],
          [
            106.58763885,
            10.82057095
          ],
          [
            106.587677,
            10.82053947
          ],
          [
            106.587677,
            10.82053947
          ],
          [
            106.587677,
            10.82053947
          ],
          [
            106.587677,
            10.82053947
          ],
          [
            106.587677,
            10.82053947
          ],
          [
            106.587677,
            10.82053947
          ],
          [
            106.58763885,
            10.82056618
          ],
          [
            106.5885849,
            10.82146168
          ],
          [
            106.58953094,
            10.82239437
          ],
          [
            106.58956909,
            10.82236195
          ],
          [
            106.58956909,
            10.82236195
          ],
          [
            106.58956909,
            10.82236195
          ],
          [
            106.58956909,
            10.82236195
          ],
          [
            106.58953857,
            10.82239437
          ],
          [
            106.59002686,
            10.82288933
          ],
          [
            106.59050751,
            10.82338428
          ],
          [
            106.59095001,
            10.82389355
          ],
          [
            106.59139252,
            10.82440186
          ],
          [
            106.59139252,
            10.82440186
          ],
          [
            106.59139252,
            10.82440186
          ],
          [
            106.59139252,
            10.82440186
          ],
          [
            106.59204102,
            10.82523727
          ],
          [
            106.59268951,
            10.82607269
          ],
          [
            106.59268951,
            10.82607269
          ],
          [
            106.59307098,
            10.82661438
          ],
          [
            106.5933609,
            10.82715225
          ],
          [
            106.59406281,
            10.82819557
          ],
          [
            106.59477997,
            10.82922268
          ],
          [
            106.5954895,
            10.83023453
          ],
          [
            106.59558105,
            10.83019733
          ],
          [
            106.59558105,
            10.83019733
          ],
          [
            106.59547424,
            10.83023453
          ],
          [
            106.59592438,
            10.83100891
          ],
          [
            106.59632874,
            10.83185196
          ],
          [
            106.59670258,
            10.83267879
          ],
          [
            106.59710693,
            10.83351135
          ],
          [
            106.59716797,
            10.83347988
          ],
          [
            106.59716797,
            10.83347988
          ],
          [
            106.5970993,
            10.83350658
          ],
          [
            106.59750366,
            10.83427048
          ],
          [
            106.59790802,
            10.83503437
          ],
          [
            106.5983429,
            10.83578777
          ],
          [
            106.59877777,
            10.83653069
          ],
          [
            106.59885406,
            10.83647823
          ],
          [
            106.59885406,
            10.83647823
          ],
          [
            106.59877014,
            10.83651447
          ],
          [
            106.59937286,
            10.83747864
          ],
          [
            106.59983063,
            10.83851147
          ],
          [
            106.59993744,
            10.83846855
          ],
          [
            106.59993744,
            10.83846855
          ],
          [
            106.59983826,
            10.83851719
          ],
          [
            106.60023499,
            10.83943844
          ],
          [
            106.59964752,
            10.83992863
          ],
          [
            106.5996933,
            10.8399868
          ],
          [
            106.5996933,
            10.8399868
          ],
          [
            106.5996933,
            10.8399868
          ],
          [
            106.59964752,
            10.83991814
          ],
          [
            106.59883118,
            10.84061909
          ],
          [
            106.59931946,
            10.84111404
          ],
          [
            106.59963226,
            10.84149933
          ],
          [
            106.599823,
            10.8419199
          ],
          [
            106.59985352,
            10.84191036
          ],
          [
            106.59985352,
            10.84191036
          ],
          [
            106.59985352,
            10.84191036
          ],
          [
            106.59981537,
            10.84193134
          ],
          [
            106.59991455,
            10.84219933
          ],
          [
            106.59992218,
            10.84249496
          ],
          [
            106.59992981,
            10.84307957
          ],
          [
            106.59985352,
            10.84424877
          ],
          [
            106.60002899,
            10.84537697
          ],
          [
            106.60016632,
            10.84592438
          ],
          [
            106.60035706,
            10.84644604
          ],
          [
            106.60041046,
            10.84642982
          ],
          [
            106.60041046,
            10.84642982
          ],
          [
            106.60034943,
            10.84645176
          ],
          [
            106.60049438,
            10.84696198
          ],
          [
            106.6003418,
            10.84788704
          ],
          [
            106.60018921,
            10.8488121
          ],
          [
            106.60002899,
            10.84965992
          ],
          [
            106.60020447,
            10.85046864
          ],
          [
            106.60038757,
            10.85127735
          ],
          [
            106.60044098,
            10.85126686
          ],
          [
            106.60044098,
            10.85126686
          ],
          [
            106.60037994,
            10.85127163
          ],
          [
            106.60063934,
            10.85234642
          ],
          [
            106.60089874,
            10.85342121
          ],
          [
            106.60115814,
            10.854496
          ],
          [
            106.60140991,
            10.85557079
          ],
          [
            106.60144806,
            10.85555935
          ],
          [
            106.60144806,
            10.85555935
          ],
          [
            106.60140228,
            10.85556602
          ],
          [
            106.60170746,
            10.85678291
          ],
          [
            106.60201263,
            10.8579998
          ],
          [
            106.60206604,
            10.85797882
          ],
          [
            106.60206604,
            10.85797882
          ],
          [
            106.60201263,
            10.8579998
          ],
          [
            106.60219574,
            10.85877991
          ],
          [
            106.60237885,
            10.85956192
          ],
          [
            106.60256958,
            10.86034393
          ],
          [
            106.60275269,
            10.86112404
          ],
          [
            106.60294342,
            10.86121845
          ],
          [
            106.6033783,
            10.86065006
          ],
          [
            106.60332489,
            10.86060238
          ],
          [
            106.60332489,
            10.86060238
          ],
          [
            106.60332489,
            10.86060238
          ],
          [
            106.60340118,
            10.86065006
          ],
          [
            106.60375977,
            10.86015224
          ],
          [
            106.60412598,
            10.85965443
          ],
          [
            106.60448456,
            10.85915852
          ],
          [
            106.60485077,
            10.85866356
          ],
          [
            106.60520935,
            10.85817146
          ],
          [
            106.60557556,
            10.85767841
          ],
          [
            106.60590363,
            10.85718346
          ],
          [
            106.60623932,
            10.8566885
          ],
          [
            106.60617828,
            10.85661983
          ],
          [
            106.60617828,
            10.85661983
          ],
          [
            106.60617828,
            10.85661983
          ],
          [
            106.60617828,
            10.85661983
          ],
          [
            106.60617828,
            10.85661983
          ],
          [
            106.60617828,
            10.85661983
          ],
          [
            106.60626221,
            10.85666656
          ],
          [
            106.60676575,
            10.85591221
          ],
          [
            106.60726166,
            10.85516262
          ],
          [
            106.60774994,
            10.85441399
          ],
          [
            106.60823822,
            10.85364246
          ],
          [
            106.6081543,
            10.85359478
          ],
          [
            106.6081543,
            10.85359478
          ],
          [
            106.6081543,
            10.85359478
          ],
          [
            106.6081543,
            10.85359478
          ],
          [
            106.6081543,
            10.85359478
          ],
          [
            106.6081543,
            10.85359478
          ],
          [
            106.6081543,
            10.85359478
          ],
          [
            106.60823059,
            10.8536272
          ],
          [
            106.60881805,
            10.85268116
          ],
          [
            106.60940552,
            10.85173607
          ],
          [
            106.61006165,
            10.8507452
          ],
          [
            106.61070251,
            10.84973907
          ],
          [
            106.61064148,
            10.84971333
          ],
          [
            106.61064148,
            10.84971333
          ],
          [
            106.61064148,
            10.84971333
          ],
          [
            106.61064148,
            10.84971333
          ],
          [
            106.61064148,
            10.84971333
          ],
          [
            106.61064148,
            10.84971333
          ],
          [
            106.61070251,
            10.84973907
          ],
          [
            106.61142731,
            10.84860897
          ],
          [
            106.6121521,
            10.84747887
          ],
          [
            106.61287689,
            10.84635639
          ],
          [
            106.6135788,
            10.84521294
          ],
          [
            106.61352539,
            10.84518719
          ],
          [
            106.61352539,
            10.84518719
          ],
          [
            106.61352539,
            10.84518719
          ],
          [
            106.61352539,
            10.84518719
          ],
          [
            106.61352539,
            10.84518719
          ],
          [
            106.61352539,
            10.84518719
          ],
          [
            106.61358643,
            10.84522343
          ],
          [
            106.61406708,
            10.84443855
          ],
          [
            106.61330414,
            10.84384346
          ],
          [
            106.6133728,
            10.8437376
          ]
        ]
      },
      "properties": {
        "feature_type": "route_path",
        "stt": 17,
        "route_id": 111,
        "route_no": "71",
        "display_code": "B 71",
        "route_name": "Bến xe An Sương - Phật Cô Đơn",
        "direction": "Lượt về",
        "outbound": false,
        "start_point": "Bến xe An Sương",
        "end_point": "Phật Cô Đơn",
        "start_stop": "Phật Cô Đơn",
        "end_stop": "Bến xe An Sương",
        "distance_km": 24.93,
        "listed_length_km": 24,
        "running_time_min": 65,
        "operating_hours": "5:00 - 20:30",
        "stroke": "#6D4C41",
        "stroke_width": 4,
        "stroke_opacity": 0.85
      }
    },
    {
      "type": "Feature",
      "geometry": {
        "type": "Point",
        "coordinates": [
          106.61337280273438,
          10.843737602233887
        ]
      },
      "properties": {
        "feature_type": "bus_stop",
        "stop_id": 166,
        "stop_code": "BX41",
        "stop_name": "Bến xe An Sương",
        "stop_type": "Bến xe",
        "route_no": "71",
        "display_code": "B 71",
        "direction": "Lượt đi",
        "address": "Bến xe An Sương Quốc lộ 22",
        "street": "Quốc lộ 22",
        "zone": "Quận 12",
        "ward": null,
        "all_routes": "04, 104, 122, 151, 27, 33, 41, 61-3, 62-5, 65, 71, 74, 85",
        "marker_color": "#6D4C41"
      }
    },
    {
      "type": "Feature",
      "geometry": {
        "type": "Point",
        "coordinates": [
          106.613361,
          10.846035
        ]
      },
      "properties": {
        "feature_type": "bus_stop",
        "stop_id": 1116,
        "stop_code": "Q12 123",
        "stop_name": "Bến xe An Sương",
        "stop_type": "Trụ dừng",
        "route_no": "71",
        "display_code": "B 71",
        "direction": "Lượt đi",
        "address": "142 Quốc lộ 22",
        "street": "Quốc lộ 22",
        "zone": "Quận 12",
        "ward": null,
        "all_routes": "151, 27, 41, 65, 71",
        "marker_color": "#6D4C41"
      }
    },
    {
      "type": "Feature",
      "geometry": {
        "type": "Point",
        "coordinates": [
          106.611274,
          10.84936
        ]
      },
      "properties": {
        "feature_type": "bus_stop",
        "stop_id": 1151,
        "stop_code": "Q12 125",
        "stop_name": "Cây xăng Quân Đội",
        "stop_type": "Trụ dừng",
        "route_no": "71",
        "display_code": "B 71",
        "direction": "Lượt đi",
        "address": "2 Quốc lộ 22",
        "street": "Quốc lộ 22",
        "zone": "Quận 12",
        "ward": null,
        "all_routes": "122, 13, 145, 62-5, 71, 74, 85, 94",
        "marker_color": "#6D4C41"
      }
    },
    {
      "type": "Feature",
      "geometry": {
        "type": "Point",
        "coordinates": [
          106.607863,
          10.85466
        ]
      },
      "properties": {
        "feature_type": "bus_stop",
        "stop_id": 1152,
        "stop_code": "Q12 127",
        "stop_name": "Trung tâm Văn hóa Quận 12",
        "stop_type": "Nhà chờ",
        "route_no": "71",
        "display_code": "B 71",
        "direction": "Lượt đi",
        "address": "Trung tâm văn hóa Quận 12 Quốc lộ 22",
        "street": "Quốc lộ 22",
        "zone": "Quận 12",
        "ward": null,
        "all_routes": "122, 13, 145, 62-5, 71, 74, 85, 94",
        "marker_color": "#6D4C41"
      }
    },
    {
      "type": "Feature",
      "geometry": {
        "type": "Point",
        "coordinates": [
          106.6062,
          10.857115
        ]
      },
      "properties": {
        "feature_type": "bus_stop",
        "stop_id": 1154,
        "stop_code": "HHM 022",
        "stop_name": "Liên đoàn lao động Hóc Môn",
        "stop_type": "Trụ dừng",
        "route_no": "71",
        "display_code": "B 71",
        "direction": "Lượt đi",
        "address": "69/1 (21/7) Quốc lộ 22",
        "street": "Quốc lộ 22",
        "zone": "Huyện Hóc Môn",
        "ward": "Xã Trung Chánh",
        "all_routes": "122, 13, 62-5, 71, 74, 85, 94",
        "marker_color": "#6D4C41"
      }
    },
    {
      "type": "Feature",
      "geometry": {
        "type": "Point",
        "coordinates": [
          106.604306,
          10.859823
        ]
      },
      "properties": {
        "feature_type": "bus_stop",
        "stop_id": 1153,
        "stop_code": "HHM 023",
        "stop_name": "Cây xăng Củ Cải",
        "stop_type": "Trụ dừng",
        "route_no": "71",
        "display_code": "B 71",
        "direction": "Lượt đi",
        "address": "33/4 (336) Quốc lộ 22",
        "street": "Quốc lộ 22",
        "zone": "Huyện Hóc Môn",
        "ward": "Xã Trung Chánh",
        "all_routes": "122, 13, 62-5, 71, 74, 85, 94",
        "marker_color": "#6D4C41"
      }
    },
    {
      "type": "Feature",
      "geometry": {
        "type": "Point",
        "coordinates": [
          106.602038,
          10.858821
        ]
      },
      "properties": {
        "feature_type": "bus_stop",
        "stop_id": 9461,
        "stop_code": "HHM 251",
        "stop_name": "Chợ Đầu Mối Nông Sản Thực Phẩm Hóc Môn",
        "stop_type": "Ô sơn",
        "route_no": "71",
        "display_code": "B 71",
        "direction": "Lượt đi",
        "address": "Cây xanh số 78 – 80 Nguyễn Thị Sóc",
        "street": "Nguyễn Thị Sóc",
        "zone": "Huyện Hóc Môn",
        "ward": "Xã Xuân Thới Sơn",
        "all_routes": "71",
        "marker_color": "#6D4C41"
      }
    },
    {
      "type": "Feature",
      "geometry": {
        "type": "Point",
        "coordinates": [
          106.601045,
          10.854481
        ]
      },
      "properties": {
        "feature_type": "bus_stop",
        "stop_id": 9462,
        "stop_code": "HHM 252",
        "stop_name": "Ấp Bắc Lân",
        "stop_type": "Ô sơn",
        "route_no": "71",
        "display_code": "B 71",
        "direction": "Lượt đi",
        "address": "3/1 Nguyễn Thị Sóc",
        "street": "Nguyễn Thị Sóc",
        "zone": "Huyện Hóc Môn",
        "ward": "Xã Bà Điểm",
        "all_routes": "71",
        "marker_color": "#6D4C41"
      }
    },
    {
      "type": "Feature",
      "geometry": {
        "type": "Point",
        "coordinates": [
          106.600253,
          10.851353
        ]
      },
      "properties": {
        "feature_type": "bus_stop",
        "stop_id": 9458,
        "stop_code": "HHM 253",
        "stop_name": "Trường THPT Bà Điểm",
        "stop_type": "Nhà chờ",
        "route_no": "71",
        "display_code": "B 71",
        "direction": "Lượt đi",
        "address": "Trường THPT Bà Điểm Nguyễn Thị Sóc",
        "street": "Nguyễn Thị Sóc",
        "zone": "Huyện Hóc Môn",
        "ward": "Xã Bà Điểm",
        "all_routes": "71",
        "marker_color": "#6D4C41"
      }
    },
    {
      "type": "Feature",
      "geometry": {
        "type": "Point",
        "coordinates": [
          106.600256,
          10.846262
        ]
      },
      "properties": {
        "feature_type": "bus_stop",
        "stop_id": 3142,
        "stop_code": "HHM 175",
        "stop_name": "Nguyễn Thị Sóc",
        "stop_type": "Trụ dừng",
        "route_no": "71",
        "display_code": "B 71",
        "direction": "Lượt đi",
        "address": "88/2 Nguyễn Ánh Thủ",
        "street": "Nguyễn Ánh Thủ",
        "zone": "Huyện Hóc Môn",
        "ward": "Xã Bà Điểm",
        "all_routes": "48, 71",
        "marker_color": "#6D4C41"
      }
    },
    {
      "type": "Feature",
      "geometry": {
        "type": "Point",
        "coordinates": [
          106.599205,
          10.84103
        ]
      },
      "properties": {
        "feature_type": "bus_stop",
        "stop_id": 3146,
        "stop_code": "HHM 176",
        "stop_name": "Trường Phan Công Hớn",
        "stop_type": "Nhà chờ",
        "route_no": "71",
        "display_code": "B 71",
        "direction": "Lượt đi",
        "address": "Đ/d T. Phan Công Hớn Nguyễn Ánh Thủ",
        "street": "Nguyễn Ánh Thủ",
        "zone": "Huyện Hóc Môn",
        "ward": "Xã Bà Điểm",
        "all_routes": "48, 71",
        "marker_color": "#6D4C41"
      }
    },
    {
      "type": "Feature",
      "geometry": {
        "type": "Point",
        "coordinates": [
          106.59996,
          10.839502
        ]
      },
      "properties": {
        "feature_type": "bus_stop",
        "stop_id": 2284,
        "stop_code": "HHM 202",
        "stop_name": "Chợ Bà Điểm",
        "stop_type": "Biển treo",
        "route_no": "71",
        "display_code": "B 71",
        "direction": "Lượt đi",
        "address": "17/7 Phan Văn Hớn",
        "street": "Phan Văn Hớn",
        "zone": "Huyện Hóc Môn",
        "ward": "Xã Bà Điểm",
        "all_routes": "23, 48, 71",
        "marker_color": "#6D4C41"
      }
    },
    {
      "type": "Feature",
      "geometry": {
        "type": "Point",
        "coordinates": [
          106.599521,
          10.837863
        ]
      },
      "properties": {
        "feature_type": "bus_stop",
        "stop_id": 3143,
        "stop_code": "HHM 157",
        "stop_name": "Chùa Giác Hoàng",
        "stop_type": "Ô sơn",
        "route_no": "71",
        "display_code": "B 71",
        "direction": "Lượt đi",
        "address": "29/3C (36/2D) Phan Văn Đối",
        "street": "Phan Văn Đối",
        "zone": "Huyện Hóc Môn",
        "ward": "Xã Bà Điểm",
        "all_routes": "48, 71",
        "marker_color": "#6D4C41"
      }
    },
    {
      "type": "Feature",
      "geometry": {
        "type": "Point",
        "coordinates": [
          106.598577,
          10.836235
        ]
      },
      "properties": {
        "feature_type": "bus_stop",
        "stop_id": 3144,
        "stop_code": "HHM 158",
        "stop_name": "Nhà Hàng Ngọc Huyền",
        "stop_type": "Ô sơn",
        "route_no": "71",
        "display_code": "B 71",
        "direction": "Lượt đi",
        "address": "31/4A (35/1B) Phan Văn Đối",
        "street": "Phan Văn Đối",
        "zone": "Huyện Hóc Môn",
        "ward": "Xã Bà Điểm",
        "all_routes": "48, 71",
        "marker_color": "#6D4C41"
      }
    },
    {
      "type": "Feature",
      "geometry": {
        "type": "Point",
        "coordinates": [
          106.597396,
          10.834131
        ]
      },
      "properties": {
        "feature_type": "bus_stop",
        "stop_id": 3147,
        "stop_code": "HHM 159",
        "stop_name": "Bưu điện Phan Văn Đối",
        "stop_type": "Ô sơn",
        "route_no": "71",
        "display_code": "B 71",
        "direction": "Lượt đi",
        "address": "26/4A (264A) Phan Văn Đối",
        "street": "Phan Văn Đối",
        "zone": "Huyện Hóc Môn",
        "ward": "Xã Bà Điểm",
        "all_routes": "48, 71",
        "marker_color": "#6D4C41"
      }
    },
    {
      "type": "Feature",
      "geometry": {
        "type": "Point",
        "coordinates": [
          106.596254,
          10.83181
        ]
      },
      "properties": {
        "feature_type": "bus_stop",
        "stop_id": 3148,
        "stop_code": "HHM 160",
        "stop_name": "Chung cu Hoàng Hải",
        "stop_type": "Trụ dừng",
        "route_no": "71",
        "display_code": "B 71",
        "direction": "Lượt đi",
        "address": "264 (Kế 34/11D) Phan Văn Đối",
        "street": "Phan Văn Đối",
        "zone": "Huyện Hóc Môn",
        "ward": "Xã Bà Điểm",
        "all_routes": "48, 71",
        "marker_color": "#6D4C41"
      }
    },
    {
      "type": "Feature",
      "geometry": {
        "type": "Point",
        "coordinates": [
          106.592354,
          10.826043
        ]
      },
      "properties": {
        "feature_type": "bus_stop",
        "stop_id": 3150,
        "stop_code": "QBT 191",
        "stop_name": "công ty Cholimex",
        "stop_type": "Ô sơn",
        "route_no": "71",
        "display_code": "B 71",
        "direction": "Lượt đi",
        "address": "Đối diện công ty Cholimex Đường số 2",
        "street": "Đường số 2",
        "zone": "Quận Bình Tân",
        "ward": null,
        "all_routes": "48, 71",
        "marker_color": "#6D4C41"
      }
    },
    {
      "type": "Feature",
      "geometry": {
        "type": "Point",
        "coordinates": [
          106.591202,
          10.824625
        ]
      },
      "properties": {
        "feature_type": "bus_stop",
        "stop_id": 3152,
        "stop_code": "QBT 190",
        "stop_name": "Công ty Jonton",
        "stop_type": "Ô sơn",
        "route_no": "71",
        "display_code": "B 71",
        "direction": "Lượt đi",
        "address": "Công ty Jonton Đường số 2",
        "street": "Đường số 2",
        "zone": "Quận Bình Tân",
        "ward": null,
        "all_routes": "48, 71",
        "marker_color": "#6D4C41"
      }
    },
    {
      "type": "Feature",
      "geometry": {
        "type": "Point",
        "coordinates": [
          106.589425,
          10.822679
        ]
      },
      "properties": {
        "feature_type": "bus_stop",
        "stop_id": 3154,
        "stop_code": "QBT 189",
        "stop_name": "KCN Vĩnh Lộc",
        "stop_type": "Ô sơn",
        "route_no": "71",
        "display_code": "B 71",
        "direction": "Lượt đi",
        "address": "Đối diện 330 Đường số 2",
        "street": "Đường số 2",
        "zone": "Quận Bình Tân",
        "ward": null,
        "all_routes": "48, 71",
        "marker_color": "#6D4C41"
      }
    },
    {
      "type": "Feature",
      "geometry": {
        "type": "Point",
        "coordinates": [
          106.587616,
          10.820919
        ]
      },
      "properties": {
        "feature_type": "bus_stop",
        "stop_id": 3149,
        "stop_code": "QBT 188",
        "stop_name": "Quỳnh Tiên",
        "stop_type": "Ô sơn",
        "route_no": "71",
        "display_code": "B 71",
        "direction": "Lượt đi",
        "address": "F9/18B1 Đường số 2",
        "street": "Đường số 2",
        "zone": "Quận Bình Tân",
        "ward": null,
        "all_routes": "48, 71",
        "marker_color": "#6D4C41"
      }
    },
    {
      "type": "Feature",
      "geometry": {
        "type": "Point",
        "coordinates": [
          106.585533,
          10.818777
        ]
      },
      "properties": {
        "feature_type": "bus_stop",
        "stop_id": 3151,
        "stop_code": "QBT 187",
        "stop_name": "xã Nhị Bình",
        "stop_type": "Ô sơn",
        "route_no": "71",
        "display_code": "B 71",
        "direction": "Lượt đi",
        "address": "F9/6B Vĩnh Lộc",
        "street": "Vĩnh Lộc",
        "zone": "Quận Bình Tân",
        "ward": null,
        "all_routes": "48, 71",
        "marker_color": "#6D4C41"
      }
    },
    {
      "type": "Feature",
      "geometry": {
        "type": "Point",
        "coordinates": [
          106.582704,
          10.816286
        ]
      },
      "properties": {
        "feature_type": "bus_stop",
        "stop_id": 9492,
        "stop_code": "QBT 319",
        "stop_name": "Đường Phạm Thị Nghĩ",
        "stop_type": "Ô sơn",
        "route_no": "71",
        "display_code": "B 71",
        "direction": "Lượt đi",
        "address": "236-238 Hương Lộ 80",
        "street": "Hương Lộ 80",
        "zone": "Quận Bình Tân",
        "ward": "Phường An Lạc",
        "all_routes": "48, 71",
        "marker_color": "#6D4C41"
      }
    },
    {
      "type": "Feature",
      "geometry": {
        "type": "Point",
        "coordinates": [
          106.575655,
          10.811376
        ]
      },
      "properties": {
        "feature_type": "bus_stop",
        "stop_id": 2325,
        "stop_code": "HBC 136",
        "stop_name": "Chợ mới Vĩnh Lộc",
        "stop_type": "Trụ dừng",
        "route_no": "71",
        "display_code": "B 71",
        "direction": "Lượt đi",
        "address": "Cột Điện T127T (F1/17) Vĩnh Lộc",
        "street": "Vĩnh Lộc",
        "zone": "Huyện Bình Chánh",
        "ward": null,
        "all_routes": "25, 71",
        "marker_color": "#6D4C41"
      }
    },
    {
      "type": "Feature",
      "geometry": {
        "type": "Point",
        "coordinates": [
          106.572458,
          10.809332
        ]
      },
      "properties": {
        "feature_type": "bus_stop",
        "stop_id": 2326,
        "stop_code": "HBC 137",
        "stop_name": "Khu dân cư Đồng Danh",
        "stop_type": "Trụ dừng",
        "route_no": "71",
        "display_code": "B 71",
        "direction": "Lượt đi",
        "address": "A1/2F Vĩnh Lộc",
        "street": "Vĩnh Lộc",
        "zone": "Huyện Bình Chánh",
        "ward": "Xã Phạm Văn Hai",
        "all_routes": "25, 71",
        "marker_color": "#6D4C41"
      }
    },
    {
      "type": "Feature",
      "geometry": {
        "type": "Point",
        "coordinates": [
          106.568504,
          10.806845
        ]
      },
      "properties": {
        "feature_type": "bus_stop",
        "stop_id": 3583,
        "stop_code": "HBC 138",
        "stop_name": "Trạm xăng Hoàng Phú",
        "stop_type": "Ô sơn",
        "route_no": "71",
        "display_code": "B 71",
        "direction": "Lượt đi",
        "address": "Đ/d 1704 Vĩnh Lộc",
        "street": "Vĩnh Lộc",
        "zone": "Huyện Bình Chánh",
        "ward": "Xã Phạm Văn Hai",
        "all_routes": "71",
        "marker_color": "#6D4C41"
      }
    },
    {
      "type": "Feature",
      "geometry": {
        "type": "Point",
        "coordinates": [
          106.564765,
          10.804168
        ]
      },
      "properties": {
        "feature_type": "bus_stop",
        "stop_id": 3585,
        "stop_code": "HBC 139",
        "stop_name": "Bãi đá Đức Cường",
        "stop_type": "Trụ dừng",
        "route_no": "71",
        "display_code": "B 71",
        "direction": "Lượt đi",
        "address": "Công ty Hợp Nhất Vĩnh Lộc",
        "street": "Vĩnh Lộc",
        "zone": "Huyện Bình Chánh",
        "ward": "Xã Phạm Văn Hai",
        "all_routes": "71",
        "marker_color": "#6D4C41"
      }
    },
    {
      "type": "Feature",
      "geometry": {
        "type": "Point",
        "coordinates": [
          106.561069,
          10.799573
        ]
      },
      "properties": {
        "feature_type": "bus_stop",
        "stop_id": 3582,
        "stop_code": "HBC 140",
        "stop_name": "UB xã Vĩnh Lộc B",
        "stop_type": "Trụ dừng",
        "route_no": "71",
        "display_code": "B 71",
        "direction": "Lượt đi",
        "address": "Đ/d 1340 Vĩnh Lộc",
        "street": "Vĩnh Lộc",
        "zone": "Huyện Bình Chánh",
        "ward": "Xã Phạm Văn Hai",
        "all_routes": "71",
        "marker_color": "#6D4C41"
      }
    },
    {
      "type": "Feature",
      "geometry": {
        "type": "Point",
        "coordinates": [
          106.558118,
          10.795895
        ]
      },
      "properties": {
        "feature_type": "bus_stop",
        "stop_id": 3584,
        "stop_code": "HBC 141",
        "stop_name": "Trạm xăng Hiệp Hòa",
        "stop_type": "Trụ dừng",
        "route_no": "71",
        "display_code": "B 71",
        "direction": "Lượt đi",
        "address": "1175 Vĩnh Lộc",
        "street": "Vĩnh Lộc",
        "zone": "Huyện Bình Chánh",
        "ward": "Xã Phạm Văn Hai",
        "all_routes": "71",
        "marker_color": "#6D4C41"
      }
    },
    {
      "type": "Feature",
      "geometry": {
        "type": "Point",
        "coordinates": [
          106.556418,
          10.793176
        ]
      },
      "properties": {
        "feature_type": "bus_stop",
        "stop_id": 3587,
        "stop_code": "HBC 148",
        "stop_name": "Mầm non Hoa Thiên Lý",
        "stop_type": "Trụ dừng",
        "route_no": "71",
        "display_code": "B 71",
        "direction": "Lượt đi",
        "address": "Mầm non Hoa Thiên Lý Vĩnh Lộc",
        "street": "Vĩnh Lộc",
        "zone": "Huyện Bình Chánh",
        "ward": "Xã Phạm Văn Hai",
        "all_routes": "71",
        "marker_color": "#6D4C41"
      }
    },
    {
      "type": "Feature",
      "geometry": {
        "type": "Point",
        "coordinates": [
          106.555002,
          10.789835
        ]
      },
      "properties": {
        "feature_type": "bus_stop",
        "stop_id": 3586,
        "stop_code": "HBC 149",
        "stop_name": "Kinh Trung Ương",
        "stop_type": "Trụ dừng",
        "route_no": "71",
        "display_code": "B 71",
        "direction": "Lượt đi",
        "address": "Công ty Sơn Hà Vĩnh Lộc",
        "street": "Vĩnh Lộc",
        "zone": "Huyện Bình Chánh",
        "ward": "Xã Phạm Văn Hai",
        "all_routes": "71",
        "marker_color": "#6D4C41"
      }
    },
    {
      "type": "Feature",
      "geometry": {
        "type": "Point",
        "coordinates": [
          106.55395,
          10.785293
        ]
      },
      "properties": {
        "feature_type": "bus_stop",
        "stop_id": 3588,
        "stop_code": "HBC 150",
        "stop_name": "Cầu Bà Tri",
        "stop_type": "Trụ dừng",
        "route_no": "71",
        "display_code": "B 71",
        "direction": "Lượt đi",
        "address": "Kế 1A/188 (1A/117) Vĩnh Lộc",
        "street": "Vĩnh Lộc",
        "zone": "Huyện Bình Chánh",
        "ward": "Xã Phạm Văn Hai",
        "all_routes": "71",
        "marker_color": "#6D4C41"
      }
    },
    {
      "type": "Feature",
      "geometry": {
        "type": "Point",
        "coordinates": [
          106.553113,
          10.780128
        ]
      },
      "properties": {
        "feature_type": "bus_stop",
        "stop_id": 3590,
        "stop_code": "HBC 151",
        "stop_name": "Công ty Bảo Huy",
        "stop_type": "Ô sơn",
        "route_no": "71",
        "display_code": "B 71",
        "direction": "Lượt đi",
        "address": "1A/167/1 Vĩnh Lộc",
        "street": "Vĩnh Lộc",
        "zone": "Huyện Bình Chánh",
        "ward": "Xã Phạm Văn Hai",
        "all_routes": "71",
        "marker_color": "#6D4C41"
      }
    },
    {
      "type": "Feature",
      "geometry": {
        "type": "Point",
        "coordinates": [
          106.552427,
          10.775812
        ]
      },
      "properties": {
        "feature_type": "bus_stop",
        "stop_id": 3591,
        "stop_code": "HBC 152",
        "stop_name": "Công ty Hùng Tuấn",
        "stop_type": "Trụ dừng",
        "route_no": "71",
        "display_code": "B 71",
        "direction": "Lượt đi",
        "address": "1A209/1 Vĩnh Lộc",
        "street": "Vĩnh Lộc",
        "zone": "Huyện Bình Chánh",
        "ward": "Xã Phạm Văn Hai",
        "all_routes": "71",
        "marker_color": "#6D4C41"
      }
    },
    {
      "type": "Feature",
      "geometry": {
        "type": "Point",
        "coordinates": [
          106.551842,
          10.771981
        ]
      },
      "properties": {
        "feature_type": "bus_stop",
        "stop_id": 3589,
        "stop_code": "HBC 153",
        "stop_name": "Bà Lát",
        "stop_type": "Trụ dừng",
        "route_no": "71",
        "display_code": "B 71",
        "direction": "Lượt đi",
        "address": "Đ/d 1A99/1 (Đối diện A1/94) Vĩnh Lộc",
        "street": "Vĩnh Lộc",
        "zone": "Huyện Bình Chánh",
        "ward": "Xã Phạm Văn Hai",
        "all_routes": "71",
        "marker_color": "#6D4C41"
      }
    },
    {
      "type": "Feature",
      "geometry": {
        "type": "Point",
        "coordinates": [
          106.550399,
          10.77138
        ]
      },
      "properties": {
        "feature_type": "bus_stop",
        "stop_id": 3470,
        "stop_code": "HBC 284",
        "stop_name": "Trường tiểu học Phạm Văn Hai",
        "stop_type": "Trụ dừng",
        "route_no": "71",
        "display_code": "B 71",
        "direction": "Lượt đi",
        "address": "2A2 Tỉnh lộ 10",
        "street": "Tỉnh lộ 10",
        "zone": "Huyện Bình Chánh",
        "ward": null,
        "all_routes": "62-7, 71, 81",
        "marker_color": "#6D4C41"
      }
    },
    {
      "type": "Feature",
      "geometry": {
        "type": "Point",
        "coordinates": [
          106.545914,
          10.773668
        ]
      },
      "properties": {
        "feature_type": "bus_stop",
        "stop_id": 3469,
        "stop_code": "HBC 285",
        "stop_name": "Bệnh viện Tâm thần Bình Minh",
        "stop_type": "Trụ dừng",
        "route_no": "71",
        "display_code": "B 71",
        "direction": "Lượt đi",
        "address": "2A.27/1 Tỉnh lộ 10",
        "street": "Tỉnh lộ 10",
        "zone": "Huyện Bình Chánh",
        "ward": "Xã Phạm Văn Hai",
        "all_routes": "62-7, 71, 81",
        "marker_color": "#6D4C41"
      }
    },
    {
      "type": "Feature",
      "geometry": {
        "type": "Point",
        "coordinates": [
          106.542905,
          10.775227
        ]
      },
      "properties": {
        "feature_type": "bus_stop",
        "stop_id": 3472,
        "stop_code": "HBC 286",
        "stop_name": "Ủy ban xã Phạm Văn Hai",
        "stop_type": "Trụ dừng",
        "route_no": "71",
        "display_code": "B 71",
        "direction": "Lượt đi",
        "address": "2A41 (UBND Phạm Văn Hai) Tỉnh lộ 10",
        "street": "Tỉnh lộ 10",
        "zone": "Huyện Bình Chánh",
        "ward": "Xã Lê Minh Xuân",
        "all_routes": "62-7, 71, 81",
        "marker_color": "#6D4C41"
      }
    },
    {
      "type": "Feature",
      "geometry": {
        "type": "Point",
        "coordinates": [
          106.538329,
          10.777483
        ]
      },
      "properties": {
        "feature_type": "bus_stop",
        "stop_id": 3471,
        "stop_code": "HBC 287",
        "stop_name": "Ủy ban xã Lê Minh Xuân",
        "stop_type": "Trụ dừng",
        "route_no": "71",
        "display_code": "B 71",
        "direction": "Lượt đi",
        "address": "2A/63 Tỉnh lộ 10 Bình Chánh",
        "street": "Tỉnh lộ 10 Bình Chánh",
        "zone": "Huyện Bình Chánh",
        "ward": null,
        "all_routes": "62-7, 71, 81",
        "marker_color": "#6D4C41"
      }
    },
    {
      "type": "Feature",
      "geometry": {
        "type": "Point",
        "coordinates": [
          106.533437,
          10.780034
        ]
      },
      "properties": {
        "feature_type": "bus_stop",
        "stop_id": 3474,
        "stop_code": "HBC 288",
        "stop_name": "Kênh A",
        "stop_type": "Ô sơn",
        "route_no": "71",
        "display_code": "B 71",
        "direction": "Lượt đi",
        "address": "Cafe 94 (2A/94) Tỉnh lộ 10 Bình Chánh",
        "street": "Tỉnh lộ 10 Bình Chánh",
        "zone": "Huyện Bình Chánh",
        "ward": "Xã Phạm Văn Hai",
        "all_routes": "62-7, 71, 81",
        "marker_color": "#6D4C41"
      }
    },
    {
      "type": "Feature",
      "geometry": {
        "type": "Point",
        "coordinates": [
          106.527579,
          10.78289
        ]
      },
      "properties": {
        "feature_type": "bus_stop",
        "stop_id": 3473,
        "stop_code": "HBC 291",
        "stop_name": "Hoàng My",
        "stop_type": "Trụ dừng",
        "route_no": "71",
        "display_code": "B 71",
        "direction": "Lượt đi",
        "address": "3A.11 Tỉnh lộ 10 Bình Chánh",
        "street": "Tỉnh lộ 10 Bình Chánh",
        "zone": "Huyện Bình Chánh",
        "ward": "Xã Phạm Văn Hai",
        "all_routes": "62-7, 71, 81",
        "marker_color": "#6D4C41"
      }
    },
    {
      "type": "Feature",
      "geometry": {
        "type": "Point",
        "coordinates": [
          106.523067,
          10.785156
        ]
      },
      "properties": {
        "feature_type": "bus_stop",
        "stop_id": 3476,
        "stop_code": "HBC 292",
        "stop_name": "Thịnh Thành",
        "stop_type": "Trụ dừng",
        "route_no": "71",
        "display_code": "B 71",
        "direction": "Lượt đi",
        "address": "3A35/2 Tỉnh lộ 10 Bình Chánh",
        "street": "Tỉnh lộ 10 Bình Chánh",
        "zone": "Huyện Bình Chánh",
        "ward": "Xã Phạm Văn Hai",
        "all_routes": "62-7, 71, 81",
        "marker_color": "#6D4C41"
      }
    },
    {
      "type": "Feature",
      "geometry": {
        "type": "Point",
        "coordinates": [
          106.517633,
          10.787833
        ]
      },
      "properties": {
        "feature_type": "bus_stop",
        "stop_id": 3475,
        "stop_code": "HBC 293",
        "stop_name": "Trường Tiểu học Cầu Xáng",
        "stop_type": "Ô sơn",
        "route_no": "71",
        "display_code": "B 71",
        "direction": "Lượt đi",
        "address": "3A61 Tỉnh lộ 10 Bình Chánh",
        "street": "Tỉnh lộ 10 Bình Chánh",
        "zone": "Huyện Bình Chánh",
        "ward": "Xã Phạm Văn Hai",
        "all_routes": "62-7, 71, 81",
        "marker_color": "#6D4C41"
      }
    },
    {
      "type": "Feature",
      "geometry": {
        "type": "Point",
        "coordinates": [
          106.514205,
          10.788007
        ]
      },
      "properties": {
        "feature_type": "bus_stop",
        "stop_id": 3593,
        "stop_code": "HBC 328",
        "stop_name": "Mai Bá Hương",
        "stop_type": "Trụ dừng",
        "route_no": "71",
        "display_code": "B 71",
        "direction": "Lượt đi",
        "address": "Cột điện 4P (Đối diện A8/7) Mai Bá Hương",
        "street": "Mai Bá Hương",
        "zone": "Huyện Bình Chánh",
        "ward": "Xã Lê Minh Xuân",
        "all_routes": "71",
        "marker_color": "#6D4C41"
      }
    },
    {
      "type": "Feature",
      "geometry": {
        "type": "Point",
        "coordinates": [
          106.513481,
          10.784908
        ]
      },
      "properties": {
        "feature_type": "bus_stop",
        "stop_id": 3592,
        "stop_code": "HBC 329",
        "stop_name": "Công ty Hoàng Long Anh",
        "stop_type": "Trụ dừng",
        "route_no": "71",
        "display_code": "B 71",
        "direction": "Lượt đi",
        "address": "Đối diện A8/25A Mai Bá Hương",
        "street": "Mai Bá Hương",
        "zone": "Huyện Bình Chánh",
        "ward": "Xã Lê Minh Xuân",
        "all_routes": "71",
        "marker_color": "#6D4C41"
      }
    },
    {
      "type": "Feature",
      "geometry": {
        "type": "Point",
        "coordinates": [
          106.512784,
          10.781831
        ]
      },
      "properties": {
        "feature_type": "bus_stop",
        "stop_id": 3595,
        "stop_code": "HBC 330",
        "stop_name": "Chùa Phật Cô Đơn",
        "stop_type": "Trụ dừng",
        "route_no": "71",
        "display_code": "B 71",
        "direction": "Lượt đi",
        "address": "Đ/d Chùa Phật Cô Đơn-Cột điện 19AP Mai Bá Hương",
        "street": "Mai Bá Hương",
        "zone": "Huyện Bình Chánh",
        "ward": "Xã Lê Minh Xuân",
        "all_routes": "71",
        "marker_color": "#6D4C41"
      }
    },
    {
      "type": "Feature",
      "geometry": {
        "type": "Point",
        "coordinates": [
          106.511126,
          10.776208
        ]
      },
      "properties": {
        "feature_type": "bus_stop",
        "stop_id": 3594,
        "stop_code": "HBC 331",
        "stop_name": "Học viện Phật giáo Việt Nam",
        "stop_type": "Trụ dừng",
        "route_no": "71",
        "display_code": "B 71",
        "direction": "Lượt đi",
        "address": "Cột điện 30P (Đối diện 10/8A) Mai Bá Hương",
        "street": "Mai Bá Hương",
        "zone": "Huyện Bình Chánh",
        "ward": "Xã Lê Minh Xuân",
        "all_routes": "71",
        "marker_color": "#6D4C41"
      }
    },
    {
      "type": "Feature",
      "geometry": {
        "type": "Point",
        "coordinates": [
          106.507612,
          10.771734
        ]
      },
      "properties": {
        "feature_type": "bus_stop",
        "stop_id": 3596,
        "stop_code": "HBC 332",
        "stop_name": "Công ty Minh Chương",
        "stop_type": "Trụ dừng",
        "route_no": "71",
        "display_code": "B 71",
        "direction": "Lượt đi",
        "address": "Cột điện 38AP (Đối diện A11/1) Mai Bá Hương",
        "street": "Mai Bá Hương",
        "zone": "Huyện Bình Chánh",
        "ward": "Xã Lê Minh Xuân",
        "all_routes": "71",
        "marker_color": "#6D4C41"
      }
    },
    {
      "type": "Feature",
      "geometry": {
        "type": "Point",
        "coordinates": [
          106.502688,
          10.767987
        ]
      },
      "properties": {
        "feature_type": "bus_stop",
        "stop_id": 3598,
        "stop_code": "HBC 333",
        "stop_name": "Công ty Thịnh Mỹ",
        "stop_type": "Trụ dừng",
        "route_no": "71",
        "display_code": "B 71",
        "direction": "Lượt đi",
        "address": "Cột điện 47P (Đối diện A11/19) Mai Bá Hương",
        "street": "Mai Bá Hương",
        "zone": "Huyện Bình Chánh",
        "ward": "Xã Lê Minh Xuân",
        "all_routes": "71",
        "marker_color": "#6D4C41"
      }
    },
    {
      "type": "Feature",
      "geometry": {
        "type": "Point",
        "coordinates": [
          106.500328,
          10.766284
        ]
      },
      "properties": {
        "feature_type": "bus_stop",
        "stop_id": 3597,
        "stop_code": "HBC 334",
        "stop_name": "Qua ngã 3 Trần Đại Nghĩa",
        "stop_type": "Trụ dừng",
        "route_no": "71",
        "display_code": "B 71",
        "direction": "Lượt đi",
        "address": "Cột điện 56P (Đối diện A1/27) Mai Bá Hương",
        "street": "Mai Bá Hương",
        "zone": "Huyện Bình Chánh",
        "ward": "Xã Lê Minh Xuân",
        "all_routes": "71",
        "marker_color": "#6D4C41"
      }
    },
    {
      "type": "Feature",
      "geometry": {
        "type": "Point",
        "coordinates": [
          106.497855,
          10.764356
        ]
      },
      "properties": {
        "feature_type": "bus_stop",
        "stop_id": 3599,
        "stop_code": "HBC 335",
        "stop_name": "Trần Đại Nghĩa",
        "stop_type": "Trụ dừng",
        "route_no": "71",
        "display_code": "B 71",
        "direction": "Lượt đi",
        "address": "Đối diện B1.24 (B1/27A) Mai Bá Hương",
        "street": "Mai Bá Hương",
        "zone": "Huyện Bình Chánh",
        "ward": "Xã Lê Minh Xuân",
        "all_routes": "71",
        "marker_color": "#6D4C41"
      }
    },
    {
      "type": "Feature",
      "geometry": {
        "type": "Point",
        "coordinates": [
          106.494856,
          10.762121
        ]
      },
      "properties": {
        "feature_type": "bus_stop",
        "stop_id": 3601,
        "stop_code": "HBC 336",
        "stop_name": "Thánh Thất Lê Minh Xuân",
        "stop_type": "Trụ dừng",
        "route_no": "71",
        "display_code": "B 71",
        "direction": "Lượt đi",
        "address": "B3/24 Mai Bá Hương",
        "street": "Mai Bá Hương",
        "zone": "Huyện Bình Chánh",
        "ward": "Xã Lê Minh Xuân",
        "all_routes": "71",
        "marker_color": "#6D4C41"
      }
    },
    {
      "type": "Feature",
      "geometry": {
        "type": "Point",
        "coordinates": [
          106.488499,
          10.757067
        ]
      },
      "properties": {
        "feature_type": "bus_stop",
        "stop_id": 3600,
        "stop_code": "BX 59",
        "stop_name": "Phật Cô Đơn",
        "stop_type": "Bến xe",
        "route_no": "71",
        "display_code": "B 71",
        "direction": "Lượt đi",
        "address": "ĐẦU BẾN PHẬT CÔ ĐƠN Mai Bá Hương",
        "street": "Mai Bá Hương",
        "zone": "Huyện Bình Chánh",
        "ward": "Xã Lê Minh Xuân",
        "all_routes": "71",
        "marker_color": "#6D4C41"
      }
    },
    {
      "type": "Feature",
      "geometry": {
        "type": "Point",
        "coordinates": [
          106.494851,
          10.761995
        ]
      },
      "properties": {
        "feature_type": "bus_stop",
        "stop_id": 3602,
        "stop_code": "HBC 337",
        "stop_name": "Thất Thất Lê Minh Xuân",
        "stop_type": "Trụ dừng",
        "route_no": "71",
        "display_code": "B 71",
        "direction": "Lượt về",
        "address": "Đối diện Đại Đạo Tam Kỳ Mai Bá Hương",
        "street": "Mai Bá Hương",
        "zone": "Huyện Bình Chánh",
        "ward": "Xã Lê Minh Xuân",
        "all_routes": "71",
        "marker_color": "#6D4C41"
      }
    },
    {
      "type": "Feature",
      "geometry": {
        "type": "Point",
        "coordinates": [
          106.497785,
          10.764192
        ]
      },
      "properties": {
        "feature_type": "bus_stop",
        "stop_id": 3606,
        "stop_code": "HBC 338",
        "stop_name": "Kênh 3",
        "stop_type": "Trụ dừng",
        "route_no": "71",
        "display_code": "B 71",
        "direction": "Lượt về",
        "address": "Đối diện Cột điện 70P Mai Bá Hương",
        "street": "Mai Bá Hương",
        "zone": "Huyện Bình Chánh",
        "ward": "Xã Lê Minh Xuân",
        "all_routes": "71",
        "marker_color": "#6D4C41"
      }
    },
    {
      "type": "Feature",
      "geometry": {
        "type": "Point",
        "coordinates": [
          106.499898,
          10.765847
        ]
      },
      "properties": {
        "feature_type": "bus_stop",
        "stop_id": 3603,
        "stop_code": "HBC 339",
        "stop_name": "Ngã 3 Trần Đại Nghĩa",
        "stop_type": "Trụ dừng",
        "route_no": "71",
        "display_code": "B 71",
        "direction": "Lượt về",
        "address": "Cột điện 57P/17 (A12/8) Mai Bá Hương",
        "street": "Mai Bá Hương",
        "zone": "Huyện Bình Chánh",
        "ward": "Xã Lê Minh Xuân",
        "all_routes": "71",
        "marker_color": "#6D4C41"
      }
    },
    {
      "type": "Feature",
      "geometry": {
        "type": "Point",
        "coordinates": [
          106.502704,
          10.767871
        ]
      },
      "properties": {
        "feature_type": "bus_stop",
        "stop_id": 3604,
        "stop_code": "HBC 340",
        "stop_name": "Sơ Dừa",
        "stop_type": "Trụ dừng",
        "route_no": "71",
        "display_code": "B 71",
        "direction": "Lượt về",
        "address": "A11/20 Mai Bá Hương",
        "street": "Mai Bá Hương",
        "zone": "Huyện Bình Chánh",
        "ward": "Xã Lê Minh Xuân",
        "all_routes": "71",
        "marker_color": "#6D4C41"
      }
    },
    {
      "type": "Feature",
      "geometry": {
        "type": "Point",
        "coordinates": [
          106.507452,
          10.771481
        ]
      },
      "properties": {
        "feature_type": "bus_stop",
        "stop_id": 3607,
        "stop_code": "HBC 341",
        "stop_name": "Công ty Minh Chương",
        "stop_type": "Trụ dừng",
        "route_no": "71",
        "display_code": "B 71",
        "direction": "Lượt về",
        "address": "Đối diện cột điện 39P (A11/1) Mai Bá Hương",
        "street": "Mai Bá Hương",
        "zone": "Huyện Bình Chánh",
        "ward": "Xã Lê Minh Xuân",
        "all_routes": "71",
        "marker_color": "#6D4C41"
      }
    },
    {
      "type": "Feature",
      "geometry": {
        "type": "Point",
        "coordinates": [
          106.511008,
          10.775665
        ]
      },
      "properties": {
        "feature_type": "bus_stop",
        "stop_id": 3605,
        "stop_code": "HBC 342",
        "stop_name": "Học viện Phật giáo Việt Nam",
        "stop_type": "Trụ dừng",
        "route_no": "71",
        "display_code": "B 71",
        "direction": "Lượt về",
        "address": "Đối diện cột điện 30AP (A10/8A) Mai Bá Hương",
        "street": "Mai Bá Hương",
        "zone": "Huyện Bình Chánh",
        "ward": "Xã Lê Minh Xuân",
        "all_routes": "71",
        "marker_color": "#6D4C41"
      }
    },
    {
      "type": "Feature",
      "geometry": {
        "type": "Point",
        "coordinates": [
          106.512827,
          10.781556
        ]
      },
      "properties": {
        "feature_type": "bus_stop",
        "stop_id": 3608,
        "stop_code": "HBC 343",
        "stop_name": "Chùa Phật Cô Đơn",
        "stop_type": "Ô sơn",
        "route_no": "71",
        "display_code": "B 71",
        "direction": "Lượt về",
        "address": "A9/19 (Đối diện bãi giữ xe Phật Cô Đơn) Mai Bá Hương",
        "street": "Mai Bá Hương",
        "zone": "Huyện Bình Chánh",
        "ward": "Xã Lê Minh Xuân",
        "all_routes": "71",
        "marker_color": "#6D4C41"
      }
    },
    {
      "type": "Feature",
      "geometry": {
        "type": "Point",
        "coordinates": [
          106.513503,
          10.784529
        ]
      },
      "properties": {
        "feature_type": "bus_stop",
        "stop_id": 3609,
        "stop_code": "HBC 344",
        "stop_name": "Công ty Hoàng Long Anh",
        "stop_type": "Trụ dừng",
        "route_no": "71",
        "display_code": "B 71",
        "direction": "Lượt về",
        "address": "A8/27 Mai Bá Hương",
        "street": "Mai Bá Hương",
        "zone": "Huyện Bình Chánh",
        "ward": "Xã Lê Minh Xuân",
        "all_routes": "71",
        "marker_color": "#6D4C41"
      }
    },
    {
      "type": "Feature",
      "geometry": {
        "type": "Point",
        "coordinates": [
          106.514297,
          10.787928
        ]
      },
      "properties": {
        "feature_type": "bus_stop",
        "stop_id": 3610,
        "stop_code": "HBC 345",
        "stop_name": "Kênh A2",
        "stop_type": "Trụ dừng",
        "route_no": "71",
        "display_code": "B 71",
        "direction": "Lượt về",
        "address": "A8/4 Mai Bá Hương",
        "street": "Mai Bá Hương",
        "zone": "Huyện Bình Chánh",
        "ward": "Xã Lê Minh Xuân",
        "all_routes": "71",
        "marker_color": "#6D4C41"
      }
    },
    {
      "type": "Feature",
      "geometry": {
        "type": "Point",
        "coordinates": [
          106.517563,
          10.78758
        ]
      },
      "properties": {
        "feature_type": "bus_stop",
        "stop_id": 3436,
        "stop_code": "HBC 294",
        "stop_name": "Trường Tiểu học Cầu Xáng",
        "stop_type": "Nhà chờ",
        "route_no": "71",
        "display_code": "B 71",
        "direction": "Lượt về",
        "address": "Cột điện 187T (Đối diện 3A61) Tỉnh lộ 10 Bình Chánh",
        "street": "Tỉnh lộ 10 Bình Chánh",
        "zone": "Huyện Bình Chánh",
        "ward": "Xã Lê Minh Xuân",
        "all_routes": "62-7, 71, 81",
        "marker_color": "#6D4C41"
      }
    },
    {
      "type": "Feature",
      "geometry": {
        "type": "Point",
        "coordinates": [
          106.522762,
          10.785034
        ]
      },
      "properties": {
        "feature_type": "bus_stop",
        "stop_id": 3437,
        "stop_code": "HBC 295",
        "stop_name": "Đa Khoa Sài Gòn",
        "stop_type": "Trụ dừng",
        "route_no": "71",
        "display_code": "B 71",
        "direction": "Lượt về",
        "address": "A2/23 (Đối diện 3A35/3) Tỉnh lộ 10 Bình Chánh",
        "street": "Tỉnh lộ 10 Bình Chánh",
        "zone": "Huyện Bình Chánh",
        "ward": "Xã Lê Minh Xuân",
        "all_routes": "62-7, 71, 81",
        "marker_color": "#6D4C41"
      }
    },
    {
      "type": "Feature",
      "geometry": {
        "type": "Point",
        "coordinates": [
          106.527101,
          10.782816
        ]
      },
      "properties": {
        "feature_type": "bus_stop",
        "stop_id": 3438,
        "stop_code": "HBC 290",
        "stop_name": "Hoàng My",
        "stop_type": "Trụ dừng",
        "route_no": "71",
        "display_code": "B 71",
        "direction": "Lượt về",
        "address": "Đối diện 3A13 Tỉnh lộ 10 Bình Chánh",
        "street": "Tỉnh lộ 10 Bình Chánh",
        "zone": "Huyện Bình Chánh",
        "ward": "Xã Lê Minh Xuân",
        "all_routes": "62-7, 71, 81",
        "marker_color": "#6D4C41"
      }
    },
    {
      "type": "Feature",
      "geometry": {
        "type": "Point",
        "coordinates": [
          106.53327,
          10.779828
        ]
      },
      "properties": {
        "feature_type": "bus_stop",
        "stop_id": 3439,
        "stop_code": "HBC 296",
        "stop_name": "Kênh A",
        "stop_type": "Trụ dừng",
        "route_no": "71",
        "display_code": "B 71",
        "direction": "Lượt về",
        "address": "Đối diện 2A/92 Tỉnh lộ 10 Bình Chánh",
        "street": "Tỉnh lộ 10 Bình Chánh",
        "zone": "Huyện Bình Chánh",
        "ward": "Xã Lê Minh Xuân",
        "all_routes": "62-7, 71, 81",
        "marker_color": "#6D4C41"
      }
    },
    {
      "type": "Feature",
      "geometry": {
        "type": "Point",
        "coordinates": [
          106.538211,
          10.777314
        ]
      },
      "properties": {
        "feature_type": "bus_stop",
        "stop_id": 3440,
        "stop_code": "HBC 297",
        "stop_name": "Ủy ban xã Lê Minh Xuân ",
        "stop_type": "Trụ dừng",
        "route_no": "71",
        "display_code": "B 71",
        "direction": "Lượt về",
        "address": "F2/11 Tỉnh lộ 10 Bình Chánh",
        "street": "Tỉnh lộ 10 Bình Chánh",
        "zone": "Huyện Bình Chánh",
        "ward": "Xã Lê Minh Xuân",
        "all_routes": "62-7, 71, 81",
        "marker_color": "#6D4C41"
      }
    },
    {
      "type": "Feature",
      "geometry": {
        "type": "Point",
        "coordinates": [
          106.542857,
          10.774948
        ]
      },
      "properties": {
        "feature_type": "bus_stop",
        "stop_id": 3441,
        "stop_code": "HBC 298",
        "stop_name": "Ủy ban xã Phạm Văn Hai",
        "stop_type": "Trụ dừng",
        "route_no": "71",
        "display_code": "B 71",
        "direction": "Lượt về",
        "address": "Cột điện 111T (F4.7) Tỉnh lộ 10 Bình Chánh",
        "street": "Tỉnh lộ 10 Bình Chánh",
        "zone": "Huyện Bình Chánh",
        "ward": "Xã Phạm Văn Hai",
        "all_routes": "62-7, 71, 81",
        "marker_color": "#6D4C41"
      }
    },
    {
      "type": "Feature",
      "geometry": {
        "type": "Point",
        "coordinates": [
          106.545657,
          10.773462
        ]
      },
      "properties": {
        "feature_type": "bus_stop",
        "stop_id": 3442,
        "stop_code": "HBC 299",
        "stop_name": "Công ty Chấn Hưng",
        "stop_type": "Trụ dừng",
        "route_no": "71",
        "display_code": "B 71",
        "direction": "Lượt về",
        "address": "F5/6 Tỉnh lộ 10 Bình Chánh",
        "street": "Tỉnh lộ 10 Bình Chánh",
        "zone": "Huyện Bình Chánh",
        "ward": "Xã Lê Minh Xuân",
        "all_routes": "62-7, 71, 81",
        "marker_color": "#6D4C41"
      }
    },
    {
      "type": "Feature",
      "geometry": {
        "type": "Point",
        "coordinates": [
          106.550125,
          10.77128
        ]
      },
      "properties": {
        "feature_type": "bus_stop",
        "stop_id": 3443,
        "stop_code": "HBC 300",
        "stop_name": "Trường tiểu học Phạm Văn Hai",
        "stop_type": "Trụ dừng",
        "route_no": "71",
        "display_code": "B 71",
        "direction": "Lượt về",
        "address": "F7/6 Tỉnh lộ 10 Bình Chánh",
        "street": "Tỉnh lộ 10 Bình Chánh",
        "zone": "Huyện Bình Chánh",
        "ward": null,
        "all_routes": "62-7, 71, 81",
        "marker_color": "#6D4C41"
      }
    },
    {
      "type": "Feature",
      "geometry": {
        "type": "Point",
        "coordinates": [
          106.551971,
          10.77216
        ]
      },
      "properties": {
        "feature_type": "bus_stop",
        "stop_id": 3613,
        "stop_code": "HBC_155",
        "stop_name": "Bà Lát",
        "stop_type": "Trụ dừng",
        "route_no": "71",
        "display_code": "B 71",
        "direction": "Lượt về",
        "address": "1A.96/1 Vĩnh Lộc",
        "street": "Vĩnh Lộc",
        "zone": "Huyện Bình Chánh",
        "ward": "Xã Vĩnh Lộc B",
        "all_routes": "71",
        "marker_color": "#6D4C41"
      }
    },
    {
      "type": "Feature",
      "geometry": {
        "type": "Point",
        "coordinates": [
          106.552588,
          10.775944
        ]
      },
      "properties": {
        "feature_type": "bus_stop",
        "stop_id": 3611,
        "stop_code": "HBC 155",
        "stop_name": "Công ty Hùng Tuấn",
        "stop_type": "Trụ dừng",
        "route_no": "71",
        "display_code": "B 71",
        "direction": "Lượt về",
        "address": "1A.120 Vĩnh Lộc",
        "street": "Vĩnh Lộc",
        "zone": "Huyện Bình Chánh",
        "ward": "Xã Vĩnh Lộc B",
        "all_routes": "71",
        "marker_color": "#6D4C41"
      }
    },
    {
      "type": "Feature",
      "geometry": {
        "type": "Point",
        "coordinates": [
          106.553307,
          10.780213
        ]
      },
      "properties": {
        "feature_type": "bus_stop",
        "stop_id": 3612,
        "stop_code": "HBC 156",
        "stop_name": "Công ty Bảo Huy",
        "stop_type": "Trụ dừng",
        "route_no": "71",
        "display_code": "B 71",
        "direction": "Lượt về",
        "address": "1A.149 Vĩnh Lộc",
        "street": "Vĩnh Lộc",
        "zone": "Huyện Bình Chánh",
        "ward": "Xã Vĩnh Lộc B",
        "all_routes": "71",
        "marker_color": "#6D4C41"
      }
    },
    {
      "type": "Feature",
      "geometry": {
        "type": "Point",
        "coordinates": [
          106.554127,
          10.78553
        ]
      },
      "properties": {
        "feature_type": "bus_stop",
        "stop_id": 3615,
        "stop_code": "HBC 157",
        "stop_name": "Cầu Bà Tri",
        "stop_type": "Trụ dừng",
        "route_no": "71",
        "display_code": "B 71",
        "direction": "Lượt về",
        "address": "1A/163 Vĩnh Lộc",
        "street": "Vĩnh Lộc",
        "zone": "Huyện Bình Chánh",
        "ward": "Xã Vĩnh Lộc B",
        "all_routes": "71",
        "marker_color": "#6D4C41"
      }
    },
    {
      "type": "Feature",
      "geometry": {
        "type": "Point",
        "coordinates": [
          106.555291,
          10.790151
        ]
      },
      "properties": {
        "feature_type": "bus_stop",
        "stop_id": 3614,
        "stop_code": "HBC 158",
        "stop_name": "Kinh Trung Ương",
        "stop_type": "Trụ dừng",
        "route_no": "71",
        "display_code": "B 71",
        "direction": "Lượt về",
        "address": "888 Vĩnh Lộc",
        "street": "Vĩnh Lộc",
        "zone": "Huyện Bình Chánh",
        "ward": "Xã Vĩnh Lộc B",
        "all_routes": "71",
        "marker_color": "#6D4C41"
      }
    },
    {
      "type": "Feature",
      "geometry": {
        "type": "Point",
        "coordinates": [
          106.556536,
          10.792934
        ]
      },
      "properties": {
        "feature_type": "bus_stop",
        "stop_id": 3617,
        "stop_code": "HBC 159",
        "stop_name": "Rửa xe Hải Trí",
        "stop_type": "Trụ dừng",
        "route_no": "71",
        "display_code": "B 71",
        "direction": "Lượt về",
        "address": "Rửa xe Hải Trí Vĩnh Lộc",
        "street": "Vĩnh Lộc",
        "zone": "Huyện Bình Chánh",
        "ward": "Xã Vĩnh Lộc B",
        "all_routes": "71",
        "marker_color": "#6D4C41"
      }
    },
    {
      "type": "Feature",
      "geometry": {
        "type": "Point",
        "coordinates": [
          106.557888,
          10.795379
        ]
      },
      "properties": {
        "feature_type": "bus_stop",
        "stop_id": 3616,
        "stop_code": "HBC 142",
        "stop_name": "Trạm xăng Hiệp Hòa",
        "stop_type": "Trụ dừng",
        "route_no": "71",
        "display_code": "B 71",
        "direction": "Lượt về",
        "address": "1153A (F1/11) Vĩnh Lộc",
        "street": "Vĩnh Lộc",
        "zone": "Huyện Bình Chánh",
        "ward": "Xã Vĩnh Lộc B",
        "all_routes": "71",
        "marker_color": "#6D4C41"
      }
    },
    {
      "type": "Feature",
      "geometry": {
        "type": "Point",
        "coordinates": [
          106.561031,
          10.799304
        ]
      },
      "properties": {
        "feature_type": "bus_stop",
        "stop_id": 3619,
        "stop_code": "HBC 143",
        "stop_name": "UB xã Vĩnh Lộc B",
        "stop_type": "Trụ dừng",
        "route_no": "71",
        "display_code": "B 71",
        "direction": "Lượt về",
        "address": "1330 Vĩnh Lộc",
        "street": "Vĩnh Lộc",
        "zone": "Huyện Bình Chánh",
        "ward": "Xã Vĩnh Lộc B",
        "all_routes": "71",
        "marker_color": "#6D4C41"
      }
    },
    {
      "type": "Feature",
      "geometry": {
        "type": "Point",
        "coordinates": [
          106.564599,
          10.803794
        ]
      },
      "properties": {
        "feature_type": "bus_stop",
        "stop_id": 3618,
        "stop_code": "HBC 144",
        "stop_name": "Bãi đá Đức Cường",
        "stop_type": "Trụ dừng",
        "route_no": "71",
        "display_code": "B 71",
        "direction": "Lượt về",
        "address": "1476A (1482) Vĩnh Lộc",
        "street": "Vĩnh Lộc",
        "zone": "Huyện Bình Chánh",
        "ward": null,
        "all_routes": "71",
        "marker_color": "#6D4C41"
      }
    },
    {
      "type": "Feature",
      "geometry": {
        "type": "Point",
        "coordinates": [
          106.568246,
          10.806539
        ]
      },
      "properties": {
        "feature_type": "bus_stop",
        "stop_id": 3620,
        "stop_code": "HBC 145",
        "stop_name": "Trạm xăng Lan Anh",
        "stop_type": "Trụ dừng",
        "route_no": "71",
        "display_code": "B 71",
        "direction": "Lượt về",
        "address": "1674 (1860) Vĩnh Lộc",
        "street": "Vĩnh Lộc",
        "zone": "Huyện Bình Chánh",
        "ward": "Xã Vĩnh Lộc B",
        "all_routes": "71",
        "marker_color": "#6D4C41"
      }
    },
    {
      "type": "Feature",
      "geometry": {
        "type": "Point",
        "coordinates": [
          106.572393,
          10.809158
        ]
      },
      "properties": {
        "feature_type": "bus_stop",
        "stop_id": 2367,
        "stop_code": "HBC 146",
        "stop_name": "KDC Vĩnh Lộc A",
        "stop_type": "Trụ dừng",
        "route_no": "71",
        "display_code": "B 71",
        "direction": "Lượt về",
        "address": "1860 Vĩnh Lộc",
        "street": "Vĩnh Lộc",
        "zone": "Huyện Bình Chánh",
        "ward": "Xã Vĩnh Lộc B",
        "all_routes": "25, 71",
        "marker_color": "#6D4C41"
      }
    },
    {
      "type": "Feature",
      "geometry": {
        "type": "Point",
        "coordinates": [
          106.575338,
          10.811023
        ]
      },
      "properties": {
        "feature_type": "bus_stop",
        "stop_id": 2366,
        "stop_code": "HBC 147",
        "stop_name": "Ngã 5 Vĩnh Lộc",
        "stop_type": "Trụ dừng",
        "route_no": "71",
        "display_code": "B 71",
        "direction": "Lượt về",
        "address": "Cột điện T142P (2170) Vĩnh Lộc",
        "street": "Vĩnh Lộc",
        "zone": "Huyện Bình Chánh",
        "ward": "Xã Vĩnh Lộc B",
        "all_routes": "25, 71",
        "marker_color": "#6D4C41"
      }
    },
    {
      "type": "Feature",
      "geometry": {
        "type": "Point",
        "coordinates": [
          106.58548,
          10.818697
        ]
      },
      "properties": {
        "feature_type": "bus_stop",
        "stop_id": 3102,
        "stop_code": "QBT 182",
        "stop_name": "Trạm giữa Vĩnh Lộc",
        "stop_type": "Ô sơn",
        "route_no": "71",
        "display_code": "B 71",
        "direction": "Lượt về",
        "address": "Đối diện F9/6 (Châu Phú Mỹ) Vĩnh Lộc",
        "street": "Vĩnh Lộc",
        "zone": "Quận Bình Tân",
        "ward": null,
        "all_routes": "48, 71",
        "marker_color": "#6D4C41"
      }
    },
    {
      "type": "Feature",
      "geometry": {
        "type": "Point",
        "coordinates": [
          106.587676,
          10.820539
        ]
      },
      "properties": {
        "feature_type": "bus_stop",
        "stop_id": 3105,
        "stop_code": "QBT 183",
        "stop_name": "Đường liên ấp 5-6",
        "stop_type": "Ô sơn",
        "route_no": "71",
        "display_code": "B 71",
        "direction": "Lượt về",
        "address": "288 Đường số 2",
        "street": "Đường số 2",
        "zone": "Quận Bình Tân",
        "ward": null,
        "all_routes": "48, 71",
        "marker_color": "#6D4C41"
      }
    },
    {
      "type": "Feature",
      "geometry": {
        "type": "Point",
        "coordinates": [
          106.58957,
          10.822362
        ]
      },
      "properties": {
        "feature_type": "bus_stop",
        "stop_id": 3104,
        "stop_code": "QBT 184",
        "stop_name": "Chốt 2 KCN Vĩnh Lộc",
        "stop_type": "Ô sơn",
        "route_no": "71",
        "display_code": "B 71",
        "direction": "Lượt về",
        "address": "330 Đường số 2",
        "street": "Đường số 2",
        "zone": "Quận Bình Tân",
        "ward": null,
        "all_routes": "48, 71",
        "marker_color": "#6D4C41"
      }
    },
    {
      "type": "Feature",
      "geometry": {
        "type": "Point",
        "coordinates": [
          106.591393,
          10.824402
        ]
      },
      "properties": {
        "feature_type": "bus_stop",
        "stop_id": 3107,
        "stop_code": "QBT 185",
        "stop_name": "Kho vật tư thiết bị",
        "stop_type": "Ô sơn",
        "route_no": "71",
        "display_code": "B 71",
        "direction": "Lượt về",
        "address": "Kho vật tư thiết bị Đường số 2",
        "street": "Đường số 2",
        "zone": "Quận Bình Tân",
        "ward": null,
        "all_routes": "48, 71",
        "marker_color": "#6D4C41"
      }
    },
    {
      "type": "Feature",
      "geometry": {
        "type": "Point",
        "coordinates": [
          106.59269,
          10.826073
        ]
      },
      "properties": {
        "feature_type": "bus_stop",
        "stop_id": 3106,
        "stop_code": "QBT 186",
        "stop_name": "Công ty Cholimex",
        "stop_type": "Ô sơn",
        "route_no": "71",
        "display_code": "B 71",
        "direction": "Lượt về",
        "address": "Công ty Cholimex Đường số 2",
        "street": "Đường số 2",
        "zone": "Quận Bình Tân",
        "ward": null,
        "all_routes": "48, 71",
        "marker_color": "#6D4C41"
      }
    },
    {
      "type": "Feature",
      "geometry": {
        "type": "Point",
        "coordinates": [
          106.595578,
          10.830197
        ]
      },
      "properties": {
        "feature_type": "bus_stop",
        "stop_id": 3109,
        "stop_code": "HHM 153",
        "stop_name": "Chung cu Hoàng Hải",
        "stop_type": "Trụ dừng",
        "route_no": "71",
        "display_code": "B 71",
        "direction": "Lượt về",
        "address": "321 (43/12) Phan Văn Đối",
        "street": "Phan Văn Đối",
        "zone": "Huyện Hóc Môn",
        "ward": "Xã Bà Điểm",
        "all_routes": "48, 71",
        "marker_color": "#6D4C41"
      }
    },
    {
      "type": "Feature",
      "geometry": {
        "type": "Point",
        "coordinates": [
          106.597166,
          10.83348
        ]
      },
      "properties": {
        "feature_type": "bus_stop",
        "stop_id": 3108,
        "stop_code": "HHM 154",
        "stop_name": "Bưu điện Phan Văn Đối",
        "stop_type": "Ô sơn",
        "route_no": "71",
        "display_code": "B 71",
        "direction": "Lượt về",
        "address": "43/11 (43/1) Phan Văn Đối",
        "street": "Phan Văn Đối",
        "zone": "Huyện Hóc Môn",
        "ward": "Xã Bà Điểm",
        "all_routes": "48, 71",
        "marker_color": "#6D4C41"
      }
    },
    {
      "type": "Feature",
      "geometry": {
        "type": "Point",
        "coordinates": [
          106.598856,
          10.836478
        ]
      },
      "properties": {
        "feature_type": "bus_stop",
        "stop_id": 3110,
        "stop_code": "HHM 155",
        "stop_name": "Nhà Hàng Ngọc Huyền",
        "stop_type": "Trụ dừng",
        "route_no": "71",
        "display_code": "B 71",
        "direction": "Lượt về",
        "address": "43/3E (31/3C) Phan Văn Đối",
        "street": "Phan Văn Đối",
        "zone": "Huyện Hóc Môn",
        "ward": "Xã Bà Điểm",
        "all_routes": "48, 71",
        "marker_color": "#6D4C41"
      }
    },
    {
      "type": "Feature",
      "geometry": {
        "type": "Point",
        "coordinates": [
          106.599934,
          10.838469
        ]
      },
      "properties": {
        "feature_type": "bus_stop",
        "stop_id": 3111,
        "stop_code": "HHM 156",
        "stop_name": "Chùa Giác Hoàng",
        "stop_type": "Ô sơn",
        "route_no": "71",
        "display_code": "B 71",
        "direction": "Lượt về",
        "address": "41/2 (42/1B) Phan Văn Đối",
        "street": "Phan Văn Đối",
        "zone": "Huyện Hóc Môn",
        "ward": "Xã Bà Điểm",
        "all_routes": "48, 71",
        "marker_color": "#6D4C41"
      }
    },
    {
      "type": "Feature",
      "geometry": {
        "type": "Point",
        "coordinates": [
          106.599693,
          10.839987
        ]
      },
      "properties": {
        "feature_type": "bus_stop",
        "stop_id": 2211,
        "stop_code": "HHM 179",
        "stop_name": "Chợ Bà Điểm",
        "stop_type": "Trụ dừng",
        "route_no": "71",
        "display_code": "B 71",
        "direction": "Lượt về",
        "address": "đd 14/9 Phan Văn Hớn",
        "street": "Phan Văn Hớn",
        "zone": "Huyện Hóc Môn",
        "ward": "Xã Bà Điểm",
        "all_routes": "23, 48, 71",
        "marker_color": "#6D4C41"
      }
    },
    {
      "type": "Feature",
      "geometry": {
        "type": "Point",
        "coordinates": [
          106.599854,
          10.84191
        ]
      },
      "properties": {
        "feature_type": "bus_stop",
        "stop_id": 3113,
        "stop_code": "HHM 167",
        "stop_name": "Trường Phan Công Hớn",
        "stop_type": "Nhà chờ",
        "route_no": "71",
        "display_code": "B 71",
        "direction": "Lượt về",
        "address": "Đối diện 100/1 Nguyễn Ánh Thủ",
        "street": "Nguyễn Ánh Thủ",
        "zone": "Huyện Hóc Môn",
        "ward": "Xã Bà Điểm",
        "all_routes": "48, 71",
        "marker_color": "#6D4C41"
      }
    },
    {
      "type": "Feature",
      "geometry": {
        "type": "Point",
        "coordinates": [
          106.600412,
          10.84643
        ]
      },
      "properties": {
        "feature_type": "bus_stop",
        "stop_id": 3112,
        "stop_code": "HHM 168",
        "stop_name": "Nguyễn Thị Sóc",
        "stop_type": "Trụ dừng",
        "route_no": "71",
        "display_code": "B 71",
        "direction": "Lượt về",
        "address": "60/8A (Đối diện 135) Nguyễn Ánh Thủ",
        "street": "Nguyễn Ánh Thủ",
        "zone": "Huyện Hóc Môn",
        "ward": "Xã Bà Điểm",
        "all_routes": "48, 71",
        "marker_color": "#6D4C41"
      }
    },
    {
      "type": "Feature",
      "geometry": {
        "type": "Point",
        "coordinates": [
          106.600438,
          10.851267
        ]
      },
      "properties": {
        "feature_type": "bus_stop",
        "stop_id": 7842,
        "stop_code": "HHM 248",
        "stop_name": "Trường THPT Bà Điểm",
        "stop_type": "Ô sơn",
        "route_no": "71",
        "display_code": "B 71",
        "direction": "Lượt về",
        "address": "3/6C – 3/6D  Nguyễn Thị Sóc",
        "street": "Nguyễn Thị Sóc",
        "zone": "Huyện Hóc Môn",
        "ward": "Xã Bà Điểm",
        "all_routes": "71",
        "marker_color": "#6D4C41"
      }
    },
    {
      "type": "Feature",
      "geometry": {
        "type": "Point",
        "coordinates": [
          106.601446,
          10.855559
        ]
      },
      "properties": {
        "feature_type": "bus_stop",
        "stop_id": 9459,
        "stop_code": "HHM 249",
        "stop_name": "Ấp Hưng Lân",
        "stop_type": "Ô sơn",
        "route_no": "71",
        "display_code": "B 71",
        "direction": "Lượt về",
        "address": "1/8 B (cây xanh 117 – 119)  Nguyễn Thị Sóc",
        "street": "Nguyễn Thị Sóc",
        "zone": "Huyện Hóc Môn",
        "ward": "Xã Bà Điểm",
        "all_routes": "71",
        "marker_color": "#6D4C41"
      }
    },
    {
      "type": "Feature",
      "geometry": {
        "type": "Point",
        "coordinates": [
          106.602064,
          10.857979
        ]
      },
      "properties": {
        "feature_type": "bus_stop",
        "stop_id": 9460,
        "stop_code": "HHM 250",
        "stop_name": "Chợ Đầu Mối Nông Sản Thực Phẩm Hóc Môn",
        "stop_type": "Ô sơn",
        "route_no": "71",
        "display_code": "B 71",
        "direction": "Lượt về",
        "address": "B58/2 Nguyễn Thị Sóc",
        "street": "Nguyễn Thị Sóc",
        "zone": "Huyện Hóc Môn",
        "ward": "Xã Xuân Thới Sơn",
        "all_routes": "71",
        "marker_color": "#6D4C41"
      }
    },
    {
      "type": "Feature",
      "geometry": {
        "type": "Point",
        "coordinates": [
          106.603324,
          10.860602
        ]
      },
      "properties": {
        "feature_type": "bus_stop",
        "stop_id": 1234,
        "stop_code": "HHM 053",
        "stop_name": "Ngã 3 Củ Cải",
        "stop_type": "Nhà chờ",
        "route_no": "71",
        "display_code": "B 71",
        "direction": "Lượt về",
        "address": "43/1 (kế 33/5A), 7/2A Quốc lộ 22",
        "street": "Quốc lộ 22",
        "zone": "Huyện Hóc Môn",
        "ward": "Xã Xuân Thới Đông",
        "all_routes": "122, 13, 62-5, 71, 74, 85, 94",
        "marker_color": "#6D4C41"
      }
    },
    {
      "type": "Feature",
      "geometry": {
        "type": "Point",
        "coordinates": [
          106.606178,
          10.85662
        ]
      },
      "properties": {
        "feature_type": "bus_stop",
        "stop_id": 3635,
        "stop_code": "HHM 055",
        "stop_name": "Chùa Linh Sơn",
        "stop_type": "Trụ dừng",
        "route_no": "71",
        "display_code": "B 71",
        "direction": "Lượt về",
        "address": "G68A Quốc lộ 22",
        "street": "Quốc lộ 22",
        "zone": "Huyện Hóc Môn",
        "ward": null,
        "all_routes": "122, 13, 62-5, 71, 74, 85, 94",
        "marker_color": "#6D4C41"
      }
    },
    {
      "type": "Feature",
      "geometry": {
        "type": "Point",
        "coordinates": [
          106.608152,
          10.853595
        ]
      },
      "properties": {
        "feature_type": "bus_stop",
        "stop_id": 1393,
        "stop_code": "HHM 056",
        "stop_name": "Ngã tư Trung Chánh",
        "stop_type": "Nhà chờ",
        "route_no": "71",
        "display_code": "B 71",
        "direction": "Lượt về",
        "address": "30/10B (kế 30) Quốc lộ 22",
        "street": "Quốc lộ 22",
        "zone": "Huyện Hóc Môn",
        "ward": "Xã Trung Chánh",
        "all_routes": "122, 13, 145, 62-5, 71, 74, 85, 94",
        "marker_color": "#6D4C41"
      }
    },
    {
      "type": "Feature",
      "geometry": {
        "type": "Point",
        "coordinates": [
          106.610641,
          10.849713
        ]
      },
      "properties": {
        "feature_type": "bus_stop",
        "stop_id": 1238,
        "stop_code": "HHM 057",
        "stop_name": "Cư xá Bà Điểm",
        "stop_type": "Nhà chờ",
        "route_no": "71",
        "display_code": "B 71",
        "direction": "Lượt về",
        "address": "3A Quốc lộ 22",
        "street": "Quốc lộ 22",
        "zone": "Huyện Hóc Môn",
        "ward": "Xã Bà Điểm",
        "all_routes": "122, 13, 145, 62-5, 71, 74, 85, 94",
        "marker_color": "#6D4C41"
      }
    },
    {
      "type": "Feature",
      "geometry": {
        "type": "Point",
        "coordinates": [
          106.613522,
          10.845187
        ]
      },
      "properties": {
        "feature_type": "bus_stop",
        "stop_id": 1239,
        "stop_code": "HHM 058",
        "stop_name": "Bến xe An Sương",
        "stop_type": "Trụ dừng",
        "route_no": "71",
        "display_code": "B 71",
        "direction": "Lượt về",
        "address": "1B Quốc lộ 22",
        "street": "Quốc lộ 22",
        "zone": "Huyện Hóc Môn",
        "ward": "Xã Bà Điểm",
        "all_routes": "04, 104, 122, 13, 145, 151, 33, 41, 61-3, 62-5, 65, 71, 74, 85, 94",
        "marker_color": "#6D4C41"
      }
    }
  ]
}