{
  "type": "FeatureCollection",
  "properties": {
    "stt": 18,
    "route_no": "74",
    "display_code": "B 74",
    "route_name": "Bến xe An Sương - Bến xe Củ Chi",
    "start_point": "Bến xe An Sương",
    "end_point": "Bến xe Củ Chi",
    "listed_length_km": 21,
    "operating_hours": "3:30 - 21:00",
    "color": "#546E7A",
    "num_variants": 2,
    "total_stops": 84,
    "total_points": 780
  },
  "features": [
    {
      "type": "Feature",
      "geometry": {
        "type": "LineString",
        "coordinates": [
          [
            106.6133728,
            10.8437376
          ],
          [
            106.61407471,
            10.84440231
          ],
          [
            106.61444092,
            10.84387493
          ],
          [
            106.61480713,
            10.8433485
          ],
          [
            106.61507416,
            10.84273148
          ],
          [
            106.61525726,
            10.84234715
          ],
          [
            106.61556244,
            10.84234715
          ],
          [
            106.61566925,
            10.84260559
          ],
          [
            106.61547852,
            10.84297371
          ],
          [
            106.61494446,
            10.8434906
          ],
          [
            106.61457825,
            10.84401226
          ],
          [
            106.61421204,
            10.84453392
          ],
          [
            106.61393738,
            10.8449688
          ],
          [
            106.61365509,
            10.84540272
          ],
          [
            106.61339569,
            10.84583473
          ],
          [
            106.61314392,
            10.84626675
          ],
          [
            106.61319733,
            10.84629345
          ],
          [
            106.61319733,
            10.84629345
          ],
          [
            106.61319733,
            10.84629345
          ],
          [
            106.61314392,
            10.84625626
          ],
          [
            106.61218262,
            10.84778976
          ],
          [
            106.61121368,
            10.84932804
          ],
          [
            106.61127472,
            10.84936047
          ],
          [
            106.61127472,
            10.84936047
          ],
          [
            106.61127472,
            10.84936047
          ],
          [
            106.61127472,
            10.84936047
          ],
          [
            106.61127472,
            10.84936047
          ],
          [
            106.61118317,
            10.84931755
          ],
          [
            106.61030579,
            10.85063457
          ],
          [
            106.60943604,
            10.8519516
          ],
          [
            106.6085968,
            10.85328484
          ],
          [
            106.60775757,
            10.85461712
          ],
          [
            106.60786438,
            10.85466003
          ],
          [
            106.60786438,
            10.85466003
          ],
          [
            106.60786438,
            10.85466003
          ],
          [
            106.60786438,
            10.85466003
          ],
          [
            106.60786438,
            10.85466003
          ],
          [
            106.60786438,
            10.85466003
          ],
          [
            106.60786438,
            10.85466003
          ],
          [
            106.60777283,
            10.85460186
          ],
          [
            106.60756683,
            10.85491085
          ],
          [
            106.60736084,
            10.85522079
          ],
          [
            106.60715485,
            10.85553074
          ],
          [
            106.60695648,
            10.85583973
          ],
          [
            106.60675049,
            10.85614967
          ],
          [
            106.60654449,
            10.85645866
          ],
          [
            106.6063385,
            10.85676861
          ],
          [
            106.60613251,
            10.8570776
          ],
          [
            106.60620117,
            10.85711479
          ],
          [
            106.60620117,
            10.85711479
          ],
          [
            106.60620117,
            10.85711479
          ],
          [
            106.60620117,
            10.85711479
          ],
          [
            106.60620117,
            10.85711479
          ],
          [
            106.60620117,
            10.85711479
          ],
          [
            106.60612488,
            10.85706234
          ],
          [
            106.60565186,
            10.85773945
          ],
          [
            106.6051712,
            10.85841656
          ],
          [
            106.60469818,
            10.85909271
          ],
          [
            106.60421753,
            10.85976982
          ],
          [
            106.60430908,
            10.85982323
          ],
          [
            106.60430908,
            10.85982323
          ],
          [
            106.60430908,
            10.85982323
          ],
          [
            106.60430908,
            10.85982323
          ],
          [
            106.60430908,
            10.85982323
          ],
          [
            106.6042099,
            10.85976505
          ],
          [
            106.60401154,
            10.86004162
          ],
          [
            106.60381317,
            10.86031914
          ],
          [
            106.60362244,
            10.86059666
          ],
          [
            106.60342407,
            10.86087418
          ],
          [
            106.60322571,
            10.86115074
          ],
          [
            106.60302734,
            10.86142826
          ],
          [
            106.60283661,
            10.86170578
          ],
          [
            106.60263824,
            10.86198235
          ],
          [
            106.60269928,
            10.86201382
          ],
          [
            106.60269928,
            10.86201382
          ],
          [
            106.60269928,
            10.86201382
          ],
          [
            106.60263824,
            10.86197758
          ],
          [
            106.60173798,
            10.86324978
          ],
          [
            106.60083771,
            10.86452198
          ],
          [
            106.60092163,
            10.86456871
          ],
          [
            106.60092163,
            10.86456871
          ],
          [
            106.60083771,
            10.86452198
          ],
          [
            106.60004425,
            10.86564445
          ],
          [
            106.59926605,
            10.86674023
          ],
          [
            106.59934998,
            10.86678219
          ],
          [
            106.59934998,
            10.86678219
          ],
          [
            106.59934998,
            10.86678219
          ],
          [
            106.59934998,
            10.86678219
          ],
          [
            106.59927368,
            10.86674023
          ],
          [
            106.59898376,
            10.86714935
          ],
          [
            106.59870148,
            10.86755753
          ],
          [
            106.59841156,
            10.86796665
          ],
          [
            106.59812927,
            10.86837578
          ],
          [
            106.59783936,
            10.8687849
          ],
          [
            106.59754944,
            10.86919403
          ],
          [
            106.59726715,
            10.8696022
          ],
          [
            106.59697723,
            10.87001133
          ],
          [
            106.59707642,
            10.87007523
          ],
          [
            106.59707642,
            10.87007523
          ],
          [
            106.59707642,
            10.87007523
          ],
          [
            106.59707642,
            10.87007523
          ],
          [
            106.59707642,
            10.87007523
          ],
          [
            106.59707642,
            10.87007523
          ],
          [
            106.59696198,
            10.87000656
          ],
          [
            106.59673309,
            10.87033463
          ],
          [
            106.59650421,
            10.87066174
          ],
          [
            106.59627533,
            10.8709898
          ],
          [
            106.59604645,
            10.87131786
          ],
          [
            106.59614563,
            10.87139702
          ],
          [
            106.59614563,
            10.87139702
          ],
          [
            106.59614563,
            10.87139702
          ],
          [
            106.59614563,
            10.87139702
          ],
          [
            106.59614563,
            10.87139702
          ],
          [
            106.59614563,
            10.87139702
          ],
          [
            106.59603119,
            10.87132835
          ],
          [
            106.59570313,
            10.8717947
          ],
          [
            106.59536743,
            10.87226105
          ],
          [
            106.59503174,
            10.87272739
          ],
          [
            106.59470367,
            10.87319374
          ],
          [
            106.59436798,
            10.87366009
          ],
          [
            106.59403229,
            10.87412643
          ],
          [
            106.59370422,
            10.87459183
          ],
          [
            106.59337616,
            10.87506866
          ],
          [
            106.59342194,
            10.87509346
          ],
          [
            106.59342194,
            10.87509346
          ],
          [
            106.59342194,
            10.87509346
          ],
          [
            106.59342194,
            10.87509346
          ],
          [
            106.59342194,
            10.87509346
          ],
          [
            106.59342194,
            10.87509346
          ],
          [
            106.59337616,
            10.87506866
          ],
          [
            106.59317017,
            10.87536621
          ],
          [
            106.59295654,
            10.8756628
          ],
          [
            106.59275055,
            10.87596035
          ],
          [
            106.59253693,
            10.87625694
          ],
          [
            106.5923233,
            10.87655354
          ],
          [
            106.59211731,
            10.87685108
          ],
          [
            106.59190369,
            10.87714767
          ],
          [
            106.59169769,
            10.87744522
          ],
          [
            106.5917511,
            10.87748241
          ],
          [
            106.5917511,
            10.87748241
          ],
          [
            106.5917511,
            10.87748241
          ],
          [
            106.5917511,
            10.87748241
          ],
          [
            106.5917511,
            10.87748241
          ],
          [
            106.5917511,
            10.87748241
          ],
          [
            106.5917511,
            10.87748241
          ],
          [
            106.59168243,
            10.8774395
          ],
          [
            106.59102631,
            10.87833881
          ],
          [
            106.59039307,
            10.87924862
          ],
          [
            106.58974457,
            10.88016701
          ],
          [
            106.58911896,
            10.88107967
          ],
          [
            106.58917999,
            10.88110924
          ],
          [
            106.58917999,
            10.88110924
          ],
          [
            106.58917999,
            10.88110924
          ],
          [
            106.58917999,
            10.88110924
          ],
          [
            106.58917999,
            10.88110924
          ],
          [
            106.58917999,
            10.88110924
          ],
          [
            106.58917999,
            10.88110924
          ],
          [
            106.58917999,
            10.88110924
          ],
          [
            106.58911133,
            10.88107491
          ],
          [
            106.58850861,
            10.8819437
          ],
          [
            106.58789063,
            10.88281822
          ],
          [
            106.58728027,
            10.88369274
          ],
          [
            106.58666229,
            10.88456726
          ],
          [
            106.58673096,
            10.88461494
          ],
          [
            106.58673096,
            10.88461494
          ],
          [
            106.58673096,
            10.88461494
          ],
          [
            106.58673096,
            10.88461494
          ],
          [
            106.58673096,
            10.88461494
          ],
          [
            106.58673096,
            10.88461494
          ],
          [
            106.58666992,
            10.88458252
          ],
          [
            106.58596039,
            10.88560772
          ],
          [
            106.58524323,
            10.88663197
          ],
          [
            106.58454132,
            10.88765717
          ],
          [
            106.58383179,
            10.88868141
          ],
          [
            106.58387756,
            10.88870811
          ],
          [
            106.58387756,
            10.88870811
          ],
          [
            106.58387756,
            10.88870811
          ],
          [
            106.58387756,
            10.88870811
          ],
          [
            106.58387756,
            10.88870811
          ],
          [
            106.58381653,
            10.8886652
          ],
          [
            106.5830307,
            10.88979053
          ],
          [
            106.58224487,
            10.89091492
          ],
          [
            106.58146667,
            10.89201832
          ],
          [
            106.58069611,
            10.89312172
          ],
          [
            106.58074188,
            10.89314747
          ],
          [
            106.58074188,
            10.89314747
          ],
          [
            106.58074188,
            10.89314747
          ],
          [
            106.58074188,
            10.89314747
          ],
          [
            106.58074188,
            10.89314747
          ],
          [
            106.58074188,
            10.89314747
          ],
          [
            106.58069611,
            10.89311123
          ],
          [
            106.57983398,
            10.89436054
          ],
          [
            106.57897949,
            10.8956089
          ],
          [
            106.57902527,
            10.89566135
          ],
          [
            106.57902527,
            10.89566135
          ],
          [
            106.57902527,
            10.89566135
          ],
          [
            106.57902527,
            10.89566135
          ],
          [
            106.57902527,
            10.89566135
          ],
          [
            106.57902527,
            10.89566135
          ],
          [
            106.57894897,
            10.89560318
          ],
          [
            106.57824707,
            10.89662647
          ],
          [
            106.57753754,
            10.89764977
          ],
          [
            106.576828,
            10.89866734
          ],
          [
            106.57611847,
            10.89968586
          ],
          [
            106.57619476,
            10.89973259
          ],
          [
            106.57619476,
            10.89973259
          ],
          [
            106.57619476,
            10.89973259
          ],
          [
            106.57619476,
            10.89973259
          ],
          [
            106.57619476,
            10.89973259
          ],
          [
            106.57619476,
            10.89973259
          ],
          [
            106.57611847,
            10.89968014
          ],
          [
            106.57540894,
            10.9006815
          ],
          [
            106.57470703,
            10.9016819
          ],
          [
            106.57398987,
            10.90268517
          ],
          [
            106.57327271,
            10.90368938
          ],
          [
            106.57337189,
            10.90375233
          ],
          [
            106.57337189,
            10.90375233
          ],
          [
            106.57337189,
            10.90375233
          ],
          [
            106.57337189,
            10.90375233
          ],
          [
            106.57337189,
            10.90375233
          ],
          [
            106.57328796,
            10.90369987
          ],
          [
            106.57259369,
            10.9046526
          ],
          [
            106.57194519,
            10.90561676
          ],
          [
            106.57206726,
            10.90569115
          ],
          [
            106.57206726,
            10.90569115
          ],
          [
            106.57206726,
            10.90569115
          ],
          [
            106.57206726,
            10.90569115
          ],
          [
            106.57206726,
            10.90569115
          ],
          [
            106.57206726,
            10.90569115
          ],
          [
            106.57192993,
            10.90560627
          ],
          [
            106.57087708,
            10.90711308
          ],
          [
            106.56982422,
            10.90861988
          ],
          [
            106.56877136,
            10.91011238
          ],
          [
            106.56771851,
            10.91160583
          ],
          [
            106.56781006,
            10.91166401
          ],
          [
            106.56781006,
            10.91166401
          ],
          [
            106.56781006,
            10.91166401
          ],
          [
            106.56781006,
            10.91166401
          ],
          [
            106.56781006,
            10.91166401
          ],
          [
            106.56781006,
            10.91166401
          ],
          [
            106.56771851,
            10.91161156
          ],
          [
            106.56680298,
            10.91291809
          ],
          [
            106.56588745,
            10.91422367
          ],
          [
            106.56494904,
            10.9155407
          ],
          [
            106.56401825,
            10.91685772
          ],
          [
            106.56410217,
            10.91690063
          ],
          [
            106.56410217,
            10.91690063
          ],
          [
            106.56410217,
            10.91690063
          ],
          [
            106.56410217,
            10.91690063
          ],
          [
            106.56410217,
            10.91690063
          ],
          [
            106.56410217,
            10.91690063
          ],
          [
            106.56403351,
            10.91684723
          ],
          [
            106.56328583,
            10.91791153
          ],
          [
            106.56254578,
            10.91897583
          ],
          [
            106.56180573,
            10.92005539
          ],
          [
            106.56106567,
            10.92112923
          ],
          [
            106.56126404,
            10.92126083
          ],
          [
            106.56126404,
            10.92126083
          ],
          [
            106.56126404,
            10.92126083
          ],
          [
            106.56126404,
            10.92126083
          ],
          [
            106.56126404,
            10.92126083
          ],
          [
            106.56126404,
            10.92126083
          ],
          [
            106.56105804,
            10.92114544
          ],
          [
            106.56005859,
            10.92258358
          ],
          [
            106.55905914,
            10.92402077
          ],
          [
            106.55805969,
            10.92544842
          ],
          [
            106.55704498,
            10.92689705
          ],
          [
            106.55711365,
            10.92692947
          ],
          [
            106.55711365,
            10.92692947
          ],
          [
            106.55711365,
            10.92692947
          ],
          [
            106.55711365,
            10.92692947
          ],
          [
            106.55711365,
            10.92692947
          ],
          [
            106.55711365,
            10.92692947
          ],
          [
            106.55705261,
            10.92688084
          ],
          [
            106.55615234,
            10.92815876
          ],
          [
            106.5552597,
            10.92943573
          ],
          [
            106.55445099,
            10.9303627
          ],
          [
            106.55363464,
            10.9312849
          ],
          [
            106.55371094,
            10.93134308
          ],
          [
            106.55371094,
            10.93134308
          ],
          [
            106.55371094,
            10.93134308
          ],
          [
            106.55371094,
            10.93134308
          ],
          [
            106.55371094,
            10.93134308
          ],
          [
            106.55371094,
            10.93134308
          ],
          [
            106.55361938,
            10.93127918
          ],
          [
            106.552742,
            10.93222713
          ],
          [
            106.55187225,
            10.93317509
          ],
          [
            106.55092621,
            10.9340601
          ],
          [
            106.54948425,
            10.93492413
          ],
          [
            106.54955292,
            10.93498325
          ],
          [
            106.54955292,
            10.93498325
          ],
          [
            106.54955292,
            10.93498325
          ],
          [
            106.54955292,
            10.93498325
          ],
          [
            106.54955292,
            10.93498325
          ],
          [
            106.5495224,
            10.9349184
          ],
          [
            106.54794312,
            10.93565845
          ],
          [
            106.54640198,
            10.93640423
          ],
          [
            106.5448761,
            10.93715191
          ],
          [
            106.54336548,
            10.93789482
          ],
          [
            106.54342651,
            10.93797874
          ],
          [
            106.54342651,
            10.93797874
          ],
          [
            106.54342651,
            10.93797874
          ],
          [
            106.54342651,
            10.93797874
          ],
          [
            106.54342651,
            10.93797874
          ],
          [
            106.54338074,
            10.93788433
          ],
          [
            106.5418396,
            10.93863201
          ],
          [
            106.54029846,
            10.93937969
          ],
          [
            106.54033661,
            10.9394331
          ],
          [
            106.54033661,
            10.9394331
          ],
          [
            106.54033661,
            10.9394331
          ],
          [
            106.54033661,
            10.9394331
          ],
          [
            106.54033661,
            10.9394331
          ],
          [
            106.54033661,
            10.9394331
          ],
          [
            106.54030609,
            10.93936443
          ],
          [
            106.53904724,
            10.93997002
          ],
          [
            106.53778839,
            10.9405756
          ],
          [
            106.53653717,
            10.9411869
          ],
          [
            106.53528595,
            10.94179726
          ],
          [
            106.5353241,
            10.94184971
          ],
          [
            106.5353241,
            10.94184971
          ],
          [
            106.5353241,
            10.94184971
          ],
          [
            106.5353241,
            10.94184971
          ],
          [
            106.5353241,
            10.94184971
          ],
          [
            106.5353241,
            10.94184971
          ],
          [
            106.53527832,
            10.941782
          ],
          [
            106.53377533,
            10.94250584
          ],
          [
            106.53226471,
            10.94323063
          ],
          [
            106.53074646,
            10.94396496
          ],
          [
            106.52922821,
            10.94469929
          ],
          [
            106.52926636,
            10.94476795
          ],
          [
            106.52926636,
            10.94476795
          ],
          [
            106.52926636,
            10.94476795
          ],
          [
            106.52926636,
            10.94476795
          ],
          [
            106.52924347,
            10.94469929
          ],
          [
            106.52804565,
            10.94527626
          ],
          [
            106.52685547,
            10.94585323
          ],
          [
            106.52563477,
            10.9464426
          ],
          [
            106.52457428,
            10.94705391
          ],
          [
            106.52463531,
            10.94713306
          ],
          [
            106.52463531,
            10.94713306
          ],
          [
            106.52463531,
            10.94713306
          ],
          [
            106.52463531,
            10.94713306
          ],
          [
            106.52455902,
            10.94704342
          ],
          [
            106.52349091,
            10.94777012
          ],
          [
            106.52242279,
            10.94849682
          ],
          [
            106.52135468,
            10.94922352
          ],
          [
            106.52028656,
            10.94995022
          ],
          [
            106.52037048,
            10.95003033
          ],
          [
            106.52037048,
            10.95003033
          ],
          [
            106.52037048,
            10.95003033
          ],
          [
            106.52037048,
            10.95003033
          ],
          [
            106.52037048,
            10.95003033
          ],
          [
            106.52030182,
            10.94994545
          ],
          [
            106.51927948,
            10.95064545
          ],
          [
            106.51825714,
            10.9513464
          ],
          [
            106.51721191,
            10.95204926
          ],
          [
            106.51617432,
            10.95275211
          ],
          [
            106.51622772,
            10.95282078
          ],
          [
            106.51622772,
            10.95282078
          ],
          [
            106.51622772,
            10.95282078
          ],
          [
            106.51618195,
            10.95275211
          ],
          [
            106.51529694,
            10.95336819
          ],
          [
            106.51441193,
            10.95398521
          ],
          [
            106.51353455,
            10.95457745
          ],
          [
            106.51265717,
            10.95516968
          ],
          [
            106.51271057,
            10.95523071
          ],
          [
            106.51271057,
            10.95523071
          ],
          [
            106.51267242,
            10.95516968
          ],
          [
            106.51125336,
            10.95612812
          ],
          [
            106.51055908,
            10.9566021
          ],
          [
            106.50980377,
            10.95700264
          ],
          [
            106.50983429,
            10.95705032
          ],
          [
            106.50983429,
            10.95705032
          ],
          [
            106.50983429,
            10.95705032
          ],
          [
            106.50980377,
            10.95697594
          ],
          [
            106.50858307,
            10.95760345
          ],
          [
            106.50736237,
            10.95823002
          ],
          [
            106.50614929,
            10.95885944
          ],
          [
            106.50493622,
            10.95948887
          ],
          [
            106.50495911,
            10.95954609
          ],
          [
            106.50495911,
            10.95954609
          ],
          [
            106.50495911,
            10.95954609
          ],
          [
            106.50492859,
            10.95948887
          ],
          [
            106.50323486,
            10.96035767
          ],
          [
            106.50239563,
            10.96077919
          ],
          [
            106.50157928,
            10.96125793
          ],
          [
            106.50161743,
            10.96131706
          ],
          [
            106.50161743,
            10.96131706
          ],
          [
            106.50156403,
            10.96124744
          ],
          [
            106.50058746,
            10.96180534
          ],
          [
            106.4996109,
            10.9623642
          ],
          [
            106.49865723,
            10.96291924
          ],
          [
            106.49769592,
            10.96347523
          ],
          [
            106.49774933,
            10.96354961
          ],
          [
            106.49774933,
            10.96354961
          ],
          [
            106.49771118,
            10.96345425
          ],
          [
            106.49659729,
            10.96408367
          ],
          [
            106.49549103,
            10.9647131
          ],
          [
            106.49427032,
            10.96522617
          ],
          [
            106.49304962,
            10.9657402
          ],
          [
            106.49308014,
            10.96580029
          ],
          [
            106.49308014,
            10.96580029
          ],
          [
            106.49306488,
            10.96571922
          ],
          [
            106.49185944,
            10.96618748
          ],
          [
            106.49064636,
            10.96665573
          ],
          [
            106.48947144,
            10.96710682
          ],
          [
            106.48828125,
            10.96755695
          ],
          [
            106.4883194,
            10.96765041
          ],
          [
            106.4883194,
            10.96765041
          ],
          [
            106.4883194,
            10.96765041
          ],
          [
            106.4883194,
            10.96765041
          ],
          [
            106.48828888,
            10.96757793
          ],
          [
            106.4877243,
            10.96774101
          ],
          [
            106.48649596999999,
            10.9681778
          ],
          [
            106.48506927,
            10.96894169
          ],
          [
            106.48329926,
            10.9701004
          ],
          [
            106.48253632,
            10.97063732
          ],
          [
            106.48181152,
            10.97132778
          ],
          [
            106.48210144,
            10.97161674
          ],
          [
            106.48210144,
            10.97161674
          ],
          [
            106.48210144,
            10.97161674
          ]
        ]
      },
      "properties": {
        "feature_type": "route_path",
        "stt": 18,
        "route_id": 114,
        "route_no": "74",
        "display_code": "B 74",
        "route_name": "Bến xe An Sương - Bến xe Củ Chi",
        "direction": "Lượt đi",
        "outbound": true,
        "start_point": "Bến xe An Sương",
        "end_point": "Bến xe Củ Chi",
        "start_stop": "Bến xe An Sương",
        "end_stop": "Bến xe Củ Chi",
        "distance_km": 22.38,
        "listed_length_km": 21,
        "running_time_min": 45,
        "operating_hours": "3:30 - 21:00",
        "stroke": "#546E7A",
        "stroke_width": 4,
        "stroke_opacity": 0.85
      }
    },
    {
      "type": "Feature",
      "geometry": {
        "type": "LineString",
        "coordinates": [
          [
            106.48210144,
            10.97161674
          ],
          [
            106.48188782,
            10.97178078
          ],
          [
            106.48249054,
            10.97271252
          ],
          [
            106.48316956,
            10.97370815
          ],
          [
            106.48303986,
            10.9737606
          ],
          [
            106.48152161,
            10.97139072
          ],
          [
            106.48188782,
            10.97103214
          ],
          [
            106.48246765,
            10.97056961
          ],
          [
            106.48245239,
            10.97049522
          ],
          [
            106.48264313,
            10.97044277
          ],
          [
            106.4841156,
            10.96945286
          ],
          [
            106.48487091,
            10.96893692
          ],
          [
            106.485672,
            10.96852016
          ],
          [
            106.48731995,
            10.96777248
          ],
          [
            106.48893738,
            10.96716213
          ],
          [
            106.48902893,
            10.96704102
          ],
          [
            106.48902893,
            10.96704102
          ],
          [
            106.48906708,
            10.96715641
          ],
          [
            106.49303436,
            10.96561337
          ],
          [
            106.49299622,
            10.96552372
          ],
          [
            106.49299622,
            10.96552372
          ],
          [
            106.49299622,
            10.96552372
          ],
          [
            106.4930191,
            10.96562386
          ],
          [
            106.49552155,
            10.96459675
          ],
          [
            106.49738312,
            10.96354866
          ],
          [
            106.4973526,
            10.96344852
          ],
          [
            106.4973526,
            10.96344852
          ],
          [
            106.4973526,
            10.96344852
          ],
          [
            106.49741364,
            10.96353817
          ],
          [
            106.50028229,
            10.96184826
          ],
          [
            106.50184631,
            10.96096325
          ],
          [
            106.50314331,
            10.960289
          ],
          [
            106.50315857,
            10.96020031
          ],
          [
            106.50315857,
            10.96020031
          ],
          [
            106.50315857,
            10.96020031
          ],
          [
            106.50318909,
            10.96027851
          ],
          [
            106.50505066,
            10.95932007
          ],
          [
            106.50502777,
            10.95920372
          ],
          [
            106.50502777,
            10.95920372
          ],
          [
            106.50502777,
            10.95920372
          ],
          [
            106.50502777,
            10.95920372
          ],
          [
            106.50508881,
            10.95929909
          ],
          [
            106.50971222,
            10.95692348
          ],
          [
            106.50969696,
            10.95681763
          ],
          [
            106.50969696,
            10.95681763
          ],
          [
            106.50969696,
            10.95681763
          ],
          [
            106.50973511,
            10.95688629
          ],
          [
            106.51079559,
            10.95627594
          ],
          [
            106.51177216,
            10.9556179
          ],
          [
            106.51274109,
            10.95494843
          ],
          [
            106.51370239,
            10.95428467
          ],
          [
            106.51365662,
            10.95420074
          ],
          [
            106.51365662,
            10.95420074
          ],
          [
            106.51370239,
            10.95429039
          ],
          [
            106.51456451,
            10.95367908
          ],
          [
            106.51543427,
            10.95306778
          ],
          [
            106.51543427,
            10.95306778
          ],
          [
            106.51543427,
            10.95306778
          ],
          [
            106.51543427,
            10.95306778
          ],
          [
            106.51550293,
            10.95312119
          ],
          [
            106.51726532,
            10.95192051
          ],
          [
            106.51902008,
            10.95071983
          ],
          [
            106.5189743,
            10.95065117
          ],
          [
            106.5189743,
            10.95065117
          ],
          [
            106.5189743,
            10.95065117
          ],
          [
            106.5189743,
            10.95065117
          ],
          [
            106.5189743,
            10.95065117
          ],
          [
            106.5189743,
            10.95065117
          ],
          [
            106.5190506,
            10.95071411
          ],
          [
            106.52100372,
            10.9493742
          ],
          [
            106.52296448,
            10.94803333
          ],
          [
            106.52292633,
            10.94795418
          ],
          [
            106.52292633,
            10.94795418
          ],
          [
            106.52292633,
            10.94795418
          ],
          [
            106.52292633,
            10.94795418
          ],
          [
            106.52292633,
            10.94795418
          ],
          [
            106.52292633,
            10.94795418
          ],
          [
            106.52297974,
            10.94800663
          ],
          [
            106.52497101,
            10.94672203
          ],
          [
            106.52789307,
            10.94526863
          ],
          [
            106.53082275,
            10.94381428
          ],
          [
            106.53077698,
            10.9436779
          ],
          [
            106.53077698,
            10.9436779
          ],
          [
            106.53077698,
            10.9436779
          ],
          [
            106.53077698,
            10.9436779
          ],
          [
            106.53077698,
            10.9436779
          ],
          [
            106.53077698,
            10.9436779
          ],
          [
            106.53084564,
            10.94380379
          ],
          [
            106.53224945,
            10.94314194
          ],
          [
            106.53362274,
            10.94248962
          ],
          [
            106.5349884,
            10.94183826
          ],
          [
            106.53636169,
            10.9411869
          ],
          [
            106.53634644,
            10.94108295
          ],
          [
            106.53634644,
            10.94108295
          ],
          [
            106.53642273,
            10.9411602
          ],
          [
            106.53833008,
            10.94022274
          ],
          [
            106.54024506,
            10.93928528
          ],
          [
            106.54022217,
            10.93918037
          ],
          [
            106.54022217,
            10.93918037
          ],
          [
            106.54022217,
            10.93918037
          ],
          [
            106.54026794,
            10.93928528
          ],
          [
            106.54361725,
            10.93766308
          ],
          [
            106.54360199,
            10.93755817
          ],
          [
            106.54360199,
            10.93755817
          ],
          [
            106.54360199,
            10.93755817
          ],
          [
            106.54360199,
            10.93755817
          ],
          [
            106.54360199,
            10.93755817
          ],
          [
            106.54364777,
            10.93766308
          ],
          [
            106.54673767,
            10.93616486
          ],
          [
            106.54982758,
            10.93466568
          ],
          [
            106.54979706,
            10.93453979
          ],
          [
            106.54979706,
            10.93453979
          ],
          [
            106.54979706,
            10.93453979
          ],
          [
            106.54979706,
            10.93453979
          ],
          [
            106.54979706,
            10.93453979
          ],
          [
            106.54986572,
            10.93463993
          ],
          [
            106.5510788,
            10.93387032
          ],
          [
            106.55173492,
            10.93326473
          ],
          [
            106.55289459,
            10.9319849
          ],
          [
            106.55281067,
            10.93191719
          ],
          [
            106.55281067,
            10.93191719
          ],
          [
            106.55281067,
            10.93191719
          ],
          [
            106.55288696,
            10.93196964
          ],
          [
            106.55345917,
            10.9313612
          ],
          [
            106.554039,
            10.93075275
          ],
          [
            106.55460358,
            10.93009949
          ],
          [
            106.55511475,
            10.92945194
          ],
          [
            106.55501556,
            10.92939854
          ],
          [
            106.55501556,
            10.92939854
          ],
          [
            106.55509186,
            10.92944145
          ],
          [
            106.5556488,
            10.92869854
          ],
          [
            106.55619049,
            10.92792988
          ],
          [
            106.55673218,
            10.92716599
          ],
          [
            106.55725861,
            10.92642784
          ],
          [
            106.55719757,
            10.92638111
          ],
          [
            106.55719757,
            10.92638111
          ],
          [
            106.55719757,
            10.92638111
          ],
          [
            106.55719757,
            10.92638111
          ],
          [
            106.55727386,
            10.92641258
          ],
          [
            106.55780029,
            10.92565918
          ],
          [
            106.55831909,
            10.92490578
          ],
          [
            106.55886078,
            10.92412949
          ],
          [
            106.55940247,
            10.92335224
          ],
          [
            106.5593338,
            10.92331696
          ],
          [
            106.5593338,
            10.92331696
          ],
          [
            106.5593338,
            10.92331696
          ],
          [
            106.5593338,
            10.92331696
          ],
          [
            106.5593338,
            10.92331696
          ],
          [
            106.5593338,
            10.92331696
          ],
          [
            106.5593338,
            10.92331696
          ],
          [
            106.55993652,
            10.92246437
          ],
          [
            106.56053925,
            10.92161179
          ],
          [
            106.5611496,
            10.92076015
          ],
          [
            106.56175232,
            10.91990757
          ],
          [
            106.56238556,
            10.91901302
          ],
          [
            106.5630188,
            10.91811943
          ],
          [
            106.56367493,
            10.91722679
          ],
          [
            106.56428528,
            10.91633129
          ],
          [
            106.56420898,
            10.91626167
          ],
          [
            106.56420898,
            10.91626167
          ],
          [
            106.56420898,
            10.91626167
          ],
          [
            106.56420898,
            10.91626167
          ],
          [
            106.56420898,
            10.91626167
          ],
          [
            106.56420898,
            10.91626167
          ],
          [
            106.56434631,
            10.91629982
          ],
          [
            106.56767273,
            10.91154861
          ],
          [
            106.56757355,
            10.91148472
          ],
          [
            106.56757355,
            10.91148472
          ],
          [
            106.56757355,
            10.91148472
          ],
          [
            106.56757355,
            10.91148472
          ],
          [
            106.56757355,
            10.91148472
          ],
          [
            106.56764221,
            10.91152191
          ],
          [
            106.56858826,
            10.91016769
          ],
          [
            106.56952667,
            10.90881443
          ],
          [
            106.57047272,
            10.90746021
          ],
          [
            106.57141876,
            10.90610695
          ],
          [
            106.57136536,
            10.90607166
          ],
          [
            106.57136536,
            10.90607166
          ],
          [
            106.57136536,
            10.90607166
          ],
          [
            106.57136536,
            10.90607166
          ],
          [
            106.57136536,
            10.90607166
          ],
          [
            106.57136536,
            10.90607166
          ],
          [
            106.5714035,
            10.90611172
          ],
          [
            106.57254028,
            10.90450001
          ],
          [
            106.57366943,
            10.9028883
          ],
          [
            106.57479858,
            10.90127373
          ],
          [
            106.57592773,
            10.89965916
          ],
          [
            106.57588959,
            10.89963818
          ],
          [
            106.57588959,
            10.89963818
          ],
          [
            106.57588959,
            10.89963818
          ],
          [
            106.57588959,
            10.89963818
          ],
          [
            106.57588959,
            10.89963818
          ],
          [
            106.57588959,
            10.89963818
          ],
          [
            106.57593536,
            10.89965916
          ],
          [
            106.57656097,
            10.89877319
          ],
          [
            106.57717896,
            10.89788723
          ],
          [
            106.57780457,
            10.89700031
          ],
          [
            106.57842255,
            10.89611435
          ],
          [
            106.57836151,
            10.89608288
          ],
          [
            106.57836151,
            10.89608288
          ],
          [
            106.57836151,
            10.89608288
          ],
          [
            106.57836151,
            10.89608288
          ],
          [
            106.57836151,
            10.89608288
          ],
          [
            106.57836151,
            10.89608288
          ],
          [
            106.57840729,
            10.89611435
          ],
          [
            106.57907104,
            10.89516163
          ],
          [
            106.5797348,
            10.89420986
          ],
          [
            106.58039093,
            10.89325809
          ],
          [
            106.58105469,
            10.89230537
          ],
          [
            106.58100128,
            10.89227867
          ],
          [
            106.58100128,
            10.89227867
          ],
          [
            106.58100128,
            10.89227867
          ],
          [
            106.58100128,
            10.89227867
          ],
          [
            106.58106995,
            10.89232635
          ],
          [
            106.58254242,
            10.89026165
          ],
          [
            106.58397675,
            10.88818645
          ],
          [
            106.58390808,
            10.88813877
          ],
          [
            106.58390808,
            10.88813877
          ],
          [
            106.58390808,
            10.88813877
          ],
          [
            106.58402252,
            10.8882122
          ],
          [
            106.58737946,
            10.88333416
          ],
          [
            106.58726501,
            10.88330841
          ],
          [
            106.58726501,
            10.88330841
          ],
          [
            106.58726501,
            10.88330841
          ],
          [
            106.58726501,
            10.88330841
          ],
          [
            106.58735657,
            10.88334465
          ],
          [
            106.58940125,
            10.88040543
          ],
          [
            106.58927155,
            10.88033676
          ],
          [
            106.58927155,
            10.88033676
          ],
          [
            106.58927155,
            10.88033676
          ],
          [
            106.58927155,
            10.88033676
          ],
          [
            106.58927155,
            10.88033676
          ],
          [
            106.58940125,
            10.88041115
          ],
          [
            106.59178925,
            10.87706566
          ],
          [
            106.59168243,
            10.87702274
          ],
          [
            106.59168243,
            10.87702274
          ],
          [
            106.59168243,
            10.87702274
          ],
          [
            106.59168243,
            10.87702274
          ],
          [
            106.59168243,
            10.87702274
          ],
          [
            106.59168243,
            10.87702274
          ],
          [
            106.59168243,
            10.87702274
          ],
          [
            106.59177399,
            10.87708092
          ],
          [
            106.59213257,
            10.87657452
          ],
          [
            106.59248352,
            10.87606716
          ],
          [
            106.59283447,
            10.87556076
          ],
          [
            106.59319305,
            10.87505341
          ],
          [
            106.59307861,
            10.87496853
          ],
          [
            106.59307861,
            10.87496853
          ],
          [
            106.59307861,
            10.87496853
          ],
          [
            106.59307861,
            10.87496853
          ],
          [
            106.59307861,
            10.87496853
          ],
          [
            106.59307861,
            10.87496853
          ],
          [
            106.59307861,
            10.87496853
          ],
          [
            106.59321594,
            10.87504768
          ],
          [
            106.59358978,
            10.87453556
          ],
          [
            106.59395599,
            10.87402344
          ],
          [
            106.59432983,
            10.87351036
          ],
          [
            106.59469604,
            10.87299824
          ],
          [
            106.59466553,
            10.87294674
          ],
          [
            106.59466553,
            10.87294674
          ],
          [
            106.59466553,
            10.87294674
          ],
          [
            106.59466553,
            10.87294674
          ],
          [
            106.59466553,
            10.87294674
          ],
          [
            106.59466553,
            10.87294674
          ],
          [
            106.59476471,
            10.87299824
          ],
          [
            106.59527588,
            10.87225533
          ],
          [
            106.59578705,
            10.87151337
          ],
          [
            106.59629822,
            10.87077045
          ],
          [
            106.59680939,
            10.87002754
          ],
          [
            106.59675598,
            10.86995411
          ],
          [
            106.59675598,
            10.86995411
          ],
          [
            106.59675598,
            10.86995411
          ],
          [
            106.59675598,
            10.86995411
          ],
          [
            106.59675598,
            10.86995411
          ],
          [
            106.59675598,
            10.86995411
          ],
          [
            106.59675598,
            10.86995411
          ],
          [
            106.59735107,
            10.8692131
          ],
          [
            106.59788513,
            10.86845779
          ],
          [
            106.59841919,
            10.86770153
          ],
          [
            106.59890747,
            10.86691856
          ],
          [
            106.59890747,
            10.86691856
          ],
          [
            106.59890747,
            10.86691856
          ],
          [
            106.59890747,
            10.86691856
          ],
          [
            106.59890747,
            10.86691856
          ],
          [
            106.59890747,
            10.86691856
          ],
          [
            106.59890747,
            10.86691856
          ],
          [
            106.59890747,
            10.86691856
          ],
          [
            106.59973907,
            10.86587048
          ],
          [
            106.60050964,
            10.86478519
          ],
          [
            106.60128021,
            10.86367893
          ],
          [
            106.60205078,
            10.86257267
          ],
          [
            106.60197449,
            10.86254597
          ],
          [
            106.60197449,
            10.86254597
          ],
          [
            106.60197449,
            10.86254597
          ],
          [
            106.60197449,
            10.86254597
          ],
          [
            106.60197449,
            10.86254597
          ],
          [
            106.60197449,
            10.86254597
          ],
          [
            106.60197449,
            10.86254597
          ],
          [
            106.60205841,
            10.86258888
          ],
          [
            106.60270691,
            10.861619
          ],
          [
            106.60340118,
            10.86066532
          ],
          [
            106.60332489,
            10.86060238
          ],
          [
            106.60332489,
            10.86060238
          ],
          [
            106.60332489,
            10.86060238
          ],
          [
            106.60332489,
            10.86060238
          ],
          [
            106.60332489,
            10.86060238
          ],
          [
            106.60340118,
            10.86065006
          ],
          [
            106.60375977,
            10.86015224
          ],
          [
            106.60412598,
            10.85965443
          ],
          [
            106.60448456,
            10.85915852
          ],
          [
            106.60485077,
            10.85866356
          ],
          [
            106.60520935,
            10.85817146
          ],
          [
            106.60557556,
            10.85767841
          ],
          [
            106.60590363,
            10.85718346
          ],
          [
            106.60623932,
            10.8566885
          ],
          [
            106.60617828,
            10.85661983
          ],
          [
            106.60617828,
            10.85661983
          ],
          [
            106.60617828,
            10.85661983
          ],
          [
            106.60617828,
            10.85661983
          ],
          [
            106.60617828,
            10.85661983
          ],
          [
            106.60617828,
            10.85661983
          ],
          [
            106.60626221,
            10.85666656
          ],
          [
            106.60676575,
            10.85591221
          ],
          [
            106.60726166,
            10.85516262
          ],
          [
            106.60774994,
            10.85441399
          ],
          [
            106.60823822,
            10.85364246
          ],
          [
            106.6081543,
            10.85359478
          ],
          [
            106.6081543,
            10.85359478
          ],
          [
            106.6081543,
            10.85359478
          ],
          [
            106.6081543,
            10.85359478
          ],
          [
            106.6081543,
            10.85359478
          ],
          [
            106.6081543,
            10.85359478
          ],
          [
            106.6081543,
            10.85359478
          ],
          [
            106.60823059,
            10.8536272
          ],
          [
            106.60881805,
            10.85268116
          ],
          [
            106.60940552,
            10.85173607
          ],
          [
            106.61006165,
            10.8507452
          ],
          [
            106.61070251,
            10.84973907
          ],
          [
            106.61064148,
            10.84971333
          ],
          [
            106.61064148,
            10.84971333
          ],
          [
            106.61064148,
            10.84971333
          ],
          [
            106.61064148,
            10.84971333
          ],
          [
            106.61064148,
            10.84971333
          ],
          [
            106.61064148,
            10.84971333
          ],
          [
            106.61070251,
            10.84973907
          ],
          [
            106.61142731,
            10.84860897
          ],
          [
            106.6121521,
            10.84747887
          ],
          [
            106.61287689,
            10.84635639
          ],
          [
            106.6135788,
            10.84521294
          ],
          [
            106.61352539,
            10.84518719
          ],
          [
            106.61352539,
            10.84518719
          ],
          [
            106.61352539,
            10.84518719
          ],
          [
            106.61352539,
            10.84518719
          ],
          [
            106.61352539,
            10.84518719
          ],
          [
            106.61352539,
            10.84518719
          ],
          [
            106.61358643,
            10.84522343
          ],
          [
            106.61406708,
            10.84443855
          ],
          [
            106.61330414,
            10.84384346
          ],
          [
            106.6133728,
            10.8437376
          ]
        ]
      },
      "properties": {
        "feature_type": "route_path",
        "stt": 18,
        "route_id": 114,
        "route_no": "74",
        "display_code": "B 74",
        "route_name": "Bến xe An Sương - Bến xe Củ Chi",
        "direction": "Lượt về",
        "outbound": false,
        "start_point": "Bến xe An Sương",
        "end_point": "Bến xe Củ Chi",
        "start_stop": "Bến xe Củ Chi",
        "end_stop": "Bến xe An Sương",
        "distance_km": 22.29,
        "listed_length_km": 21,
        "running_time_min": 45,
        "operating_hours": "3:30 - 21:00",
        "stroke": "#546E7A",
        "stroke_width": 4,
        "stroke_opacity": 0.85
      }
    },
    {
      "type": "Feature",
      "geometry": {
        "type": "Point",
        "coordinates": [
          106.61337280273438,
          10.843737602233887
        ]
      },
      "properties": {
        "feature_type": "bus_stop",
        "stop_id": 166,
        "stop_code": "BX41",
        "stop_name": "Bến xe An Sương",
        "stop_type": "Bến xe",
        "route_no": "74",
        "display_code": "B 74",
        "direction": "Lượt đi",
        "address": "Bến xe An Sương Quốc lộ 22",
        "street": "Quốc lộ 22",
        "zone": "Quận 12",
        "ward": null,
        "all_routes": "04, 104, 122, 151, 27, 33, 41, 61-3, 62-5, 65, 71, 74, 85",
        "marker_color": "#546E7A"
      }
    },
    {
      "type": "Feature",
      "geometry": {
        "type": "Point",
        "coordinates": [
          106.6132,
          10.846293
        ]
      },
      "properties": {
        "feature_type": "bus_stop",
        "stop_id": 1117,
        "stop_code": "Q12 124",
        "stop_name": "Bến xe An Sương",
        "stop_type": "Trụ dừng",
        "route_no": "74",
        "display_code": "B 74",
        "direction": "Lượt đi",
        "address": "8C Quốc lộ 22",
        "street": "Quốc lộ 22",
        "zone": "Quận 12",
        "ward": null,
        "all_routes": "13, 62-5, 74, 85, 94",
        "marker_color": "#546E7A"
      }
    },
    {
      "type": "Feature",
      "geometry": {
        "type": "Point",
        "coordinates": [
          106.611274,
          10.84936
        ]
      },
      "properties": {
        "feature_type": "bus_stop",
        "stop_id": 1151,
        "stop_code": "Q12 125",
        "stop_name": "Cây xăng Quân Đội",
        "stop_type": "Trụ dừng",
        "route_no": "74",
        "display_code": "B 74",
        "direction": "Lượt đi",
        "address": "2 Quốc lộ 22",
        "street": "Quốc lộ 22",
        "zone": "Quận 12",
        "ward": null,
        "all_routes": "122, 13, 145, 62-5, 71, 74, 85, 94",
        "marker_color": "#546E7A"
      }
    },
    {
      "type": "Feature",
      "geometry": {
        "type": "Point",
        "coordinates": [
          106.607863,
          10.85466
        ]
      },
      "properties": {
        "feature_type": "bus_stop",
        "stop_id": 1152,
        "stop_code": "Q12 127",
        "stop_name": "Trung tâm Văn hóa Quận 12",
        "stop_type": "Nhà chờ",
        "route_no": "74",
        "display_code": "B 74",
        "direction": "Lượt đi",
        "address": "Trung tâm văn hóa Quận 12 Quốc lộ 22",
        "street": "Quốc lộ 22",
        "zone": "Quận 12",
        "ward": null,
        "all_routes": "122, 13, 145, 62-5, 71, 74, 85, 94",
        "marker_color": "#546E7A"
      }
    },
    {
      "type": "Feature",
      "geometry": {
        "type": "Point",
        "coordinates": [
          106.6062,
          10.857115
        ]
      },
      "properties": {
        "feature_type": "bus_stop",
        "stop_id": 1154,
        "stop_code": "HHM 022",
        "stop_name": "Liên đoàn lao động Hóc Môn",
        "stop_type": "Trụ dừng",
        "route_no": "74",
        "display_code": "B 74",
        "direction": "Lượt đi",
        "address": "69/1 (21/7) Quốc lộ 22",
        "street": "Quốc lộ 22",
        "zone": "Huyện Hóc Môn",
        "ward": "Xã Trung Chánh",
        "all_routes": "122, 13, 62-5, 71, 74, 85, 94",
        "marker_color": "#546E7A"
      }
    },
    {
      "type": "Feature",
      "geometry": {
        "type": "Point",
        "coordinates": [
          106.604306,
          10.859823
        ]
      },
      "properties": {
        "feature_type": "bus_stop",
        "stop_id": 1153,
        "stop_code": "HHM 023",
        "stop_name": "Cây xăng Củ Cải",
        "stop_type": "Trụ dừng",
        "route_no": "74",
        "display_code": "B 74",
        "direction": "Lượt đi",
        "address": "33/4 (336) Quốc lộ 22",
        "street": "Quốc lộ 22",
        "zone": "Huyện Hóc Môn",
        "ward": "Xã Trung Chánh",
        "all_routes": "122, 13, 62-5, 71, 74, 85, 94",
        "marker_color": "#546E7A"
      }
    },
    {
      "type": "Feature",
      "geometry": {
        "type": "Point",
        "coordinates": [
          106.602697,
          10.862014
        ]
      },
      "properties": {
        "feature_type": "bus_stop",
        "stop_id": 1156,
        "stop_code": "HHM 024",
        "stop_name": "Ngã 3 Củ Cải",
        "stop_type": "Trụ dừng",
        "route_no": "74",
        "display_code": "B 74",
        "direction": "Lượt đi",
        "address": "42/1 (62/1A) Quốc lộ 22",
        "street": "Quốc lộ 22",
        "zone": "Huyện Hóc Môn",
        "ward": null,
        "all_routes": "122, 13, 62-5, 74, 85, 94",
        "marker_color": "#546E7A"
      }
    },
    {
      "type": "Feature",
      "geometry": {
        "type": "Point",
        "coordinates": [
          106.600921,
          10.864569
        ]
      },
      "properties": {
        "feature_type": "bus_stop",
        "stop_id": 7800,
        "stop_code": "HHM 245",
        "stop_name": "Trường Đại học Ngoại ngữ - Tin học TP.HCM",
        "stop_type": "Trụ dừng",
        "route_no": "74",
        "display_code": "B 74",
        "direction": "Lượt đi",
        "address": "Trường Đại học Ngoại ngữ - Tin học TP.HCM Quốc lộ 22",
        "street": "Quốc lộ 22",
        "zone": "Huyện Hóc Môn",
        "ward": "Xã Tân Xuân",
        "all_routes": "122, 13, 62-5, 74, 85, 94",
        "marker_color": "#546E7A"
      }
    },
    {
      "type": "Feature",
      "geometry": {
        "type": "Point",
        "coordinates": [
          106.599349,
          10.866782
        ]
      },
      "properties": {
        "feature_type": "bus_stop",
        "stop_id": 1155,
        "stop_code": "HHM 025",
        "stop_name": "Trường học Tân Xuân",
        "stop_type": "Trụ dừng",
        "route_no": "74",
        "display_code": "B 74",
        "direction": "Lượt đi",
        "address": "8/6B Quốc lộ 22",
        "street": "Quốc lộ 22",
        "zone": "Huyện Hóc Môn",
        "ward": null,
        "all_routes": "122, 13, 62-5, 74, 85, 94",
        "marker_color": "#546E7A"
      }
    },
    {
      "type": "Feature",
      "geometry": {
        "type": "Point",
        "coordinates": [
          106.597075,
          10.870075
        ]
      },
      "properties": {
        "feature_type": "bus_stop",
        "stop_id": 1158,
        "stop_code": "HHM 026",
        "stop_name": "Ngã 3 Bùi Môn",
        "stop_type": "Ô sơn",
        "route_no": "74",
        "display_code": "B 74",
        "direction": "Lượt đi",
        "address": "1/1 Quốc lộ 22",
        "street": "Quốc lộ 22",
        "zone": "Huyện Hóc Môn",
        "ward": null,
        "all_routes": "122, 13, 62-5, 74, 85, 94",
        "marker_color": "#546E7A"
      }
    },
    {
      "type": "Feature",
      "geometry": {
        "type": "Point",
        "coordinates": [
          106.596147,
          10.871397
        ]
      },
      "properties": {
        "feature_type": "bus_stop",
        "stop_id": 1160,
        "stop_code": "HHM 027",
        "stop_name": "Ngã 3 Bùi Môn",
        "stop_type": "Trụ dừng",
        "route_no": "74",
        "display_code": "B 74",
        "direction": "Lượt đi",
        "address": "đd công ty Tây Bắc Sài Gòn Quốc lộ 22",
        "street": "Quốc lộ 22",
        "zone": "Huyện Hóc Môn",
        "ward": null,
        "all_routes": "13, 74, 94",
        "marker_color": "#546E7A"
      }
    },
    {
      "type": "Feature",
      "geometry": {
        "type": "Point",
        "coordinates": [
          106.593424,
          10.875093
        ]
      },
      "properties": {
        "feature_type": "bus_stop",
        "stop_id": 4592,
        "stop_code": "HHM 0270",
        "stop_name": "Sài Gòn Viễn Đông",
        "stop_type": "Trụ dừng",
        "route_no": "74",
        "display_code": "B 74",
        "direction": "Lượt đi",
        "address": "3/19 Quốc lộ 22",
        "street": "Quốc lộ 22",
        "zone": "Huyện Hóc Môn",
        "ward": "Xã Tân Xuân",
        "all_routes": "13, 74, 94",
        "marker_color": "#546E7A"
      }
    },
    {
      "type": "Feature",
      "geometry": {
        "type": "Point",
        "coordinates": [
          106.591748,
          10.877482
        ]
      },
      "properties": {
        "feature_type": "bus_stop",
        "stop_id": 1157,
        "stop_code": "HHM 028",
        "stop_name": "Ngã tư Giếng Nước",
        "stop_type": "Trụ dừng",
        "route_no": "74",
        "display_code": "B 74",
        "direction": "Lượt đi",
        "address": "3/88C Quốc lộ 22",
        "street": "Quốc lộ 22",
        "zone": "Huyện Hóc Môn",
        "ward": "Xã Tân Xuân",
        "all_routes": "13, 74, 94",
        "marker_color": "#546E7A"
      }
    },
    {
      "type": "Feature",
      "geometry": {
        "type": "Point",
        "coordinates": [
          106.589179,
          10.881109
        ]
      },
      "properties": {
        "feature_type": "bus_stop",
        "stop_id": 4751,
        "stop_code": "HHM 029",
        "stop_name": "Cây Xăng Xuyên Á",
        "stop_type": "Trụ dừng",
        "route_no": "74",
        "display_code": "B 74",
        "direction": "Lượt đi",
        "address": "2/20 Quốc lộ 22",
        "street": "Quốc lộ 22",
        "zone": "Huyện Hóc Môn",
        "ward": "Thị trấn Hóc Môn",
        "all_routes": "13, 74, 94",
        "marker_color": "#546E7A"
      }
    },
    {
      "type": "Feature",
      "geometry": {
        "type": "Point",
        "coordinates": [
          106.586732,
          10.884615
        ]
      },
      "properties": {
        "feature_type": "bus_stop",
        "stop_id": 1303,
        "stop_code": "HHM 030",
        "stop_name": "Ngã tư Hóc Môn",
        "stop_type": "Trụ dừng",
        "route_no": "74",
        "display_code": "B 74",
        "direction": "Lượt đi",
        "address": "53/1 (số cũ 206) Quốc lộ 22",
        "street": "Quốc lộ 22",
        "zone": "Huyện Hóc Môn",
        "ward": "Thị trấn Hóc Môn",
        "all_routes": "13, 24, 74, 94",
        "marker_color": "#546E7A"
      }
    },
    {
      "type": "Feature",
      "geometry": {
        "type": "Point",
        "coordinates": [
          106.583878,
          10.888708
        ]
      },
      "properties": {
        "feature_type": "bus_stop",
        "stop_id": 2270,
        "stop_code": "HHM 031",
        "stop_name": "Dân Thắng",
        "stop_type": "Trụ dừng",
        "route_no": "74",
        "display_code": "B 74",
        "direction": "Lượt đi",
        "address": "kế 8/5 Quốc lộ 22",
        "street": "Quốc lộ 22",
        "zone": "Huyện Hóc Môn",
        "ward": "Xã Tân Thới Nhì",
        "all_routes": "13, 24, 74, 94",
        "marker_color": "#546E7A"
      }
    },
    {
      "type": "Feature",
      "geometry": {
        "type": "Point",
        "coordinates": [
          106.580742,
          10.893147
        ]
      },
      "properties": {
        "feature_type": "bus_stop",
        "stop_id": 4752,
        "stop_code": "HHM 032",
        "stop_name": "Ngã ba Lam Sơn",
        "stop_type": "Nhà chờ",
        "route_no": "74",
        "display_code": "B 74",
        "direction": "Lượt đi",
        "address": "kế 30F Quốc lộ 22",
        "street": "Quốc lộ 22",
        "zone": "Huyện Hóc Môn",
        "ward": "Xã Tân Thới Nhì",
        "all_routes": "13, 24, 74, 94",
        "marker_color": "#546E7A"
      }
    },
    {
      "type": "Feature",
      "geometry": {
        "type": "Point",
        "coordinates": [
          106.579024,
          10.895661
        ]
      },
      "properties": {
        "feature_type": "bus_stop",
        "stop_id": 3636,
        "stop_code": "HHM 033",
        "stop_name": "Doanh trại Quân Đội",
        "stop_type": "Trụ dừng",
        "route_no": "74",
        "display_code": "B 74",
        "direction": "Lượt đi",
        "address": "Doanh trai Quân đội Quốc lộ 22",
        "street": "Quốc lộ 22",
        "zone": "Huyện Hóc Môn",
        "ward": "Xã Tân Thới Nhì",
        "all_routes": "13, 24, 74, 94",
        "marker_color": "#546E7A"
      }
    },
    {
      "type": "Feature",
      "geometry": {
        "type": "Point",
        "coordinates": [
          106.576191,
          10.899733
        ]
      },
      "properties": {
        "feature_type": "bus_stop",
        "stop_id": 1305,
        "stop_code": "HHM 034",
        "stop_name": "Ngã 3 Hồng Châu",
        "stop_type": "Trụ dừng",
        "route_no": "74",
        "display_code": "B 74",
        "direction": "Lượt đi",
        "address": "28/5 (số cũ 2/63) Quốc lộ 22",
        "street": "Quốc lộ 22",
        "zone": "Huyện Hóc Môn",
        "ward": "Xã Tân Thới Nhì",
        "all_routes": "13, 24, 74, 94",
        "marker_color": "#546E7A"
      }
    },
    {
      "type": "Feature",
      "geometry": {
        "type": "Point",
        "coordinates": [
          106.57337,
          10.903752
        ]
      },
      "properties": {
        "feature_type": "bus_stop",
        "stop_id": 3634,
        "stop_code": "HHM 035",
        "stop_name": "Công ty Sakos",
        "stop_type": "Nhà chờ",
        "route_no": "74",
        "display_code": "B 74",
        "direction": "Lượt đi",
        "address": "186 Quốc lộ 22",
        "street": "Quốc lộ 22",
        "zone": "Huyện Hóc Môn",
        "ward": "Xã Tân Hiệp",
        "all_routes": "13, 24, 74, 94",
        "marker_color": "#546E7A"
      }
    },
    {
      "type": "Feature",
      "geometry": {
        "type": "Point",
        "coordinates": [
          106.572071,
          10.905691
        ]
      },
      "properties": {
        "feature_type": "bus_stop",
        "stop_id": 3637,
        "stop_code": "HHM 036",
        "stop_name": "Cây xăng Hoàng Anh 2",
        "stop_type": "Trụ dừng",
        "route_no": "74",
        "display_code": "B 74",
        "direction": "Lượt đi",
        "address": "428 Quốc lộ 22",
        "street": "Quốc lộ 22",
        "zone": "Huyện Hóc Môn",
        "ward": "Xã Tân Hiệp",
        "all_routes": "13, 24, 74, 94",
        "marker_color": "#546E7A"
      }
    },
    {
      "type": "Feature",
      "geometry": {
        "type": "Point",
        "coordinates": [
          106.567812,
          10.911664
        ]
      },
      "properties": {
        "feature_type": "bus_stop",
        "stop_id": 1304,
        "stop_code": "HHM 037",
        "stop_name": "Công ty thoát nước đô thị",
        "stop_type": "Trụ dừng",
        "route_no": "74",
        "display_code": "B 74",
        "direction": "Lượt đi",
        "address": "200 (Công ty thoát nước đô thị) Quốc lộ 22",
        "street": "Quốc lộ 22",
        "zone": "Huyện Hóc Môn",
        "ward": "Xã Tân Hiệp",
        "all_routes": "13, 24, 74, 94",
        "marker_color": "#546E7A"
      }
    },
    {
      "type": "Feature",
      "geometry": {
        "type": "Point",
        "coordinates": [
          106.564102,
          10.916901
        ]
      },
      "properties": {
        "feature_type": "bus_stop",
        "stop_id": 4758,
        "stop_code": "HHM 038",
        "stop_name": "Cầu An Hạ",
        "stop_type": "Trụ dừng",
        "route_no": "74",
        "display_code": "B 74",
        "direction": "Lượt đi",
        "address": "Đối diện Giáo xứ Tân Thịnh Quốc lộ 22",
        "street": "Quốc lộ 22",
        "zone": "Huyện Hóc Môn",
        "ward": "Xã Tân Hiệp",
        "all_routes": "13, 24, 74, 94",
        "marker_color": "#546E7A"
      }
    },
    {
      "type": "Feature",
      "geometry": {
        "type": "Point",
        "coordinates": [
          106.561267,
          10.921261
        ]
      },
      "properties": {
        "feature_type": "bus_stop",
        "stop_id": 4702,
        "stop_code": "HCC 001",
        "stop_name": "Công ty Fujifilm",
        "stop_type": "Nhà chờ",
        "route_no": "74",
        "display_code": "B 74",
        "direction": "Lượt đi",
        "address": "Đối diện Công ty Fujifilm Quốc lộ 22",
        "street": "Quốc lộ 22",
        "zone": "Huyện Củ Chi",
        "ward": "Xã Tân Phú Trung",
        "all_routes": "13, 24, 74, 94",
        "marker_color": "#546E7A"
      }
    },
    {
      "type": "Feature",
      "geometry": {
        "type": "Point",
        "coordinates": [
          106.55711,
          10.926929
        ]
      },
      "properties": {
        "feature_type": "bus_stop",
        "stop_id": 3639,
        "stop_code": "HCC 002",
        "stop_name": "Bệnh viện Xuyên Á",
        "stop_type": "Nhà chờ",
        "route_no": "74",
        "display_code": "B 74",
        "direction": "Lượt đi",
        "address": "Bệnh viện Xuyên Á Quốc lộ 22",
        "street": "Quốc lộ 22",
        "zone": "Huyện Củ Chi",
        "ward": "Xã Tân Phú Trung",
        "all_routes": "13, 74, 94",
        "marker_color": "#546E7A"
      }
    },
    {
      "type": "Feature",
      "geometry": {
        "type": "Point",
        "coordinates": [
          106.553714,
          10.931343
        ]
      },
      "properties": {
        "feature_type": "bus_stop",
        "stop_id": 1307,
        "stop_code": "HCC 003",
        "stop_name": "Chợ chiều Tân Phú Trung",
        "stop_type": "Trụ dừng",
        "route_no": "74",
        "display_code": "B 74",
        "direction": "Lượt đi",
        "address": "102 Quốc lộ 22",
        "street": "Quốc lộ 22",
        "zone": "Huyện Củ Chi",
        "ward": "Xã Tân Phú Trung",
        "all_routes": "13, 74, 94",
        "marker_color": "#546E7A"
      }
    },
    {
      "type": "Feature",
      "geometry": {
        "type": "Point",
        "coordinates": [
          106.549553,
          10.934983
        ]
      },
      "properties": {
        "feature_type": "bus_stop",
        "stop_id": 3638,
        "stop_code": "HCC 004",
        "stop_name": "Mũi tàu Tỉnh lộ 2",
        "stop_type": "Trụ dừng",
        "route_no": "74",
        "display_code": "B 74",
        "direction": "Lượt đi",
        "address": "158 Quốc lộ 22",
        "street": "Quốc lộ 22",
        "zone": "Huyện Củ Chi",
        "ward": "Xã Tân Phú Trung",
        "all_routes": "13, 74, 94",
        "marker_color": "#546E7A"
      }
    },
    {
      "type": "Feature",
      "geometry": {
        "type": "Point",
        "coordinates": [
          106.543425,
          10.937979
        ]
      },
      "properties": {
        "feature_type": "bus_stop",
        "stop_id": 3640,
        "stop_code": "HCC 005",
        "stop_name": "Nhà thờ Bắc Đoàn",
        "stop_type": "Trụ dừng",
        "route_no": "74",
        "display_code": "B 74",
        "direction": "Lượt đi",
        "address": "Kế 254 Quốc lộ 22",
        "street": "Quốc lộ 22",
        "zone": "Huyện Củ Chi",
        "ward": "Xã Tân Phú Trung",
        "all_routes": "13, 74, 94",
        "marker_color": "#546E7A"
      }
    },
    {
      "type": "Feature",
      "geometry": {
        "type": "Point",
        "coordinates": [
          106.540335,
          10.939433
        ]
      },
      "properties": {
        "feature_type": "bus_stop",
        "stop_id": 1306,
        "stop_code": "HCC 006",
        "stop_name": "Trường Tân Phú Trung",
        "stop_type": "Nhà chờ",
        "route_no": "74",
        "display_code": "B 74",
        "direction": "Lượt đi",
        "address": "Trường Tân Phú Trung Quốc lộ 22",
        "street": "Quốc lộ 22",
        "zone": "Huyện Củ Chi",
        "ward": "Xã Tân Phú Trung",
        "all_routes": "13, 74, 94",
        "marker_color": "#546E7A"
      }
    },
    {
      "type": "Feature",
      "geometry": {
        "type": "Point",
        "coordinates": [
          106.535325,
          10.94185
        ]
      },
      "properties": {
        "feature_type": "bus_stop",
        "stop_id": 3642,
        "stop_code": "HCC 007",
        "stop_name": "Nhà thờ Sơn Lộc",
        "stop_type": "Trụ dừng",
        "route_no": "74",
        "display_code": "B 74",
        "direction": "Lượt đi",
        "address": "366 Quốc lộ 22",
        "street": "Quốc lộ 22",
        "zone": "Huyện Củ Chi",
        "ward": "Xã Tân Phú Trung",
        "all_routes": "13, 74, 94",
        "marker_color": "#546E7A"
      }
    },
    {
      "type": "Feature",
      "geometry": {
        "type": "Point",
        "coordinates": [
          106.529269,
          10.944768
        ]
      },
      "properties": {
        "feature_type": "bus_stop",
        "stop_id": 3641,
        "stop_code": "HCC 008",
        "stop_name": "Chùa Pháp Hạnh",
        "stop_type": "Trụ dừng",
        "route_no": "74",
        "display_code": "B 74",
        "direction": "Lượt đi",
        "address": "444A Quốc lộ 22",
        "street": "Quốc lộ 22",
        "zone": "Huyện Củ Chi",
        "ward": "Xã Tân Phú Trung",
        "all_routes": "13, 74, 94",
        "marker_color": "#546E7A"
      }
    },
    {
      "type": "Feature",
      "geometry": {
        "type": "Point",
        "coordinates": [
          106.524635,
          10.947133
        ]
      },
      "properties": {
        "feature_type": "bus_stop",
        "stop_id": 1309,
        "stop_code": "HCC 009",
        "stop_name": "Ngã tư Quán đôi",
        "stop_type": "Trụ dừng",
        "route_no": "74",
        "display_code": "B 74",
        "direction": "Lượt đi",
        "address": "38A-38B (40) Quốc lộ 22",
        "street": "Quốc lộ 22",
        "zone": "Huyện Củ Chi",
        "ward": "Xã Tân Thông Hội",
        "all_routes": "13, 74, 94",
        "marker_color": "#546E7A"
      }
    },
    {
      "type": "Feature",
      "geometry": {
        "type": "Point",
        "coordinates": [
          106.520369,
          10.95003
        ]
      },
      "properties": {
        "feature_type": "bus_stop",
        "stop_id": 3643,
        "stop_code": "HCC 010",
        "stop_name": "Hồng Đào",
        "stop_type": "Trụ dừng",
        "route_no": "74",
        "display_code": "B 74",
        "direction": "Lượt đi",
        "address": "140 Quốc lộ 22",
        "street": "Quốc lộ 22",
        "zone": "Huyện Củ Chi",
        "ward": "Xã Tân Thông Hội",
        "all_routes": "13, 74, 94",
        "marker_color": "#546E7A"
      }
    },
    {
      "type": "Feature",
      "geometry": {
        "type": "Point",
        "coordinates": [
          106.516228,
          10.952821
        ]
      },
      "properties": {
        "feature_type": "bus_stop",
        "stop_id": 3644,
        "stop_code": "HCC 011",
        "stop_name": "Trường Mầm non Tân Thông Hội 1",
        "stop_type": "Trụ dừng",
        "route_no": "74",
        "display_code": "B 74",
        "direction": "Lượt đi",
        "address": "206 Quốc lộ 22",
        "street": "Quốc lộ 22",
        "zone": "Huyện Củ Chi",
        "ward": "Xã Tân Thông Hội",
        "all_routes": "13, 74, 94",
        "marker_color": "#546E7A"
      }
    },
    {
      "type": "Feature",
      "geometry": {
        "type": "Point",
        "coordinates": [
          106.512707,
          10.955231
        ]
      },
      "properties": {
        "feature_type": "bus_stop",
        "stop_id": 9931,
        "stop_code": "HCM 0041",
        "stop_name": "Nước Mía Vườn Cau",
        "stop_type": "Ô sơn",
        "route_no": "74",
        "display_code": "B 74",
        "direction": "Lượt đi",
        "address": "240 Phan Văn Khải",
        "street": "Phan Văn Khải",
        "zone": "Huyện Củ Chi",
        "ward": null,
        "all_routes": "13, 74, 94",
        "marker_color": "#546E7A"
      }
    },
    {
      "type": "Feature",
      "geometry": {
        "type": "Point",
        "coordinates": [
          106.509834,
          10.95705
        ]
      },
      "properties": {
        "feature_type": "bus_stop",
        "stop_id": 1308,
        "stop_code": "HCC 012",
        "stop_name": "Công ty Sài Gòn Cáp",
        "stop_type": "Trụ dừng",
        "route_no": "74",
        "display_code": "B 74",
        "direction": "Lượt đi",
        "address": "270 Quốc lộ 22",
        "street": "Quốc lộ 22",
        "zone": "Huyện Củ Chi",
        "ward": "Xã Tân Thông Hội",
        "all_routes": "13, 74, 94",
        "marker_color": "#546E7A"
      }
    },
    {
      "type": "Feature",
      "geometry": {
        "type": "Point",
        "coordinates": [
          106.504962,
          10.959546
        ]
      },
      "properties": {
        "feature_type": "bus_stop",
        "stop_id": 3645,
        "stop_code": "HCC 013",
        "stop_name": "Nhà thờ Tân Thông",
        "stop_type": "Trụ dừng",
        "route_no": "74",
        "display_code": "B 74",
        "direction": "Lượt đi",
        "address": "Nhà thờ Tân Thông Quốc lộ 22",
        "street": "Quốc lộ 22",
        "zone": "Huyện Củ Chi",
        "ward": "Xã Tân Thông Hội",
        "all_routes": "13, 74, 94",
        "marker_color": "#546E7A"
      }
    },
    {
      "type": "Feature",
      "geometry": {
        "type": "Point",
        "coordinates": [
          106.501617,
          10.961317
        ]
      },
      "properties": {
        "feature_type": "bus_stop",
        "stop_id": 3648,
        "stop_code": "HCC 014",
        "stop_name": "Điện lực Củ Chi - Ngã 3 Việt Kiều",
        "stop_type": "Nhà chờ",
        "route_no": "74",
        "display_code": "B 74",
        "direction": "Lượt đi",
        "address": "400 Quốc lộ 22",
        "street": "Quốc lộ 22",
        "zone": "Huyện Củ Chi",
        "ward": "Xã Tân Thông Hội",
        "all_routes": "13, 74, 94",
        "marker_color": "#546E7A"
      }
    },
    {
      "type": "Feature",
      "geometry": {
        "type": "Point",
        "coordinates": [
          106.497749,
          10.96355
        ]
      },
      "properties": {
        "feature_type": "bus_stop",
        "stop_id": 3646,
        "stop_code": "HCC 015",
        "stop_name": "xóm Huế",
        "stop_type": "Nhà chờ",
        "route_no": "74",
        "display_code": "B 74",
        "direction": "Lượt đi",
        "address": "550 Quốc lộ 22",
        "street": "Quốc lộ 22",
        "zone": "Huyện Củ Chi",
        "ward": "Xã Tân An Hội",
        "all_routes": "13, 74, 94",
        "marker_color": "#546E7A"
      }
    },
    {
      "type": "Feature",
      "geometry": {
        "type": "Point",
        "coordinates": [
          106.49308,
          10.9658
        ]
      },
      "properties": {
        "feature_type": "bus_stop",
        "stop_id": 3647,
        "stop_code": "HCC 016",
        "stop_name": "Đường Nguyễn Giao",
        "stop_type": "Trụ dừng",
        "route_no": "74",
        "display_code": "B 74",
        "direction": "Lượt đi",
        "address": "632 Quốc lộ 22",
        "street": "Quốc lộ 22",
        "zone": "Huyện Củ Chi",
        "ward": null,
        "all_routes": "13, 74, 94",
        "marker_color": "#546E7A"
      }
    },
    {
      "type": "Feature",
      "geometry": {
        "type": "Point",
        "coordinates": [
          106.488319,
          10.96765
        ]
      },
      "properties": {
        "feature_type": "bus_stop",
        "stop_id": 1311,
        "stop_code": "HCC 017",
        "stop_name": "Cầu vượt Củ Chi",
        "stop_type": "Trụ dừng",
        "route_no": "74",
        "display_code": "B 74",
        "direction": "Lượt đi",
        "address": "734 Quốc lộ 22",
        "street": "Quốc lộ 22",
        "zone": "Huyện Củ Chi",
        "ward": "Thị trấn Củ Chi",
        "all_routes": "13, 74, 94",
        "marker_color": "#546E7A"
      }
    },
    {
      "type": "Feature",
      "geometry": {
        "type": "Point",
        "coordinates": [
          106.482099,
          10.971617
        ]
      },
      "properties": {
        "feature_type": "bus_stop",
        "stop_id": 732,
        "stop_code": "BX 63",
        "stop_name": "Bến xe Củ Chi",
        "stop_type": "Bến xe",
        "route_no": "74",
        "display_code": "B 74",
        "direction": "Lượt đi",
        "address": "Bến xe Củ Chi Quốc lộ 22",
        "street": "Quốc lộ 22",
        "zone": "Huyện Củ Chi",
        "ward": null,
        "all_routes": "100, 107, 126, 13, 70-1, 70-2, 74, 79, 87, 94",
        "marker_color": "#546E7A"
      }
    },
    {
      "type": "Feature",
      "geometry": {
        "type": "Point",
        "coordinates": [
          106.482453,
          10.970495
        ]
      },
      "properties": {
        "feature_type": "bus_stop",
        "stop_id": 7617,
        "stop_code": "HCC 279",
        "stop_name": "chợ Củ Chi",
        "stop_type": "Nhà chờ",
        "route_no": "74",
        "display_code": "B 74",
        "direction": "Lượt về",
        "address": "chợ Củ Chi Quốc lộ 22",
        "street": "Quốc lộ 22",
        "zone": "Huyện Củ Chi",
        "ward": "Thị trấn Củ Chi",
        "all_routes": "100, 107, 126, 13, 70-1, 70-2, 74, 79, 87, 94",
        "marker_color": "#546E7A"
      }
    },
    {
      "type": "Feature",
      "geometry": {
        "type": "Point",
        "coordinates": [
          106.48903,
          10.967041
        ]
      },
      "properties": {
        "feature_type": "bus_stop",
        "stop_id": 1387,
        "stop_code": "HCC 038",
        "stop_name": "Trường trung học cơ sở Củ Chi",
        "stop_type": "Nhà chờ",
        "route_no": "74",
        "display_code": "B 74",
        "direction": "Lượt về",
        "address": "607 Quốc lộ 22",
        "street": "Quốc lộ 22",
        "zone": "Huyện Củ Chi",
        "ward": "Thị trấn Củ Chi",
        "all_routes": "13, 74, 94",
        "marker_color": "#546E7A"
      }
    },
    {
      "type": "Feature",
      "geometry": {
        "type": "Point",
        "coordinates": [
          106.492994,
          10.965524
        ]
      },
      "properties": {
        "feature_type": "bus_stop",
        "stop_id": 3650,
        "stop_code": "HCC 039",
        "stop_name": "Đường Nguyễn Giao",
        "stop_type": "Trụ dừng",
        "route_no": "74",
        "display_code": "B 74",
        "direction": "Lượt về",
        "address": "517 Quốc lộ 22",
        "street": "Quốc lộ 22",
        "zone": "Huyện Củ Chi",
        "ward": "Thị trấn Củ Chi",
        "all_routes": "13, 74, 94",
        "marker_color": "#546E7A"
      }
    },
    {
      "type": "Feature",
      "geometry": {
        "type": "Point",
        "coordinates": [
          106.49735,
          10.963449
        ]
      },
      "properties": {
        "feature_type": "bus_stop",
        "stop_id": 3652,
        "stop_code": "HCC 040",
        "stop_name": "xóm Huế",
        "stop_type": "Trụ dừng",
        "route_no": "74",
        "display_code": "B 74",
        "direction": "Lượt về",
        "address": "457 Quốc lộ 22",
        "street": "Quốc lộ 22",
        "zone": "Huyện Củ Chi",
        "ward": "Xã Tân Thông Hội",
        "all_routes": "13, 74, 94",
        "marker_color": "#546E7A"
      }
    },
    {
      "type": "Feature",
      "geometry": {
        "type": "Point",
        "coordinates": [
          106.503161,
          10.9602
        ]
      },
      "properties": {
        "feature_type": "bus_stop",
        "stop_id": 7135,
        "stop_code": "HCC 041",
        "stop_name": "Điện lực Củ Chi - Ngã 3 Việt Kiều",
        "stop_type": "Trụ dừng",
        "route_no": "74",
        "display_code": "B 74",
        "direction": "Lượt về",
        "address": "413 Quốc lộ 22",
        "street": "Quốc lộ 22",
        "zone": "Huyện Củ Chi",
        "ward": "Xã Tân Thông Hội",
        "all_routes": "13, 74, 94",
        "marker_color": "#546E7A"
      }
    },
    {
      "type": "Feature",
      "geometry": {
        "type": "Point",
        "coordinates": [
          106.505027,
          10.959204
        ]
      },
      "properties": {
        "feature_type": "bus_stop",
        "stop_id": 1383,
        "stop_code": "HCC 042",
        "stop_name": "Nhà thiếu nhi Củ Chi",
        "stop_type": "Nhà chờ",
        "route_no": "74",
        "display_code": "B 74",
        "direction": "Lượt về",
        "address": "Nhà thiếu nhi Củ Chi Quốc lộ 22",
        "street": "Quốc lộ 22",
        "zone": "Huyện Củ Chi",
        "ward": "Xã Tân Thông Hội",
        "all_routes": "13, 74, 94",
        "marker_color": "#546E7A"
      }
    },
    {
      "type": "Feature",
      "geometry": {
        "type": "Point",
        "coordinates": [
          106.509694,
          10.956818
        ]
      },
      "properties": {
        "feature_type": "bus_stop",
        "stop_id": 3649,
        "stop_code": "HCC 043",
        "stop_name": "Công ty Sài Gòn Cáp",
        "stop_type": "Trụ dừng",
        "route_no": "74",
        "display_code": "B 74",
        "direction": "Lượt về",
        "address": "299 Quốc lộ 22",
        "street": "Quốc lộ 22",
        "zone": "Huyện Củ Chi",
        "ward": "Xã Tân Thông Hội",
        "all_routes": "13, 74, 94",
        "marker_color": "#546E7A"
      }
    },
    {
      "type": "Feature",
      "geometry": {
        "type": "Point",
        "coordinates": [
          106.513653,
          10.954201
        ]
      },
      "properties": {
        "feature_type": "bus_stop",
        "stop_id": 9932,
        "stop_code": "HCM 0042",
        "stop_name": "Nước Mía Vườn Cau",
        "stop_type": "Ô sơn",
        "route_no": "74",
        "display_code": "B 74",
        "direction": "Lượt về",
        "address": "251 Phan Văn Khải",
        "street": "Phan Văn Khải",
        "zone": "Huyện Củ Chi",
        "ward": null,
        "all_routes": "13, 74, 94",
        "marker_color": "#546E7A"
      }
    },
    {
      "type": "Feature",
      "geometry": {
        "type": "Point",
        "coordinates": [
          106.515434,
          10.953068
        ]
      },
      "properties": {
        "feature_type": "bus_stop",
        "stop_id": 3651,
        "stop_code": "HCC 044",
        "stop_name": "Trường Mầm non Tân Thông Hội 1",
        "stop_type": "Trụ dừng",
        "route_no": "74",
        "display_code": "B 74",
        "direction": "Lượt về",
        "address": "223 Quốc lộ 22",
        "street": "Quốc lộ 22",
        "zone": "Huyện Củ Chi",
        "ward": "Xã Tân Thông Hội",
        "all_routes": "13, 74, 94",
        "marker_color": "#546E7A"
      }
    },
    {
      "type": "Feature",
      "geometry": {
        "type": "Point",
        "coordinates": [
          106.518974,
          10.950651
        ]
      },
      "properties": {
        "feature_type": "bus_stop",
        "stop_id": 3653,
        "stop_code": "HCC 045",
        "stop_name": "Trạm Hồng Đào",
        "stop_type": "Trụ dừng",
        "route_no": "74",
        "display_code": "B 74",
        "direction": "Lượt về",
        "address": "157 Quốc lộ 22",
        "street": "Quốc lộ 22",
        "zone": "Huyện Củ Chi",
        "ward": "Xã Tân Thông Hội",
        "all_routes": "13, 74, 94",
        "marker_color": "#546E7A"
      }
    },
    {
      "type": "Feature",
      "geometry": {
        "type": "Point",
        "coordinates": [
          106.522923,
          10.947954
        ]
      },
      "properties": {
        "feature_type": "bus_stop",
        "stop_id": 3654,
        "stop_code": "HCC 046",
        "stop_name": "Ngã tư Quán đôi",
        "stop_type": "Trụ dừng",
        "route_no": "74",
        "display_code": "B 74",
        "direction": "Lượt về",
        "address": "97 Quốc lộ 22",
        "street": "Quốc lộ 22",
        "zone": "Huyện Củ Chi",
        "ward": "Xã Tân Thông Hội",
        "all_routes": "13, 74, 94",
        "marker_color": "#546E7A"
      }
    },
    {
      "type": "Feature",
      "geometry": {
        "type": "Point",
        "coordinates": [
          106.530776,
          10.943678
        ]
      },
      "properties": {
        "feature_type": "bus_stop",
        "stop_id": 3655,
        "stop_code": "HCC 047",
        "stop_name": "Chùa Pháp Hạnh",
        "stop_type": "Trụ dừng",
        "route_no": "74",
        "display_code": "B 74",
        "direction": "Lượt về",
        "address": "455A (Đ/d 450) Quốc lộ 22",
        "street": "Quốc lộ 22",
        "zone": "Huyện Củ Chi",
        "ward": "Xã Tân Thông Hội",
        "all_routes": "13, 74, 94",
        "marker_color": "#546E7A"
      }
    },
    {
      "type": "Feature",
      "geometry": {
        "type": "Point",
        "coordinates": [
          106.536346,
          10.941083
        ]
      },
      "properties": {
        "feature_type": "bus_stop",
        "stop_id": 3656,
        "stop_code": "HCC 048",
        "stop_name": "Nhà thờ Sơn Lộc",
        "stop_type": "Trụ dừng",
        "route_no": "74",
        "display_code": "B 74",
        "direction": "Lượt về",
        "address": "351 Quốc lộ 22",
        "street": "Quốc lộ 22",
        "zone": "Huyện Củ Chi",
        "ward": "Xã Tân Phú Trung",
        "all_routes": "13, 74, 94",
        "marker_color": "#546E7A"
      }
    },
    {
      "type": "Feature",
      "geometry": {
        "type": "Point",
        "coordinates": [
          106.540223,
          10.93918
        ]
      },
      "properties": {
        "feature_type": "bus_stop",
        "stop_id": 1384,
        "stop_code": "HCC 049",
        "stop_name": "trường Tân Phú Trung",
        "stop_type": "Nhà chờ",
        "route_no": "74",
        "display_code": "B 74",
        "direction": "Lượt về",
        "address": "Đối diện Trường Tân Phú Trung Quốc lộ 22",
        "street": "Quốc lộ 22",
        "zone": "Huyện Củ Chi",
        "ward": null,
        "all_routes": "13, 74, 94",
        "marker_color": "#546E7A"
      }
    },
    {
      "type": "Feature",
      "geometry": {
        "type": "Point",
        "coordinates": [
          106.543602,
          10.937558
        ]
      },
      "properties": {
        "feature_type": "bus_stop",
        "stop_id": 3657,
        "stop_code": "HCC 050",
        "stop_name": "Nhà thờ Bắc Đoàn",
        "stop_type": "Trụ dừng",
        "route_no": "74",
        "display_code": "B 74",
        "direction": "Lượt về",
        "address": "215 (231) Quốc lộ 22",
        "street": "Quốc lộ 22",
        "zone": "Huyện Củ Chi",
        "ward": "Xã Tân Phú Trung",
        "all_routes": "13, 74, 94",
        "marker_color": "#546E7A"
      }
    },
    {
      "type": "Feature",
      "geometry": {
        "type": "Point",
        "coordinates": [
          106.549798,
          10.93454
        ]
      },
      "properties": {
        "feature_type": "bus_stop",
        "stop_id": 1391,
        "stop_code": "HCC 051",
        "stop_name": "Mũi tàu Tỉnh lộ 2",
        "stop_type": "Trụ dừng",
        "route_no": "74",
        "display_code": "B 74",
        "direction": "Lượt về",
        "address": "151 (số cũ 135) Quốc lộ 22",
        "street": "Quốc lộ 22",
        "zone": "Huyện Củ Chi",
        "ward": "Xã Tân Phú Trung",
        "all_routes": "13, 74, 94",
        "marker_color": "#546E7A"
      }
    },
    {
      "type": "Feature",
      "geometry": {
        "type": "Point",
        "coordinates": [
          106.552808,
          10.931917
        ]
      },
      "properties": {
        "feature_type": "bus_stop",
        "stop_id": 3658,
        "stop_code": "HCC 052",
        "stop_name": "Chợ chiều Tân Phú Trung",
        "stop_type": "Trụ dừng",
        "route_no": "74",
        "display_code": "B 74",
        "direction": "Lượt về",
        "address": "85C Quốc lộ 22",
        "street": "Quốc lộ 22",
        "zone": "Huyện Củ Chi",
        "ward": "Xã Tân Phú Trung",
        "all_routes": "13, 74, 94",
        "marker_color": "#546E7A"
      }
    },
    {
      "type": "Feature",
      "geometry": {
        "type": "Point",
        "coordinates": [
          106.555012,
          10.929399
        ]
      },
      "properties": {
        "feature_type": "bus_stop",
        "stop_id": 7847,
        "stop_code": "HCC 355",
        "stop_name": "Công ty Thủy lợi TP.HCM",
        "stop_type": "Nhà chờ",
        "route_no": "74",
        "display_code": "B 74",
        "direction": "Lượt về",
        "address": "Công ty Thủy lợi TP.HCM (21) Quốc lộ 22",
        "street": "Quốc lộ 22",
        "zone": "Huyện Củ Chi",
        "ward": "Xã Tân Phú Trung",
        "all_routes": "13, 74, 94",
        "marker_color": "#546E7A"
      }
    },
    {
      "type": "Feature",
      "geometry": {
        "type": "Point",
        "coordinates": [
          106.557201,
          10.926381
        ]
      },
      "properties": {
        "feature_type": "bus_stop",
        "stop_id": 3660,
        "stop_code": "HCC 053",
        "stop_name": "Bệnh viện Xuyên Á",
        "stop_type": "Nhà chờ",
        "route_no": "74",
        "display_code": "B 74",
        "direction": "Lượt về",
        "address": "Đối diện cây xăng Ngọc Sương Quốc lộ 22",
        "street": "Quốc lộ 22",
        "zone": "Huyện Củ Chi",
        "ward": "Xã Tân Phú Trung",
        "all_routes": "13, 74, 94",
        "marker_color": "#546E7A"
      }
    },
    {
      "type": "Feature",
      "geometry": {
        "type": "Point",
        "coordinates": [
          106.559333,
          10.923317
        ]
      },
      "properties": {
        "feature_type": "bus_stop",
        "stop_id": 4147,
        "stop_code": "HCC 054",
        "stop_name": "Công ty Fujifilm",
        "stop_type": "Nhà chờ",
        "route_no": "74",
        "display_code": "B 74",
        "direction": "Lượt về",
        "address": "Cty Fujifilm Quốc lộ 22",
        "street": "Quốc lộ 22",
        "zone": "Huyện Củ Chi",
        "ward": "Xã Tân Phú Trung",
        "all_routes": "13, 24, 74, 94",
        "marker_color": "#546E7A"
      }
    },
    {
      "type": "Feature",
      "geometry": {
        "type": "Point",
        "coordinates": [
          106.564212,
          10.916262
        ]
      },
      "properties": {
        "feature_type": "bus_stop",
        "stop_id": 1388,
        "stop_code": "HHM 039",
        "stop_name": "Cầu An Hạ",
        "stop_type": "Nhà chờ",
        "route_no": "74",
        "display_code": "B 74",
        "direction": "Lượt về",
        "address": "Giáo xứ Tân Thịnh Quốc lộ 22",
        "street": "Quốc lộ 22",
        "zone": "Huyện Hóc Môn",
        "ward": "Xã Tân Thới Nhì",
        "all_routes": "13, 24, 74, 94",
        "marker_color": "#546E7A"
      }
    },
    {
      "type": "Feature",
      "geometry": {
        "type": "Point",
        "coordinates": [
          106.567576,
          10.911485
        ]
      },
      "properties": {
        "feature_type": "bus_stop",
        "stop_id": 1389,
        "stop_code": "HHM 040",
        "stop_name": "Công ty thoát nước đô thị",
        "stop_type": "Nhà chờ",
        "route_no": "74",
        "display_code": "B 74",
        "direction": "Lượt về",
        "address": "Đối diện Cty thoát nước đô thị Quốc lộ 22",
        "street": "Quốc lộ 22",
        "zone": "Huyện Hóc Môn",
        "ward": "Xã Tân Thới Nhì",
        "all_routes": "13, 24, 74, 94",
        "marker_color": "#546E7A"
      }
    },
    {
      "type": "Feature",
      "geometry": {
        "type": "Point",
        "coordinates": [
          106.571364,
          10.906072
        ]
      },
      "properties": {
        "feature_type": "bus_stop",
        "stop_id": 4753,
        "stop_code": "HHM 041",
        "stop_name": "Cây xăng Hoàng Anh 2",
        "stop_type": "Trụ dừng",
        "route_no": "74",
        "display_code": "B 74",
        "direction": "Lượt về",
        "address": "Đối diện cây xăng Hoàng Anh 2 Quốc lộ 22",
        "street": "Quốc lộ 22",
        "zone": "Huyện Hóc Môn",
        "ward": "Xã Tân Thới Nhì",
        "all_routes": "13, 24, 74, 94",
        "marker_color": "#546E7A"
      }
    },
    {
      "type": "Feature",
      "geometry": {
        "type": "Point",
        "coordinates": [
          106.575891,
          10.899638
        ]
      },
      "properties": {
        "feature_type": "bus_stop",
        "stop_id": 1390,
        "stop_code": "HHM 042",
        "stop_name": "Ngã 3 Hồng Châu",
        "stop_type": "Trụ dừng",
        "route_no": "74",
        "display_code": "B 74",
        "direction": "Lượt về",
        "address": "1/147 Quốc lộ 22",
        "street": "Quốc lộ 22",
        "zone": "Huyện Hóc Môn",
        "ward": "Xã Tân Thới Nhì",
        "all_routes": "13, 24, 74, 94",
        "marker_color": "#546E7A"
      }
    },
    {
      "type": "Feature",
      "geometry": {
        "type": "Point",
        "coordinates": [
          106.578358,
          10.896083
        ]
      },
      "properties": {
        "feature_type": "bus_stop",
        "stop_id": 3659,
        "stop_code": "HHM 043",
        "stop_name": "Doanh trại Quân Đội",
        "stop_type": "Trụ dừng",
        "route_no": "74",
        "display_code": "B 74",
        "direction": "Lượt về",
        "address": "48/10A Quốc lộ 22",
        "street": "Quốc lộ 22",
        "zone": "Huyện Hóc Môn",
        "ward": "Xã Tân Thới Nhì",
        "all_routes": "13, 24, 74, 94",
        "marker_color": "#546E7A"
      }
    },
    {
      "type": "Feature",
      "geometry": {
        "type": "Point",
        "coordinates": [
          106.581003,
          10.892279
        ]
      },
      "properties": {
        "feature_type": "bus_stop",
        "stop_id": 2263,
        "stop_code": "HHM 044",
        "stop_name": "Ngã 3 Lam Sơn",
        "stop_type": "Trụ dừng",
        "route_no": "74",
        "display_code": "B 74",
        "direction": "Lượt về",
        "address": "65/15A Quốc lộ 22",
        "street": "Quốc lộ 22",
        "zone": "Huyện Hóc Môn",
        "ward": "Xã Tân Thới Nhì",
        "all_routes": "13, 24, 74, 94",
        "marker_color": "#546E7A"
      }
    },
    {
      "type": "Feature",
      "geometry": {
        "type": "Point",
        "coordinates": [
          106.583911,
          10.888139
        ]
      },
      "properties": {
        "feature_type": "bus_stop",
        "stop_id": 2328,
        "stop_code": "HHM 045",
        "stop_name": "Dân Thắng",
        "stop_type": "Trụ dừng",
        "route_no": "74",
        "display_code": "B 74",
        "direction": "Lượt về",
        "address": "65/5 Quốc lộ 22",
        "street": "Quốc lộ 22",
        "zone": "Huyện Hóc Môn",
        "ward": "Xã Tân Thới Nhì",
        "all_routes": "13, 24, 74, 94",
        "marker_color": "#546E7A"
      }
    },
    {
      "type": "Feature",
      "geometry": {
        "type": "Point",
        "coordinates": [
          106.587263,
          10.883308
        ]
      },
      "properties": {
        "feature_type": "bus_stop",
        "stop_id": 1395,
        "stop_code": "HHM 046",
        "stop_name": "Ngã tư Hóc Môn",
        "stop_type": "Nhà chờ",
        "route_no": "74",
        "display_code": "B 74",
        "direction": "Lượt về",
        "address": "49/6 Quốc lộ 22",
        "street": "Quốc lộ 22",
        "zone": "Huyện Hóc Môn",
        "ward": "Xã Xuân Thới Sơn",
        "all_routes": "13, 74, 94",
        "marker_color": "#546E7A"
      }
    },
    {
      "type": "Feature",
      "geometry": {
        "type": "Point",
        "coordinates": [
          106.58927,
          10.880337
        ]
      },
      "properties": {
        "feature_type": "bus_stop",
        "stop_id": 4759,
        "stop_code": "HHM 047",
        "stop_name": "Công ty Khánh Đông",
        "stop_type": "Nhà chờ",
        "route_no": "74",
        "display_code": "B 74",
        "direction": "Lượt về",
        "address": "5A Quốc lộ 22",
        "street": "Quốc lộ 22",
        "zone": "Huyện Hóc Môn",
        "ward": "Xã Xuân Thới Sơn",
        "all_routes": "13, 74, 94",
        "marker_color": "#546E7A"
      }
    },
    {
      "type": "Feature",
      "geometry": {
        "type": "Point",
        "coordinates": [
          106.591684,
          10.877023
        ]
      },
      "properties": {
        "feature_type": "bus_stop",
        "stop_id": 1230,
        "stop_code": "HHM 048",
        "stop_name": "Ngã tư giếng nước",
        "stop_type": "Nhà chờ",
        "route_no": "74",
        "display_code": "B 74",
        "direction": "Lượt về",
        "address": "Cây xăng Thành Công Quốc lộ 22",
        "street": "Quốc lộ 22",
        "zone": "Huyện Hóc Môn",
        "ward": "Thị trấn Hóc Môn",
        "all_routes": "13, 74, 94",
        "marker_color": "#546E7A"
      }
    },
    {
      "type": "Feature",
      "geometry": {
        "type": "Point",
        "coordinates": [
          106.593078,
          10.874969
        ]
      },
      "properties": {
        "feature_type": "bus_stop",
        "stop_id": 1232,
        "stop_code": "HHM 049",
        "stop_name": "Cây xăng Hoàng Anh 1",
        "stop_type": "Ô sơn",
        "route_no": "74",
        "display_code": "B 74",
        "direction": "Lượt về",
        "address": "42/7B Quốc lộ 22",
        "street": "Quốc lộ 22",
        "zone": "Huyện Hóc Môn",
        "ward": null,
        "all_routes": "13, 74, 94",
        "marker_color": "#546E7A"
      }
    },
    {
      "type": "Feature",
      "geometry": {
        "type": "Point",
        "coordinates": [
          106.594666,
          10.872947
        ]
      },
      "properties": {
        "feature_type": "bus_stop",
        "stop_id": 4588,
        "stop_code": "HHM 0490",
        "stop_name": "Công ty Suất ăn công nghiệp",
        "stop_type": "Trụ dừng",
        "route_no": "74",
        "display_code": "B 74",
        "direction": "Lượt về",
        "address": "43/1 Quốc lộ 22",
        "street": "Quốc lộ 22",
        "zone": "Huyện Hóc Môn",
        "ward": "Xã Xuân Thới Đông",
        "all_routes": "13, 74, 94",
        "marker_color": "#546E7A"
      }
    },
    {
      "type": "Feature",
      "geometry": {
        "type": "Point",
        "coordinates": [
          106.596758,
          10.869954
        ]
      },
      "properties": {
        "feature_type": "bus_stop",
        "stop_id": 1231,
        "stop_code": "HHM 050",
        "stop_name": "Ngã 3 Bùi Môn",
        "stop_type": "Trụ dừng",
        "route_no": "74",
        "display_code": "B 74",
        "direction": "Lượt về",
        "address": "58/5 Quốc lộ 22",
        "street": "Quốc lộ 22",
        "zone": "Huyện Hóc Môn",
        "ward": "Xã Xuân Thới Đông",
        "all_routes": "122, 13, 62-5, 74, 85, 94",
        "marker_color": "#546E7A"
      }
    },
    {
      "type": "Feature",
      "geometry": {
        "type": "Point",
        "coordinates": [
          106.598904,
          10.866919
        ]
      },
      "properties": {
        "feature_type": "bus_stop",
        "stop_id": 1235,
        "stop_code": "HHM 051",
        "stop_name": "Trường học Tân Xuân",
        "stop_type": "Trụ dừng",
        "route_no": "74",
        "display_code": "B 74",
        "direction": "Lượt về",
        "address": "1/4 Quốc lộ 22",
        "street": "Quốc lộ 22",
        "zone": "Huyện Hóc Môn",
        "ward": "Xã Tân Xuân",
        "all_routes": "122, 13, 62-5, 74, 85, 94",
        "marker_color": "#546E7A"
      }
    },
    {
      "type": "Feature",
      "geometry": {
        "type": "Point",
        "coordinates": [
          106.601978,
          10.862546
        ]
      },
      "properties": {
        "feature_type": "bus_stop",
        "stop_id": 1233,
        "stop_code": "HHM 052",
        "stop_name": "Ngân Hàng Aribank",
        "stop_type": "Nhà chờ",
        "route_no": "74",
        "display_code": "B 74",
        "direction": "Lượt về",
        "address": "5/1 (gần đường Nguyễn Thị Sóc) Quốc lộ 22",
        "street": "Quốc lộ 22",
        "zone": "Huyện Hóc Môn",
        "ward": "Xã Trung Chánh",
        "all_routes": "122, 13, 62-5, 74, 85, 94",
        "marker_color": "#546E7A"
      }
    },
    {
      "type": "Feature",
      "geometry": {
        "type": "Point",
        "coordinates": [
          106.603324,
          10.860602
        ]
      },
      "properties": {
        "feature_type": "bus_stop",
        "stop_id": 1234,
        "stop_code": "HHM 053",
        "stop_name": "Ngã 3 Củ Cải",
        "stop_type": "Nhà chờ",
        "route_no": "74",
        "display_code": "B 74",
        "direction": "Lượt về",
        "address": "43/1 (kế 33/5A), 7/2A Quốc lộ 22",
        "street": "Quốc lộ 22",
        "zone": "Huyện Hóc Môn",
        "ward": "Xã Xuân Thới Đông",
        "all_routes": "122, 13, 62-5, 71, 74, 85, 94",
        "marker_color": "#546E7A"
      }
    },
    {
      "type": "Feature",
      "geometry": {
        "type": "Point",
        "coordinates": [
          106.606178,
          10.85662
        ]
      },
      "properties": {
        "feature_type": "bus_stop",
        "stop_id": 3635,
        "stop_code": "HHM 055",
        "stop_name": "Chùa Linh Sơn",
        "stop_type": "Trụ dừng",
        "route_no": "74",
        "display_code": "B 74",
        "direction": "Lượt về",
        "address": "G68A Quốc lộ 22",
        "street": "Quốc lộ 22",
        "zone": "Huyện Hóc Môn",
        "ward": null,
        "all_routes": "122, 13, 62-5, 71, 74, 85, 94",
        "marker_color": "#546E7A"
      }
    },
    {
      "type": "Feature",
      "geometry": {
        "type": "Point",
        "coordinates": [
          106.608152,
          10.853595
        ]
      },
      "properties": {
        "feature_type": "bus_stop",
        "stop_id": 1393,
        "stop_code": "HHM 056",
        "stop_name": "Ngã tư Trung Chánh",
        "stop_type": "Nhà chờ",
        "route_no": "74",
        "display_code": "B 74",
        "direction": "Lượt về",
        "address": "30/10B (kế 30) Quốc lộ 22",
        "street": "Quốc lộ 22",
        "zone": "Huyện Hóc Môn",
        "ward": "Xã Trung Chánh",
        "all_routes": "122, 13, 145, 62-5, 71, 74, 85, 94",
        "marker_color": "#546E7A"
      }
    },
    {
      "type": "Feature",
      "geometry": {
        "type": "Point",
        "coordinates": [
          106.610641,
          10.849713
        ]
      },
      "properties": {
        "feature_type": "bus_stop",
        "stop_id": 1238,
        "stop_code": "HHM 057",
        "stop_name": "Cư xá Bà Điểm",
        "stop_type": "Nhà chờ",
        "route_no": "74",
        "display_code": "B 74",
        "direction": "Lượt về",
        "address": "3A Quốc lộ 22",
        "street": "Quốc lộ 22",
        "zone": "Huyện Hóc Môn",
        "ward": "Xã Bà Điểm",
        "all_routes": "122, 13, 145, 62-5, 71, 74, 85, 94",
        "marker_color": "#546E7A"
      }
    },
    {
      "type": "Feature",
      "geometry": {
        "type": "Point",
        "coordinates": [
          106.613522,
          10.845187
        ]
      },
      "properties": {
        "feature_type": "bus_stop",
        "stop_id": 1239,
        "stop_code": "HHM 058",
        "stop_name": "Bến xe An Sương",
        "stop_type": "Trụ dừng",
        "route_no": "74",
        "display_code": "B 74",
        "direction": "Lượt về",
        "address": "1B Quốc lộ 22",
        "street": "Quốc lộ 22",
        "zone": "Huyện Hóc Môn",
        "ward": "Xã Bà Điểm",
        "all_routes": "04, 104, 122, 13, 145, 151, 33, 41, 61-3, 62-5, 65, 71, 74, 85, 94",
        "marker_color": "#546E7A"
      }
    }
  ]
}