{
  "type": "FeatureCollection",
  "properties": {
    "stt": 9,
    "route_no": "48",
    "display_code": "B 48",
    "route_name": "Bến xe buýt Tân Phú - Chợ Hiệp Thành",
    "start_point": "Bến xe buýt Tân Phú",
    "end_point": "Chợ Hiệp Thành",
    "listed_length_km": 21,
    "operating_hours": "4:30 - 20:00",
    "color": "#00897B",
    "num_variants": 2,
    "total_stops": 113,
    "total_points": 768
  },
  "features": [
    {
      "type": "Feature",
      "geometry": {
        "type": "LineString",
        "coordinates": [
          [
            106.63353729,
            10.80916309
          ],
          [
            106.63399506,
            10.80925846
          ],
          [
            106.63432312,
            10.8082304
          ],
          [
            106.63426208,
            10.80820942
          ],
          [
            106.63426208,
            10.80820942
          ],
          [
            106.63433838,
            10.80821991
          ],
          [
            106.63448334,
            10.80759811
          ],
          [
            106.63496399,
            10.80626488
          ],
          [
            106.63477325,
            10.80621243
          ],
          [
            106.63477325,
            10.80621243
          ],
          [
            106.63492584,
            10.80620766
          ],
          [
            106.63505554,
            10.80590725
          ],
          [
            106.63285828,
            10.8057909
          ],
          [
            106.63273621,
            10.80583286
          ],
          [
            106.63261414,
            10.80597496
          ],
          [
            106.63213348,
            10.80601788
          ],
          [
            106.63209534,
            10.80532169
          ],
          [
            106.63220978,
            10.80497456
          ],
          [
            106.63199615,
            10.80454731
          ],
          [
            106.63140869,
            10.8051796
          ],
          [
            106.63117981,
            10.80535889
          ],
          [
            106.63089752,
            10.80552197
          ],
          [
            106.6304245,
            10.80568027
          ],
          [
            106.62952423,
            10.80589104
          ],
          [
            106.62858582,
            10.80606461
          ],
          [
            106.62858582,
            10.80606461
          ],
          [
            106.62536621,
            10.80678463
          ],
          [
            106.62536621,
            10.80678463
          ],
          [
            106.62217712,
            10.80746365
          ],
          [
            106.62217712,
            10.80746365
          ],
          [
            106.619133,
            10.8082571
          ],
          [
            106.619133,
            10.8082571
          ],
          [
            106.619133,
            10.8082571
          ],
          [
            106.61633301,
            10.809021
          ],
          [
            106.61630249,
            10.80916309
          ],
          [
            106.61630249,
            10.80916309
          ],
          [
            106.61630249,
            10.80916309
          ],
          [
            106.61624908,
            10.80900478
          ],
          [
            106.61493683,
            10.80935955
          ],
          [
            106.61396027,
            10.80979538
          ],
          [
            106.61344147,
            10.81007004
          ],
          [
            106.61351013,
            10.8102169
          ],
          [
            106.61344147,
            10.81007004
          ],
          [
            106.61267853,
            10.81040955
          ],
          [
            106.61192322,
            10.81079006
          ],
          [
            106.61134338,
            10.81105995
          ],
          [
            106.6102066,
            10.81163979
          ],
          [
            106.60958862,
            10.81198978
          ],
          [
            106.60967255,
            10.81211376
          ],
          [
            106.60957336,
            10.81198215
          ],
          [
            106.60852051,
            10.81262398
          ],
          [
            106.60747528,
            10.8132658
          ],
          [
            106.60641479,
            10.81389332
          ],
          [
            106.60536194,
            10.81452179
          ],
          [
            106.6054306,
            10.81461239
          ],
          [
            106.6054306,
            10.81461239
          ],
          [
            106.6054306,
            10.81461239
          ],
          [
            106.60536194,
            10.8145113
          ],
          [
            106.60468292,
            10.8149147
          ],
          [
            106.60400391,
            10.81531811
          ],
          [
            106.60299683,
            10.81587029
          ],
          [
            106.6030426,
            10.81597137
          ],
          [
            106.6030426,
            10.81597137
          ],
          [
            106.6030426,
            10.81597137
          ],
          [
            106.6030426,
            10.81597137
          ],
          [
            106.6030426,
            10.81597137
          ],
          [
            106.6029892,
            10.81587601
          ],
          [
            106.60163879,
            10.81612396
          ],
          [
            106.60029602,
            10.81637192
          ],
          [
            106.5993576,
            10.81601334
          ],
          [
            106.59713745,
            10.81585503
          ],
          [
            106.59492493,
            10.81569672
          ],
          [
            106.59492493,
            10.81569672
          ],
          [
            106.59492493,
            10.81569672
          ],
          [
            106.59492493,
            10.81569672
          ],
          [
            106.59492493,
            10.81569672
          ],
          [
            106.59368896,
            10.81560802
          ],
          [
            106.592453,
            10.81551838
          ],
          [
            106.592453,
            10.81551838
          ],
          [
            106.592453,
            10.81551838
          ],
          [
            106.592453,
            10.81550026
          ],
          [
            106.59126282,
            10.81538963
          ],
          [
            106.59046936,
            10.81534958
          ],
          [
            106.58978271,
            10.81531239
          ],
          [
            106.58909607,
            10.81527519
          ],
          [
            106.58908844,
            10.81531811
          ],
          [
            106.58908844,
            10.81531811
          ],
          [
            106.58908844,
            10.81525993
          ],
          [
            106.58782959,
            10.81521988
          ],
          [
            106.58656311,
            10.81517982
          ],
          [
            106.58655548,
            10.81522846
          ],
          [
            106.58655548,
            10.81522846
          ],
          [
            106.58656311,
            10.81520748
          ],
          [
            106.58591461,
            10.81515408
          ],
          [
            106.58490753,
            10.81492996
          ],
          [
            106.58390045,
            10.8147068
          ],
          [
            106.58386993,
            10.81481171
          ],
          [
            106.58386993,
            10.81481171
          ],
          [
            106.58389282,
            10.81472206
          ],
          [
            106.58291626,
            10.81449604
          ],
          [
            106.5819397,
            10.81426907
          ],
          [
            106.58097076,
            10.81403446
          ],
          [
            106.58000183,
            10.81379986
          ],
          [
            106.58000183,
            10.81379986
          ],
          [
            106.57940674,
            10.81367874
          ],
          [
            106.58229828,
            10.81592846
          ],
          [
            106.58547974,
            10.81869698
          ],
          [
            106.58547974,
            10.81869698
          ],
          [
            106.58547974,
            10.81869698
          ],
          [
            106.58547974,
            10.81869698
          ],
          [
            106.58547974,
            10.81869698
          ],
          [
            106.58547974,
            10.81869698
          ],
          [
            106.58547974,
            10.81869698
          ],
          [
            106.58547974,
            10.81869698
          ],
          [
            106.58551025,
            10.81877422
          ],
          [
            106.58635712,
            10.81952763
          ],
          [
            106.58718109,
            10.82029152
          ],
          [
            106.58737946,
            10.82032299
          ],
          [
            106.58763885,
            10.82057095
          ],
          [
            106.587677,
            10.82053947
          ],
          [
            106.587677,
            10.82053947
          ],
          [
            106.587677,
            10.82053947
          ],
          [
            106.587677,
            10.82053947
          ],
          [
            106.587677,
            10.82053947
          ],
          [
            106.587677,
            10.82053947
          ],
          [
            106.58763885,
            10.82056618
          ],
          [
            106.5885849,
            10.82146168
          ],
          [
            106.58953094,
            10.82239437
          ],
          [
            106.58956909,
            10.82236195
          ],
          [
            106.58956909,
            10.82236195
          ],
          [
            106.58956909,
            10.82236195
          ],
          [
            106.58956909,
            10.82236195
          ],
          [
            106.58953857,
            10.82239437
          ],
          [
            106.59002686,
            10.82288933
          ],
          [
            106.59050751,
            10.82338428
          ],
          [
            106.59095001,
            10.82389355
          ],
          [
            106.59139252,
            10.82440186
          ],
          [
            106.59139252,
            10.82440186
          ],
          [
            106.59139252,
            10.82440186
          ],
          [
            106.59139252,
            10.82440186
          ],
          [
            106.59204102,
            10.82523727
          ],
          [
            106.59268951,
            10.82607269
          ],
          [
            106.59268951,
            10.82607269
          ],
          [
            106.59307098,
            10.82661438
          ],
          [
            106.5933609,
            10.82715225
          ],
          [
            106.59406281,
            10.82819557
          ],
          [
            106.59477997,
            10.82922268
          ],
          [
            106.5954895,
            10.83023453
          ],
          [
            106.59558105,
            10.83019733
          ],
          [
            106.59558105,
            10.83019733
          ],
          [
            106.59547424,
            10.83023453
          ],
          [
            106.59592438,
            10.83100891
          ],
          [
            106.59632874,
            10.83185196
          ],
          [
            106.59670258,
            10.83267879
          ],
          [
            106.59710693,
            10.83351135
          ],
          [
            106.59716797,
            10.83347988
          ],
          [
            106.59716797,
            10.83347988
          ],
          [
            106.5970993,
            10.83350658
          ],
          [
            106.59750366,
            10.83427048
          ],
          [
            106.59790802,
            10.83503437
          ],
          [
            106.5983429,
            10.83578777
          ],
          [
            106.59877777,
            10.83653069
          ],
          [
            106.59885406,
            10.83647823
          ],
          [
            106.59885406,
            10.83647823
          ],
          [
            106.59877014,
            10.83651447
          ],
          [
            106.59937286,
            10.83747864
          ],
          [
            106.59983063,
            10.83851147
          ],
          [
            106.59993744,
            10.83846855
          ],
          [
            106.59993744,
            10.83846855
          ],
          [
            106.59983826,
            10.83851719
          ],
          [
            106.60023499,
            10.83943844
          ],
          [
            106.59964752,
            10.83992863
          ],
          [
            106.5996933,
            10.8399868
          ],
          [
            106.5996933,
            10.8399868
          ],
          [
            106.5996933,
            10.8399868
          ],
          [
            106.59964752,
            10.83991814
          ],
          [
            106.59883118,
            10.84061909
          ],
          [
            106.59931946,
            10.84111404
          ],
          [
            106.59963226,
            10.84149933
          ],
          [
            106.599823,
            10.8419199
          ],
          [
            106.59985352,
            10.84191036
          ],
          [
            106.59985352,
            10.84191036
          ],
          [
            106.59985352,
            10.84191036
          ],
          [
            106.59981537,
            10.84193134
          ],
          [
            106.59991455,
            10.84219933
          ],
          [
            106.59992218,
            10.84249496
          ],
          [
            106.59992981,
            10.84307957
          ],
          [
            106.59985352,
            10.84424877
          ],
          [
            106.60002899,
            10.84537697
          ],
          [
            106.60016632,
            10.84592438
          ],
          [
            106.60035706,
            10.84644604
          ],
          [
            106.60041046,
            10.84642982
          ],
          [
            106.60041046,
            10.84642982
          ],
          [
            106.60035706,
            10.84644604
          ],
          [
            106.60045624,
            10.84687805
          ],
          [
            106.60128784,
            10.84819508
          ],
          [
            106.60211945,
            10.84939671
          ],
          [
            106.60217285,
            10.84936047
          ],
          [
            106.60217285,
            10.84936047
          ],
          [
            106.60211945,
            10.84939098
          ],
          [
            106.60337067,
            10.85098267
          ],
          [
            106.60426331,
            10.85193634
          ],
          [
            106.60429382,
            10.85190964
          ],
          [
            106.60429382,
            10.85190964
          ],
          [
            106.60429382,
            10.85190964
          ],
          [
            106.60424042,
            10.85194111
          ],
          [
            106.60533142,
            10.85313511
          ],
          [
            106.60641479,
            10.85432816
          ],
          [
            106.60645294,
            10.85431671
          ],
          [
            106.60645294,
            10.85431671
          ],
          [
            106.60645294,
            10.85431671
          ],
          [
            106.60642242,
            10.85434914
          ],
          [
            106.60729218,
            10.85532856
          ],
          [
            106.60762024,
            10.85583496
          ],
          [
            106.60768127,
            10.85582447
          ],
          [
            106.60768127,
            10.85582447
          ],
          [
            106.60761261,
            10.85585594
          ],
          [
            106.60843658,
            10.85710907
          ],
          [
            106.60926056,
            10.8583107
          ],
          [
            106.60930634,
            10.858284
          ],
          [
            106.60930634,
            10.858284
          ],
          [
            106.60925293,
            10.85830021
          ],
          [
            106.61022949,
            10.85980701
          ],
          [
            106.61118317,
            10.86127663
          ],
          [
            106.61122894,
            10.86126137
          ],
          [
            106.61122894,
            10.86126137
          ],
          [
            106.61118317,
            10.86129284
          ],
          [
            106.61227417,
            10.86278915
          ],
          [
            106.61330414,
            10.86429596
          ],
          [
            106.61338043,
            10.86425304
          ],
          [
            106.61338043,
            10.86425304
          ],
          [
            106.61331177,
            10.86429024
          ],
          [
            106.61418915,
            10.86546993
          ],
          [
            106.61503601,
            10.86665535
          ],
          [
            106.61508942,
            10.86663532
          ],
          [
            106.61508942,
            10.86663532
          ],
          [
            106.61502075,
            10.86667156
          ],
          [
            106.61527252,
            10.86700916
          ],
          [
            106.61562347,
            10.86699295
          ],
          [
            106.6157608,
            10.86663246
          ],
          [
            106.6158905,
            10.86627102
          ],
          [
            106.61585999,
            10.86625481
          ],
          [
            106.61585999,
            10.86625481
          ],
          [
            106.61585999,
            10.86625481
          ],
          [
            106.61589813,
            10.86627674
          ],
          [
            106.61613464,
            10.86554718
          ],
          [
            106.61637878,
            10.86481667
          ],
          [
            106.61659241,
            10.86410046
          ],
          [
            106.61680603,
            10.86338425
          ],
          [
            106.61671448,
            10.86335754
          ],
          [
            106.61671448,
            10.86335754
          ],
          [
            106.61671448,
            10.86335754
          ],
          [
            106.61671448,
            10.86335754
          ],
          [
            106.61681366,
            10.86337852
          ],
          [
            106.61727905,
            10.86175632
          ],
          [
            106.61761475,
            10.85997581
          ],
          [
            106.61756134,
            10.85997581
          ],
          [
            106.61756134,
            10.85997581
          ],
          [
            106.61756134,
            10.85997581
          ],
          [
            106.61756134,
            10.85997581
          ],
          [
            106.61756134,
            10.85997581
          ],
          [
            106.61756134,
            10.85997581
          ],
          [
            106.61761475,
            10.85997581
          ],
          [
            106.61771393,
            10.85935402
          ],
          [
            106.61782837,
            10.85886383
          ],
          [
            106.61850739,
            10.85833168
          ],
          [
            106.61846161,
            10.85829544
          ],
          [
            106.61846161,
            10.85829544
          ],
          [
            106.61846161,
            10.85829544
          ],
          [
            106.61846161,
            10.85829544
          ],
          [
            106.61846161,
            10.85829544
          ],
          [
            106.61846161,
            10.85829544
          ],
          [
            106.61846161,
            10.85829544
          ],
          [
            106.61846161,
            10.85829544
          ],
          [
            106.61846161,
            10.85829544
          ],
          [
            106.61849976,
            10.8583374
          ],
          [
            106.61911774,
            10.85785007
          ],
          [
            106.61973572,
            10.85736275
          ],
          [
            106.6204071,
            10.85687733
          ],
          [
            106.62103271,
            10.85657215
          ],
          [
            106.62101746,
            10.85653019
          ],
          [
            106.62101746,
            10.85653019
          ],
          [
            106.62101746,
            10.85653019
          ],
          [
            106.62101746,
            10.85653019
          ],
          [
            106.62101746,
            10.85653019
          ],
          [
            106.62101746,
            10.85653019
          ],
          [
            106.62104034,
            10.85655594
          ],
          [
            106.62164307,
            10.85626411
          ],
          [
            106.62224579,
            10.85597134
          ],
          [
            106.62284851,
            10.85566044
          ],
          [
            106.62345886,
            10.85534954
          ],
          [
            106.62381744,
            10.8558321
          ],
          [
            106.62417603,
            10.85631371
          ],
          [
            106.62417603,
            10.85631371
          ],
          [
            106.62417603,
            10.85631371
          ],
          [
            106.62493134,
            10.85733128
          ],
          [
            106.62514496,
            10.85739899
          ],
          [
            106.6263504,
            10.85750961
          ],
          [
            106.62755585,
            10.85762024
          ],
          [
            106.62756348,
            10.85756302
          ],
          [
            106.62756348,
            10.85756302
          ],
          [
            106.62756348,
            10.85756302
          ],
          [
            106.62756348,
            10.85756302
          ],
          [
            106.62755585,
            10.85762024
          ],
          [
            106.62846375,
            10.8576889
          ],
          [
            106.62937164,
            10.85775757
          ],
          [
            106.62940216,
            10.85817909
          ],
          [
            106.62945557,
            10.85837936
          ],
          [
            106.62999725,
            10.85899544
          ],
          [
            106.63056183,
            10.85960102
          ],
          [
            106.63056183,
            10.85960102
          ],
          [
            106.63056183,
            10.85960102
          ],
          [
            106.63056183,
            10.85960102
          ],
          [
            106.63121796,
            10.86034393
          ],
          [
            106.63187408,
            10.86108685
          ],
          [
            106.63272095,
            10.86240196
          ],
          [
            106.63356781,
            10.86371613
          ],
          [
            106.63356781,
            10.86371613
          ],
          [
            106.63356781,
            10.86371613
          ],
          [
            106.63356781,
            10.86371613
          ],
          [
            106.63409424,
            10.86462784
          ],
          [
            106.63462067,
            10.8655386
          ],
          [
            106.63499451,
            10.86641884
          ],
          [
            106.63542175,
            10.86727238
          ],
          [
            106.63542175,
            10.86727238
          ],
          [
            106.63542175,
            10.86727238
          ],
          [
            106.63542175,
            10.86727238
          ],
          [
            106.63600922,
            10.86856842
          ],
          [
            106.63659668,
            10.86986446
          ],
          [
            106.63696289,
            10.87054348
          ],
          [
            106.63736725,
            10.87119198
          ],
          [
            106.63736725,
            10.87119198
          ],
          [
            106.63736725,
            10.87119198
          ],
          [
            106.63736725,
            10.87119198
          ],
          [
            106.63778687,
            10.8718605
          ],
          [
            106.63796234,
            10.87180805
          ],
          [
            106.63822174,
            10.87180805
          ],
          [
            106.63887024,
            10.87143898
          ],
          [
            106.63951874,
            10.87106514
          ],
          [
            106.63950348,
            10.87101841
          ],
          [
            106.63950348,
            10.87101841
          ],
          [
            106.63950348,
            10.87101841
          ],
          [
            106.63950348,
            10.87101841
          ],
          [
            106.639534,
            10.87105465
          ],
          [
            106.64031219,
            10.8706255
          ],
          [
            106.64109039,
            10.87019634
          ],
          [
            106.64186859,
            10.86976624
          ],
          [
            106.64265442,
            10.86933708
          ],
          [
            106.64284515,
            10.869627
          ],
          [
            106.64284515,
            10.869627
          ],
          [
            106.64284515,
            10.869627
          ],
          [
            106.64284515,
            10.869627
          ],
          [
            106.64318848,
            10.87021065
          ],
          [
            106.64352417,
            10.8707943
          ],
          [
            106.64385986,
            10.87137699
          ],
          [
            106.64420319,
            10.87196064
          ],
          [
            106.64420319,
            10.87196064
          ],
          [
            106.64420319,
            10.87196064
          ],
          [
            106.64420319,
            10.87196064
          ],
          [
            106.64487457,
            10.87311172
          ],
          [
            106.64554596,
            10.87426281
          ],
          [
            106.64584351,
            10.87485886
          ],
          [
            106.64614105,
            10.87545395
          ],
          [
            106.64614105,
            10.87545395
          ],
          [
            106.64614105,
            10.87545395
          ],
          [
            106.64614105,
            10.87545395
          ],
          [
            106.64614105,
            10.87545395
          ],
          [
            106.64644623,
            10.87605953
          ],
          [
            106.64665985,
            10.87623882
          ],
          [
            106.64672852,
            10.87650204
          ],
          [
            106.64544678,
            10.87665749
          ],
          [
            106.64417267,
            10.8768177
          ],
          [
            106.6441803,
            10.87687588
          ],
          [
            106.6441803,
            10.87687588
          ],
          [
            106.6441803,
            10.87687588
          ],
          [
            106.6441803,
            10.87687588
          ],
          [
            106.6441803,
            10.87687588
          ],
          [
            106.6441803,
            10.87687588
          ],
          [
            106.6441803,
            10.87687588
          ],
          [
            106.64417267,
            10.87681293
          ],
          [
            106.64300537,
            10.87695217
          ],
          [
            106.64183807,
            10.87709236
          ],
          [
            106.64207458,
            10.8774395
          ],
          [
            106.64173889,
            10.87775612
          ],
          [
            106.64173889,
            10.87775612
          ]
        ]
      },
      "properties": {
        "feature_type": "route_path",
        "stt": 9,
        "route_id": 69,
        "route_no": "48",
        "display_code": "B 48",
        "route_name": "Bến xe buýt Tân Phú - Chợ Hiệp Thành",
        "direction": "Lượt đi",
        "outbound": true,
        "start_point": "Bến xe buýt Tân Phú",
        "end_point": "Chợ Hiệp Thành",
        "start_stop": "Bến xe buýt Tân Phú",
        "end_stop": "Bến xe buýt Hiệp Thành",
        "distance_km": 21.5,
        "listed_length_km": 21,
        "running_time_min": 55,
        "operating_hours": "4:30 - 20:00",
        "stroke": "#00897B",
        "stroke_width": 4,
        "stroke_opacity": 0.85
      }
    },
    {
      "type": "Feature",
      "geometry": {
        "type": "LineString",
        "coordinates": [
          [
            106.64173889,
            10.87775612
          ],
          [
            106.64207458,
            10.87747669
          ],
          [
            106.64181519,
            10.87708664
          ],
          [
            106.64395905,
            10.8768177
          ],
          [
            106.64396667,
            10.87673855
          ],
          [
            106.64396667,
            10.87673855
          ],
          [
            106.64396667,
            10.87673855
          ],
          [
            106.64398956,
            10.87679195
          ],
          [
            106.64664459,
            10.87646484
          ],
          [
            106.64660645,
            10.87631702
          ],
          [
            106.64640045,
            10.87610149
          ],
          [
            106.64615631,
            10.87570572
          ],
          [
            106.64615631,
            10.87570572
          ],
          [
            106.64548492,
            10.87431526
          ],
          [
            106.64440918,
            10.87253475
          ],
          [
            106.64440918,
            10.87253475
          ],
          [
            106.64294434,
            10.87003326
          ],
          [
            106.64294434,
            10.87003326
          ],
          [
            106.64261627,
            10.86942196
          ],
          [
            106.64006042,
            10.87088108
          ],
          [
            106.64006042,
            10.87088108
          ],
          [
            106.64002991,
            10.87084961
          ],
          [
            106.63822174,
            10.87188721
          ],
          [
            106.63795471,
            10.87188721
          ],
          [
            106.63775635,
            10.87195015
          ],
          [
            106.63741302,
            10.87146568
          ],
          [
            106.63741302,
            10.87146568
          ],
          [
            106.63650513,
            10.86982155
          ],
          [
            106.63619995,
            10.86910534
          ],
          [
            106.63579559,
            10.86828899
          ],
          [
            106.63506317,
            10.86676121
          ],
          [
            106.63506317,
            10.86676121
          ],
          [
            106.63457489,
            10.86560726
          ],
          [
            106.63423157,
            10.86505413
          ],
          [
            106.63393402,
            10.86445332
          ],
          [
            106.63312531,
            10.86326313
          ],
          [
            106.63312531,
            10.86326313
          ],
          [
            106.63248444,
            10.8622303
          ],
          [
            106.632164,
            10.86163998
          ],
          [
            106.63178253,
            10.86107159
          ],
          [
            106.63096619,
            10.86021328
          ],
          [
            106.63096619,
            10.86021328
          ],
          [
            106.63096619,
            10.86021328
          ],
          [
            106.63026428,
            10.85940456
          ],
          [
            106.62957001,
            10.85859489
          ],
          [
            106.62928772,
            10.85782623
          ],
          [
            106.62865448,
            10.85777855
          ],
          [
            106.62802124,
            10.85773087
          ],
          [
            106.62802124,
            10.85773087
          ],
          [
            106.62802124,
            10.85773087
          ],
          [
            106.62802124,
            10.85773087
          ],
          [
            106.62658691,
            10.85759449
          ],
          [
            106.62514496,
            10.85745716
          ],
          [
            106.62485504,
            10.85731983
          ],
          [
            106.62444305,
            10.85673046
          ],
          [
            106.62438202,
            10.85676193
          ],
          [
            106.62438202,
            10.85676193
          ],
          [
            106.62438202,
            10.85676193
          ],
          [
            106.62444305,
            10.85671425
          ],
          [
            106.62398529,
            10.85613251
          ],
          [
            106.6235199,
            10.85554981
          ],
          [
            106.62315369,
            10.85565281
          ],
          [
            106.62278748,
            10.85575581
          ],
          [
            106.62281799,
            10.85580254
          ],
          [
            106.62281799,
            10.85580254
          ],
          [
            106.62277985,
            10.85575008
          ],
          [
            106.62178802,
            10.85623264
          ],
          [
            106.62080383,
            10.85671425
          ],
          [
            106.62082672,
            10.85675144
          ],
          [
            106.62082672,
            10.85675144
          ],
          [
            106.62082672,
            10.85675144
          ],
          [
            106.62033844,
            10.85699844
          ],
          [
            106.61986542,
            10.85731506
          ],
          [
            106.61907196,
            10.85798359
          ],
          [
            106.61907196,
            10.85798359
          ],
          [
            106.61907196,
            10.85798359
          ],
          [
            106.61846924,
            10.85844994
          ],
          [
            106.61787415,
            10.85891628
          ],
          [
            106.61772919,
            10.85970688
          ],
          [
            106.61758423,
            10.86049747
          ],
          [
            106.61758423,
            10.86049747
          ],
          [
            106.61746216,
            10.86110306
          ],
          [
            106.61734009,
            10.86170578
          ],
          [
            106.61717224,
            10.86229897
          ],
          [
            106.61701202,
            10.86289406
          ],
          [
            106.61708832,
            10.86291504
          ],
          [
            106.61708832,
            10.86291504
          ],
          [
            106.61708832,
            10.86291504
          ],
          [
            106.61701965,
            10.86289978
          ],
          [
            106.61660767,
            10.86425877
          ],
          [
            106.61619568,
            10.86561775
          ],
          [
            106.61624146,
            10.86563396
          ],
          [
            106.61624146,
            10.86563396
          ],
          [
            106.61624146,
            10.86563396
          ],
          [
            106.61624146,
            10.86563396
          ],
          [
            106.61618805,
            10.86562347
          ],
          [
            106.61585236,
            10.86653423
          ],
          [
            106.61553955,
            10.86745167
          ],
          [
            106.6151886,
            10.86694241
          ],
          [
            106.61484528,
            10.8664341
          ],
          [
            106.61480713,
            10.86646557
          ],
          [
            106.61480713,
            10.86646557
          ],
          [
            106.61480713,
            10.86646557
          ],
          [
            106.61486053,
            10.86644459
          ],
          [
            106.61318207,
            10.86408997
          ],
          [
            106.61312866,
            10.86413193
          ],
          [
            106.61312866,
            10.86413193
          ],
          [
            106.6131897,
            10.86409569
          ],
          [
            106.61090851,
            10.86088657
          ],
          [
            106.61084747,
            10.86090755
          ],
          [
            106.61084747,
            10.86090755
          ],
          [
            106.6089325,
            10.85794735
          ],
          [
            106.6089325,
            10.85794735
          ],
          [
            106.60799408,
            10.85655594
          ],
          [
            106.60799408,
            10.85655594
          ],
          [
            106.60799408,
            10.85655594
          ],
          [
            106.60761261,
            10.85591888
          ],
          [
            106.60736084,
            10.85543442
          ],
          [
            106.60667419,
            10.85466003
          ],
          [
            106.60660553,
            10.85462284
          ],
          [
            106.60660553,
            10.85462284
          ],
          [
            106.60660553,
            10.85462284
          ],
          [
            106.60662842,
            10.85460663
          ],
          [
            106.60390472,
            10.85154629
          ],
          [
            106.60387421,
            10.85158825
          ],
          [
            106.60395813,
            10.85170937
          ],
          [
            106.60340118,
            10.85103989
          ],
          [
            106.60178375,
            10.84903336
          ],
          [
            106.60176086,
            10.84899139
          ],
          [
            106.60178375,
            10.84903336
          ],
          [
            106.60079193,
            10.84745789
          ],
          [
            106.60042572,
            10.84681511
          ],
          [
            106.60031891,
            10.846241
          ],
          [
            106.60025787,
            10.84626198
          ],
          [
            106.60025787,
            10.84626198
          ],
          [
            106.60025787,
            10.84626198
          ],
          [
            106.60030365,
            10.846241
          ],
          [
            106.60010529,
            10.84551334
          ],
          [
            106.59992218,
            10.8448
          ],
          [
            106.59983826,
            10.84436989
          ],
          [
            106.59983063,
            10.84418011
          ],
          [
            106.59985352,
            10.84385967
          ],
          [
            106.59989929,
            10.84331989
          ],
          [
            106.59990692,
            10.84292984
          ],
          [
            106.59986115,
            10.84230042
          ],
          [
            106.59976959,
            10.84187984
          ],
          [
            106.59958649,
            10.84150028
          ],
          [
            106.59954834,
            10.84136009
          ],
          [
            106.59925842,
            10.84105015
          ],
          [
            106.59920502,
            10.84103012
          ],
          [
            106.59920502,
            10.84103012
          ],
          [
            106.59920502,
            10.84103012
          ],
          [
            106.59920502,
            10.84103012
          ],
          [
            106.59883118,
            10.84061909
          ],
          [
            106.60002899,
            10.83958149
          ],
          [
            106.59996033,
            10.83950233
          ],
          [
            106.59996033,
            10.83950233
          ],
          [
            106.59996033,
            10.83950233
          ],
          [
            106.59996033,
            10.83950233
          ],
          [
            106.59996033,
            10.83950233
          ],
          [
            106.6000061,
            10.83957577
          ],
          [
            106.60020447,
            10.83939648
          ],
          [
            106.5998764,
            10.83862782
          ],
          [
            106.59951782,
            10.83786297
          ],
          [
            106.59951782,
            10.83786297
          ],
          [
            106.59951782,
            10.83786297
          ],
          [
            106.59951782,
            10.83786297
          ],
          [
            106.5991745,
            10.83717346
          ],
          [
            106.59857941,
            10.83623505
          ],
          [
            106.59857941,
            10.83623505
          ],
          [
            106.59857941,
            10.83623505
          ],
          [
            106.59857941,
            10.83623505
          ],
          [
            106.59799194,
            10.83518314
          ],
          [
            106.59739685,
            10.83413124
          ],
          [
            106.59739685,
            10.83413124
          ],
          [
            106.59739685,
            10.83413124
          ],
          [
            106.59739685,
            10.83413124
          ],
          [
            106.59686279,
            10.83300018
          ],
          [
            106.59661865,
            10.8324995
          ],
          [
            106.59625244,
            10.83181
          ],
          [
            106.59625244,
            10.83181
          ],
          [
            106.59625244,
            10.83181
          ],
          [
            106.59594727,
            10.83109856
          ],
          [
            106.59555054,
            10.83038139
          ],
          [
            106.59509277,
            10.82966518
          ],
          [
            106.59468842,
            10.82911205
          ],
          [
            106.59436798,
            10.82870674
          ],
          [
            106.59422302,
            10.8286171
          ],
          [
            106.59407806,
            10.82840633
          ],
          [
            106.59357452,
            10.82770538
          ],
          [
            106.59307861,
            10.82697296
          ],
          [
            106.59235382,
            10.82604313
          ],
          [
            106.59235382,
            10.82604313
          ],
          [
            106.59235382,
            10.82604313
          ],
          [
            106.5918045,
            10.82532883
          ],
          [
            106.59123993,
            10.82460213
          ],
          [
            106.59120178,
            10.82462502
          ],
          [
            106.59120178,
            10.82462502
          ],
          [
            106.59122467,
            10.82459641
          ],
          [
            106.59082794,
            10.82409096
          ],
          [
            106.59038544,
            10.82359505
          ],
          [
            106.58992004,
            10.82312679
          ],
          [
            106.58945465,
            10.82265759
          ],
          [
            106.58942413,
            10.82267857
          ],
          [
            106.58942413,
            10.82267857
          ],
          [
            106.58944702,
            10.82266235
          ],
          [
            106.58901215,
            10.82220936
          ],
          [
            106.58855438,
            10.82176208
          ],
          [
            106.58809662,
            10.82132721
          ],
          [
            106.58764648,
            10.82089233
          ],
          [
            106.58761597,
            10.82091904
          ],
          [
            106.58761597,
            10.82091904
          ],
          [
            106.58763123,
            10.82090282
          ],
          [
            106.58731842,
            10.82061005
          ],
          [
            106.5872879,
            10.82050037
          ],
          [
            106.5872879,
            10.82040024
          ],
          [
            106.58706665,
            10.82017994
          ],
          [
            106.58631134,
            10.81946945
          ],
          [
            106.58553314,
            10.81877708
          ],
          [
            106.58553314,
            10.81877708
          ],
          [
            106.58482361,
            10.81815434
          ],
          [
            106.5841217,
            10.81753159
          ],
          [
            106.58341217,
            10.81690884
          ],
          [
            106.58270264,
            10.81628609
          ],
          [
            106.58270264,
            10.81628609
          ],
          [
            106.58196259,
            10.81568336
          ],
          [
            106.58123016,
            10.81508064
          ],
          [
            106.58046722,
            10.81450653
          ],
          [
            106.57968903,
            10.81393147
          ],
          [
            106.57975006,
            10.81372643
          ],
          [
            106.58049011,
            10.8138895
          ],
          [
            106.58049011,
            10.81383228
          ],
          [
            106.58049011,
            10.81383228
          ],
          [
            106.58049011,
            10.81390572
          ],
          [
            106.58136749,
            10.8140955
          ],
          [
            106.58224487,
            10.81428528
          ],
          [
            106.58314514,
            10.81449032
          ],
          [
            106.58405304,
            10.81469631
          ],
          [
            106.58409119,
            10.81454754
          ],
          [
            106.58409119,
            10.81454754
          ],
          [
            106.58404541,
            10.81469631
          ],
          [
            106.58509827,
            10.81494331
          ],
          [
            106.58604431,
            10.81515408
          ],
          [
            106.58627319,
            10.81516457
          ],
          [
            106.58628845,
            10.81497002
          ],
          [
            106.58628845,
            10.81497002
          ],
          [
            106.58628845,
            10.81513882
          ],
          [
            106.58708954,
            10.81517792
          ],
          [
            106.58789825,
            10.81521797
          ],
          [
            106.58874512,
            10.81524086
          ],
          [
            106.58959961,
            10.8152647
          ],
          [
            106.58960724,
            10.8151598
          ],
          [
            106.58960724,
            10.8151598
          ],
          [
            106.58959198,
            10.81528568
          ],
          [
            106.5903244,
            10.81531239
          ],
          [
            106.59106445,
            10.81533909
          ],
          [
            106.59181213,
            10.81540489
          ],
          [
            106.59255981,
            10.8154707
          ],
          [
            106.59255981,
            10.8154068
          ],
          [
            106.59255981,
            10.8154068
          ],
          [
            106.59257507,
            10.81548119
          ],
          [
            106.59373474,
            10.81557083
          ],
          [
            106.59489441,
            10.81566525
          ],
          [
            106.59490967,
            10.81554985
          ],
          [
            106.59490967,
            10.81554985
          ],
          [
            106.59489441,
            10.81567574
          ],
          [
            106.59684753,
            10.81580734
          ],
          [
            106.59879303,
            10.81595516
          ],
          [
            106.59947968,
            10.81604004
          ],
          [
            106.60024261,
            10.8163662
          ],
          [
            106.60074615,
            10.81626129
          ],
          [
            106.60172272,
            10.81602383
          ],
          [
            106.60276031,
            10.81579208
          ],
          [
            106.6027832,
            10.8157177
          ],
          [
            106.6027832,
            10.8157177
          ],
          [
            106.6027832,
            10.8157177
          ],
          [
            106.60280609,
            10.81580257
          ],
          [
            106.60312653,
            10.81567574
          ],
          [
            106.60342407,
            10.81552887
          ],
          [
            106.60398865,
            10.81519699
          ],
          [
            106.60450745,
            10.814888
          ],
          [
            106.60503387,
            10.81457996
          ],
          [
            106.60494995,
            10.81441116
          ],
          [
            106.60494995,
            10.81441116
          ],
          [
            106.60494995,
            10.81441116
          ],
          [
            106.60504913,
            10.81457996
          ],
          [
            106.60614777,
            10.81392384
          ],
          [
            106.60725403,
            10.81326771
          ],
          [
            106.60832214,
            10.81262207
          ],
          [
            106.60938263,
            10.81197739
          ],
          [
            106.60923767,
            10.81173515
          ],
          [
            106.60923767,
            10.81173515
          ],
          [
            106.60923767,
            10.81173515
          ],
          [
            106.60923767,
            10.81173515
          ],
          [
            106.60939026,
            10.81195068
          ],
          [
            106.61038971,
            10.81142044
          ],
          [
            106.61087036,
            10.8111496
          ],
          [
            106.61148071,
            10.81085968
          ],
          [
            106.61260223,
            10.8103199
          ],
          [
            106.61282349,
            10.81021976
          ],
          [
            106.61322021,
            10.81002712
          ],
          [
            106.61310577,
            10.80983734
          ],
          [
            106.61310577,
            10.80983734
          ],
          [
            106.61310577,
            10.80983734
          ],
          [
            106.61310577,
            10.80983734
          ],
          [
            106.61310577,
            10.80983734
          ],
          [
            106.61322784,
            10.81003761
          ],
          [
            106.61404419,
            10.809659
          ],
          [
            106.61486816,
            10.8092804
          ],
          [
            106.61598206,
            10.80895996
          ],
          [
            106.61591339,
            10.80872059
          ],
          [
            106.61591339,
            10.80872059
          ],
          [
            106.61591339,
            10.80872059
          ],
          [
            106.61595917,
            10.80894184
          ],
          [
            106.61824036,
            10.80832005
          ],
          [
            106.61923981,
            10.80803967
          ],
          [
            106.61988068,
            10.8078804
          ],
          [
            106.61981964,
            10.8076458
          ],
          [
            106.61981964,
            10.8076458
          ],
          [
            106.61981964,
            10.8076458
          ],
          [
            106.61981964,
            10.8076458
          ],
          [
            106.61988831,
            10.80787277
          ],
          [
            106.6211319,
            10.80759144
          ],
          [
            106.62236786,
            10.8073101
          ],
          [
            106.62236786,
            10.8073101
          ],
          [
            106.62236786,
            10.8073101
          ],
          [
            106.62236786,
            10.8073101
          ],
          [
            106.62236786,
            10.8073101
          ],
          [
            106.62236786,
            10.8073101
          ],
          [
            106.62362671,
            10.80703926
          ],
          [
            106.62488556,
            10.80676746
          ],
          [
            106.62488556,
            10.80676746
          ],
          [
            106.62488556,
            10.80676746
          ],
          [
            106.62488556,
            10.80676746
          ],
          [
            106.62488556,
            10.80676746
          ],
          [
            106.62488556,
            10.80676746
          ],
          [
            106.62488556,
            10.80676746
          ],
          [
            106.6261673,
            10.80648232
          ],
          [
            106.62745667,
            10.80619717
          ],
          [
            106.62738037,
            10.80649662
          ],
          [
            106.62734222,
            10.80679226
          ],
          [
            106.62727356,
            10.80741882
          ],
          [
            106.62734222,
            10.80741405
          ],
          [
            106.62734222,
            10.80741405
          ],
          [
            106.62734222,
            10.80741405
          ],
          [
            106.62734222,
            10.80741405
          ],
          [
            106.62727356,
            10.80741405
          ],
          [
            106.6272049,
            10.80816746
          ],
          [
            106.62711334,
            10.80892086
          ],
          [
            106.62705994,
            10.80967999
          ],
          [
            106.62702179,
            10.81043816
          ],
          [
            106.6270752,
            10.81043816
          ],
          [
            106.6270752,
            10.81043816
          ],
          [
            106.6270752,
            10.81043816
          ],
          [
            106.6270752,
            10.81043816
          ],
          [
            106.62700653,
            10.81044865
          ],
          [
            106.62695313,
            10.81136608
          ],
          [
            106.62746429,
            10.81160259
          ],
          [
            106.62799835,
            10.8117981
          ],
          [
            106.62813568,
            10.81185055
          ],
          [
            106.62815857,
            10.81177711
          ],
          [
            106.62815857,
            10.81177711
          ],
          [
            106.62815857,
            10.81177711
          ],
          [
            106.62815857,
            10.81177711
          ],
          [
            106.62815857,
            10.81177711
          ],
          [
            106.62815094,
            10.81185055
          ],
          [
            106.62862396,
            10.81200314
          ],
          [
            106.62957001,
            10.81215668
          ],
          [
            106.63050842,
            10.81228256
          ],
          [
            106.63239288,
            10.81254101
          ],
          [
            106.63243866,
            10.81248283
          ],
          [
            106.63243866,
            10.81248283
          ],
          [
            106.63243866,
            10.81248283
          ],
          [
            106.63243866,
            10.81248283
          ],
          [
            106.63243866,
            10.81248283
          ],
          [
            106.63244629,
            10.81254578
          ],
          [
            106.63289642,
            10.81262493
          ],
          [
            106.63316345,
            10.81179237
          ],
          [
            106.63343048,
            10.81095982
          ],
          [
            106.63369751,
            10.81012726
          ],
          [
            106.63395691,
            10.8092947
          ],
          [
            106.63353729,
            10.80916309
          ],
          [
            106.63353729,
            10.80916309
          ]
        ]
      },
      "properties": {
        "feature_type": "route_path",
        "stt": 9,
        "route_id": 69,
        "route_no": "48",
        "display_code": "B 48",
        "route_name": "Bến xe buýt Tân Phú - Chợ Hiệp Thành",
        "direction": "Lượt về",
        "outbound": false,
        "start_point": "Bến xe buýt Tân Phú",
        "end_point": "Chợ Hiệp Thành",
        "start_stop": "Bến xe buýt Hiệp Thành",
        "end_stop": "Bến xe buýt Tân Phú",
        "distance_km": 21.78,
        "listed_length_km": 21,
        "running_time_min": 55,
        "operating_hours": "4:30 - 20:00",
        "stroke": "#00897B",
        "stroke_width": 4,
        "stroke_opacity": 0.85
      }
    },
    {
      "type": "Feature",
      "geometry": {
        "type": "Point",
        "coordinates": [
          106.633537,
          10.809163
        ]
      },
      "properties": {
        "feature_type": "bus_stop",
        "stop_id": 1979,
        "stop_code": "BX49",
        "stop_name": "Bến xe buýt Tân Phú",
        "stop_type": "Bến xe",
        "route_no": "48",
        "display_code": "B 48",
        "direction": "Lượt đi",
        "address": "BẾN XE BUÝT TÂN PHÚ Trường Chinh",
        "street": "Trường Chinh",
        "zone": "Quận Tân Phú",
        "ward": "Phường Tây Thạnh",
        "all_routes": "16, 48, 63-1",
        "marker_color": "#00897B"
      }
    },
    {
      "type": "Feature",
      "geometry": {
        "type": "Point",
        "coordinates": [
          106.634019,
          10.808689
        ]
      },
      "properties": {
        "feature_type": "bus_stop",
        "stop_id": 177,
        "stop_code": "QTP 014",
        "stop_name": "Trạm Đài Liệt Sỹ",
        "stop_type": "Nhà chờ",
        "route_no": "48",
        "display_code": "B 48",
        "direction": "Lượt đi",
        "address": "1/3 Trường Chinh",
        "street": "Trường Chinh",
        "zone": "Quận Tân Phú",
        "ward": "Phường Tây Thạnh",
        "all_routes": "04, 104, 13, 145, 16, 23, 27, 28, 48, 62, 63-1, 65, 94",
        "marker_color": "#00897B"
      }
    },
    {
      "type": "Feature",
      "geometry": {
        "type": "Point",
        "coordinates": [
          106.634773,
          10.806212
        ]
      },
      "properties": {
        "feature_type": "bus_stop",
        "stop_id": 2292,
        "stop_code": "QTP 015",
        "stop_name": "Siêu thị BigC",
        "stop_type": "Nhà chờ",
        "route_no": "48",
        "display_code": "B 48",
        "direction": "Lượt đi",
        "address": "1/1 Trường Chinh",
        "street": "Trường Chinh",
        "zone": "Quận Tân Phú",
        "ward": "Phường Tây Thạnh",
        "all_routes": "13, 23, 27, 48, 62, 65, 94",
        "marker_color": "#00897B"
      }
    },
    {
      "type": "Feature",
      "geometry": {
        "type": "Point",
        "coordinates": [
          106.628586,
          10.806065
        ]
      },
      "properties": {
        "feature_type": "bus_stop",
        "stop_id": 2602,
        "stop_code": "QTP 061",
        "stop_name": "Trường Đại học Công Thương TPHCM",
        "stop_type": "Ô sơn",
        "route_no": "48",
        "display_code": "B 48",
        "direction": "Lượt đi",
        "address": "142-144 Lê Trọng Tấn",
        "street": "Lê Trọng Tấn",
        "zone": "Quận Tân Phú",
        "ward": "Phường Tây Thạnh",
        "all_routes": "32, 41, 48, 69",
        "marker_color": "#00897B"
      }
    },
    {
      "type": "Feature",
      "geometry": {
        "type": "Point",
        "coordinates": [
          106.625366,
          10.806785
        ]
      },
      "properties": {
        "feature_type": "bus_stop",
        "stop_id": 2000,
        "stop_code": "QTP 062",
        "stop_name": "Nguyễn Hữu Tiến",
        "stop_type": "Trụ dừng",
        "route_no": "48",
        "display_code": "B 48",
        "direction": "Lượt đi",
        "address": "188 Lê Trọng Tấn",
        "street": "Lê Trọng Tấn",
        "zone": "Quận Tân Phú",
        "ward": "Phường Tây Thạnh",
        "all_routes": "16, 41, 48, 69",
        "marker_color": "#00897B"
      }
    },
    {
      "type": "Feature",
      "geometry": {
        "type": "Point",
        "coordinates": [
          106.622177,
          10.807464
        ]
      },
      "properties": {
        "feature_type": "bus_stop",
        "stop_id": 2005,
        "stop_code": "QTP 063",
        "stop_name": "Trạm Bờ Bao Tân Thắng",
        "stop_type": "Trụ dừng",
        "route_no": "48",
        "display_code": "B 48",
        "direction": "Lượt đi",
        "address": "284 Lê Trọng Tấn",
        "street": "Lê Trọng Tấn",
        "zone": "Quận Tân Phú",
        "ward": "Phường Tây Thạnh",
        "all_routes": "16, 41, 48, 69",
        "marker_color": "#00897B"
      }
    },
    {
      "type": "Feature",
      "geometry": {
        "type": "Point",
        "coordinates": [
          106.619133,
          10.808257
        ]
      },
      "properties": {
        "feature_type": "bus_stop",
        "stop_id": 2917,
        "stop_code": "QTP 064",
        "stop_name": "Trạm Tây Thạnh",
        "stop_type": "Trụ dừng",
        "route_no": "48",
        "display_code": "B 48",
        "direction": "Lượt đi",
        "address": "386 Lê Trọng Tấn",
        "street": "Lê Trọng Tấn",
        "zone": "Quận Tân Phú",
        "ward": "Phường Tây Thạnh",
        "all_routes": "41, 48, 69",
        "marker_color": "#00897B"
      }
    },
    {
      "type": "Feature",
      "geometry": {
        "type": "Point",
        "coordinates": [
          106.616302,
          10.809163
        ]
      },
      "properties": {
        "feature_type": "bus_stop",
        "stop_id": 3101,
        "stop_code": "QTP 065",
        "stop_name": "Trạm Kênh 19/5",
        "stop_type": "Trụ dừng",
        "route_no": "48",
        "display_code": "B 48",
        "direction": "Lượt đi",
        "address": "456 Lê Trọng Tấn",
        "street": "Lê Trọng Tấn",
        "zone": "Quận Tân Phú",
        "ward": "Phường Tây Thạnh",
        "all_routes": "28, 48, 69",
        "marker_color": "#00897B"
      }
    },
    {
      "type": "Feature",
      "geometry": {
        "type": "Point",
        "coordinates": [
          106.61351,
          10.810217
        ]
      },
      "properties": {
        "feature_type": "bus_stop",
        "stop_id": 3100,
        "stop_code": "QTP 066",
        "stop_name": "Trạm Đường CN 13",
        "stop_type": "Trụ dừng",
        "route_no": "48",
        "display_code": "B 48",
        "direction": "Lượt đi",
        "address": "510 Lê Trọng Tấn",
        "street": "Lê Trọng Tấn",
        "zone": "Quận Tân Phú",
        "ward": "Phường Tây Thạnh",
        "all_routes": "28, 48, 69",
        "marker_color": "#00897B"
      }
    },
    {
      "type": "Feature",
      "geometry": {
        "type": "Point",
        "coordinates": [
          106.609673,
          10.812114
        ]
      },
      "properties": {
        "feature_type": "bus_stop",
        "stop_id": 3103,
        "stop_code": "QTP 067",
        "stop_name": "Công Ty bánh Givral",
        "stop_type": "Trụ dừng",
        "route_no": "48",
        "display_code": "B 48",
        "direction": "Lượt đi",
        "address": "592 Lê Trọng Tấn",
        "street": "Lê Trọng Tấn",
        "zone": "Quận Tân Phú",
        "ward": "Phường Tây Thạnh",
        "all_routes": "28, 48, 69",
        "marker_color": "#00897B"
      }
    },
    {
      "type": "Feature",
      "geometry": {
        "type": "Point",
        "coordinates": [
          106.605427,
          10.814612
        ]
      },
      "properties": {
        "feature_type": "bus_stop",
        "stop_id": 2505,
        "stop_code": "QBT 024",
        "stop_name": "Gò Mây",
        "stop_type": "Trụ dừng",
        "route_no": "48",
        "display_code": "B 48",
        "direction": "Lượt đi",
        "address": "665 Lê Trọng Tấn",
        "street": "Lê Trọng Tấn",
        "zone": "Quận Bình Tân",
        "ward": "Phường Bình Hưng Hòa",
        "all_routes": "28, 48, 69",
        "marker_color": "#00897B"
      }
    },
    {
      "type": "Feature",
      "geometry": {
        "type": "Point",
        "coordinates": [
          106.603043,
          10.815971
        ]
      },
      "properties": {
        "feature_type": "bus_stop",
        "stop_id": 2521,
        "stop_code": "QBT 023",
        "stop_name": "Ngân hàng Á Châu",
        "stop_type": "Trụ dừng",
        "route_no": "48",
        "display_code": "B 48",
        "direction": "Lượt đi",
        "address": "787-745 Lê Trọng Tấn",
        "street": "Lê Trọng Tấn",
        "zone": "Quận Bình Tân",
        "ward": "Phường Bình Hưng Hòa",
        "all_routes": "28, 48, 69",
        "marker_color": "#00897B"
      }
    },
    {
      "type": "Feature",
      "geometry": {
        "type": "Point",
        "coordinates": [
          106.594925,
          10.815697
        ]
      },
      "properties": {
        "feature_type": "bus_stop",
        "stop_id": 2520,
        "stop_code": "QBT 030",
        "stop_name": "Công ty Bảo Châu",
        "stop_type": "Trụ dừng",
        "route_no": "48",
        "display_code": "B 48",
        "direction": "Lượt đi",
        "address": "88 Nguyễn Thị Tú",
        "street": "Nguyễn Thị Tú",
        "zone": "Quận Bình Tân",
        "ward": "Phường Bình Hưng Hoà B",
        "all_routes": "28, 48, 69",
        "marker_color": "#00897B"
      }
    },
    {
      "type": "Feature",
      "geometry": {
        "type": "Point",
        "coordinates": [
          106.592453,
          10.815518
        ]
      },
      "properties": {
        "feature_type": "bus_stop",
        "stop_id": 2511,
        "stop_code": "QBT 029",
        "stop_name": "Nhà hàng Thịnh Phước",
        "stop_type": "Trụ dừng",
        "route_no": "48",
        "display_code": "B 48",
        "direction": "Lượt đi",
        "address": "Đối diện 255B Nguyễn Thị Tú",
        "street": "Nguyễn Thị Tú",
        "zone": "Quận Bình Tân",
        "ward": "Phường Bình Hưng Hoà B",
        "all_routes": "28, 48",
        "marker_color": "#00897B"
      }
    },
    {
      "type": "Feature",
      "geometry": {
        "type": "Point",
        "coordinates": [
          106.589088,
          10.815318
        ]
      },
      "properties": {
        "feature_type": "bus_stop",
        "stop_id": 2518,
        "stop_code": "QBT 028",
        "stop_name": "Công ty Gia Nguyễn",
        "stop_type": "Trụ dừng",
        "route_no": "48",
        "display_code": "B 48",
        "direction": "Lượt đi",
        "address": "210 Nguyễn Thị Tú",
        "street": "Nguyễn Thị Tú",
        "zone": "Quận Bình Tân",
        "ward": "Phường Bình Hưng Hoà B",
        "all_routes": "28, 48",
        "marker_color": "#00897B"
      }
    },
    {
      "type": "Feature",
      "geometry": {
        "type": "Point",
        "coordinates": [
          106.586555,
          10.815228
        ]
      },
      "properties": {
        "feature_type": "bus_stop",
        "stop_id": 2513,
        "stop_code": "QBT 027",
        "stop_name": "Công ty Thịnh Khang",
        "stop_type": "Trụ dừng",
        "route_no": "48",
        "display_code": "B 48",
        "direction": "Lượt đi",
        "address": "264 Nguyễn Thị Tú",
        "street": "Nguyễn Thị Tú",
        "zone": "Quận Bình Tân",
        "ward": "Phường Bình Hưng Hoà B",
        "all_routes": "28, 48",
        "marker_color": "#00897B"
      }
    },
    {
      "type": "Feature",
      "geometry": {
        "type": "Point",
        "coordinates": [
          106.58387,
          10.814812
        ]
      },
      "properties": {
        "feature_type": "bus_stop",
        "stop_id": 2516,
        "stop_code": "QBT 026",
        "stop_name": "Thép Quốc Thái",
        "stop_type": "Trụ dừng",
        "route_no": "48",
        "display_code": "B 48",
        "direction": "Lượt đi",
        "address": "D1/1B Nguyễn Thị Tú",
        "street": "Nguyễn Thị Tú",
        "zone": "Quận Bình Tân",
        "ward": "Phường Bình Hưng Hoà B",
        "all_routes": "28, 48",
        "marker_color": "#00897B"
      }
    },
    {
      "type": "Feature",
      "geometry": {
        "type": "Point",
        "coordinates": [
          106.58,
          10.8138
        ]
      },
      "properties": {
        "feature_type": "bus_stop",
        "stop_id": 2517,
        "stop_code": "HBC 082",
        "stop_name": "Ngã 5 Vĩnh Lộc",
        "stop_type": "Trụ dừng",
        "route_no": "48",
        "display_code": "B 48",
        "direction": "Lượt đi",
        "address": "1 Nguyễn Thị Tú",
        "street": "Nguyễn Thị Tú",
        "zone": "Huyện Bình Chánh",
        "ward": "Xã Vĩnh Lộc B",
        "all_routes": "28, 48",
        "marker_color": "#00897B"
      }
    },
    {
      "type": "Feature",
      "geometry": {
        "type": "Point",
        "coordinates": [
          106.58548,
          10.818697
        ]
      },
      "properties": {
        "feature_type": "bus_stop",
        "stop_id": 3102,
        "stop_code": "QBT 182",
        "stop_name": "Trạm giữa Vĩnh Lộc",
        "stop_type": "Ô sơn",
        "route_no": "48",
        "display_code": "B 48",
        "direction": "Lượt đi",
        "address": "Đối diện F9/6 (Châu Phú Mỹ) Vĩnh Lộc",
        "street": "Vĩnh Lộc",
        "zone": "Quận Bình Tân",
        "ward": null,
        "all_routes": "48, 71",
        "marker_color": "#00897B"
      }
    },
    {
      "type": "Feature",
      "geometry": {
        "type": "Point",
        "coordinates": [
          106.587676,
          10.820539
        ]
      },
      "properties": {
        "feature_type": "bus_stop",
        "stop_id": 3105,
        "stop_code": "QBT 183",
        "stop_name": "Đường liên ấp 5-6",
        "stop_type": "Ô sơn",
        "route_no": "48",
        "display_code": "B 48",
        "direction": "Lượt đi",
        "address": "288 Đường số 2",
        "street": "Đường số 2",
        "zone": "Quận Bình Tân",
        "ward": null,
        "all_routes": "48, 71",
        "marker_color": "#00897B"
      }
    },
    {
      "type": "Feature",
      "geometry": {
        "type": "Point",
        "coordinates": [
          106.58957,
          10.822362
        ]
      },
      "properties": {
        "feature_type": "bus_stop",
        "stop_id": 3104,
        "stop_code": "QBT 184",
        "stop_name": "Chốt 2 KCN Vĩnh Lộc",
        "stop_type": "Ô sơn",
        "route_no": "48",
        "display_code": "B 48",
        "direction": "Lượt đi",
        "address": "330 Đường số 2",
        "street": "Đường số 2",
        "zone": "Quận Bình Tân",
        "ward": null,
        "all_routes": "48, 71",
        "marker_color": "#00897B"
      }
    },
    {
      "type": "Feature",
      "geometry": {
        "type": "Point",
        "coordinates": [
          106.591393,
          10.824402
        ]
      },
      "properties": {
        "feature_type": "bus_stop",
        "stop_id": 3107,
        "stop_code": "QBT 185",
        "stop_name": "Kho vật tư thiết bị",
        "stop_type": "Ô sơn",
        "route_no": "48",
        "display_code": "B 48",
        "direction": "Lượt đi",
        "address": "Kho vật tư thiết bị Đường số 2",
        "street": "Đường số 2",
        "zone": "Quận Bình Tân",
        "ward": null,
        "all_routes": "48, 71",
        "marker_color": "#00897B"
      }
    },
    {
      "type": "Feature",
      "geometry": {
        "type": "Point",
        "coordinates": [
          106.59269,
          10.826073
        ]
      },
      "properties": {
        "feature_type": "bus_stop",
        "stop_id": 3106,
        "stop_code": "QBT 186",
        "stop_name": "Công ty Cholimex",
        "stop_type": "Ô sơn",
        "route_no": "48",
        "display_code": "B 48",
        "direction": "Lượt đi",
        "address": "Công ty Cholimex Đường số 2",
        "street": "Đường số 2",
        "zone": "Quận Bình Tân",
        "ward": null,
        "all_routes": "48, 71",
        "marker_color": "#00897B"
      }
    },
    {
      "type": "Feature",
      "geometry": {
        "type": "Point",
        "coordinates": [
          106.595578,
          10.830197
        ]
      },
      "properties": {
        "feature_type": "bus_stop",
        "stop_id": 3109,
        "stop_code": "HHM 153",
        "stop_name": "Chung cu Hoàng Hải",
        "stop_type": "Trụ dừng",
        "route_no": "48",
        "display_code": "B 48",
        "direction": "Lượt đi",
        "address": "321 (43/12) Phan Văn Đối",
        "street": "Phan Văn Đối",
        "zone": "Huyện Hóc Môn",
        "ward": "Xã Bà Điểm",
        "all_routes": "48, 71",
        "marker_color": "#00897B"
      }
    },
    {
      "type": "Feature",
      "geometry": {
        "type": "Point",
        "coordinates": [
          106.597166,
          10.83348
        ]
      },
      "properties": {
        "feature_type": "bus_stop",
        "stop_id": 3108,
        "stop_code": "HHM 154",
        "stop_name": "Bưu điện Phan Văn Đối",
        "stop_type": "Ô sơn",
        "route_no": "48",
        "display_code": "B 48",
        "direction": "Lượt đi",
        "address": "43/11 (43/1) Phan Văn Đối",
        "street": "Phan Văn Đối",
        "zone": "Huyện Hóc Môn",
        "ward": "Xã Bà Điểm",
        "all_routes": "48, 71",
        "marker_color": "#00897B"
      }
    },
    {
      "type": "Feature",
      "geometry": {
        "type": "Point",
        "coordinates": [
          106.598856,
          10.836478
        ]
      },
      "properties": {
        "feature_type": "bus_stop",
        "stop_id": 3110,
        "stop_code": "HHM 155",
        "stop_name": "Nhà Hàng Ngọc Huyền",
        "stop_type": "Trụ dừng",
        "route_no": "48",
        "display_code": "B 48",
        "direction": "Lượt đi",
        "address": "43/3E (31/3C) Phan Văn Đối",
        "street": "Phan Văn Đối",
        "zone": "Huyện Hóc Môn",
        "ward": "Xã Bà Điểm",
        "all_routes": "48, 71",
        "marker_color": "#00897B"
      }
    },
    {
      "type": "Feature",
      "geometry": {
        "type": "Point",
        "coordinates": [
          106.599934,
          10.838469
        ]
      },
      "properties": {
        "feature_type": "bus_stop",
        "stop_id": 3111,
        "stop_code": "HHM 156",
        "stop_name": "Chùa Giác Hoàng",
        "stop_type": "Ô sơn",
        "route_no": "48",
        "display_code": "B 48",
        "direction": "Lượt đi",
        "address": "41/2 (42/1B) Phan Văn Đối",
        "street": "Phan Văn Đối",
        "zone": "Huyện Hóc Môn",
        "ward": "Xã Bà Điểm",
        "all_routes": "48, 71",
        "marker_color": "#00897B"
      }
    },
    {
      "type": "Feature",
      "geometry": {
        "type": "Point",
        "coordinates": [
          106.599693,
          10.839987
        ]
      },
      "properties": {
        "feature_type": "bus_stop",
        "stop_id": 2211,
        "stop_code": "HHM 179",
        "stop_name": "Chợ Bà Điểm",
        "stop_type": "Trụ dừng",
        "route_no": "48",
        "display_code": "B 48",
        "direction": "Lượt đi",
        "address": "đd 14/9 Phan Văn Hớn",
        "street": "Phan Văn Hớn",
        "zone": "Huyện Hóc Môn",
        "ward": "Xã Bà Điểm",
        "all_routes": "23, 48, 71",
        "marker_color": "#00897B"
      }
    },
    {
      "type": "Feature",
      "geometry": {
        "type": "Point",
        "coordinates": [
          106.599854,
          10.84191
        ]
      },
      "properties": {
        "feature_type": "bus_stop",
        "stop_id": 3113,
        "stop_code": "HHM 167",
        "stop_name": "Trường Phan Công Hớn",
        "stop_type": "Nhà chờ",
        "route_no": "48",
        "display_code": "B 48",
        "direction": "Lượt đi",
        "address": "Đối diện 100/1 Nguyễn Ánh Thủ",
        "street": "Nguyễn Ánh Thủ",
        "zone": "Huyện Hóc Môn",
        "ward": "Xã Bà Điểm",
        "all_routes": "48, 71",
        "marker_color": "#00897B"
      }
    },
    {
      "type": "Feature",
      "geometry": {
        "type": "Point",
        "coordinates": [
          106.600412,
          10.84643
        ]
      },
      "properties": {
        "feature_type": "bus_stop",
        "stop_id": 3112,
        "stop_code": "HHM 168",
        "stop_name": "Nguyễn Thị Sóc",
        "stop_type": "Trụ dừng",
        "route_no": "48",
        "display_code": "B 48",
        "direction": "Lượt đi",
        "address": "60/8A (Đối diện 135) Nguyễn Ánh Thủ",
        "street": "Nguyễn Ánh Thủ",
        "zone": "Huyện Hóc Môn",
        "ward": "Xã Bà Điểm",
        "all_routes": "48, 71",
        "marker_color": "#00897B"
      }
    },
    {
      "type": "Feature",
      "geometry": {
        "type": "Point",
        "coordinates": [
          106.602176,
          10.84936
        ]
      },
      "properties": {
        "feature_type": "bus_stop",
        "stop_id": 3115,
        "stop_code": "HHM 169",
        "stop_name": "Cua chữ S",
        "stop_type": "Nhà chờ",
        "route_no": "48",
        "display_code": "B 48",
        "direction": "Lượt đi",
        "address": "13/5 (kế 4/6) Nguyễn Ánh Thủ",
        "street": "Nguyễn Ánh Thủ",
        "zone": "Huyện Hóc Môn",
        "ward": "Xã Bà Điểm",
        "all_routes": "48",
        "marker_color": "#00897B"
      }
    },
    {
      "type": "Feature",
      "geometry": {
        "type": "Point",
        "coordinates": [
          106.604295,
          10.85191
        ]
      },
      "properties": {
        "feature_type": "bus_stop",
        "stop_id": 3114,
        "stop_code": "HHM 170",
        "stop_name": "Hậu Lân - Bà Điểm",
        "stop_type": "Trụ dừng",
        "route_no": "48",
        "display_code": "B 48",
        "direction": "Lượt đi",
        "address": "32/4  Nguyễn Ánh Thủ",
        "street": "Nguyễn Ánh Thủ",
        "zone": "Huyện Hóc Môn",
        "ward": "Xã Bà Điểm",
        "all_routes": "48",
        "marker_color": "#00897B"
      }
    },
    {
      "type": "Feature",
      "geometry": {
        "type": "Point",
        "coordinates": [
          106.606452,
          10.854317
        ]
      },
      "properties": {
        "feature_type": "bus_stop",
        "stop_id": 3117,
        "stop_code": "HHM 171",
        "stop_name": "Ngã tư Trung Chánh",
        "stop_type": "Trụ dừng",
        "route_no": "48",
        "display_code": "B 48",
        "direction": "Lượt đi",
        "address": "26/7C (27/11B) Nguyễn Ánh Thủ",
        "street": "Nguyễn Ánh Thủ",
        "zone": "Huyện Hóc Môn",
        "ward": "Xã Bà Điểm",
        "all_routes": "48",
        "marker_color": "#00897B"
      }
    },
    {
      "type": "Feature",
      "geometry": {
        "type": "Point",
        "coordinates": [
          106.60768,
          10.855824
        ]
      },
      "properties": {
        "feature_type": "bus_stop",
        "stop_id": 1690,
        "stop_code": "Q12 156",
        "stop_name": "Trung tâm Văn hóa Quận 12",
        "stop_type": "Nhà chờ",
        "route_no": "48",
        "display_code": "B 48",
        "direction": "Lượt đi",
        "address": "Hông Trung tâm văn hóa Quận 12 Nguyễn Ảnh Thủ",
        "street": "Nguyễn Ảnh Thủ",
        "zone": "Quận 12",
        "ward": null,
        "all_routes": "145, 48",
        "marker_color": "#00897B"
      }
    },
    {
      "type": "Feature",
      "geometry": {
        "type": "Point",
        "coordinates": [
          106.609306,
          10.858284
        ]
      },
      "properties": {
        "feature_type": "bus_stop",
        "stop_id": 1691,
        "stop_code": "Q12 157",
        "stop_name": "Trường CĐ Giao thông vận tải",
        "stop_type": "Trụ dừng",
        "route_no": "48",
        "display_code": "B 48",
        "direction": "Lượt đi",
        "address": "8 Nguyễn Ảnh Thủ",
        "street": "Nguyễn Ảnh Thủ",
        "zone": "Quận 12",
        "ward": null,
        "all_routes": "145, 48",
        "marker_color": "#00897B"
      }
    },
    {
      "type": "Feature",
      "geometry": {
        "type": "Point",
        "coordinates": [
          106.611232,
          10.861261
        ]
      },
      "properties": {
        "feature_type": "bus_stop",
        "stop_id": 1692,
        "stop_code": "Q12 158",
        "stop_name": "Giáo xứ Trung Chánh",
        "stop_type": "Trụ dừng",
        "route_no": "48",
        "display_code": "B 48",
        "direction": "Lượt đi",
        "address": "1387 (349) Nguyễn Ảnh Thủ",
        "street": "Nguyễn Ảnh Thủ",
        "zone": "Quận 12",
        "ward": null,
        "all_routes": "145, 48",
        "marker_color": "#00897B"
      }
    },
    {
      "type": "Feature",
      "geometry": {
        "type": "Point",
        "coordinates": [
          106.613383,
          10.864253
        ]
      },
      "properties": {
        "feature_type": "bus_stop",
        "stop_id": 1693,
        "stop_code": "Q12 159",
        "stop_name": "Trung Mỹ - Tân Xuân",
        "stop_type": "Trụ dừng",
        "route_no": "48",
        "display_code": "B 48",
        "direction": "Lượt đi",
        "address": "85/3B (7) Nguyễn Ảnh Thủ",
        "street": "Nguyễn Ảnh Thủ",
        "zone": "Quận 12",
        "ward": null,
        "all_routes": "145, 48",
        "marker_color": "#00897B"
      }
    },
    {
      "type": "Feature",
      "geometry": {
        "type": "Point",
        "coordinates": [
          106.615089,
          10.866635
        ]
      },
      "properties": {
        "feature_type": "bus_stop",
        "stop_id": 1694,
        "stop_code": "Q12 160",
        "stop_name": "Trường Nguyễn Hữu Cầu",
        "stop_type": "Trụ dừng",
        "route_no": "48",
        "display_code": "B 48",
        "direction": "Lượt đi",
        "address": "1C Nguyễn Ảnh Thủ",
        "street": "Nguyễn Ảnh Thủ",
        "zone": "Quận 12",
        "ward": null,
        "all_routes": "145, 48",
        "marker_color": "#00897B"
      }
    },
    {
      "type": "Feature",
      "geometry": {
        "type": "Point",
        "coordinates": [
          106.615861,
          10.866255
        ]
      },
      "properties": {
        "feature_type": "bus_stop",
        "stop_id": 2062,
        "stop_code": "Q12 025",
        "stop_name": "Trường ĐH Lao động Xã hội",
        "stop_type": "Trụ dừng",
        "route_no": "48",
        "display_code": "B 48",
        "direction": "Lượt đi",
        "address": "1A (Đối diện 12/8) Tô Ký",
        "street": "Tô Ký",
        "zone": "Quận 12",
        "ward": null,
        "all_routes": "18, 24, 48",
        "marker_color": "#00897B"
      }
    },
    {
      "type": "Feature",
      "geometry": {
        "type": "Point",
        "coordinates": [
          106.616714,
          10.863358
        ]
      },
      "properties": {
        "feature_type": "bus_stop",
        "stop_id": 2085,
        "stop_code": "Q12 026",
        "stop_name": "Doanh trại Quân Đội",
        "stop_type": "Trụ dừng",
        "route_no": "48",
        "display_code": "B 48",
        "direction": "Lượt đi",
        "address": "583 Tô Ký",
        "street": "Tô Ký",
        "zone": "Quận 12",
        "ward": null,
        "all_routes": "18, 24, 48",
        "marker_color": "#00897B"
      }
    },
    {
      "type": "Feature",
      "geometry": {
        "type": "Point",
        "coordinates": [
          106.617562,
          10.859976
        ]
      },
      "properties": {
        "feature_type": "bus_stop",
        "stop_id": 2086,
        "stop_code": "Q12 027",
        "stop_name": "Chợ Tân Chánh Hiệp",
        "stop_type": "Trụ dừng",
        "route_no": "48",
        "display_code": "B 48",
        "direction": "Lượt đi",
        "address": "Chung cư Toky tower Tô Ký",
        "street": "Tô Ký",
        "zone": "Quận 12",
        "ward": null,
        "all_routes": "18, 24, 48",
        "marker_color": "#00897B"
      }
    },
    {
      "type": "Feature",
      "geometry": {
        "type": "Point",
        "coordinates": [
          106.618463,
          10.858295
        ]
      },
      "properties": {
        "feature_type": "bus_stop",
        "stop_id": 2087,
        "stop_code": "Q12 028",
        "stop_name": "Chiếc nón Kỳ Diệu",
        "stop_type": "Biển treo",
        "route_no": "48",
        "display_code": "B 48",
        "direction": "Lượt đi",
        "address": "535 Tô Ký",
        "street": "Tô Ký",
        "zone": "Quận 12",
        "ward": null,
        "all_routes": "18, 24, 48",
        "marker_color": "#00897B"
      }
    },
    {
      "type": "Feature",
      "geometry": {
        "type": "Point",
        "coordinates": [
          106.621016,
          10.85653
        ]
      },
      "properties": {
        "feature_type": "bus_stop",
        "stop_id": 2088,
        "stop_code": "Q12 029",
        "stop_name": "Điện lực Hóc Môn",
        "stop_type": "Ô sơn",
        "route_no": "48",
        "display_code": "B 48",
        "direction": "Lượt đi",
        "address": "Đối diện điện lực Hóc Môn Tô Ký",
        "street": "Tô Ký",
        "zone": "Quận 12",
        "ward": null,
        "all_routes": "18, 24, 48",
        "marker_color": "#00897B"
      }
    },
    {
      "type": "Feature",
      "geometry": {
        "type": "Point",
        "coordinates": [
          106.624176,
          10.856314
        ]
      },
      "properties": {
        "feature_type": "bus_stop",
        "stop_id": 7324,
        "stop_code": "Q12 222",
        "stop_name": "Tân Chánh Hiệp 36",
        "stop_type": "Trụ dừng",
        "route_no": "48",
        "display_code": "B 48",
        "direction": "Lượt đi",
        "address": "Đối diện số 9 Đông Bắc",
        "street": "Đông Bắc",
        "zone": "Quận 12",
        "ward": "Phường Tân Chánh Hiệp",
        "all_routes": "48",
        "marker_color": "#00897B"
      }
    },
    {
      "type": "Feature",
      "geometry": {
        "type": "Point",
        "coordinates": [
          106.627561,
          10.857563
        ]
      },
      "properties": {
        "feature_type": "bus_stop",
        "stop_id": 7325,
        "stop_code": "Q12 223",
        "stop_name": "Trường mẫu giáo Nai By",
        "stop_type": "Biển treo",
        "route_no": "48",
        "display_code": "B 48",
        "direction": "Lượt đi",
        "address": "164 Đông Bắc",
        "street": "Đông Bắc",
        "zone": "Quận 12",
        "ward": "Phường Hiệp Thành",
        "all_routes": "48",
        "marker_color": "#00897B"
      }
    },
    {
      "type": "Feature",
      "geometry": {
        "type": "Point",
        "coordinates": [
          106.630565,
          10.859601
        ]
      },
      "properties": {
        "feature_type": "bus_stop",
        "stop_id": 7317,
        "stop_code": "Q12 215",
        "stop_name": "Bệnh viện Quận 12",
        "stop_type": "Trụ dừng",
        "route_no": "48",
        "display_code": "B 48",
        "direction": "Lượt đi",
        "address": "52K Dương Thị Mười",
        "street": "Dương Thị Mười",
        "zone": "Quận 12",
        "ward": "Phường Tân Chánh Hiệp",
        "all_routes": "48",
        "marker_color": "#00897B"
      }
    },
    {
      "type": "Feature",
      "geometry": {
        "type": "Point",
        "coordinates": [
          106.633569,
          10.863716
        ]
      },
      "properties": {
        "feature_type": "bus_stop",
        "stop_id": 7318,
        "stop_code": "Q12 216",
        "stop_name": "Tân Chánh Hiệp 10",
        "stop_type": "Trụ dừng",
        "route_no": "48",
        "display_code": "B 48",
        "direction": "Lượt đi",
        "address": "274-282 Dương Thị Mười",
        "street": "Dương Thị Mười",
        "zone": "Quận 12",
        "ward": "Phường Tân Chánh Hiệp",
        "all_routes": "48",
        "marker_color": "#00897B"
      }
    },
    {
      "type": "Feature",
      "geometry": {
        "type": "Point",
        "coordinates": [
          106.63542,
          10.867272
        ]
      },
      "properties": {
        "feature_type": "bus_stop",
        "stop_id": 7319,
        "stop_code": "Q12 217",
        "stop_name": "Huỳnh Thị Hai",
        "stop_type": "Trụ dừng",
        "route_no": "48",
        "display_code": "B 48",
        "direction": "Lượt đi",
        "address": "414-416 Dương Thị Mười",
        "street": "Dương Thị Mười",
        "zone": "Quận 12",
        "ward": "Phường Tân Chánh Hiệp",
        "all_routes": "48",
        "marker_color": "#00897B"
      }
    },
    {
      "type": "Feature",
      "geometry": {
        "type": "Point",
        "coordinates": [
          106.637367,
          10.871192
        ]
      },
      "properties": {
        "feature_type": "bus_stop",
        "stop_id": 7320,
        "stop_code": "Q12 218",
        "stop_name": "Nguyễn Thị Kiểu",
        "stop_type": "Trụ dừng",
        "route_no": "48",
        "display_code": "B 48",
        "direction": "Lượt đi",
        "address": "520 Dương Thị Mười",
        "street": "Dương Thị Mười",
        "zone": "Quận 12",
        "ward": "Phường Tân Chánh Hiệp",
        "all_routes": "48",
        "marker_color": "#00897B"
      }
    },
    {
      "type": "Feature",
      "geometry": {
        "type": "Point",
        "coordinates": [
          106.639502,
          10.871018
        ]
      },
      "properties": {
        "feature_type": "bus_stop",
        "stop_id": 7557,
        "stop_code": "Q12 231",
        "stop_name": "Trần Thị Do",
        "stop_type": "Ô sơn",
        "route_no": "48",
        "display_code": "B 48",
        "direction": "Lượt đi",
        "address": "433-433A Nguyễn Văn Kiểu",
        "street": "Nguyễn Văn Kiểu",
        "zone": "Quận 12",
        "ward": "Phường Hiệp Thành",
        "all_routes": "48",
        "marker_color": "#00897B"
      }
    },
    {
      "type": "Feature",
      "geometry": {
        "type": "Point",
        "coordinates": [
          106.642844,
          10.869627
        ]
      },
      "properties": {
        "feature_type": "bus_stop",
        "stop_id": 7553,
        "stop_code": "Q12 227",
        "stop_name": "Trường Lê Văn Thọ",
        "stop_type": "Ô sơn",
        "route_no": "48",
        "display_code": "B 48",
        "direction": "Lượt đi",
        "address": "12 Nguyễn Thị Đặng",
        "street": "Nguyễn Thị Đặng",
        "zone": "Quận 12",
        "ward": "Phường Hiệp Thành",
        "all_routes": "48",
        "marker_color": "#00897B"
      }
    },
    {
      "type": "Feature",
      "geometry": {
        "type": "Point",
        "coordinates": [
          106.644201,
          10.871961
        ]
      },
      "properties": {
        "feature_type": "bus_stop",
        "stop_id": 7554,
        "stop_code": "Q12 228",
        "stop_name": "Trường Võ Trường Toản",
        "stop_type": "Trụ dừng",
        "route_no": "48",
        "display_code": "B 48",
        "direction": "Lượt đi",
        "address": "173/4H Nguyễn Thị Đặng",
        "street": "Nguyễn Thị Đặng",
        "zone": "Quận 12",
        "ward": "Phường Hiệp Thành",
        "all_routes": "48",
        "marker_color": "#00897B"
      }
    },
    {
      "type": "Feature",
      "geometry": {
        "type": "Point",
        "coordinates": [
          106.646143,
          10.875454
        ]
      },
      "properties": {
        "feature_type": "bus_stop",
        "stop_id": 7555,
        "stop_code": "Q12 229",
        "stop_name": "Nghĩa trang Vĩnh Nghiêm",
        "stop_type": "Ô sơn",
        "route_no": "48",
        "display_code": "B 48",
        "direction": "Lượt đi",
        "address": "71 Nguyễn Thị Đặng",
        "street": "Nguyễn Thị Đặng",
        "zone": "Quận 12",
        "ward": "Phường Hiệp Thành",
        "all_routes": "48",
        "marker_color": "#00897B"
      }
    },
    {
      "type": "Feature",
      "geometry": {
        "type": "Point",
        "coordinates": [
          106.64418,
          10.876876
        ]
      },
      "properties": {
        "feature_type": "bus_stop",
        "stop_id": 6835,
        "stop_code": "Q12 175",
        "stop_name": "Hiệp Thành 31",
        "stop_type": "Trụ dừng",
        "route_no": "48",
        "display_code": "B 48",
        "direction": "Lượt đi",
        "address": "140 Nguyễn Ảnh Thủ",
        "street": "Nguyễn Ảnh Thủ",
        "zone": "Quận 12",
        "ward": "Phường An Phú Đông",
        "all_routes": "146, 48",
        "marker_color": "#00897B"
      }
    },
    {
      "type": "Feature",
      "geometry": {
        "type": "Point",
        "coordinates": [
          106.641739,
          10.877756
        ]
      },
      "properties": {
        "feature_type": "bus_stop",
        "stop_id": 1615,
        "stop_code": "BX34",
        "stop_name": "Bến xe buýt Hiệp Thành",
        "stop_type": "Bến xe",
        "route_no": "48",
        "display_code": "B 48",
        "direction": "Lượt đi",
        "address": "BẾN XE BUÝT HIỆP THÀNH Hiệp Thành 17",
        "street": "Hiệp Thành 17",
        "zone": "Quận 12",
        "ward": null,
        "all_routes": "145, 146, 18, 48",
        "marker_color": "#00897B"
      }
    },
    {
      "type": "Feature",
      "geometry": {
        "type": "Point",
        "coordinates": [
          106.643965,
          10.876739
        ]
      },
      "properties": {
        "feature_type": "bus_stop",
        "stop_id": 1744,
        "stop_code": "Q12 172",
        "stop_name": "Hiệp Thành 31",
        "stop_type": "Trụ dừng",
        "route_no": "48",
        "display_code": "B 48",
        "direction": "Lượt về",
        "address": "28A Nguyễn Ảnh Thủ",
        "street": "Nguyễn Ảnh Thủ",
        "zone": "Quận 12",
        "ward": null,
        "all_routes": "146, 48",
        "marker_color": "#00897B"
      }
    },
    {
      "type": "Feature",
      "geometry": {
        "type": "Point",
        "coordinates": [
          106.646154,
          10.875706
        ]
      },
      "properties": {
        "feature_type": "bus_stop",
        "stop_id": 7550,
        "stop_code": "Q12 224",
        "stop_name": "Nghĩa trang Vĩnh Nghiêm",
        "stop_type": "Ô sơn",
        "route_no": "48",
        "display_code": "B 48",
        "direction": "Lượt về",
        "address": "5E Nguyễn Thị Đặng",
        "street": "Nguyễn Thị Đặng",
        "zone": "Quận 12",
        "ward": "Phường Hiệp Thành",
        "all_routes": "48",
        "marker_color": "#00897B"
      }
    },
    {
      "type": "Feature",
      "geometry": {
        "type": "Point",
        "coordinates": [
          106.64441,
          10.872535
        ]
      },
      "properties": {
        "feature_type": "bus_stop",
        "stop_id": 7551,
        "stop_code": "Q12 225",
        "stop_name": "Trường Võ Trường Toản",
        "stop_type": "Trụ dừng",
        "route_no": "48",
        "display_code": "B 48",
        "direction": "Lượt về",
        "address": "Đối diện Trường Võ Trường Toản Nguyễn Thị Đặng",
        "street": "Nguyễn Thị Đặng",
        "zone": "Quận 12",
        "ward": "Phường Hiệp Thành",
        "all_routes": "48",
        "marker_color": "#00897B"
      }
    },
    {
      "type": "Feature",
      "geometry": {
        "type": "Point",
        "coordinates": [
          106.642941,
          10.870033
        ]
      },
      "properties": {
        "feature_type": "bus_stop",
        "stop_id": 7552,
        "stop_code": "Q12 226",
        "stop_name": "Trường Lê Văn Thọ",
        "stop_type": "Ô sơn",
        "route_no": "48",
        "display_code": "B 48",
        "direction": "Lượt về",
        "address": "15 Nguyễn Thị Đặng",
        "street": "Nguyễn Thị Đặng",
        "zone": "Quận 12",
        "ward": "Phường Hiệp Thành",
        "all_routes": "48",
        "marker_color": "#00897B"
      }
    },
    {
      "type": "Feature",
      "geometry": {
        "type": "Point",
        "coordinates": [
          106.64006,
          10.870881
        ]
      },
      "properties": {
        "feature_type": "bus_stop",
        "stop_id": 7556,
        "stop_code": "Q12 230",
        "stop_name": "Trần Thị Do",
        "stop_type": "Ô sơn",
        "route_no": "48",
        "display_code": "B 48",
        "direction": "Lượt về",
        "address": "60F5 Nguyễn Văn Kiểu",
        "street": "Nguyễn Văn Kiểu",
        "zone": "Quận 12",
        "ward": "Phường Hiệp Thành",
        "all_routes": "48",
        "marker_color": "#00897B"
      }
    },
    {
      "type": "Feature",
      "geometry": {
        "type": "Point",
        "coordinates": [
          106.63741,
          10.871466
        ]
      },
      "properties": {
        "feature_type": "bus_stop",
        "stop_id": 7313,
        "stop_code": "Q12 211",
        "stop_name": "Nguyễn Thị Kiểu",
        "stop_type": "Trụ dừng",
        "route_no": "48",
        "display_code": "B 48",
        "direction": "Lượt về",
        "address": "516 (Đối diện A33/6) Dương Thị Mười",
        "street": "Dương Thị Mười",
        "zone": "Quận 12",
        "ward": "Phường An Phú Đông",
        "all_routes": "48",
        "marker_color": "#00897B"
      }
    },
    {
      "type": "Feature",
      "geometry": {
        "type": "Point",
        "coordinates": [
          106.63506,
          10.866761
        ]
      },
      "properties": {
        "feature_type": "bus_stop",
        "stop_id": 7314,
        "stop_code": "Q12 212",
        "stop_name": "Huỳnh Thị Hai",
        "stop_type": "Trụ dừng",
        "route_no": "48",
        "display_code": "B 48",
        "direction": "Lượt về",
        "address": "355 Dương Thị Mười",
        "street": "Dương Thị Mười",
        "zone": "Quận 12",
        "ward": "Phường An Phú Đông",
        "all_routes": "48",
        "marker_color": "#00897B"
      }
    },
    {
      "type": "Feature",
      "geometry": {
        "type": "Point",
        "coordinates": [
          106.633129,
          10.863263
        ]
      },
      "properties": {
        "feature_type": "bus_stop",
        "stop_id": 7315,
        "stop_code": "Q12 213",
        "stop_name": "Tân Chánh Hiệp 10",
        "stop_type": "Trụ dừng",
        "route_no": "48",
        "display_code": "B 48",
        "direction": "Lượt về",
        "address": "197C Dương Thị Mười",
        "street": "Dương Thị Mười",
        "zone": "Quận 12",
        "ward": "Phường Tân Chánh Hiệp",
        "all_routes": "48",
        "marker_color": "#00897B"
      }
    },
    {
      "type": "Feature",
      "geometry": {
        "type": "Point",
        "coordinates": [
          106.630967,
          10.860213
        ]
      },
      "properties": {
        "feature_type": "bus_stop",
        "stop_id": 7316,
        "stop_code": "Q12 214",
        "stop_name": "Bệnh viện Quận 12",
        "stop_type": "Trụ dừng",
        "route_no": "48",
        "display_code": "B 48",
        "direction": "Lượt về",
        "address": "Đối diện 120 Dương Thị Mười",
        "street": "Dương Thị Mười",
        "zone": "Quận 12",
        "ward": "Phường Tân Chánh Hiệp",
        "all_routes": "48",
        "marker_color": "#00897B"
      }
    },
    {
      "type": "Feature",
      "geometry": {
        "type": "Point",
        "coordinates": [
          106.628022,
          10.857731
        ]
      },
      "properties": {
        "feature_type": "bus_stop",
        "stop_id": 7322,
        "stop_code": "Q12 220",
        "stop_name": "Trường mẫu giáo Nai By",
        "stop_type": "Trụ dừng",
        "route_no": "48",
        "display_code": "B 48",
        "direction": "Lượt về",
        "address": "197 Đông Bắc",
        "street": "Đông Bắc",
        "zone": "Quận 12",
        "ward": "Phường Tân Chánh Hiệp",
        "all_routes": "48",
        "marker_color": "#00897B"
      }
    },
    {
      "type": "Feature",
      "geometry": {
        "type": "Point",
        "coordinates": [
          106.62438,
          10.856762
        ]
      },
      "properties": {
        "feature_type": "bus_stop",
        "stop_id": 7323,
        "stop_code": "Q12 221",
        "stop_name": "Tân Chánh Hiệp 36",
        "stop_type": "Ô sơn",
        "route_no": "48",
        "display_code": "B 48",
        "direction": "Lượt về",
        "address": "25 Đông Bắc",
        "street": "Đông Bắc",
        "zone": "Quận 12",
        "ward": "Phường Tân Chánh Hiệp",
        "all_routes": "48",
        "marker_color": "#00897B"
      }
    },
    {
      "type": "Feature",
      "geometry": {
        "type": "Point",
        "coordinates": [
          106.622819,
          10.855803
        ]
      },
      "properties": {
        "feature_type": "bus_stop",
        "stop_id": 2054,
        "stop_code": "Q12 019",
        "stop_name": "Đông Bắc",
        "stop_type": "Trụ dừng",
        "route_no": "48",
        "display_code": "B 48",
        "direction": "Lượt về",
        "address": "288 Tô Ký",
        "street": "Tô Ký",
        "zone": "Quận 12",
        "ward": null,
        "all_routes": "18, 24, 48",
        "marker_color": "#00897B"
      }
    },
    {
      "type": "Feature",
      "geometry": {
        "type": "Point",
        "coordinates": [
          106.620823,
          10.856751
        ]
      },
      "properties": {
        "feature_type": "bus_stop",
        "stop_id": 2055,
        "stop_code": "Q12 020",
        "stop_name": "Điện lực Hóc Môn",
        "stop_type": "Trụ dừng",
        "route_no": "48",
        "display_code": "B 48",
        "direction": "Lượt về",
        "address": "Điền lực Hóc Môn Tô Ký",
        "street": "Tô Ký",
        "zone": "Quận 12",
        "ward": null,
        "all_routes": "18, 24, 48",
        "marker_color": "#00897B"
      }
    },
    {
      "type": "Feature",
      "geometry": {
        "type": "Point",
        "coordinates": [
          106.619069,
          10.857984
        ]
      },
      "properties": {
        "feature_type": "bus_stop",
        "stop_id": 2058,
        "stop_code": "Q12 021",
        "stop_name": "Chiếc nón Kỳ Diệu",
        "stop_type": "Biển treo",
        "route_no": "48",
        "display_code": "B 48",
        "direction": "Lượt về",
        "address": "312 Tô Ký",
        "street": "Tô Ký",
        "zone": "Quận 12",
        "ward": null,
        "all_routes": "18, 24, 48",
        "marker_color": "#00897B"
      }
    },
    {
      "type": "Feature",
      "geometry": {
        "type": "Point",
        "coordinates": [
          106.617588,
          10.860497
        ]
      },
      "properties": {
        "feature_type": "bus_stop",
        "stop_id": 2059,
        "stop_code": "Q12 022",
        "stop_name": "Chợ Tân Chánh Hiệp",
        "stop_type": "Trụ dừng",
        "route_no": "48",
        "display_code": "B 48",
        "direction": "Lượt về",
        "address": "414 (4A) Tô Ký",
        "street": "Tô Ký",
        "zone": "Quận 12",
        "ward": null,
        "all_routes": "18, 24, 48",
        "marker_color": "#00897B"
      }
    },
    {
      "type": "Feature",
      "geometry": {
        "type": "Point",
        "coordinates": [
          106.61709,
          10.862915
        ]
      },
      "properties": {
        "feature_type": "bus_stop",
        "stop_id": 2060,
        "stop_code": "Q12 023",
        "stop_name": "Doanh trại Quân Đội",
        "stop_type": "Trụ dừng",
        "route_no": "48",
        "display_code": "B 48",
        "direction": "Lượt về",
        "address": "504A (A49) Tô Ký",
        "street": "Tô Ký",
        "zone": "Quận 12",
        "ward": null,
        "all_routes": "18, 24, 48",
        "marker_color": "#00897B"
      }
    },
    {
      "type": "Feature",
      "geometry": {
        "type": "Point",
        "coordinates": [
          106.616242,
          10.865634
        ]
      },
      "properties": {
        "feature_type": "bus_stop",
        "stop_id": 2061,
        "stop_code": "Q12 024",
        "stop_name": "Trường ĐH Lao động Xã hội",
        "stop_type": "Trụ dừng",
        "route_no": "48",
        "display_code": "B 48",
        "direction": "Lượt về",
        "address": "1018 (12/8) Tô Ký",
        "street": "Tô Ký",
        "zone": "Quận 12",
        "ward": null,
        "all_routes": "18, 24, 48",
        "marker_color": "#00897B"
      }
    },
    {
      "type": "Feature",
      "geometry": {
        "type": "Point",
        "coordinates": [
          106.61481,
          10.866466
        ]
      },
      "properties": {
        "feature_type": "bus_stop",
        "stop_id": 1635,
        "stop_code": "QHMT250",
        "stop_name": "Trường THCS Trung Mỹ Tây 1",
        "stop_type": "Nhà chờ",
        "route_no": "48",
        "display_code": "B 48",
        "direction": "Lượt về",
        "address": "Trường THCS Trung Mỹ Tây 1 Nguyễn Ánh Thủ",
        "street": "Nguyễn Ánh Thủ",
        "zone": "Huyện Hóc Môn",
        "ward": "Xã Trung Chánh",
        "all_routes": "145, 48",
        "marker_color": "#00897B"
      }
    },
    {
      "type": "Feature",
      "geometry": {
        "type": "Point",
        "coordinates": [
          106.613125,
          10.864132
        ]
      },
      "properties": {
        "feature_type": "bus_stop",
        "stop_id": 1634,
        "stop_code": "QHMT116",
        "stop_name": "Trung Mỹ - Tân Xuân",
        "stop_type": "Trụ dừng",
        "route_no": "48",
        "display_code": "B 48",
        "direction": "Lượt về",
        "address": "75/3 Nguyễn Ánh Thủ",
        "street": "Nguyễn Ánh Thủ",
        "zone": "Huyện Hóc Môn",
        "ward": "Xã Trung Chánh",
        "all_routes": "145, 48",
        "marker_color": "#00897B"
      }
    },
    {
      "type": "Feature",
      "geometry": {
        "type": "Point",
        "coordinates": [
          106.610851,
          10.860908
        ]
      },
      "properties": {
        "feature_type": "bus_stop",
        "stop_id": 1636,
        "stop_code": "QHMT117",
        "stop_name": "Giáo xứ Trung Chánh",
        "stop_type": "Trụ dừng",
        "route_no": "48",
        "display_code": "B 48",
        "direction": "Lượt về",
        "address": "127/1 Nguyễn Ánh Thủ",
        "street": "Nguyễn Ánh Thủ",
        "zone": "Huyện Hóc Môn",
        "ward": "Xã Trung Chánh",
        "all_routes": "145, 48",
        "marker_color": "#00897B"
      }
    },
    {
      "type": "Feature",
      "geometry": {
        "type": "Point",
        "coordinates": [
          106.60893,
          10.857947
        ]
      },
      "properties": {
        "feature_type": "bus_stop",
        "stop_id": 1637,
        "stop_code": "QHMT118",
        "stop_name": "Trường CĐ GTVT",
        "stop_type": "Trụ dừng",
        "route_no": "48",
        "display_code": "B 48",
        "direction": "Lượt về",
        "address": "150A/1 Nguyễn Ánh Thủ",
        "street": "Nguyễn Ánh Thủ",
        "zone": "Huyện Hóc Môn",
        "ward": "Xã Trung Chánh",
        "all_routes": "145, 48",
        "marker_color": "#00897B"
      }
    },
    {
      "type": "Feature",
      "geometry": {
        "type": "Point",
        "coordinates": [
          106.607997,
          10.856556
        ]
      },
      "properties": {
        "feature_type": "bus_stop",
        "stop_id": 1638,
        "stop_code": "QHMT119",
        "stop_name": "Trung tâm văn hóa Quận 12",
        "stop_type": "Trụ dừng",
        "route_no": "48",
        "display_code": "B 48",
        "direction": "Lượt về",
        "address": "155/4 Nguyễn Ánh Thủ",
        "street": "Nguyễn Ánh Thủ",
        "zone": "Huyện Hóc Môn",
        "ward": "Xã Trung Chánh",
        "all_routes": "145, 48",
        "marker_color": "#00897B"
      }
    },
    {
      "type": "Feature",
      "geometry": {
        "type": "Point",
        "coordinates": [
          106.606607,
          10.854623
        ]
      },
      "properties": {
        "feature_type": "bus_stop",
        "stop_id": 3141,
        "stop_code": "HHM 172",
        "stop_name": "Ngã tư Trung Chánh",
        "stop_type": "Trụ dừng",
        "route_no": "48",
        "display_code": "B 48",
        "direction": "Lượt về",
        "address": "23/C Nguyễn Ánh Thủ",
        "street": "Nguyễn Ánh Thủ",
        "zone": "Huyện Hóc Môn",
        "ward": "Xã Bà Điểm",
        "all_routes": "48",
        "marker_color": "#00897B"
      }
    },
    {
      "type": "Feature",
      "geometry": {
        "type": "Point",
        "coordinates": [
          106.603872,
          10.851588
        ]
      },
      "properties": {
        "feature_type": "bus_stop",
        "stop_id": 3140,
        "stop_code": "HHM 173",
        "stop_name": "Hậu Lân - Bà Điểm",
        "stop_type": "Trụ dừng",
        "route_no": "48",
        "display_code": "B 48",
        "direction": "Lượt về",
        "address": "15/5B Nguyễn Ánh Thủ",
        "street": "Nguyễn Ánh Thủ",
        "zone": "Huyện Hóc Môn",
        "ward": "Xã Bà Điểm",
        "all_routes": "48",
        "marker_color": "#00897B"
      }
    },
    {
      "type": "Feature",
      "geometry": {
        "type": "Point",
        "coordinates": [
          106.601763,
          10.848991
        ]
      },
      "properties": {
        "feature_type": "bus_stop",
        "stop_id": 3145,
        "stop_code": "HHM 174",
        "stop_name": "Cua chữ S",
        "stop_type": "Trụ dừng",
        "route_no": "48",
        "display_code": "B 48",
        "direction": "Lượt về",
        "address": "11/6A Nguyễn Ánh Thủ",
        "street": "Nguyễn Ánh Thủ",
        "zone": "Huyện Hóc Môn",
        "ward": "Xã Bà Điểm",
        "all_routes": "48",
        "marker_color": "#00897B"
      }
    },
    {
      "type": "Feature",
      "geometry": {
        "type": "Point",
        "coordinates": [
          106.600256,
          10.846262
        ]
      },
      "properties": {
        "feature_type": "bus_stop",
        "stop_id": 3142,
        "stop_code": "HHM 175",
        "stop_name": "Nguyễn Thị Sóc",
        "stop_type": "Trụ dừng",
        "route_no": "48",
        "display_code": "B 48",
        "direction": "Lượt về",
        "address": "88/2 Nguyễn Ánh Thủ",
        "street": "Nguyễn Ánh Thủ",
        "zone": "Huyện Hóc Môn",
        "ward": "Xã Bà Điểm",
        "all_routes": "48, 71",
        "marker_color": "#00897B"
      }
    },
    {
      "type": "Feature",
      "geometry": {
        "type": "Point",
        "coordinates": [
          106.599205,
          10.84103
        ]
      },
      "properties": {
        "feature_type": "bus_stop",
        "stop_id": 3146,
        "stop_code": "HHM 176",
        "stop_name": "Trường Phan Công Hớn",
        "stop_type": "Nhà chờ",
        "route_no": "48",
        "display_code": "B 48",
        "direction": "Lượt về",
        "address": "Đ/d T. Phan Công Hớn Nguyễn Ánh Thủ",
        "street": "Nguyễn Ánh Thủ",
        "zone": "Huyện Hóc Môn",
        "ward": "Xã Bà Điểm",
        "all_routes": "48, 71",
        "marker_color": "#00897B"
      }
    },
    {
      "type": "Feature",
      "geometry": {
        "type": "Point",
        "coordinates": [
          106.59996,
          10.839502
        ]
      },
      "properties": {
        "feature_type": "bus_stop",
        "stop_id": 2284,
        "stop_code": "HHM 202",
        "stop_name": "Chợ Bà Điểm",
        "stop_type": "Biển treo",
        "route_no": "48",
        "display_code": "B 48",
        "direction": "Lượt về",
        "address": "17/7 Phan Văn Hớn",
        "street": "Phan Văn Hớn",
        "zone": "Huyện Hóc Môn",
        "ward": "Xã Bà Điểm",
        "all_routes": "23, 48, 71",
        "marker_color": "#00897B"
      }
    },
    {
      "type": "Feature",
      "geometry": {
        "type": "Point",
        "coordinates": [
          106.599521,
          10.837863
        ]
      },
      "properties": {
        "feature_type": "bus_stop",
        "stop_id": 3143,
        "stop_code": "HHM 157",
        "stop_name": "Chùa Giác Hoàng",
        "stop_type": "Ô sơn",
        "route_no": "48",
        "display_code": "B 48",
        "direction": "Lượt về",
        "address": "29/3C (36/2D) Phan Văn Đối",
        "street": "Phan Văn Đối",
        "zone": "Huyện Hóc Môn",
        "ward": "Xã Bà Điểm",
        "all_routes": "48, 71",
        "marker_color": "#00897B"
      }
    },
    {
      "type": "Feature",
      "geometry": {
        "type": "Point",
        "coordinates": [
          106.598577,
          10.836235
        ]
      },
      "properties": {
        "feature_type": "bus_stop",
        "stop_id": 3144,
        "stop_code": "HHM 158",
        "stop_name": "Nhà Hàng Ngọc Huyền",
        "stop_type": "Ô sơn",
        "route_no": "48",
        "display_code": "B 48",
        "direction": "Lượt về",
        "address": "31/4A (35/1B) Phan Văn Đối",
        "street": "Phan Văn Đối",
        "zone": "Huyện Hóc Môn",
        "ward": "Xã Bà Điểm",
        "all_routes": "48, 71",
        "marker_color": "#00897B"
      }
    },
    {
      "type": "Feature",
      "geometry": {
        "type": "Point",
        "coordinates": [
          106.597396,
          10.834131
        ]
      },
      "properties": {
        "feature_type": "bus_stop",
        "stop_id": 3147,
        "stop_code": "HHM 159",
        "stop_name": "Bưu điện Phan Văn Đối",
        "stop_type": "Ô sơn",
        "route_no": "48",
        "display_code": "B 48",
        "direction": "Lượt về",
        "address": "26/4A (264A) Phan Văn Đối",
        "street": "Phan Văn Đối",
        "zone": "Huyện Hóc Môn",
        "ward": "Xã Bà Điểm",
        "all_routes": "48, 71",
        "marker_color": "#00897B"
      }
    },
    {
      "type": "Feature",
      "geometry": {
        "type": "Point",
        "coordinates": [
          106.596254,
          10.83181
        ]
      },
      "properties": {
        "feature_type": "bus_stop",
        "stop_id": 3148,
        "stop_code": "HHM 160",
        "stop_name": "Chung cu Hoàng Hải",
        "stop_type": "Trụ dừng",
        "route_no": "48",
        "display_code": "B 48",
        "direction": "Lượt về",
        "address": "264 (Kế 34/11D) Phan Văn Đối",
        "street": "Phan Văn Đối",
        "zone": "Huyện Hóc Môn",
        "ward": "Xã Bà Điểm",
        "all_routes": "48, 71",
        "marker_color": "#00897B"
      }
    },
    {
      "type": "Feature",
      "geometry": {
        "type": "Point",
        "coordinates": [
          106.592354,
          10.826043
        ]
      },
      "properties": {
        "feature_type": "bus_stop",
        "stop_id": 3150,
        "stop_code": "QBT 191",
        "stop_name": "công ty Cholimex",
        "stop_type": "Ô sơn",
        "route_no": "48",
        "display_code": "B 48",
        "direction": "Lượt về",
        "address": "Đối diện công ty Cholimex Đường số 2",
        "street": "Đường số 2",
        "zone": "Quận Bình Tân",
        "ward": null,
        "all_routes": "48, 71",
        "marker_color": "#00897B"
      }
    },
    {
      "type": "Feature",
      "geometry": {
        "type": "Point",
        "coordinates": [
          106.591202,
          10.824625
        ]
      },
      "properties": {
        "feature_type": "bus_stop",
        "stop_id": 3152,
        "stop_code": "QBT 190",
        "stop_name": "Công ty Jonton",
        "stop_type": "Ô sơn",
        "route_no": "48",
        "display_code": "B 48",
        "direction": "Lượt về",
        "address": "Công ty Jonton Đường số 2",
        "street": "Đường số 2",
        "zone": "Quận Bình Tân",
        "ward": null,
        "all_routes": "48, 71",
        "marker_color": "#00897B"
      }
    },
    {
      "type": "Feature",
      "geometry": {
        "type": "Point",
        "coordinates": [
          106.589425,
          10.822679
        ]
      },
      "properties": {
        "feature_type": "bus_stop",
        "stop_id": 3154,
        "stop_code": "QBT 189",
        "stop_name": "KCN Vĩnh Lộc",
        "stop_type": "Ô sơn",
        "route_no": "48",
        "display_code": "B 48",
        "direction": "Lượt về",
        "address": "Đối diện 330 Đường số 2",
        "street": "Đường số 2",
        "zone": "Quận Bình Tân",
        "ward": null,
        "all_routes": "48, 71",
        "marker_color": "#00897B"
      }
    },
    {
      "type": "Feature",
      "geometry": {
        "type": "Point",
        "coordinates": [
          106.587616,
          10.820919
        ]
      },
      "properties": {
        "feature_type": "bus_stop",
        "stop_id": 3149,
        "stop_code": "QBT 188",
        "stop_name": "Quỳnh Tiên",
        "stop_type": "Ô sơn",
        "route_no": "48",
        "display_code": "B 48",
        "direction": "Lượt về",
        "address": "F9/18B1 Đường số 2",
        "street": "Đường số 2",
        "zone": "Quận Bình Tân",
        "ward": null,
        "all_routes": "48, 71",
        "marker_color": "#00897B"
      }
    },
    {
      "type": "Feature",
      "geometry": {
        "type": "Point",
        "coordinates": [
          106.585533,
          10.818777
        ]
      },
      "properties": {
        "feature_type": "bus_stop",
        "stop_id": 3151,
        "stop_code": "QBT 187",
        "stop_name": "xã Nhị Bình",
        "stop_type": "Ô sơn",
        "route_no": "48",
        "display_code": "B 48",
        "direction": "Lượt về",
        "address": "F9/6B Vĩnh Lộc",
        "street": "Vĩnh Lộc",
        "zone": "Quận Bình Tân",
        "ward": null,
        "all_routes": "48, 71",
        "marker_color": "#00897B"
      }
    },
    {
      "type": "Feature",
      "geometry": {
        "type": "Point",
        "coordinates": [
          106.582704,
          10.816286
        ]
      },
      "properties": {
        "feature_type": "bus_stop",
        "stop_id": 9492,
        "stop_code": "QBT 319",
        "stop_name": "Đường Phạm Thị Nghĩ",
        "stop_type": "Ô sơn",
        "route_no": "48",
        "display_code": "B 48",
        "direction": "Lượt về",
        "address": "236-238 Hương Lộ 80",
        "street": "Hương Lộ 80",
        "zone": "Quận Bình Tân",
        "ward": "Phường An Lạc",
        "all_routes": "48, 71",
        "marker_color": "#00897B"
      }
    },
    {
      "type": "Feature",
      "geometry": {
        "type": "Point",
        "coordinates": [
          106.580488,
          10.813832
        ]
      },
      "properties": {
        "feature_type": "bus_stop",
        "stop_id": 2439,
        "stop_code": "HBC 081",
        "stop_name": "Nguyễn Thị Tú",
        "stop_type": "Trụ dừng",
        "route_no": "48",
        "display_code": "B 48",
        "direction": "Lượt về",
        "address": "D7/15 Nguyễn Thị Tú",
        "street": "Nguyễn Thị Tú",
        "zone": "Huyện Bình Chánh",
        "ward": "Xã Vĩnh Lộc B",
        "all_routes": "28, 48",
        "marker_color": "#00897B"
      }
    },
    {
      "type": "Feature",
      "geometry": {
        "type": "Point",
        "coordinates": [
          106.584091,
          10.814548
        ]
      },
      "properties": {
        "feature_type": "bus_stop",
        "stop_id": 2441,
        "stop_code": "QBT 031",
        "stop_name": "Thép Quốc Thái",
        "stop_type": "Trụ dừng",
        "route_no": "48",
        "display_code": "B 48",
        "direction": "Lượt về",
        "address": "507 Nguyễn Thị Tú",
        "street": "Nguyễn Thị Tú",
        "zone": "Quận Bình Tân",
        "ward": null,
        "all_routes": "28, 48",
        "marker_color": "#00897B"
      }
    },
    {
      "type": "Feature",
      "geometry": {
        "type": "Point",
        "coordinates": [
          106.586288,
          10.81497
        ]
      },
      "properties": {
        "feature_type": "bus_stop",
        "stop_id": 2443,
        "stop_code": "QBT 032",
        "stop_name": "Công ty Thịnh Khang",
        "stop_type": "Trụ dừng",
        "route_no": "48",
        "display_code": "B 48",
        "direction": "Lượt về",
        "address": "415-419 Nguyễn Thị Tú",
        "street": "Nguyễn Thị Tú",
        "zone": "Quận Bình Tân",
        "ward": null,
        "all_routes": "28, 48",
        "marker_color": "#00897B"
      }
    },
    {
      "type": "Feature",
      "geometry": {
        "type": "Point",
        "coordinates": [
          106.589607,
          10.81516
        ]
      },
      "properties": {
        "feature_type": "bus_stop",
        "stop_id": 2442,
        "stop_code": "QBT 033",
        "stop_name": "Cafe Gia Nguyễn",
        "stop_type": "Trụ dừng",
        "route_no": "48",
        "display_code": "B 48",
        "direction": "Lượt về",
        "address": "355 Nguyễn Thị Tú",
        "street": "Nguyễn Thị Tú",
        "zone": "Quận Bình Tân",
        "ward": null,
        "all_routes": "28, 48",
        "marker_color": "#00897B"
      }
    },
    {
      "type": "Feature",
      "geometry": {
        "type": "Point",
        "coordinates": [
          106.592563,
          10.815407
        ]
      },
      "properties": {
        "feature_type": "bus_stop",
        "stop_id": 2445,
        "stop_code": "QBT 034",
        "stop_name": "Nhà hàng tiệc cưới Thịnh Phước",
        "stop_type": "Trụ dừng",
        "route_no": "48",
        "display_code": "B 48",
        "direction": "Lượt về",
        "address": "255B Nguyễn Thị Tú",
        "street": "Nguyễn Thị Tú",
        "zone": "Quận Bình Tân",
        "ward": null,
        "all_routes": "28, 48",
        "marker_color": "#00897B"
      }
    },
    {
      "type": "Feature",
      "geometry": {
        "type": "Point",
        "coordinates": [
          106.594913,
          10.81555
        ]
      },
      "properties": {
        "feature_type": "bus_stop",
        "stop_id": 2444,
        "stop_code": "QBT 035",
        "stop_name": "Công ty Bảo Ngọc Châu",
        "stop_type": "Trụ dừng",
        "route_no": "48",
        "display_code": "B 48",
        "direction": "Lượt về",
        "address": "117 Nguyễn Thị Tú",
        "street": "Nguyễn Thị Tú",
        "zone": "Quận Bình Tân",
        "ward": null,
        "all_routes": "28, 48, 69",
        "marker_color": "#00897B"
      }
    },
    {
      "type": "Feature",
      "geometry": {
        "type": "Point",
        "coordinates": [
          106.602783,
          10.815718
        ]
      },
      "properties": {
        "feature_type": "bus_stop",
        "stop_id": 2447,
        "stop_code": "QBT 022",
        "stop_name": "Nguyễn Thị Tú",
        "stop_type": "Trụ dừng",
        "route_no": "48",
        "display_code": "B 48",
        "direction": "Lượt về",
        "address": "810-814 Lê Trọng Tấn",
        "street": "Lê Trọng Tấn",
        "zone": "Quận Bình Tân",
        "ward": "Phường Bình Hưng Hòa",
        "all_routes": "28, 48, 69",
        "marker_color": "#00897B"
      }
    },
    {
      "type": "Feature",
      "geometry": {
        "type": "Point",
        "coordinates": [
          106.60495,
          10.814411
        ]
      },
      "properties": {
        "feature_type": "bus_stop",
        "stop_id": 2446,
        "stop_code": "QBT 021",
        "stop_name": "Từ bảo Nghi",
        "stop_type": "Trụ dừng",
        "route_no": "48",
        "display_code": "B 48",
        "direction": "Lượt về",
        "address": "692 Lê Trọng Tấn",
        "street": "Lê Trọng Tấn",
        "zone": "Quận Bình Tân",
        "ward": "Phường Bình Hưng Hòa",
        "all_routes": "28, 48, 69",
        "marker_color": "#00897B"
      }
    },
    {
      "type": "Feature",
      "geometry": {
        "type": "Point",
        "coordinates": [
          106.610309,
          10.811297
        ]
      },
      "properties": {
        "feature_type": "bus_stop",
        "stop_id": 3153,
        "stop_code": "QTP 068",
        "stop_name": "Công Ty bánh Givral",
        "stop_type": "Trụ dừng",
        "route_no": "48",
        "display_code": "B 48",
        "direction": "Lượt về",
        "address": "541 Lê Trọng Tấn",
        "street": "Lê Trọng Tấn",
        "zone": "Quận Tân Phú",
        "ward": "Phường Sơn Kỳ",
        "all_routes": "28, 48, 69",
        "marker_color": "#00897B"
      }
    },
    {
      "type": "Feature",
      "geometry": {
        "type": "Point",
        "coordinates": [
          106.613106,
          10.809837
        ]
      },
      "properties": {
        "feature_type": "bus_stop",
        "stop_id": 3156,
        "stop_code": "QTP 069",
        "stop_name": "Trạm Đường CN 13",
        "stop_type": "Nhà chờ",
        "route_no": "48",
        "display_code": "B 48",
        "direction": "Lượt về",
        "address": "473 Lê Trọng Tấn",
        "street": "Lê Trọng Tấn",
        "zone": "Quận Tân Phú",
        "ward": "Phường Sơn Kỳ",
        "all_routes": "28, 48, 69",
        "marker_color": "#00897B"
      }
    },
    {
      "type": "Feature",
      "geometry": {
        "type": "Point",
        "coordinates": [
          106.615913,
          10.808721
        ]
      },
      "properties": {
        "feature_type": "bus_stop",
        "stop_id": 3155,
        "stop_code": "QTP 070",
        "stop_name": "Trạm Kênh 19/5",
        "stop_type": "Trụ dừng",
        "route_no": "48",
        "display_code": "B 48",
        "direction": "Lượt về",
        "address": "443 Lê Trọng Tấn",
        "street": "Lê Trọng Tấn",
        "zone": "Quận Tân Phú",
        "ward": "Phường Sơn Kỳ",
        "all_routes": "28, 48, 69",
        "marker_color": "#00897B"
      }
    },
    {
      "type": "Feature",
      "geometry": {
        "type": "Point",
        "coordinates": [
          106.61982,
          10.807646
        ]
      },
      "properties": {
        "feature_type": "bus_stop",
        "stop_id": 2924,
        "stop_code": "QTP 071",
        "stop_name": "Tây Thạnh",
        "stop_type": "Trụ dừng",
        "route_no": "48",
        "display_code": "B 48",
        "direction": "Lượt về",
        "address": "363 Lê Trọng Tấn",
        "street": "Lê Trọng Tấn",
        "zone": "Quận Tân Phú",
        "ward": "Phường Sơn Kỳ",
        "all_routes": "41, 48, 69",
        "marker_color": "#00897B"
      }
    },
    {
      "type": "Feature",
      "geometry": {
        "type": "Point",
        "coordinates": [
          106.622368,
          10.80731
        ]
      },
      "properties": {
        "feature_type": "bus_stop",
        "stop_id": 1974,
        "stop_code": "QTP 072",
        "stop_name": "Trạm Bờ Bao Tân Thắng",
        "stop_type": "Trụ dừng",
        "route_no": "48",
        "display_code": "B 48",
        "direction": "Lượt về",
        "address": "271 Lê Trọng Tấn",
        "street": "Lê Trọng Tấn",
        "zone": "Quận Tân Phú",
        "ward": "Phường Sơn Kỳ",
        "all_routes": "16, 41, 48, 69",
        "marker_color": "#00897B"
      }
    },
    {
      "type": "Feature",
      "geometry": {
        "type": "Point",
        "coordinates": [
          106.624886,
          10.806767
        ]
      },
      "properties": {
        "feature_type": "bus_stop",
        "stop_id": 1975,
        "stop_code": "QTP 073",
        "stop_name": "Nguyễn Hữu Tiến",
        "stop_type": "Trụ dừng",
        "route_no": "48",
        "display_code": "B 48",
        "direction": "Lượt về",
        "address": "Đối diện 220 (số 213) Lê Trọng Tấn",
        "street": "Lê Trọng Tấn",
        "zone": "Quận Tân Phú",
        "ward": "Phường Sơn Kỳ",
        "all_routes": "16, 41, 48, 69",
        "marker_color": "#00897B"
      }
    },
    {
      "type": "Feature",
      "geometry": {
        "type": "Point",
        "coordinates": [
          106.627341,
          10.807414
        ]
      },
      "properties": {
        "feature_type": "bus_stop",
        "stop_id": 2604,
        "stop_code": "QTP 177",
        "stop_name": "Lê Trọng Tấn",
        "stop_type": "Ô sơn",
        "route_no": "48",
        "display_code": "B 48",
        "direction": "Lượt về",
        "address": "Kế 16 Dương Đức Hiền",
        "street": "Dương Đức Hiền",
        "zone": "Quận Tân Phú",
        "ward": "Phường Tây Thạnh",
        "all_routes": "16, 32, 48",
        "marker_color": "#00897B"
      }
    },
    {
      "type": "Feature",
      "geometry": {
        "type": "Point",
        "coordinates": [
          106.627078,
          10.810438
        ]
      },
      "properties": {
        "feature_type": "bus_stop",
        "stop_id": 2599,
        "stop_code": "QTP 178",
        "stop_name": "Trung tâm Văn Hóa Quận Tân Phú",
        "stop_type": "Trụ dừng",
        "route_no": "48",
        "display_code": "B 48",
        "direction": "Lượt về",
        "address": "72 Dương Đức Hiền",
        "street": "Dương Đức Hiền",
        "zone": "Quận Tân Phú",
        "ward": "Phường Tây Thạnh",
        "all_routes": "16, 32, 48",
        "marker_color": "#00897B"
      }
    },
    {
      "type": "Feature",
      "geometry": {
        "type": "Point",
        "coordinates": [
          106.628162,
          10.811777
        ]
      },
      "properties": {
        "feature_type": "bus_stop",
        "stop_id": 1998,
        "stop_code": "QTP 250",
        "stop_name": "Lưu Chí Hiếu",
        "stop_type": "Trụ dừng",
        "route_no": "48",
        "display_code": "B 48",
        "direction": "Lượt về",
        "address": "kế 75/2 Chế Lan Viên",
        "street": "Chế Lan Viên",
        "zone": "Quận Tân Phú",
        "ward": "Phường Tây Thạnh",
        "all_routes": "16, 48",
        "marker_color": "#00897B"
      }
    },
    {
      "type": "Feature",
      "geometry": {
        "type": "Point",
        "coordinates": [
          106.632442,
          10.812483
        ]
      },
      "properties": {
        "feature_type": "bus_stop",
        "stop_id": 7130,
        "stop_code": "QTP 247",
        "stop_name": "Trường Chinh",
        "stop_type": "Trụ dừng",
        "route_no": "48",
        "display_code": "B 48",
        "direction": "Lượt về",
        "address": "31-33 Chế Lan Viên",
        "street": "Chế Lan Viên",
        "zone": "Quận Tân Phú",
        "ward": "Phường Tây Thạnh",
        "all_routes": "16, 48",
        "marker_color": "#00897B"
      }
    }
  ]
}