{
  "type": "FeatureCollection",
  "properties": {
    "stt": 6,
    "route_no": "30",
    "display_code": "B 30",
    "route_name": "Chợ Tân Hương - Bến xe buýt Văn Thánh",
    "start_point": "Chợ Tân Hương",
    "end_point": "Bến xe buýt Văn Thánh",
    "listed_length_km": 18,
    "operating_hours": "5:00 - 22:00",
    "color": "#1E88E5",
    "num_variants": 2,
    "total_stops": 102,
    "total_points": 917
  },
  "features": [
    {
      "type": "Feature",
      "geometry": {
        "type": "LineString",
        "coordinates": [
          [
            106.62205505,
            10.78761673
          ],
          [
            106.62205505,
            10.78761673
          ],
          [
            106.62207031,
            10.78765869
          ],
          [
            106.62241364,
            10.78756428
          ],
          [
            106.62245941,
            10.78769016
          ],
          [
            106.62197113,
            10.78784275
          ],
          [
            106.62199402,
            10.78788471
          ],
          [
            106.62199402,
            10.78788471
          ],
          [
            106.62199402,
            10.78788471
          ],
          [
            106.62199402,
            10.78788471
          ],
          [
            106.62199402,
            10.78788471
          ],
          [
            106.62197876,
            10.78784275
          ],
          [
            106.62179565,
            10.78790665
          ],
          [
            106.62114716,
            10.78838062
          ],
          [
            106.62098694,
            10.7884388
          ],
          [
            106.61994171,
            10.78839684
          ],
          [
            106.61889648,
            10.78829193
          ],
          [
            106.61889648,
            10.78829193
          ],
          [
            106.61889648,
            10.78829193
          ],
          [
            106.61889648,
            10.78829193
          ],
          [
            106.61889648,
            10.78829193
          ],
          [
            106.61889648,
            10.78829193
          ],
          [
            106.61889648,
            10.78829193
          ],
          [
            106.61813354,
            10.78824329
          ],
          [
            106.61736298,
            10.78816509
          ],
          [
            106.61714935,
            10.78881264
          ],
          [
            106.6169281,
            10.78946114
          ],
          [
            106.61762238,
            10.7895956
          ],
          [
            106.61830902,
            10.78973007
          ],
          [
            106.61833954,
            10.78967667
          ],
          [
            106.61833954,
            10.78967667
          ],
          [
            106.61833954,
            10.78967667
          ],
          [
            106.61833954,
            10.78967667
          ],
          [
            106.61833954,
            10.78972435
          ],
          [
            106.61917877,
            10.78990364
          ],
          [
            106.62002563,
            10.79005623
          ],
          [
            106.62084198,
            10.79019356
          ],
          [
            106.62167358,
            10.7900877
          ],
          [
            106.62166595,
            10.79004574
          ],
          [
            106.62166595,
            10.79004574
          ],
          [
            106.62167358,
            10.79007721
          ],
          [
            106.62312317,
            10.78991985
          ],
          [
            106.62458038,
            10.78973484
          ],
          [
            106.62456512,
            10.78968143
          ],
          [
            106.62456512,
            10.78968143
          ],
          [
            106.62456512,
            10.78968143
          ],
          [
            106.62457275,
            10.78971004
          ],
          [
            106.6246109,
            10.78974056
          ],
          [
            106.62585449,
            10.78953552
          ],
          [
            106.62709045,
            10.78932953
          ],
          [
            106.62815857,
            10.79013538
          ],
          [
            106.62825012,
            10.79034996
          ],
          [
            106.62827301,
            10.79034328
          ],
          [
            106.62827301,
            10.79034328
          ],
          [
            106.62827301,
            10.79034328
          ],
          [
            106.62841034,
            10.79088497
          ],
          [
            106.62854767,
            10.79142666
          ],
          [
            106.62869263,
            10.79197216
          ],
          [
            106.62882996,
            10.79251766
          ],
          [
            106.62889099,
            10.79251099
          ],
          [
            106.62889099,
            10.79251099
          ],
          [
            106.62882996,
            10.79252243
          ],
          [
            106.62892151,
            10.7928915
          ],
          [
            106.63017273,
            10.79269695
          ],
          [
            106.63142395,
            10.79249191
          ],
          [
            106.63142395,
            10.79249191
          ],
          [
            106.63142395,
            10.79251766
          ],
          [
            106.63239288,
            10.79236412
          ],
          [
            106.63334656,
            10.79221725
          ],
          [
            106.63333893,
            10.79218769
          ],
          [
            106.63333893,
            10.79218769
          ],
          [
            106.63334656,
            10.79222202
          ],
          [
            106.63504791,
            10.79194832
          ],
          [
            106.63676453,
            10.79168987
          ],
          [
            106.63674927,
            10.79166412
          ],
          [
            106.63674927,
            10.79166412
          ],
          [
            106.63674927,
            10.79166412
          ],
          [
            106.63676453,
            10.79169559
          ],
          [
            106.63761139,
            10.79156399
          ],
          [
            106.63780975,
            10.79290199
          ],
          [
            106.63807678,
            10.79454613
          ],
          [
            106.63811493,
            10.79454136
          ],
          [
            106.63811493,
            10.79454136
          ],
          [
            106.63811493,
            10.79454136
          ],
          [
            106.63808441,
            10.79454041
          ],
          [
            106.63822174,
            10.79525757
          ],
          [
            106.63840485,
            10.79524136
          ],
          [
            106.63870239,
            10.79430866
          ],
          [
            106.63861847,
            10.79428291
          ],
          [
            106.63861847,
            10.79428291
          ],
          [
            106.63871765,
            10.79430389
          ],
          [
            106.63925934,
            10.79270744
          ],
          [
            106.63961792,
            10.79281807
          ],
          [
            106.63994598,
            10.79297066
          ],
          [
            106.64014435,
            10.79318142
          ],
          [
            106.64061737,
            10.7948513
          ],
          [
            106.64065552,
            10.79484367
          ],
          [
            106.64065552,
            10.79484367
          ],
          [
            106.64060974,
            10.79485703
          ],
          [
            106.64112091,
            10.79639053
          ],
          [
            106.64160156,
            10.79792881
          ],
          [
            106.64167786,
            10.79789829
          ],
          [
            106.64167786,
            10.79789829
          ],
          [
            106.64167786,
            10.79789829
          ],
          [
            106.64167786,
            10.79789829
          ],
          [
            106.6415863,
            10.79791832
          ],
          [
            106.64194489,
            10.79897213
          ],
          [
            106.64312744,
            10.7983427
          ],
          [
            106.64430237,
            10.79771328
          ],
          [
            106.64427185,
            10.79767609
          ],
          [
            106.64426422,
            10.7976656
          ],
          [
            106.64426422,
            10.7976656
          ],
          [
            106.64426422,
            10.7976656
          ],
          [
            106.64426422,
            10.7976656
          ],
          [
            106.64426422,
            10.7976656
          ],
          [
            106.64430237,
            10.79772377
          ],
          [
            106.64528656,
            10.79719925
          ],
          [
            106.64626312,
            10.79667473
          ],
          [
            106.64621735,
            10.79660606
          ],
          [
            106.64621735,
            10.79660606
          ],
          [
            106.64621735,
            10.79660606
          ],
          [
            106.64621735,
            10.79660606
          ],
          [
            106.64621735,
            10.79660606
          ],
          [
            106.64624786,
            10.79669094
          ],
          [
            106.64778137,
            10.79586887
          ],
          [
            106.64931488,
            10.79504681
          ],
          [
            106.64926147,
            10.79497814
          ],
          [
            106.64926147,
            10.79497814
          ],
          [
            106.64926147,
            10.79497814
          ],
          [
            106.64926147,
            10.79497814
          ],
          [
            106.64926147,
            10.79497814
          ],
          [
            106.64932251,
            10.79504681
          ],
          [
            106.65037537,
            10.79448318
          ],
          [
            106.65142059,
            10.79391861
          ],
          [
            106.65136719,
            10.79385567
          ],
          [
            106.65136719,
            10.79385567
          ],
          [
            106.65136719,
            10.79385567
          ],
          [
            106.65136719,
            10.79385567
          ],
          [
            106.65136719,
            10.79385567
          ],
          [
            106.65136719,
            10.79385567
          ],
          [
            106.65143585,
            10.79390335
          ],
          [
            106.65278625,
            10.79318428
          ],
          [
            106.65413666,
            10.79246426
          ],
          [
            106.65412903,
            10.79239082
          ],
          [
            106.65412903,
            10.79239082
          ],
          [
            106.65412903,
            10.79239082
          ],
          [
            106.65412903,
            10.79239082
          ],
          [
            106.65412903,
            10.79239082
          ],
          [
            106.65419006,
            10.79243279
          ],
          [
            106.65589142,
            10.79154205
          ],
          [
            106.65588379,
            10.7914629
          ],
          [
            106.65588379,
            10.7914629
          ],
          [
            106.65588379,
            10.7914629
          ],
          [
            106.65588379,
            10.7914629
          ],
          [
            106.65588379,
            10.7914629
          ],
          [
            106.65593719,
            10.7915163
          ],
          [
            106.65720367,
            10.7908392
          ],
          [
            106.65847778,
            10.79016209
          ],
          [
            106.65846252,
            10.7901144
          ],
          [
            106.65846252,
            10.7901144
          ],
          [
            106.65846252,
            10.7901144
          ],
          [
            106.65846252,
            10.7901144
          ],
          [
            106.65849304,
            10.79016209
          ],
          [
            106.65955353,
            10.78959274
          ],
          [
            106.66062164,
            10.7890234
          ],
          [
            106.66170502,
            10.78845692
          ],
          [
            106.66278839,
            10.78789043
          ],
          [
            106.66274261,
            10.78785038
          ],
          [
            106.66274261,
            10.78785038
          ],
          [
            106.66277313,
            10.78788567
          ],
          [
            106.66425323,
            10.78708935
          ],
          [
            106.6657486,
            10.78629875
          ],
          [
            106.6672287,
            10.78550911
          ],
          [
            106.66871643,
            10.78471851
          ],
          [
            106.66868591,
            10.78467083
          ],
          [
            106.66868591,
            10.78467083
          ],
          [
            106.66868591,
            10.78467083
          ],
          [
            106.66874695,
            10.78472328
          ],
          [
            106.66973877,
            10.78419209
          ],
          [
            106.67073059,
            10.78366184
          ],
          [
            106.67173004,
            10.78313065
          ],
          [
            106.67272186,
            10.78259945
          ],
          [
            106.67269897,
            10.7825346
          ],
          [
            106.67269897,
            10.7825346
          ],
          [
            106.67269897,
            10.7825346
          ],
          [
            106.67269897,
            10.7825346
          ],
          [
            106.67269897,
            10.7825346
          ],
          [
            106.67269897,
            10.7825346
          ],
          [
            106.67273712,
            10.7825737
          ],
          [
            106.67389679,
            10.7819519
          ],
          [
            106.67505646,
            10.78133011
          ],
          [
            106.67506409,
            10.78124046
          ],
          [
            106.67506409,
            10.78124046
          ],
          [
            106.67506409,
            10.78124046
          ],
          [
            106.67506409,
            10.78124046
          ],
          [
            106.67510223,
            10.78128242
          ],
          [
            106.67584229,
            10.78090286
          ],
          [
            106.67657471,
            10.7805233
          ],
          [
            106.67657471,
            10.78043461
          ],
          [
            106.67657471,
            10.78043461
          ],
          [
            106.67657471,
            10.78043461
          ],
          [
            106.67657471,
            10.78043461
          ],
          [
            106.67657471,
            10.78043461
          ],
          [
            106.67657471,
            10.78043461
          ],
          [
            106.67657471,
            10.78043461
          ],
          [
            106.67660522,
            10.78049755
          ],
          [
            106.67762756,
            10.77995014
          ],
          [
            106.67865753,
            10.77940178
          ],
          [
            106.6796875,
            10.77885342
          ],
          [
            106.68070984,
            10.77830505
          ],
          [
            106.68070221,
            10.77820492
          ],
          [
            106.68070221,
            10.77820492
          ],
          [
            106.68070221,
            10.77820492
          ],
          [
            106.68070221,
            10.77820492
          ],
          [
            106.68074036,
            10.77826786
          ],
          [
            106.68136597,
            10.7779417
          ],
          [
            106.68145752,
            10.77763557
          ],
          [
            106.68171692,
            10.77750969
          ],
          [
            106.68197632,
            10.77767754
          ],
          [
            106.68251801,
            10.77733517
          ],
          [
            106.68245697,
            10.77721882
          ],
          [
            106.68245697,
            10.77721882
          ],
          [
            106.68253326,
            10.77733517
          ],
          [
            106.6836853,
            10.77667141
          ],
          [
            106.68409729,
            10.77704048
          ],
          [
            106.68414307,
            10.77700901
          ],
          [
            106.68414307,
            10.77700901
          ],
          [
            106.68414307,
            10.77700901
          ],
          [
            106.68414307,
            10.77700901
          ],
          [
            106.68410492,
            10.77706146
          ],
          [
            106.68476868,
            10.77768612
          ],
          [
            106.68543243,
            10.77831078
          ],
          [
            106.68547058,
            10.77825546
          ],
          [
            106.68547058,
            10.77825546
          ],
          [
            106.68547058,
            10.77825546
          ],
          [
            106.68547058,
            10.77825546
          ],
          [
            106.68547058,
            10.77825546
          ],
          [
            106.68547058,
            10.77825546
          ],
          [
            106.68545532,
            10.77832127
          ],
          [
            106.68598938,
            10.7788229
          ],
          [
            106.68651581,
            10.77932549
          ],
          [
            106.68704987,
            10.77982712
          ],
          [
            106.68757629,
            10.78032875
          ],
          [
            106.68762207,
            10.78028584
          ],
          [
            106.68762207,
            10.78028584
          ],
          [
            106.68762207,
            10.78028584
          ],
          [
            106.68762207,
            10.78028584
          ],
          [
            106.68762207,
            10.78028584
          ],
          [
            106.68762207,
            10.78028584
          ],
          [
            106.68759918,
            10.78035545
          ],
          [
            106.68827057,
            10.78100204
          ],
          [
            106.68894196,
            10.78164959
          ],
          [
            106.68961334,
            10.78229618
          ],
          [
            106.69028473,
            10.78294277
          ],
          [
            106.69036865,
            10.7828722
          ],
          [
            106.69036865,
            10.7828722
          ],
          [
            106.69036865,
            10.7828722
          ],
          [
            106.69036865,
            10.7828722
          ],
          [
            106.69036865,
            10.7828722
          ],
          [
            106.69036865,
            10.7828722
          ],
          [
            106.69036865,
            10.7828722
          ],
          [
            106.69029236,
            10.78297424
          ],
          [
            106.6907959,
            10.78347778
          ],
          [
            106.69129944,
            10.78398132
          ],
          [
            106.69180298,
            10.78448391
          ],
          [
            106.69230652,
            10.78500843
          ],
          [
            106.69237518,
            10.78496456
          ],
          [
            106.69237518,
            10.78496456
          ],
          [
            106.69237518,
            10.78496456
          ],
          [
            106.69237518,
            10.78496456
          ],
          [
            106.69237518,
            10.78496456
          ],
          [
            106.69231415,
            10.78499794
          ],
          [
            106.69281006,
            10.78553486
          ],
          [
            106.6934433,
            10.78493404
          ],
          [
            106.69337463,
            10.78482437
          ],
          [
            106.69337463,
            10.78482437
          ],
          [
            106.69337463,
            10.78482437
          ],
          [
            106.69348145,
            10.78491879
          ],
          [
            106.69436646,
            10.78410244
          ],
          [
            106.69524384,
            10.78328514
          ],
          [
            106.69519806,
            10.78321075
          ],
          [
            106.69519806,
            10.78321075
          ],
          [
            106.69519806,
            10.78321075
          ],
          [
            106.69525146,
            10.78324318
          ],
          [
            106.69554138,
            10.7829895
          ],
          [
            106.69552612,
            10.78261566
          ],
          [
            106.69568634,
            10.78236771
          ],
          [
            106.69591522,
            10.78227806
          ],
          [
            106.69622803,
            10.78233147
          ],
          [
            106.6967926,
            10.78174114
          ],
          [
            106.6967926,
            10.78174114
          ],
          [
            106.69722748,
            10.7813797
          ],
          [
            106.69722748,
            10.7813797
          ],
          [
            106.69782257,
            10.78085709
          ],
          [
            106.69841003,
            10.78033352
          ],
          [
            106.69839478,
            10.78020763
          ],
          [
            106.69853973,
            10.78019142
          ],
          [
            106.69857025,
            10.78034973
          ],
          [
            106.69905853,
            10.78089809
          ],
          [
            106.69905853,
            10.78089809
          ],
          [
            106.69959259,
            10.78149319
          ],
          [
            106.70062256,
            10.78258896
          ],
          [
            106.70219421,
            10.7842598
          ],
          [
            106.70230103,
            10.78417015
          ],
          [
            106.70230103,
            10.78417015
          ],
          [
            106.70230103,
            10.78417015
          ],
          [
            106.70230103,
            10.78417015
          ],
          [
            106.70223236,
            10.78424358
          ],
          [
            106.70257568,
            10.78461456
          ],
          [
            106.70292664,
            10.78498554
          ],
          [
            106.70326996,
            10.78535652
          ],
          [
            106.70361328,
            10.7857275
          ],
          [
            106.70396423,
            10.78609753
          ],
          [
            106.70430756,
            10.78646851
          ],
          [
            106.70465851,
            10.78683949
          ],
          [
            106.70500183,
            10.78721046
          ],
          [
            106.70556641,
            10.78673172
          ],
          [
            106.70600891,
            10.78631496
          ],
          [
            106.70645905,
            10.78592014
          ],
          [
            106.70680237,
            10.78556442
          ],
          [
            106.70717621,
            10.7852354
          ],
          [
            106.70754242,
            10.78490543
          ],
          [
            106.70791626,
            10.78457642
          ],
          [
            106.70804596,
            10.7844286
          ],
          [
            106.70834351,
            10.78480339
          ],
          [
            106.70857239,
            10.78510857
          ],
          [
            106.70862579,
            10.7850771
          ],
          [
            106.70862579,
            10.7850771
          ],
          [
            106.70862579,
            10.7850771
          ],
          [
            106.70862579,
            10.7850771
          ],
          [
            106.70856476,
            10.78509808
          ],
          [
            106.70898438,
            10.78592014
          ],
          [
            106.70948029,
            10.78719997
          ],
          [
            106.70993042,
            10.78833294
          ],
          [
            106.7102356,
            10.78880215
          ],
          [
            106.71047211,
            10.78902912
          ],
          [
            106.71073914,
            10.78918171
          ],
          [
            106.71077728,
            10.78911304
          ],
          [
            106.71077728,
            10.78911304
          ],
          [
            106.71077728,
            10.78911304
          ],
          [
            106.71077728,
            10.78911304
          ],
          [
            106.71077728,
            10.78911304
          ],
          [
            106.71077728,
            10.78911304
          ],
          [
            106.71074677,
            10.7891922
          ],
          [
            106.71116638,
            10.78941345
          ],
          [
            106.71214294,
            10.7895031
          ],
          [
            106.71350861,
            10.78927612
          ],
          [
            106.71485901,
            10.78899193
          ],
          [
            106.71575928,
            10.78896046
          ],
          [
            106.71666718,
            10.78927612
          ],
          [
            106.71765137,
            10.78997231
          ],
          [
            106.71805573,
            10.79039383
          ],
          [
            106.71828461,
            10.79099464
          ],
          [
            106.71834564,
            10.7921381
          ],
          [
            106.71838379,
            10.79326534
          ],
          [
            106.71844482,
            10.7932663
          ],
          [
            106.71844482,
            10.7932663
          ],
          [
            106.71844482,
            10.7932663
          ],
          [
            106.71844482,
            10.7932663
          ],
          [
            106.71844482,
            10.7932663
          ],
          [
            106.71844482,
            10.7932663
          ],
          [
            106.71844482,
            10.7932663
          ],
          [
            106.71844482,
            10.7932663
          ],
          [
            106.71844482,
            10.7932663
          ],
          [
            106.71837616,
            10.79326534
          ],
          [
            106.71837616,
            10.79447746
          ],
          [
            106.71839905,
            10.79497814
          ],
          [
            106.71852112,
            10.79536819
          ],
          [
            106.71875763,
            10.79576874
          ],
          [
            106.7191391,
            10.79607964
          ],
          [
            106.71949005,
            10.79635334
          ],
          [
            106.71987152,
            10.79665375
          ],
          [
            106.71990967,
            10.7966013
          ],
          [
            106.71990967,
            10.7966013
          ],
          [
            106.71990967,
            10.7966013
          ],
          [
            106.71990967,
            10.7966013
          ],
          [
            106.71990967,
            10.7966013
          ],
          [
            106.71990967,
            10.7966013
          ],
          [
            106.71990967,
            10.7966013
          ],
          [
            106.72040558,
            10.79714966
          ],
          [
            106.72076416,
            10.79743385
          ],
          [
            106.72123718,
            10.79747581
          ],
          [
            106.72239685,
            10.79742336
          ],
          [
            106.723526,
            10.79740238
          ],
          [
            106.72396088,
            10.79758167
          ],
          [
            106.72447205,
            10.79789257
          ],
          [
            106.72457123,
            10.79823494
          ],
          [
            106.72450256,
            10.79859257
          ],
          [
            106.72439575,
            10.79884624
          ],
          [
            106.72415161,
            10.79903603
          ],
          [
            106.72385406,
            10.79910374
          ],
          [
            106.72356415,
            10.79913044
          ],
          [
            106.72221375,
            10.79898262
          ],
          [
            106.72221375,
            10.79905319
          ],
          [
            106.72221375,
            10.79905319
          ],
          [
            106.72221375,
            10.79905319
          ],
          [
            106.72221375,
            10.79905319
          ],
          [
            106.72221375,
            10.79905319
          ],
          [
            106.72221375,
            10.79905319
          ],
          [
            106.72221375,
            10.79905319
          ],
          [
            106.72221375,
            10.79905319
          ],
          [
            106.72221375,
            10.79905319
          ],
          [
            106.72221375,
            10.79905319
          ],
          [
            106.72221375,
            10.79905319
          ],
          [
            106.72221375,
            10.79905319
          ],
          [
            106.72221375,
            10.79905319
          ],
          [
            106.72222137,
            10.79903603
          ],
          [
            106.72169495,
            10.79894638
          ],
          [
            106.72104645,
            10.79863548
          ],
          [
            106.72055054,
            10.79850388
          ],
          [
            106.72009277,
            10.79859257
          ],
          [
            106.71957397,
            10.79889297
          ],
          [
            106.71957397,
            10.79889297
          ],
          [
            106.71957397,
            10.79889297
          ],
          [
            106.71957397,
            10.79889297
          ],
          [
            106.71957397,
            10.79889297
          ],
          [
            106.71957397,
            10.79889297
          ],
          [
            106.71957397,
            10.79889297
          ],
          [
            106.71957397,
            10.79889297
          ],
          [
            106.71957397,
            10.79889297
          ],
          [
            106.71957397,
            10.79889297
          ],
          [
            106.71957397,
            10.79889297
          ],
          [
            106.71957397,
            10.79889297
          ],
          [
            106.71957397,
            10.79889297
          ],
          [
            106.71957397,
            10.79889297
          ],
          [
            106.71957397,
            10.79889297
          ],
          [
            106.71920013,
            10.79916763
          ],
          [
            106.71879578,
            10.79939365
          ],
          [
            106.71797943,
            10.79985809
          ],
          [
            106.71826172,
            10.80035782
          ],
          [
            106.71850586,
            10.80086899
          ],
          [
            106.71800232,
            10.80109882
          ],
          [
            106.71749878,
            10.80131721
          ],
          [
            106.71749878,
            10.80131721
          ],
          [
            106.71749878,
            10.80131721
          ],
          [
            106.71749878,
            10.80131721
          ],
          [
            106.71749878,
            10.80131721
          ]
        ]
      },
      "properties": {
        "feature_type": "route_path",
        "stt": 6,
        "route_id": 51,
        "route_no": "30",
        "display_code": "B 30",
        "route_name": "Chợ Tân Hương - Bến xe buýt Văn Thánh",
        "direction": "Lượt đi",
        "outbound": true,
        "start_point": "Chợ Tân Hương",
        "end_point": "Bến xe buýt Văn Thánh",
        "start_stop": "Cư xá Nhiêu Lộc",
        "end_stop": "Bến xe Văn Thánh",
        "distance_km": 18.38,
        "listed_length_km": 18,
        "running_time_min": 50,
        "operating_hours": "5:00 - 22:00",
        "stroke": "#1E88E5",
        "stroke_width": 4,
        "stroke_opacity": 0.85
      }
    },
    {
      "type": "Feature",
      "geometry": {
        "type": "LineString",
        "coordinates": [
          [
            106.71749878,
            10.80131721
          ],
          [
            106.71749878,
            10.80131721
          ],
          [
            106.71749878,
            10.80131721
          ],
          [
            106.71846771,
            10.80090618
          ],
          [
            106.71820068,
            10.80039024
          ],
          [
            106.71792603,
            10.79989433
          ],
          [
            106.71722412,
            10.80022621
          ],
          [
            106.71722412,
            10.8002739
          ],
          [
            106.71722412,
            10.8002739
          ],
          [
            106.71722412,
            10.8002739
          ],
          [
            106.71722412,
            10.8002739
          ],
          [
            106.71722412,
            10.8002739
          ],
          [
            106.71722412,
            10.8002739
          ],
          [
            106.71722412,
            10.8002739
          ],
          [
            106.71722412,
            10.8002739
          ],
          [
            106.71686554,
            10.80035305
          ],
          [
            106.7165451,
            10.80042171
          ],
          [
            106.71604919,
            10.80069065
          ],
          [
            106.71582794,
            10.80087471
          ],
          [
            106.71485901,
            10.80122757
          ],
          [
            106.71485901,
            10.80122757
          ],
          [
            106.71485901,
            10.80122757
          ],
          [
            106.71485901,
            10.80122757
          ],
          [
            106.71485901,
            10.80122757
          ],
          [
            106.71485901,
            10.80122757
          ],
          [
            106.71485901,
            10.80122757
          ],
          [
            106.71485901,
            10.80122757
          ],
          [
            106.71485901,
            10.80122757
          ],
          [
            106.71485901,
            10.80122757
          ],
          [
            106.71392822,
            10.80148602
          ],
          [
            106.71337891,
            10.80161762
          ],
          [
            106.71283722,
            10.80169678
          ],
          [
            106.71283722,
            10.80169678
          ],
          [
            106.71283722,
            10.80169678
          ],
          [
            106.71283722,
            10.80169678
          ],
          [
            106.71283722,
            10.80169678
          ],
          [
            106.71283722,
            10.80169678
          ],
          [
            106.71283722,
            10.80169678
          ],
          [
            106.71266937,
            10.80163383
          ],
          [
            106.71160889,
            10.80163383
          ],
          [
            106.71129608,
            10.80171776
          ],
          [
            106.71104431,
            10.80148029
          ],
          [
            106.71124268,
            10.80117989
          ],
          [
            106.71173096,
            10.80125904
          ],
          [
            106.71273041,
            10.8012228
          ],
          [
            106.71427917,
            10.80091667
          ],
          [
            106.71425629,
            10.80082703
          ],
          [
            106.71425629,
            10.80082703
          ],
          [
            106.71425629,
            10.80082703
          ],
          [
            106.71429443,
            10.80084801
          ],
          [
            106.71552277,
            10.80044746
          ],
          [
            106.7159729,
            10.8004055
          ],
          [
            106.71647644,
            10.80016327
          ],
          [
            106.71681976,
            10.7998476
          ],
          [
            106.71740723,
            10.79953098
          ],
          [
            106.71740723,
            10.79953098
          ],
          [
            106.71775818,
            10.79939938
          ],
          [
            106.71858978,
            10.79891968
          ],
          [
            106.71907043,
            10.7986145
          ],
          [
            106.71949768,
            10.79852486
          ],
          [
            106.71949768,
            10.79852486
          ],
          [
            106.71998596,
            10.79813957
          ],
          [
            106.72015381,
            10.79789734
          ],
          [
            106.72013092,
            10.79764462
          ],
          [
            106.71971893,
            10.79718113
          ],
          [
            106.71924591,
            10.79668522
          ],
          [
            106.71809387,
            10.79526711
          ],
          [
            106.7182312,
            10.79522991
          ],
          [
            106.71817017,
            10.79491043
          ],
          [
            106.71813965,
            10.79345036
          ],
          [
            106.71810913,
            10.79109001
          ],
          [
            106.71807098,
            10.79090977
          ],
          [
            106.71797943,
            10.79067039
          ],
          [
            106.71787262,
            10.79045963
          ],
          [
            106.71766663,
            10.79020023
          ],
          [
            106.71743011,
            10.78997993
          ],
          [
            106.71724701,
            10.78985977
          ],
          [
            106.71675873,
            10.7896204
          ],
          [
            106.71650696,
            10.78950024
          ],
          [
            106.71645355,
            10.78946972
          ],
          [
            106.71595001,
            10.78925037
          ],
          [
            106.71552277,
            10.78913975
          ],
          [
            106.71533203,
            10.78911972
          ],
          [
            106.71498871,
            10.78911018
          ],
          [
            106.71450043,
            10.7891798
          ],
          [
            106.71424103,
            10.78921986
          ],
          [
            106.71385956,
            10.78936958
          ],
          [
            106.71199799,
            10.78964996
          ],
          [
            106.71166229,
            10.78966999
          ],
          [
            106.71134186,
            10.78962994
          ],
          [
            106.71112823,
            10.78958035
          ],
          [
            106.71067047,
            10.78938007
          ],
          [
            106.71064758,
            10.78936958
          ],
          [
            106.71052551,
            10.78947735
          ],
          [
            106.71052551,
            10.78947735
          ],
          [
            106.71055603,
            10.78942966
          ],
          [
            106.71001434,
            10.78901291
          ],
          [
            106.70964813,
            10.78841209
          ],
          [
            106.70903015,
            10.78688431
          ],
          [
            106.70871735,
            10.78602505
          ],
          [
            106.70857239,
            10.78548241
          ],
          [
            106.70825958,
            10.78494453
          ],
          [
            106.7075882,
            10.78412247
          ],
          [
            106.70755768,
            10.78414917
          ],
          [
            106.70755768,
            10.78414917
          ],
          [
            106.70755768,
            10.78414917
          ],
          [
            106.70755768,
            10.78414917
          ],
          [
            106.70755768,
            10.78414917
          ],
          [
            106.70755768,
            10.78414917
          ],
          [
            106.70759583,
            10.78412247
          ],
          [
            106.7068634,
            10.78331089
          ],
          [
            106.70616913,
            10.78247356
          ],
          [
            106.7052536,
            10.78336048
          ],
          [
            106.70478058,
            10.78377247
          ],
          [
            106.70429993,
            10.7842226
          ],
          [
            106.70436096,
            10.78428555
          ],
          [
            106.70436096,
            10.78428555
          ],
          [
            106.70436096,
            10.78428555
          ],
          [
            106.70436096,
            10.78428555
          ],
          [
            106.70436096,
            10.78428555
          ],
          [
            106.70436096,
            10.78428555
          ],
          [
            106.70430756,
            10.7842226
          ],
          [
            106.70372772,
            10.78474712
          ],
          [
            106.70314789,
            10.78527164
          ],
          [
            106.70263672,
            10.78474712
          ],
          [
            106.7021637,
            10.78423882
          ],
          [
            106.70211792,
            10.78427982
          ],
          [
            106.70211792,
            10.78427982
          ],
          [
            106.70211792,
            10.78427982
          ],
          [
            106.70211792,
            10.78427982
          ],
          [
            106.70211792,
            10.78427982
          ],
          [
            106.70211792,
            10.78427982
          ],
          [
            106.70211792,
            10.78427982
          ],
          [
            106.70211792,
            10.78427982
          ],
          [
            106.70211792,
            10.78427982
          ],
          [
            106.7021637,
            10.78422832
          ],
          [
            106.70132446,
            10.78335857
          ],
          [
            106.70050049,
            10.78249454
          ],
          [
            106.69967651,
            10.78159904
          ],
          [
            106.69887543,
            10.78073406
          ],
          [
            106.69870758,
            10.78091431
          ],
          [
            106.69870758,
            10.78091431
          ],
          [
            106.69870758,
            10.78091431
          ],
          [
            106.69870758,
            10.78091431
          ],
          [
            106.69870758,
            10.78091431
          ],
          [
            106.69888306,
            10.78077698
          ],
          [
            106.69845581,
            10.78034401
          ],
          [
            106.69722748,
            10.78149319
          ],
          [
            106.69722748,
            10.78149319
          ],
          [
            106.69722748,
            10.78149319
          ],
          [
            106.69722748,
            10.78149319
          ],
          [
            106.69684601,
            10.78182507
          ],
          [
            106.69687653,
            10.78186226
          ],
          [
            106.69687653,
            10.78186226
          ],
          [
            106.69687653,
            10.78186226
          ],
          [
            106.69683075,
            10.78180981
          ],
          [
            106.69618988,
            10.78236294
          ],
          [
            106.69631958,
            10.78249931
          ],
          [
            106.69635773,
            10.7826786
          ],
          [
            106.69631958,
            10.78285313
          ],
          [
            106.69622803,
            10.78299999
          ],
          [
            106.6960907,
            10.78306866
          ],
          [
            106.69593811,
            10.78311062
          ],
          [
            106.69576263,
            10.78307438
          ],
          [
            106.69558716,
            10.78297901
          ],
          [
            106.69452667,
            10.78398037
          ],
          [
            106.69457245,
            10.78401184
          ],
          [
            106.69457245,
            10.78401184
          ],
          [
            106.69457245,
            10.78401184
          ],
          [
            106.69457245,
            10.78401184
          ],
          [
            106.69457245,
            10.78401184
          ],
          [
            106.6945343,
            10.7839756
          ],
          [
            106.69393158,
            10.78452873
          ],
          [
            106.6933136,
            10.78509235
          ],
          [
            106.69335175,
            10.78514004
          ],
          [
            106.69335175,
            10.78514004
          ],
          [
            106.69335175,
            10.78514004
          ],
          [
            106.69335175,
            10.78514004
          ],
          [
            106.69335175,
            10.78514004
          ],
          [
            106.69329834,
            10.78510857
          ],
          [
            106.69248199,
            10.78582764
          ],
          [
            106.69166565,
            10.78654671
          ],
          [
            106.6917038,
            10.78658867
          ],
          [
            106.6917038,
            10.78658867
          ],
          [
            106.6917038,
            10.78658867
          ],
          [
            106.6917038,
            10.78658867
          ],
          [
            106.69165802,
            10.78654671
          ],
          [
            106.69111633,
            10.78702068
          ],
          [
            106.69097137,
            10.7868681
          ],
          [
            106.69091797,
            10.78691578
          ],
          [
            106.69091797,
            10.78691578
          ],
          [
            106.69091797,
            10.78691578
          ],
          [
            106.69091797,
            10.78691578
          ],
          [
            106.69091797,
            10.78691578
          ],
          [
            106.69095612,
            10.78688431
          ],
          [
            106.69031525,
            10.78621006
          ],
          [
            106.68966675,
            10.78553486
          ],
          [
            106.68961334,
            10.78558254
          ],
          [
            106.68961334,
            10.78558254
          ],
          [
            106.68961334,
            10.78558254
          ],
          [
            106.68961334,
            10.78558254
          ],
          [
            106.68961334,
            10.78558254
          ],
          [
            106.68961334,
            10.78558254
          ],
          [
            106.68961334,
            10.78558254
          ],
          [
            106.68966675,
            10.78553009
          ],
          [
            106.68861389,
            10.78450298
          ],
          [
            106.68756866,
            10.78347492
          ],
          [
            106.68751526,
            10.7835331
          ],
          [
            106.68751526,
            10.7835331
          ],
          [
            106.68751526,
            10.7835331
          ],
          [
            106.68751526,
            10.7835331
          ],
          [
            106.68751526,
            10.7835331
          ],
          [
            106.68756866,
            10.78348541
          ],
          [
            106.68693542,
            10.7828474
          ],
          [
            106.68630219,
            10.78222561
          ],
          [
            106.68624115,
            10.78229427
          ],
          [
            106.68624115,
            10.78229427
          ],
          [
            106.68624115,
            10.78229427
          ],
          [
            106.68624115,
            10.78229427
          ],
          [
            106.68624115,
            10.78229427
          ],
          [
            106.68624115,
            10.78229427
          ],
          [
            106.68630981,
            10.7822361
          ],
          [
            106.68534851,
            10.78129864
          ],
          [
            106.68426514,
            10.78011227
          ],
          [
            106.68348694,
            10.77931118
          ],
          [
            106.68270111,
            10.77849483
          ],
          [
            106.68261719,
            10.77858353
          ],
          [
            106.68261719,
            10.77858353
          ],
          [
            106.68261719,
            10.77858353
          ],
          [
            106.68269348,
            10.7784996
          ],
          [
            106.68215179,
            10.77794647
          ],
          [
            106.68198395,
            10.77789974
          ],
          [
            106.68180846999999,
            10.7780838
          ],
          [
            106.68156433,
            10.77807808
          ],
          [
            106.68133545,
            10.77801037
          ],
          [
            106.68045807,
            10.77846336
          ],
          [
            106.68048096,
            10.77851582
          ],
          [
            106.68048096,
            10.77851582
          ],
          [
            106.68048096,
            10.77851582
          ],
          [
            106.68044281,
            10.77846813
          ],
          [
            106.67941284,
            10.77901936
          ],
          [
            106.67838287,
            10.77956963
          ],
          [
            106.67734528,
            10.78012085
          ],
          [
            106.67631531,
            10.78067112
          ],
          [
            106.67634583,
            10.78070259
          ],
          [
            106.67634583,
            10.78070259
          ],
          [
            106.67634583,
            10.78070259
          ],
          [
            106.67634583,
            10.78070259
          ],
          [
            106.67630768,
            10.78067112
          ],
          [
            106.67549896,
            10.78110886
          ],
          [
            106.67469025,
            10.78154564
          ],
          [
            106.67474365,
            10.78162956
          ],
          [
            106.67474365,
            10.78162956
          ],
          [
            106.67474365,
            10.78162956
          ],
          [
            106.67474365,
            10.78162956
          ],
          [
            106.67474365,
            10.78162956
          ],
          [
            106.67474365,
            10.78162956
          ],
          [
            106.67468262,
            10.78154564
          ],
          [
            106.67369843,
            10.78208351
          ],
          [
            106.6727066,
            10.78262138
          ],
          [
            106.67172241,
            10.7831583
          ],
          [
            106.67073059,
            10.78369617
          ],
          [
            106.67075348,
            10.78373814
          ],
          [
            106.67075348,
            10.78373814
          ],
          [
            106.67075348,
            10.78373814
          ],
          [
            106.67075348,
            10.78373814
          ],
          [
            106.67075348,
            10.78373814
          ],
          [
            106.67075348,
            10.78373814
          ],
          [
            106.67073059,
            10.78367996
          ],
          [
            106.66992188,
            10.78411198
          ],
          [
            106.66994476,
            10.78414631
          ],
          [
            106.66994476,
            10.78414631
          ],
          [
            106.66994476,
            10.78414631
          ],
          [
            106.66994476,
            10.78414631
          ],
          [
            106.66994476,
            10.78414631
          ],
          [
            106.66994476,
            10.78414631
          ],
          [
            106.66994476,
            10.78414631
          ],
          [
            106.6699295,
            10.78410721
          ],
          [
            106.66915894,
            10.78452492
          ],
          [
            106.66838837,
            10.78494263
          ],
          [
            106.66764069,
            10.78534126
          ],
          [
            106.66690063,
            10.78574085
          ],
          [
            106.66693115,
            10.78581429
          ],
          [
            106.66693115,
            10.78581429
          ],
          [
            106.66693115,
            10.78581429
          ],
          [
            106.66693115,
            10.78581429
          ],
          [
            106.66693115,
            10.78581429
          ],
          [
            106.66693115,
            10.78581429
          ],
          [
            106.66693115,
            10.78581429
          ],
          [
            106.66693115,
            10.78581429
          ],
          [
            106.66690063,
            10.78573036
          ],
          [
            106.66608429,
            10.78616238
          ],
          [
            106.6652832,
            10.78658962
          ],
          [
            106.66448975,
            10.78701591
          ],
          [
            106.66368866,
            10.78744316
          ],
          [
            106.66372681,
            10.78748608
          ],
          [
            106.66372681,
            10.78748608
          ],
          [
            106.66372681,
            10.78748608
          ],
          [
            106.66372681,
            10.78748608
          ],
          [
            106.66372681,
            10.78748608
          ],
          [
            106.66372681,
            10.78748608
          ],
          [
            106.66372681,
            10.78748608
          ],
          [
            106.66370392,
            10.78743172
          ],
          [
            106.66313171,
            10.78773594
          ],
          [
            106.66255188,
            10.78804111
          ],
          [
            106.66197968,
            10.78834534
          ],
          [
            106.66140747,
            10.78864956
          ],
          [
            106.66145325,
            10.78869247
          ],
          [
            106.66145325,
            10.78869247
          ],
          [
            106.66145325,
            10.78869247
          ],
          [
            106.66145325,
            10.78869247
          ],
          [
            106.66143036,
            10.78864956
          ],
          [
            106.66053772,
            10.78911304
          ],
          [
            106.65964508,
            10.78957653
          ],
          [
            106.65969086,
            10.78962994
          ],
          [
            106.65969086,
            10.78962994
          ],
          [
            106.65969086,
            10.78962994
          ],
          [
            106.65969086,
            10.78962994
          ],
          [
            106.65966034,
            10.78957653
          ],
          [
            106.65879059,
            10.79003429
          ],
          [
            106.65792847,
            10.7904911
          ],
          [
            106.65705872,
            10.79094887
          ],
          [
            106.65618896,
            10.79140568
          ],
          [
            106.65621948,
            10.79144764
          ],
          [
            106.65621948,
            10.79144764
          ],
          [
            106.65621948,
            10.79144764
          ],
          [
            106.65621948,
            10.79144764
          ],
          [
            106.65619659,
            10.79139996
          ],
          [
            106.654953,
            10.79208279
          ],
          [
            106.65370941,
            10.79276466
          ],
          [
            106.65355682,
            10.79301834
          ],
          [
            106.65431976,
            10.79390335
          ],
          [
            106.655159,
            10.7947731
          ],
          [
            106.65519714,
            10.7947197
          ],
          [
            106.65519714,
            10.7947197
          ],
          [
            106.655159,
            10.79475689
          ],
          [
            106.65577698,
            10.79542637
          ],
          [
            106.65512085,
            10.7960844
          ],
          [
            106.65514374,
            10.7961216
          ],
          [
            106.65514374,
            10.7961216
          ],
          [
            106.65514374,
            10.7961216
          ],
          [
            106.65511322,
            10.79607964
          ],
          [
            106.65464783,
            10.7965498
          ],
          [
            106.65410614,
            10.79600048
          ],
          [
            106.65406799,
            10.79603195
          ],
          [
            106.65406799,
            10.79603195
          ],
          [
            106.65406799,
            10.79603195
          ],
          [
            106.65410614,
            10.79598999
          ],
          [
            106.65316772,
            10.79510975
          ],
          [
            106.65221405,
            10.79421902
          ],
          [
            106.65218353,
            10.79425621
          ],
          [
            106.65218353,
            10.79425621
          ],
          [
            106.65218353,
            10.79425621
          ],
          [
            106.65222931,
            10.79422474
          ],
          [
            106.65180206,
            10.79379272
          ],
          [
            106.65115356,
            10.79415131
          ],
          [
            106.65119171,
            10.79418182
          ],
          [
            106.65119171,
            10.79418182
          ],
          [
            106.65119171,
            10.79418182
          ],
          [
            106.65119171,
            10.79418182
          ],
          [
            106.65116119,
            10.79413986
          ],
          [
            106.64953613,
            10.79500484
          ],
          [
            106.64957428,
            10.79506779
          ],
          [
            106.64957428,
            10.79506779
          ],
          [
            106.64957428,
            10.79506779
          ],
          [
            106.64957428,
            10.79506779
          ],
          [
            106.64953613,
            10.79500484
          ],
          [
            106.64862061,
            10.79549217
          ],
          [
            106.64769745,
            10.7959795
          ],
          [
            106.64774323,
            10.79605293
          ],
          [
            106.64774323,
            10.79605293
          ],
          [
            106.64774323,
            10.79605293
          ],
          [
            106.64774323,
            10.79605293
          ],
          [
            106.64769745,
            10.79599476
          ],
          [
            106.64687347,
            10.79642963
          ],
          [
            106.64605713,
            10.79686451
          ],
          [
            106.64523315,
            10.79729939
          ],
          [
            106.64440918,
            10.79773426
          ],
          [
            106.64445496,
            10.79779243
          ],
          [
            106.64445496,
            10.79779243
          ],
          [
            106.64445496,
            10.79779243
          ],
          [
            106.64445496,
            10.79779243
          ],
          [
            106.64445496,
            10.79779243
          ],
          [
            106.64442444,
            10.79774475
          ],
          [
            106.64319611,
            10.79841709
          ],
          [
            106.64196014,
            10.79908848
          ],
          [
            106.64170074,
            10.79823494
          ],
          [
            106.6416626,
            10.79823399
          ],
          [
            106.6416626,
            10.79823399
          ],
          [
            106.6416626,
            10.79823399
          ],
          [
            106.6416626,
            10.79823399
          ],
          [
            106.6416626,
            10.79823399
          ],
          [
            106.6416626,
            10.79823399
          ],
          [
            106.6416626,
            10.79823399
          ],
          [
            106.64169312,
            10.79822922
          ],
          [
            106.6414032,
            10.797328
          ],
          [
            106.64111328,
            10.79642773
          ],
          [
            106.64082336,
            10.79554176
          ],
          [
            106.64054871,
            10.79463005
          ],
          [
            106.64048767,
            10.79464054
          ],
          [
            106.64048767,
            10.79464054
          ],
          [
            106.64048767,
            10.79464054
          ],
          [
            106.64048767,
            10.79464054
          ],
          [
            106.64054108,
            10.79462528
          ],
          [
            106.64017487,
            10.79327583
          ],
          [
            106.63998413,
            10.79302311
          ],
          [
            106.6392746,
            10.79272842
          ],
          [
            106.63887787,
            10.79395103
          ],
          [
            106.63898468,
            10.79397202
          ],
          [
            106.63898468,
            10.79397202
          ],
          [
            106.63887787,
            10.79393482
          ],
          [
            106.63857269,
            10.79482269
          ],
          [
            106.63826752,
            10.79571056
          ],
          [
            106.63808441,
            10.7950573
          ],
          [
            106.63796997,
            10.79435158
          ],
          [
            106.63790131,
            10.79436684
          ],
          [
            106.63790131,
            10.79436684
          ],
          [
            106.63796234,
            10.79435635
          ],
          [
            106.6377182,
            10.79296494
          ],
          [
            106.63751221,
            10.79156399
          ],
          [
            106.6370163,
            10.79166126
          ],
          [
            106.6370163,
            10.79166126
          ],
          [
            106.63611603,
            10.79180241
          ],
          [
            106.63521576,
            10.7919426
          ],
          [
            106.63431549,
            10.79207993
          ],
          [
            106.63341522,
            10.79221725
          ],
          [
            106.63342285,
            10.79226017
          ],
          [
            106.63342285,
            10.79226017
          ],
          [
            106.63341522,
            10.79222775
          ],
          [
            106.63237762,
            10.7923851
          ],
          [
            106.63134003,
            10.79254341
          ],
          [
            106.63134003,
            10.79254341
          ],
          [
            106.63134003,
            10.79254341
          ],
          [
            106.63011932,
            10.79273605
          ],
          [
            106.62890625,
            10.7929287
          ],
          [
            106.62886047,
            10.79265213
          ],
          [
            106.62886047,
            10.79265213
          ],
          [
            106.62886047,
            10.79265213
          ],
          [
            106.62886047,
            10.79265213
          ],
          [
            106.62886047,
            10.79265213
          ],
          [
            106.62851715,
            10.79140759
          ],
          [
            106.62817383,
            10.79016209
          ],
          [
            106.62778473,
            10.78986454
          ],
          [
            106.62778473,
            10.78986454
          ],
          [
            106.62778473,
            10.78986454
          ],
          [
            106.62778473,
            10.78986454
          ],
          [
            106.62705994,
            10.78934479
          ],
          [
            106.62590027,
            10.78952408
          ],
          [
            106.62495422,
            10.78970337
          ],
          [
            106.62399292,
            10.78983021
          ],
          [
            106.62400055,
            10.7898674
          ],
          [
            106.62400055,
            10.7898674
          ],
          [
            106.62400055,
            10.78983021
          ],
          [
            106.62268829,
            10.78997231
          ],
          [
            106.62136841,
            10.79013538
          ],
          [
            106.62138367,
            10.7901783
          ],
          [
            106.62138367,
            10.7901783
          ],
          [
            106.62138367,
            10.79014111
          ],
          [
            106.62082672,
            10.79020882
          ],
          [
            106.62018585,
            10.79010391
          ],
          [
            106.61899567,
            10.78988266
          ],
          [
            106.61899567,
            10.78988266
          ],
          [
            106.61899567,
            10.78988266
          ],
          [
            106.61899567,
            10.78988266
          ],
          [
            106.61794281,
            10.7896719
          ],
          [
            106.61688995,
            10.78946114
          ],
          [
            106.61739349,
            10.78801155
          ],
          [
            106.61882019,
            10.78815365
          ],
          [
            106.61882019,
            10.78811169
          ],
          [
            106.61882019,
            10.78811169
          ],
          [
            106.61882019,
            10.78811169
          ],
          [
            106.61882019,
            10.78811169
          ],
          [
            106.6187973,
            10.78816509
          ],
          [
            106.6197052,
            10.7882328
          ],
          [
            106.62060547,
            10.78830147
          ],
          [
            106.6210022,
            10.78833294
          ],
          [
            106.62126923,
            10.78807545
          ],
          [
            106.62174225,
            10.7877903
          ],
          [
            106.62207031,
            10.78766441
          ],
          [
            106.62205505,
            10.78761673
          ]
        ]
      },
      "properties": {
        "feature_type": "route_path",
        "stt": 6,
        "route_id": 51,
        "route_no": "30",
        "display_code": "B 30",
        "route_name": "Chợ Tân Hương - Bến xe buýt Văn Thánh",
        "direction": "Lượt về",
        "outbound": false,
        "start_point": "Chợ Tân Hương",
        "end_point": "Bến xe buýt Văn Thánh",
        "start_stop": "Bến xe Văn Thánh",
        "end_stop": "Cư xá Nhiêu Lộc",
        "distance_km": 19.93,
        "listed_length_km": 18,
        "running_time_min": 50,
        "operating_hours": "5:00 - 22:00",
        "stroke": "#1E88E5",
        "stroke_width": 4,
        "stroke_opacity": 0.85
      }
    },
    {
      "type": "Feature",
      "geometry": {
        "type": "Point",
        "coordinates": [
          106.622057,
          10.787617
        ]
      },
      "properties": {
        "feature_type": "bus_stop",
        "stop_id": 1560,
        "stop_code": "BX54",
        "stop_name": "Cư xá Nhiêu Lộc",
        "stop_type": "Bến xe",
        "route_no": "30",
        "display_code": "B 30",
        "direction": "Lượt đi",
        "address": "Bến xe buýt Cư xá Nhiêu Lộc Lê Thúc Hoạch",
        "street": "Lê Thúc Hoạch",
        "zone": "Quận Tân Phú",
        "ward": null,
        "all_routes": "30",
        "marker_color": "#1E88E5"
      }
    },
    {
      "type": "Feature",
      "geometry": {
        "type": "Point",
        "coordinates": [
          106.621993,
          10.787885
        ]
      },
      "properties": {
        "feature_type": "bus_stop",
        "stop_id": 7131,
        "stop_code": "QTP 248",
        "stop_name": "Trường Cao đẳng GTVT",
        "stop_type": "Trụ dừng",
        "route_no": "30",
        "display_code": "B 30",
        "direction": "Lượt đi",
        "address": "82 Lê Thúc Hoạch",
        "street": "Lê Thúc Hoạch",
        "zone": "Quận Tân Phú",
        "ward": "Phường Phú Thọ Hoà",
        "all_routes": "30",
        "marker_color": "#1E88E5"
      }
    },
    {
      "type": "Feature",
      "geometry": {
        "type": "Point",
        "coordinates": [
          106.618896,
          10.788292
        ]
      },
      "properties": {
        "feature_type": "bus_stop",
        "stop_id": 1561,
        "stop_code": "QTP 115",
        "stop_name": "Bình Long",
        "stop_type": "Trụ dừng",
        "route_no": "30",
        "display_code": "B 30",
        "direction": "Lượt đi",
        "address": "239 Lê Thúc Hoạch",
        "street": "Lê Thúc Hoạch",
        "zone": "Quận Tân Phú",
        "ward": null,
        "all_routes": "30",
        "marker_color": "#1E88E5"
      }
    },
    {
      "type": "Feature",
      "geometry": {
        "type": "Point",
        "coordinates": [
          106.618339,
          10.789677
        ]
      },
      "properties": {
        "feature_type": "bus_stop",
        "stop_id": 2549,
        "stop_code": "QTP 105",
        "stop_name": "Lê Sát",
        "stop_type": "Trụ dừng",
        "route_no": "30",
        "display_code": "B 30",
        "direction": "Lượt đi",
        "address": "377 Tân Hương",
        "street": "Tân Hương",
        "zone": "Quận Tân Phú",
        "ward": "Phường Tân Qúy",
        "all_routes": "30",
        "marker_color": "#1E88E5"
      }
    },
    {
      "type": "Feature",
      "geometry": {
        "type": "Point",
        "coordinates": [
          106.621666,
          10.790046
        ]
      },
      "properties": {
        "feature_type": "bus_stop",
        "stop_id": 2553,
        "stop_code": "QTP 106",
        "stop_name": "Trạm Chợ Tân Hương",
        "stop_type": "Trụ dừng",
        "route_no": "30",
        "display_code": "B 30",
        "direction": "Lượt đi",
        "address": "217-219 Tân Hương",
        "street": "Tân Hương",
        "zone": "Quận Tân Phú",
        "ward": "Phường Tân Qúy",
        "all_routes": "30, 32, 69",
        "marker_color": "#1E88E5"
      }
    },
    {
      "type": "Feature",
      "geometry": {
        "type": "Point",
        "coordinates": [
          106.624565,
          10.789681
        ]
      },
      "properties": {
        "feature_type": "bus_stop",
        "stop_id": 2551,
        "stop_code": "QTP 107",
        "stop_name": "Nhà Thờ Tân Hương",
        "stop_type": "Trụ dừng",
        "route_no": "30",
        "display_code": "B 30",
        "direction": "Lượt đi",
        "address": "141 Tân Hương",
        "street": "Tân Hương",
        "zone": "Quận Tân Phú",
        "ward": "Phường Tân Qúy",
        "all_routes": "30, 41",
        "marker_color": "#1E88E5"
      }
    },
    {
      "type": "Feature",
      "geometry": {
        "type": "Point",
        "coordinates": [
          106.628273,
          10.790343
        ]
      },
      "properties": {
        "feature_type": "bus_stop",
        "stop_id": 2556,
        "stop_code": "QTP 108",
        "stop_name": "Café Suối Reo",
        "stop_type": "Trụ dừng",
        "route_no": "30",
        "display_code": "B 30",
        "direction": "Lượt đi",
        "address": "43 Tân Hương",
        "street": "Tân Hương",
        "zone": "Quận Tân Phú",
        "ward": "Phường Tân Qúy",
        "all_routes": "30, 41",
        "marker_color": "#1E88E5"
      }
    },
    {
      "type": "Feature",
      "geometry": {
        "type": "Point",
        "coordinates": [
          106.628891,
          10.792511
        ]
      },
      "properties": {
        "feature_type": "bus_stop",
        "stop_id": 2554,
        "stop_code": "QTP 109",
        "stop_name": "Nhà thờ Martino",
        "stop_type": "Ô sơn",
        "route_no": "30",
        "display_code": "B 30",
        "direction": "Lượt đi",
        "address": "15 Tân Hương",
        "street": "Tân Hương",
        "zone": "Quận Tân Phú",
        "ward": "Phường Tân Qúy",
        "all_routes": "30, 41",
        "marker_color": "#1E88E5"
      }
    },
    {
      "type": "Feature",
      "geometry": {
        "type": "Point",
        "coordinates": [
          106.631424,
          10.792492
        ]
      },
      "properties": {
        "feature_type": "bus_stop",
        "stop_id": 2555,
        "stop_code": "QTP 128",
        "stop_name": "Trạm Trường Lê Văn Tám",
        "stop_type": "Trụ dừng",
        "route_no": "30",
        "display_code": "B 30",
        "direction": "Lượt đi",
        "address": "115 Độc Lập",
        "street": "Độc Lập",
        "zone": "Quận Tân Phú",
        "ward": null,
        "all_routes": "30",
        "marker_color": "#1E88E5"
      }
    },
    {
      "type": "Feature",
      "geometry": {
        "type": "Point",
        "coordinates": [
          106.633339,
          10.792188
        ]
      },
      "properties": {
        "feature_type": "bus_stop",
        "stop_id": 2558,
        "stop_code": "QTP 129",
        "stop_name": "Trạm UBND Phường Tân Thành",
        "stop_type": "Trụ dừng",
        "route_no": "30",
        "display_code": "B 30",
        "direction": "Lượt đi",
        "address": "67-69 Độc Lập",
        "street": "Độc Lập",
        "zone": "Quận Tân Phú",
        "ward": "Phường Tân Thành",
        "all_routes": "30",
        "marker_color": "#1E88E5"
      }
    },
    {
      "type": "Feature",
      "geometry": {
        "type": "Point",
        "coordinates": [
          106.63675,
          10.791664
        ]
      },
      "properties": {
        "feature_type": "bus_stop",
        "stop_id": 4295,
        "stop_code": "QTP 130",
        "stop_name": "Ngã 3 Thẩm Mỹ",
        "stop_type": "Ô sơn",
        "route_no": "30",
        "display_code": "B 30",
        "direction": "Lượt đi",
        "address": "21 Độc Lập",
        "street": "Độc Lập",
        "zone": "Quận Tân Phú",
        "ward": "Phường Tân Thành",
        "all_routes": "30",
        "marker_color": "#1E88E5"
      }
    },
    {
      "type": "Feature",
      "geometry": {
        "type": "Point",
        "coordinates": [
          106.638118,
          10.794541
        ]
      },
      "properties": {
        "feature_type": "bus_stop",
        "stop_id": 4323,
        "stop_code": "QTP 210",
        "stop_name": "Âu Cơ",
        "stop_type": "Trụ dừng",
        "route_no": "30",
        "display_code": "B 30",
        "direction": "Lượt đi",
        "address": "742 (kios 10) Lũy Bán Bích",
        "street": "Lũy Bán Bích",
        "zone": "Quận Tân Phú",
        "ward": null,
        "all_routes": "30",
        "marker_color": "#1E88E5"
      }
    },
    {
      "type": "Feature",
      "geometry": {
        "type": "Point",
        "coordinates": [
          106.638618,
          10.794283
        ]
      },
      "properties": {
        "feature_type": "bus_stop",
        "stop_id": 2394,
        "stop_code": "QTP 003",
        "stop_name": "Trạm Lũy Bán Bích",
        "stop_type": "Trụ dừng",
        "route_no": "30",
        "display_code": "B 30",
        "direction": "Lượt đi",
        "address": "825 Âu Cơ",
        "street": "Âu Cơ",
        "zone": "Quận Tân Phú",
        "ward": null,
        "all_routes": "27, 30, 62",
        "marker_color": "#1E88E5"
      }
    },
    {
      "type": "Feature",
      "geometry": {
        "type": "Point",
        "coordinates": [
          106.640657,
          10.794844
        ]
      },
      "properties": {
        "feature_type": "bus_stop",
        "stop_id": 4336,
        "stop_code": "QTB 142",
        "stop_name": "Bàu Cát 2",
        "stop_type": "Trụ dừng",
        "route_no": "30",
        "display_code": "B 30",
        "direction": "Lượt đi",
        "address": "61 Trương Công Định",
        "street": "Trương Công Định",
        "zone": "Quận Tân Bình",
        "ward": null,
        "all_routes": "30",
        "marker_color": "#1E88E5"
      }
    },
    {
      "type": "Feature",
      "geometry": {
        "type": "Point",
        "coordinates": [
          106.641678,
          10.797898
        ]
      },
      "properties": {
        "feature_type": "bus_stop",
        "stop_id": 2560,
        "stop_code": "QTB 143",
        "stop_name": "Chùa Thiền Quang",
        "stop_type": "Trụ dừng",
        "route_no": "30",
        "display_code": "B 30",
        "direction": "Lượt đi",
        "address": "19 Trương Công Định",
        "street": "Trương Công Định",
        "zone": "Quận Tân Bình",
        "ward": null,
        "all_routes": "30",
        "marker_color": "#1E88E5"
      }
    },
    {
      "type": "Feature",
      "geometry": {
        "type": "Point",
        "coordinates": [
          106.644266,
          10.797666
        ]
      },
      "properties": {
        "feature_type": "bus_stop",
        "stop_id": 2559,
        "stop_code": "QTB 082",
        "stop_name": "Ngã ba Hồng Đào",
        "stop_type": "Trụ dừng",
        "route_no": "30",
        "display_code": "B 30",
        "direction": "Lượt đi",
        "address": "351 Trường Chinh",
        "street": "Trường Chinh",
        "zone": "Quận Tân Bình",
        "ward": null,
        "all_routes": "13, 30, 64, 65, 94",
        "marker_color": "#1E88E5"
      }
    },
    {
      "type": "Feature",
      "geometry": {
        "type": "Point",
        "coordinates": [
          106.646218,
          10.796606
        ]
      },
      "properties": {
        "feature_type": "bus_stop",
        "stop_id": 1392,
        "stop_code": "QTB 083",
        "stop_name": "Ngã ba Hoàng Hoa Thám",
        "stop_type": "Trụ dừng",
        "route_no": "30",
        "display_code": "B 30",
        "direction": "Lượt đi",
        "address": "233 Trường Chinh",
        "street": "Trường Chinh",
        "zone": "Quận Tân Bình",
        "ward": null,
        "all_routes": "13, 30, 64, 65, 94",
        "marker_color": "#1E88E5"
      }
    },
    {
      "type": "Feature",
      "geometry": {
        "type": "Point",
        "coordinates": [
          106.64926,
          10.794978
        ]
      },
      "properties": {
        "feature_type": "bus_stop",
        "stop_id": 1826,
        "stop_code": "QTB 084",
        "stop_name": "Nhà thờ Đắc Lộ",
        "stop_type": "Nhà chờ",
        "route_no": "30",
        "display_code": "B 30",
        "direction": "Lượt đi",
        "address": "97 (đối diện 160B) Trường Chinh",
        "street": "Trường Chinh",
        "zone": "Quận Tân Bình",
        "ward": null,
        "all_routes": "13, 30, 64, 65, 94",
        "marker_color": "#1E88E5"
      }
    },
    {
      "type": "Feature",
      "geometry": {
        "type": "Point",
        "coordinates": [
          106.651368,
          10.793856
        ]
      },
      "properties": {
        "feature_type": "bus_stop",
        "stop_id": 1830,
        "stop_code": "QTB 085",
        "stop_name": "Ngã tư Bảy Hiền",
        "stop_type": "Nhà chờ",
        "route_no": "30",
        "display_code": "B 30",
        "direction": "Lượt đi",
        "address": "67 Trường Chinh",
        "street": "Trường Chinh",
        "zone": "Quận Tân Bình",
        "ward": null,
        "all_routes": "13, 30, 64, 65, 94",
        "marker_color": "#1E88E5"
      }
    },
    {
      "type": "Feature",
      "geometry": {
        "type": "Point",
        "coordinates": [
          106.654131,
          10.792391
        ]
      },
      "properties": {
        "feature_type": "bus_stop",
        "stop_id": 996,
        "stop_code": "QTB 059",
        "stop_name": "Bệnh viện Thống Nhất",
        "stop_type": "Nhà chờ",
        "route_no": "30",
        "display_code": "B 30",
        "direction": "Lượt đi",
        "address": "1125 (đối diện 544) Cách Mạng Tháng Tám",
        "street": "Cách Mạng Tháng Tám",
        "zone": "Quận Tân Bình",
        "ward": null,
        "all_routes": "103, 13, 30, 65",
        "marker_color": "#1E88E5"
      }
    },
    {
      "type": "Feature",
      "geometry": {
        "type": "Point",
        "coordinates": [
          106.655885,
          10.791463
        ]
      },
      "properties": {
        "feature_type": "bus_stop",
        "stop_id": 998,
        "stop_code": "QTB 060",
        "stop_name": "Y tế Phường 4",
        "stop_type": "Biển treo",
        "route_no": "30",
        "display_code": "B 30",
        "direction": "Lượt đi",
        "address": "1057 Cách Mạng Tháng Tám",
        "street": "Cách Mạng Tháng Tám",
        "zone": "Quận Tân Bình",
        "ward": null,
        "all_routes": "103, 13, 30, 65",
        "marker_color": "#1E88E5"
      }
    },
    {
      "type": "Feature",
      "geometry": {
        "type": "Point",
        "coordinates": [
          106.65846,
          10.790114
        ]
      },
      "properties": {
        "feature_type": "bus_stop",
        "stop_id": 1000,
        "stop_code": "QTB 061",
        "stop_name": "Hồ Bơi Cộng Hòa",
        "stop_type": "Biển treo",
        "route_no": "30",
        "display_code": "B 30",
        "direction": "Lượt đi",
        "address": "1003 Cách Mạng Tháng Tám",
        "street": "Cách Mạng Tháng Tám",
        "zone": "Quận Tân Bình",
        "ward": null,
        "all_routes": "103, 13, 30, 65",
        "marker_color": "#1E88E5"
      }
    },
    {
      "type": "Feature",
      "geometry": {
        "type": "Point",
        "coordinates": [
          106.66274,
          10.78785
        ]
      },
      "properties": {
        "feature_type": "bus_stop",
        "stop_id": 1001,
        "stop_code": "QTB 063",
        "stop_name": "Ngã ba Bành Văn Trân",
        "stop_type": "Trụ dừng",
        "route_no": "30",
        "display_code": "B 30",
        "direction": "Lượt đi",
        "address": "755-757 (771) Cách Mạng Tháng Tám",
        "street": "Cách Mạng Tháng Tám",
        "zone": "Quận Tân Bình",
        "ward": null,
        "all_routes": "103, 13, 30, 65",
        "marker_color": "#1E88E5"
      }
    },
    {
      "type": "Feature",
      "geometry": {
        "type": "Point",
        "coordinates": [
          106.668684,
          10.784671
        ]
      },
      "properties": {
        "feature_type": "bus_stop",
        "stop_id": 2562,
        "stop_code": "Q10 084",
        "stop_name": "Hội thánh tin lành Hòa Hưng",
        "stop_type": "Trụ dừng",
        "route_no": "30",
        "display_code": "B 30",
        "direction": "Lượt đi",
        "address": "601 Cách Mạng Tháng Tám",
        "street": "Cách Mạng Tháng Tám",
        "zone": "Quận 10",
        "ward": null,
        "all_routes": "13, 30, 65",
        "marker_color": "#1E88E5"
      }
    },
    {
      "type": "Feature",
      "geometry": {
        "type": "Point",
        "coordinates": [
          106.672699,
          10.782535
        ]
      },
      "properties": {
        "feature_type": "bus_stop",
        "stop_id": 2561,
        "stop_code": "Q10 085",
        "stop_name": "Ngã ba Tô Hiến Thành",
        "stop_type": "Biển treo",
        "route_no": "30",
        "display_code": "B 30",
        "direction": "Lượt đi",
        "address": "513 Cách Mạng Tháng Tám",
        "street": "Cách Mạng Tháng Tám",
        "zone": "Quận 10",
        "ward": null,
        "all_routes": "13, 30, 65",
        "marker_color": "#1E88E5"
      }
    },
    {
      "type": "Feature",
      "geometry": {
        "type": "Point",
        "coordinates": [
          106.675063,
          10.78124
        ]
      },
      "properties": {
        "feature_type": "bus_stop",
        "stop_id": 1399,
        "stop_code": "Q10 086",
        "stop_name": "Chùa Bửu Đà",
        "stop_type": "Trụ dừng",
        "route_no": "30",
        "display_code": "B 30",
        "direction": "Lượt đi",
        "address": "427 Cách Mạng Tháng Tám",
        "street": "Cách Mạng Tháng Tám",
        "zone": "Quận 10",
        "ward": null,
        "all_routes": "13, 30, 65",
        "marker_color": "#1E88E5"
      }
    },
    {
      "type": "Feature",
      "geometry": {
        "type": "Point",
        "coordinates": [
          106.676575,
          10.780435
        ]
      },
      "properties": {
        "feature_type": "bus_stop",
        "stop_id": 2564,
        "stop_code": "Q10 087",
        "stop_name": " Ngã ba Hòa Hưng",
        "stop_type": "Biển treo",
        "route_no": "30",
        "display_code": "B 30",
        "direction": "Lượt đi",
        "address": "385 Cách Mạng Tháng Tám",
        "street": "Cách Mạng Tháng Tám",
        "zone": "Quận 10",
        "ward": null,
        "all_routes": "13, 30, 65",
        "marker_color": "#1E88E5"
      }
    },
    {
      "type": "Feature",
      "geometry": {
        "type": "Point",
        "coordinates": [
          106.680706,
          10.778205
        ]
      },
      "properties": {
        "feature_type": "bus_stop",
        "stop_id": 1394,
        "stop_code": "Q10 088",
        "stop_name": "Công trường Dân Chủ",
        "stop_type": "Nhà chờ",
        "route_no": "30",
        "display_code": "B 30",
        "direction": "Lượt đi",
        "address": "Đối diện 132A Cách Mạng Tháng Tám",
        "street": "Cách Mạng Tháng Tám",
        "zone": "Quận 10",
        "ward": null,
        "all_routes": "13, 30, 65",
        "marker_color": "#1E88E5"
      }
    },
    {
      "type": "Feature",
      "geometry": {
        "type": "Point",
        "coordinates": [
          106.68246,
          10.777219
        ]
      },
      "properties": {
        "feature_type": "bus_stop",
        "stop_id": 2563,
        "stop_code": "Q3 015",
        "stop_name": "Công an Quận 3",
        "stop_type": "Nhà chờ",
        "route_no": "30",
        "display_code": "B 30",
        "direction": "Lượt đi",
        "address": "243 Cách Mạng Tháng Tám",
        "street": "Cách Mạng Tháng Tám",
        "zone": "Quận 3",
        "ward": null,
        "all_routes": "13, 30, 65",
        "marker_color": "#1E88E5"
      }
    },
    {
      "type": "Feature",
      "geometry": {
        "type": "Point",
        "coordinates": [
          106.684145,
          10.777009
        ]
      },
      "properties": {
        "feature_type": "bus_stop",
        "stop_id": 731,
        "stop_code": "Q3 024",
        "stop_name": "Cách Mạng tháng 8",
        "stop_type": "Nhà chờ",
        "route_no": "30",
        "display_code": "B 30",
        "direction": "Lượt đi",
        "address": "303 Điện Biên Phủ",
        "street": "Điện Biên Phủ",
        "zone": "Quận 3",
        "ward": null,
        "all_routes": "10, 150, 30, 91",
        "marker_color": "#1E88E5"
      }
    },
    {
      "type": "Feature",
      "geometry": {
        "type": "Point",
        "coordinates": [
          106.685471,
          10.778255
        ]
      },
      "properties": {
        "feature_type": "bus_stop",
        "stop_id": 1913,
        "stop_code": "Q3 025",
        "stop_name": "Bệnh viện Mắt TPHCM",
        "stop_type": "Ô sơn",
        "route_no": "30",
        "display_code": "B 30",
        "direction": "Lượt đi",
        "address": "291 Điện Biên Phủ",
        "street": "Điện Biên Phủ",
        "zone": "Quận 3",
        "ward": "Phường 07",
        "all_routes": "10, 150, 30, 91",
        "marker_color": "#1E88E5"
      }
    },
    {
      "type": "Feature",
      "geometry": {
        "type": "Point",
        "coordinates": [
          106.687621,
          10.780286
        ]
      },
      "properties": {
        "feature_type": "bus_stop",
        "stop_id": 1917,
        "stop_code": "Q3 026",
        "stop_name": "Sở Khoa học và Công nghệ",
        "stop_type": "Nhà chờ",
        "route_no": "30",
        "display_code": "B 30",
        "direction": "Lượt đi",
        "address": "273 Điện Biên Phủ",
        "street": "Điện Biên Phủ",
        "zone": "Quận 3",
        "ward": null,
        "all_routes": "10, 150, 30, 91",
        "marker_color": "#1E88E5"
      }
    },
    {
      "type": "Feature",
      "geometry": {
        "type": "Point",
        "coordinates": [
          106.690369,
          10.782872
        ]
      },
      "properties": {
        "feature_type": "bus_stop",
        "stop_id": 1914,
        "stop_code": "Q3 027",
        "stop_name": "Trường Marie Curie",
        "stop_type": "Nhà chờ",
        "route_no": "30",
        "display_code": "B 30",
        "direction": "Lượt đi",
        "address": "Đối diện số 206 (247) Điện Biên Phủ",
        "street": "Điện Biên Phủ",
        "zone": "Quận 3",
        "ward": null,
        "all_routes": "10, 150, 30, 91",
        "marker_color": "#1E88E5"
      }
    },
    {
      "type": "Feature",
      "geometry": {
        "type": "Point",
        "coordinates": [
          106.692375,
          10.784965
        ]
      },
      "properties": {
        "feature_type": "bus_stop",
        "stop_id": 1920,
        "stop_code": "Q3 028",
        "stop_name": "Phạm Ngọc Thạch",
        "stop_type": "Trụ dừng",
        "route_no": "30",
        "display_code": "B 30",
        "direction": "Lượt đi",
        "address": "209 Điện Biên Phủ",
        "street": "Điện Biên Phủ",
        "zone": "Quận 3",
        "ward": "Phường 06",
        "all_routes": "10, 150, 30, 72-1, 91, 93",
        "marker_color": "#1E88E5"
      }
    },
    {
      "type": "Feature",
      "geometry": {
        "type": "Point",
        "coordinates": [
          106.693372,
          10.784824
        ]
      },
      "properties": {
        "feature_type": "bus_stop",
        "stop_id": 2565,
        "stop_code": "Q3 080",
        "stop_name": "Điện Biên Phủ",
        "stop_type": "Trụ dừng",
        "route_no": "30",
        "display_code": "B 30",
        "direction": "Lượt đi",
        "address": "43 Phạm Ngọc Thạch",
        "street": "Phạm Ngọc Thạch",
        "zone": "Quận 3",
        "ward": null,
        "all_routes": "30, 36",
        "marker_color": "#1E88E5"
      }
    },
    {
      "type": "Feature",
      "geometry": {
        "type": "Point",
        "coordinates": [
          106.695201,
          10.783211
        ]
      },
      "properties": {
        "feature_type": "bus_stop",
        "stop_id": 2566,
        "stop_code": "Q3 081",
        "stop_name": "Đại học Kinh tế",
        "stop_type": "Nhà chờ",
        "route_no": "30",
        "display_code": "B 30",
        "direction": "Lượt đi",
        "address": "17 Phạm Ngọc Thạch",
        "street": "Phạm Ngọc Thạch",
        "zone": "Quận 3",
        "ward": null,
        "all_routes": "30, 36",
        "marker_color": "#1E88E5"
      }
    },
    {
      "type": "Feature",
      "geometry": {
        "type": "Point",
        "coordinates": [
          106.696794,
          10.781741
        ]
      },
      "properties": {
        "feature_type": "bus_stop",
        "stop_id": 2567,
        "stop_code": "Q3 117",
        "stop_name": "Nhà Văn Hóa Thanh Niên",
        "stop_type": "Trụ dừng",
        "route_no": "30",
        "display_code": "B 30",
        "direction": "Lượt đi",
        "address": "3-5 Phạm Ngọc Thạch",
        "street": "Phạm Ngọc Thạch",
        "zone": "Quận 3",
        "ward": null,
        "all_routes": "30, 36, 52",
        "marker_color": "#1E88E5"
      }
    },
    {
      "type": "Feature",
      "geometry": {
        "type": "Point",
        "coordinates": [
          106.69723,
          10.78138
        ]
      },
      "properties": {
        "feature_type": "bus_stop",
        "stop_id": 7731,
        "stop_code": "H12_02",
        "stop_name": "Nhà Văn Hóa Thanh Niên",
        "stop_type": "Nhà chờ",
        "route_no": "30",
        "display_code": "B 30",
        "direction": "Lượt đi",
        "address": "Đối diện số 1 Phạm Ngọc Thạch",
        "street": "Phạm Ngọc Thạch",
        "zone": "Quận 1",
        "ward": "Phường Bến Nghé",
        "all_routes": "30, 36, 52",
        "marker_color": "#1E88E5"
      }
    },
    {
      "type": "Feature",
      "geometry": {
        "type": "Point",
        "coordinates": [
          106.699058,
          10.780898
        ]
      },
      "properties": {
        "feature_type": "bus_stop",
        "stop_id": 2692,
        "stop_code": "Q1 083",
        "stop_name": "Diamond Plaza",
        "stop_type": "Trụ dừng",
        "route_no": "30",
        "display_code": "B 30",
        "direction": "Lượt đi",
        "address": "47 Lê Duẩn",
        "street": "Lê Duẩn",
        "zone": "Quận 1",
        "ward": null,
        "all_routes": "18, 30, DL01",
        "marker_color": "#1E88E5"
      }
    },
    {
      "type": "Feature",
      "geometry": {
        "type": "Point",
        "coordinates": [
          106.702303,
          10.78417
        ]
      },
      "properties": {
        "feature_type": "bus_stop",
        "stop_id": 2029,
        "stop_code": "Q1 084",
        "stop_name": "Khách sạn Sofitel",
        "stop_type": "Trụ dừng",
        "route_no": "30",
        "display_code": "B 30",
        "direction": "Lượt đi",
        "address": "Sofitel Plaza Lê Duẩn",
        "street": "Lê Duẩn",
        "zone": "Quận 1",
        "ward": null,
        "all_routes": "18, 19, 30, DL01, DL02",
        "marker_color": "#1E88E5"
      }
    },
    {
      "type": "Feature",
      "geometry": {
        "type": "Point",
        "coordinates": [
          106.708628,
          10.785077
        ]
      },
      "properties": {
        "feature_type": "bus_stop",
        "stop_id": 2573,
        "stop_code": "Q1 033",
        "stop_name": "Mầm non Hoa Lư",
        "stop_type": "Trụ dừng",
        "route_no": "30",
        "display_code": "B 30",
        "direction": "Lượt đi",
        "address": "2A Nguyễn Hữu Cảnh",
        "street": "Nguyễn Hữu Cảnh",
        "zone": "Quận 1",
        "ward": null,
        "all_routes": "30, 44, 53, 56, 88",
        "marker_color": "#1E88E5"
      }
    },
    {
      "type": "Feature",
      "geometry": {
        "type": "Point",
        "coordinates": [
          106.710779,
          10.789113
        ]
      },
      "properties": {
        "feature_type": "bus_stop",
        "stop_id": 2579,
        "stop_code": "QBTH 077",
        "stop_name": "Hồ Bơi Hải Quân",
        "stop_type": "Trụ dừng",
        "route_no": "30",
        "display_code": "B 30",
        "direction": "Lượt đi",
        "address": "18 Nguyễn Hữu Cảnh",
        "street": "Nguyễn Hữu Cảnh",
        "zone": "Quận Bình Thạnh",
        "ward": null,
        "all_routes": "30, 44, 53, 56, 88",
        "marker_color": "#1E88E5"
      }
    },
    {
      "type": "Feature",
      "geometry": {
        "type": "Point",
        "coordinates": [
          106.718445,
          10.793266
        ]
      },
      "properties": {
        "feature_type": "bus_stop",
        "stop_id": 2574,
        "stop_code": "QBTH 078",
        "stop_name": "Chung cư Manor",
        "stop_type": "Nhà chờ",
        "route_no": "30",
        "display_code": "B 30",
        "direction": "Lượt đi",
        "address": "176E Nguyễn Hữu Cảnh",
        "street": "Nguyễn Hữu Cảnh",
        "zone": "Quận Bình Thạnh",
        "ward": null,
        "all_routes": "30, 53, 56",
        "marker_color": "#1E88E5"
      }
    },
    {
      "type": "Feature",
      "geometry": {
        "type": "Point",
        "coordinates": [
          106.719909,
          10.796601
        ]
      },
      "properties": {
        "feature_type": "bus_stop",
        "stop_id": 2581,
        "stop_code": "QBTH 079",
        "stop_name": "Tân Cảng",
        "stop_type": "Trụ dừng",
        "route_no": "30",
        "display_code": "B 30",
        "direction": "Lượt đi",
        "address": "220 Nguyễn Hữu Cảnh",
        "street": "Nguyễn Hữu Cảnh",
        "zone": "Quận Bình Thạnh",
        "ward": null,
        "all_routes": "30, 53, 56",
        "marker_color": "#1E88E5"
      }
    },
    {
      "type": "Feature",
      "geometry": {
        "type": "Point",
        "coordinates": [
          106.722217,
          10.799053
        ]
      },
      "properties": {
        "feature_type": "bus_stop",
        "stop_id": 8082,
        "stop_code": "QBTH 176",
        "stop_name": "Công viên Cầu Sài Gòn",
        "stop_type": "Trụ dừng",
        "route_no": "30",
        "display_code": "B 30",
        "direction": "Lượt đi",
        "address": "Phía trước 681 Điện Biên Phủ Nguyễn Hữu Cảnh",
        "street": "Nguyễn Hữu Cảnh",
        "zone": "Quận Bình Thạnh",
        "ward": "Phường 25",
        "all_routes": "104, 158, 159, 160, 161, 30, 55",
        "marker_color": "#1E88E5"
      }
    },
    {
      "type": "Feature",
      "geometry": {
        "type": "Point",
        "coordinates": [
          106.719571,
          10.798893
        ]
      },
      "properties": {
        "feature_type": "bus_stop",
        "stop_id": 419,
        "stop_code": "QBTH 056",
        "stop_name": "Cầu Sài Gòn",
        "stop_type": "Trụ dừng",
        "route_no": "30",
        "display_code": "B 30",
        "direction": "Lượt đi",
        "address": "24(597) Điện Biên Phủ",
        "street": "Điện Biên Phủ",
        "zone": "Quận Bình Thạnh",
        "ward": null,
        "all_routes": "06, 10, 104, 150, 157, 158, 159, 160, 161, 30, 43, 52, 55, 60-3, 67",
        "marker_color": "#1E88E5"
      }
    },
    {
      "type": "Feature",
      "geometry": {
        "type": "Point",
        "coordinates": [
          106.717501,
          10.801317
        ]
      },
      "properties": {
        "feature_type": "bus_stop",
        "stop_id": 6940,
        "stop_code": "QHBT_2",
        "stop_name": "Bến xe Văn Thánh",
        "stop_type": "Bến Bãi QH 568",
        "route_no": "30",
        "display_code": "B 30",
        "direction": "Lượt đi",
        "address": "BX Văn Thánh Điện Biên Phủ",
        "street": "Điện Biên Phủ",
        "zone": "Quận Bình Thạnh",
        "ward": "Phường 01",
        "all_routes": "104, 157, 158, 161, 30, 55",
        "marker_color": "#1E88E5"
      }
    },
    {
      "type": "Feature",
      "geometry": {
        "type": "Point",
        "coordinates": [
          106.717227,
          10.800274
        ]
      },
      "properties": {
        "feature_type": "bus_stop",
        "stop_id": 420,
        "stop_code": "QBTH 055",
        "stop_name": "Khu Du lịch Văn Thánh",
        "stop_type": "Nhà chờ",
        "route_no": "30",
        "display_code": "B 30",
        "direction": "Lượt về",
        "address": "152/72c(559) Điện Biên Phủ",
        "street": "Điện Biên Phủ",
        "zone": "Quận Bình Thạnh",
        "ward": null,
        "all_routes": "06, 10, 104, 150, 157, 158, 159, 161, 30, 43, 44, 52, 55, 60-3, 67",
        "marker_color": "#1E88E5"
      }
    },
    {
      "type": "Feature",
      "geometry": {
        "type": "Point",
        "coordinates": [
          106.714856,
          10.801228
        ]
      },
      "properties": {
        "feature_type": "bus_stop",
        "stop_id": 421,
        "stop_code": "QBTH 054",
        "stop_name": "Đại học Hutech",
        "stop_type": "Nhà chờ",
        "route_no": "30",
        "display_code": "B 30",
        "direction": "Lượt về",
        "address": "483 Điện Biên Phủ",
        "street": "Điện Biên Phủ",
        "zone": "Quận Bình Thạnh",
        "ward": null,
        "all_routes": "06, 10, 104, 14, 150, 157, 159, 161, 19, 30, 43, 44, 45, 52, 55, 60-3, 67, 72-1",
        "marker_color": "#1E88E5"
      }
    },
    {
      "type": "Feature",
      "geometry": {
        "type": "Point",
        "coordinates": [
          106.712834,
          10.801697
        ]
      },
      "properties": {
        "feature_type": "bus_stop",
        "stop_id": 423,
        "stop_code": "QBTH 053",
        "stop_name": "Cây xăng dầu",
        "stop_type": "Trụ dừng",
        "route_no": "30",
        "display_code": "B 30",
        "direction": "Lượt về",
        "address": "419 Điện Biên Phủ",
        "street": "Điện Biên Phủ",
        "zone": "Quận Bình Thạnh",
        "ward": null,
        "all_routes": "06, 10, 104, 14, 150, 157, 159, 161, 19, 30, 43, 44, 45, 52, 55, 67",
        "marker_color": "#1E88E5"
      }
    },
    {
      "type": "Feature",
      "geometry": {
        "type": "Point",
        "coordinates": [
          106.714255,
          10.800827
        ]
      },
      "properties": {
        "feature_type": "bus_stop",
        "stop_id": 476,
        "stop_code": "QBTH 059",
        "stop_name": "Đại học Hutech",
        "stop_type": "Ô sơn",
        "route_no": "30",
        "display_code": "B 30",
        "direction": "Lượt về",
        "address": "510-512 Điện Biên Phủ",
        "street": "Điện Biên Phủ",
        "zone": "Quận Bình Thạnh",
        "ward": null,
        "all_routes": "06, 10, 104, 150, 157, 159, 161, 30, 43, 52, 55, 60-3, 67, 72-1",
        "marker_color": "#1E88E5"
      }
    },
    {
      "type": "Feature",
      "geometry": {
        "type": "Point",
        "coordinates": [
          106.717404,
          10.799531
        ]
      },
      "properties": {
        "feature_type": "bus_stop",
        "stop_id": 473,
        "stop_code": "QBTH 058",
        "stop_name": "Khu Du lịch Văn Thánh",
        "stop_type": "Nhà chờ",
        "route_no": "30",
        "display_code": "B 30",
        "direction": "Lượt về",
        "address": "600 Điện Biên Phủ",
        "street": "Điện Biên Phủ",
        "zone": "Quận Bình Thạnh",
        "ward": null,
        "all_routes": "06, 10, 104, 150, 157, 159, 161, 30, 43, 52, 55, 60-3, 67",
        "marker_color": "#1E88E5"
      }
    },
    {
      "type": "Feature",
      "geometry": {
        "type": "Point",
        "coordinates": [
          106.719496,
          10.798525
        ]
      },
      "properties": {
        "feature_type": "bus_stop",
        "stop_id": 475,
        "stop_code": "QBTH 057",
        "stop_name": "Cầu Sài Gòn",
        "stop_type": "Trụ dừng",
        "route_no": "30",
        "display_code": "B 30",
        "direction": "Lượt về",
        "address": "658 Điện Biên Phủ",
        "street": "Điện Biên Phủ",
        "zone": "Quận Bình Thạnh",
        "ward": null,
        "all_routes": "06, 10, 104, 150, 157, 159, 160, 161, 30, 43, 52, 55, 60-3, 67",
        "marker_color": "#1E88E5"
      }
    },
    {
      "type": "Feature",
      "geometry": {
        "type": "Point",
        "coordinates": [
          106.718094,
          10.795267
        ]
      },
      "properties": {
        "feature_type": "bus_stop",
        "stop_id": 2699,
        "stop_code": "QBTH 075",
        "stop_name": "Cây Xăng Hoàng Nguyên",
        "stop_type": "Trụ dừng",
        "route_no": "30",
        "display_code": "B 30",
        "direction": "Lượt về",
        "address": "113 Nguyễn Hữu Cảnh",
        "street": "Nguyễn Hữu Cảnh",
        "zone": "Quận Bình Thạnh",
        "ward": null,
        "all_routes": "30, 53, 56",
        "marker_color": "#1E88E5"
      }
    },
    {
      "type": "Feature",
      "geometry": {
        "type": "Point",
        "coordinates": [
          106.710522,
          10.789477
        ]
      },
      "properties": {
        "feature_type": "bus_stop",
        "stop_id": 2702,
        "stop_code": "QBTH 076",
        "stop_name": "Hồ Bơi Hải Quân",
        "stop_type": "Trụ dừng",
        "route_no": "30",
        "display_code": "B 30",
        "direction": "Lượt về",
        "address": "22 Nguyễn Hữu Cảnh",
        "street": "Nguyễn Hữu Cảnh",
        "zone": "Quận Bình Thạnh",
        "ward": null,
        "all_routes": "30, 44, 53, 56, 88",
        "marker_color": "#1E88E5"
      }
    },
    {
      "type": "Feature",
      "geometry": {
        "type": "Point",
        "coordinates": [
          106.707555,
          10.784149
        ]
      },
      "properties": {
        "feature_type": "bus_stop",
        "stop_id": 2703,
        "stop_code": "Q1 034",
        "stop_name": "Mầm non Hoa Lư",
        "stop_type": "Nhà chờ",
        "route_no": "30",
        "display_code": "B 30",
        "direction": "Lượt về",
        "address": "1 Nguyễn Hữu Cảnh",
        "street": "Nguyễn Hữu Cảnh",
        "zone": "Quận 1",
        "ward": null,
        "all_routes": "30, 44, 53, 56, 88",
        "marker_color": "#1E88E5"
      }
    },
    {
      "type": "Feature",
      "geometry": {
        "type": "Point",
        "coordinates": [
          106.704363,
          10.784286
        ]
      },
      "properties": {
        "feature_type": "bus_stop",
        "stop_id": 1095,
        "stop_code": "Q1 028",
        "stop_name": "TTTM Sài Gòn",
        "stop_type": "Nhà chờ",
        "route_no": "30",
        "display_code": "B 30",
        "direction": "Lượt về",
        "address": "6 Tôn Đức Thắng",
        "street": "Tôn Đức Thắng",
        "zone": "Quận 1",
        "ward": null,
        "all_routes": "01, 30, 44, DL01",
        "marker_color": "#1E88E5"
      }
    },
    {
      "type": "Feature",
      "geometry": {
        "type": "Point",
        "coordinates": [
          106.702118,
          10.78428
        ]
      },
      "properties": {
        "feature_type": "bus_stop",
        "stop_id": 2146,
        "stop_code": "Q1 085",
        "stop_name": "Khách sạn Sofitel",
        "stop_type": "Trụ dừng",
        "route_no": "30",
        "display_code": "B 30",
        "direction": "Lượt về",
        "address": "Đối diện Central Plaza Lê Duẩn",
        "street": "Lê Duẩn",
        "zone": "Quận 1",
        "ward": null,
        "all_routes": "171, 19, 30",
        "marker_color": "#1E88E5"
      }
    },
    {
      "type": "Feature",
      "geometry": {
        "type": "Point",
        "coordinates": [
          106.698704,
          10.780914
        ]
      },
      "properties": {
        "feature_type": "bus_stop",
        "stop_id": 2696,
        "stop_code": "Q1 086",
        "stop_name": "Diamond Plaza",
        "stop_type": "Trụ dừng",
        "route_no": "30",
        "display_code": "B 30",
        "direction": "Lượt về",
        "address": "34 Lê Duẩn",
        "street": "Lê Duẩn",
        "zone": "Quận 1",
        "ward": null,
        "all_routes": "171, 18, 30",
        "marker_color": "#1E88E5"
      }
    },
    {
      "type": "Feature",
      "geometry": {
        "type": "Point",
        "coordinates": [
          106.697229,
          10.781493
        ]
      },
      "properties": {
        "feature_type": "bus_stop",
        "stop_id": 7721,
        "stop_code": "H07_02",
        "stop_name": "Nhà Văn Hóa Thanh Niên",
        "stop_type": "Nhà chờ",
        "route_no": "30",
        "display_code": "B 30",
        "direction": "Lượt về",
        "address": "1 Phạm Ngọc Thạch",
        "street": "Phạm Ngọc Thạch",
        "zone": "Quận 1",
        "ward": "Phường Bến Nghé",
        "all_routes": "30, 36, 52",
        "marker_color": "#1E88E5"
      }
    },
    {
      "type": "Feature",
      "geometry": {
        "type": "Point",
        "coordinates": [
          106.696874,
          10.781862
        ]
      },
      "properties": {
        "feature_type": "bus_stop",
        "stop_id": 2704,
        "stop_code": "Q3 116",
        "stop_name": "Nhà Văn Hóa Thanh Niên",
        "stop_type": "Trụ dừng",
        "route_no": "30",
        "display_code": "B 30",
        "direction": "Lượt về",
        "address": "6B-8 Phạm Ngọc Thạch",
        "street": "Phạm Ngọc Thạch",
        "zone": "Quận 3",
        "ward": null,
        "all_routes": "30, 36, 52",
        "marker_color": "#1E88E5"
      }
    },
    {
      "type": "Feature",
      "geometry": {
        "type": "Point",
        "coordinates": [
          106.694573,
          10.784012
        ]
      },
      "properties": {
        "feature_type": "bus_stop",
        "stop_id": 2706,
        "stop_code": "Q3 076",
        "stop_name": "Đại học Kinh tế",
        "stop_type": "Trụ dừng",
        "route_no": "30",
        "display_code": "B 30",
        "direction": "Lượt về",
        "address": "18Bis Phạm Ngọc Thạch",
        "street": "Phạm Ngọc Thạch",
        "zone": "Quận 3",
        "ward": null,
        "all_routes": "30, 36",
        "marker_color": "#1E88E5"
      }
    },
    {
      "type": "Feature",
      "geometry": {
        "type": "Point",
        "coordinates": [
          106.69335,
          10.78514
        ]
      },
      "properties": {
        "feature_type": "bus_stop",
        "stop_id": 2707,
        "stop_code": "Q3 077",
        "stop_name": "Điện Biên Phủ",
        "stop_type": "Trụ dừng",
        "route_no": "30",
        "display_code": "B 30",
        "direction": "Lượt về",
        "address": "42 Phạm Ngọc Thạch",
        "street": "Phạm Ngọc Thạch",
        "zone": "Quận 3",
        "ward": null,
        "all_routes": "30, 36",
        "marker_color": "#1E88E5"
      }
    },
    {
      "type": "Feature",
      "geometry": {
        "type": "Point",
        "coordinates": [
          106.691703,
          10.786589
        ]
      },
      "properties": {
        "feature_type": "bus_stop",
        "stop_id": 2710,
        "stop_code": "Q3 078",
        "stop_name": "Võ Thị Sáu",
        "stop_type": "Trụ dừng",
        "route_no": "30",
        "display_code": "B 30",
        "direction": "Lượt về",
        "address": "82 - 84 (66 cây xanh 150) Phạm Ngọc Thạch",
        "street": "Phạm Ngọc Thạch",
        "zone": "Quận 3",
        "ward": null,
        "all_routes": "30",
        "marker_color": "#1E88E5"
      }
    },
    {
      "type": "Feature",
      "geometry": {
        "type": "Point",
        "coordinates": [
          106.690918,
          10.786916
        ]
      },
      "properties": {
        "feature_type": "bus_stop",
        "stop_id": 3176,
        "stop_code": "Q3 100",
        "stop_name": "Phạm Ngọc Thạch",
        "stop_type": "Trụ dừng",
        "route_no": "30",
        "display_code": "B 30",
        "direction": "Lượt về",
        "address": "158A - 156B Võ Thị Sáu",
        "street": "Võ Thị Sáu",
        "zone": "Quận 3",
        "ward": null,
        "all_routes": "10, 30, 72-1, 91",
        "marker_color": "#1E88E5"
      }
    },
    {
      "type": "Feature",
      "geometry": {
        "type": "Point",
        "coordinates": [
          106.689613,
          10.785583
        ]
      },
      "properties": {
        "feature_type": "bus_stop",
        "stop_id": 246,
        "stop_code": "Q3 101",
        "stop_name": "Nhà thiếu nhi thành phố",
        "stop_type": "Nhà chờ",
        "route_no": "30",
        "display_code": "B 30",
        "direction": "Lượt về",
        "address": "Đối diện 153 A-B (ngã 4 NKKN) Võ Thị Sáu",
        "street": "Võ Thị Sáu",
        "zone": "Quận 3",
        "ward": null,
        "all_routes": "04, 10, 109, 152, 30, 72-1, 91",
        "marker_color": "#1E88E5"
      }
    },
    {
      "type": "Feature",
      "geometry": {
        "type": "Point",
        "coordinates": [
          106.687514,
          10.783533
        ]
      },
      "properties": {
        "feature_type": "bus_stop",
        "stop_id": 2491,
        "stop_code": "Q3 102",
        "stop_name": "Bảo tàng Phụ Nữ",
        "stop_type": "Trụ dừng",
        "route_no": "30",
        "display_code": "B 30",
        "direction": "Lượt về",
        "address": "200 Võ Thị Sáu",
        "street": "Võ Thị Sáu",
        "zone": "Quận 3",
        "ward": null,
        "all_routes": "10, 28, 30, 91",
        "marker_color": "#1E88E5"
      }
    },
    {
      "type": "Feature",
      "geometry": {
        "type": "Point",
        "coordinates": [
          106.686242,
          10.782294
        ]
      },
      "properties": {
        "feature_type": "bus_stop",
        "stop_id": 727,
        "stop_code": "Q3 103",
        "stop_name": "Trần Quốc Thảo",
        "stop_type": "Trụ dừng",
        "route_no": "30",
        "display_code": "B 30",
        "direction": "Lượt về",
        "address": "232 Võ Thị Sáu",
        "street": "Võ Thị Sáu",
        "zone": "Quận 3",
        "ward": null,
        "all_routes": "10, 30, 91",
        "marker_color": "#1E88E5"
      }
    },
    {
      "type": "Feature",
      "geometry": {
        "type": "Point",
        "coordinates": [
          106.682616,
          10.778584
        ]
      },
      "properties": {
        "feature_type": "bus_stop",
        "stop_id": 2708,
        "stop_code": "Q3 104",
        "stop_name": "Ngã sáu Dân Chủ",
        "stop_type": "Nhà chờ",
        "route_no": "30",
        "display_code": "B 30",
        "direction": "Lượt về",
        "address": "274 Võ Thị Sáu",
        "street": "Võ Thị Sáu",
        "zone": "Quận 3",
        "ward": null,
        "all_routes": "10, 30, 91",
        "marker_color": "#1E88E5"
      }
    },
    {
      "type": "Feature",
      "geometry": {
        "type": "Point",
        "coordinates": [
          106.680481,
          10.778516
        ]
      },
      "properties": {
        "feature_type": "bus_stop",
        "stop_id": 1299,
        "stop_code": "Q3 009",
        "stop_name": "Công trường Dân Chủ",
        "stop_type": "Trụ dừng",
        "route_no": "30",
        "display_code": "B 30",
        "direction": "Lượt về",
        "address": "132C - 132D Cách Mạng Tháng Tám",
        "street": "Cách Mạng Tháng Tám",
        "zone": "Quận 3",
        "ward": "Phường 10",
        "all_routes": "13, 30, 65",
        "marker_color": "#1E88E5"
      }
    },
    {
      "type": "Feature",
      "geometry": {
        "type": "Point",
        "coordinates": [
          106.67315,
          10.78237
        ]
      },
      "properties": {
        "feature_type": "bus_stop",
        "stop_id": 1298,
        "stop_code": "Q3 010",
        "stop_name": "Ngã Ba Chí Hòa",
        "stop_type": "Trụ dừng",
        "route_no": "30",
        "display_code": "B 30",
        "direction": "Lượt về",
        "address": "276 Bis Cách Mạng Tháng Tám",
        "street": "Cách Mạng Tháng Tám",
        "zone": "Quận 3",
        "ward": "Phường 10",
        "all_routes": "13, 30, 65",
        "marker_color": "#1E88E5"
      }
    },
    {
      "type": "Feature",
      "geometry": {
        "type": "Point",
        "coordinates": [
          106.674741,
          10.78163
        ]
      },
      "properties": {
        "feature_type": "bus_stop",
        "stop_id": 2711,
        "stop_code": "Q3 011",
        "stop_name": "Chùa Bửu Đà",
        "stop_type": "Biển treo",
        "route_no": "30",
        "display_code": "B 30",
        "direction": "Lượt về",
        "address": "338 - 340 Cách Mạng Tháng Tám",
        "street": "Cách Mạng Tháng Tám",
        "zone": "Quận 3",
        "ward": "Phường 10",
        "all_routes": "13, 30, 65",
        "marker_color": "#1E88E5"
      }
    },
    {
      "type": "Feature",
      "geometry": {
        "type": "Point",
        "coordinates": [
          106.673148,
          10.782368
        ]
      },
      "properties": {
        "feature_type": "bus_stop",
        "stop_id": 2709,
        "stop_code": "Q3 012",
        "stop_name": "Rạp hát Thanh Vân",
        "stop_type": "Trụ dừng",
        "route_no": "30",
        "display_code": "B 30",
        "direction": "Lượt về",
        "address": "366 Cách Mạng Tháng Tám",
        "street": "Cách Mạng Tháng Tám",
        "zone": "Quận 3",
        "ward": "Phường 10",
        "all_routes": "13, 30, 65",
        "marker_color": "#1E88E5"
      }
    },
    {
      "type": "Feature",
      "geometry": {
        "type": "Point",
        "coordinates": [
          106.669945,
          10.784146
        ]
      },
      "properties": {
        "feature_type": "bus_stop",
        "stop_id": 2712,
        "stop_code": "Q3 013",
        "stop_name": "Chợ Hòa Hưng",
        "stop_type": "Trụ dừng",
        "route_no": "30",
        "display_code": "B 30",
        "direction": "Lượt về",
        "address": "442 Cách Mạng Tháng Tám",
        "street": "Cách Mạng Tháng Tám",
        "zone": "Quận 3",
        "ward": null,
        "all_routes": "13, 30, 65",
        "marker_color": "#1E88E5"
      }
    },
    {
      "type": "Feature",
      "geometry": {
        "type": "Point",
        "coordinates": [
          106.66693,
          10.785814
        ]
      },
      "properties": {
        "feature_type": "bus_stop",
        "stop_id": 1300,
        "stop_code": "Q3 014",
        "stop_name": "Công viên Lê Thị Riêng",
        "stop_type": "Trụ dừng",
        "route_no": "30",
        "display_code": "B 30",
        "direction": "Lượt về",
        "address": "542 Cách Mạng Tháng Tám",
        "street": "Cách Mạng Tháng Tám",
        "zone": "Quận 3",
        "ward": "Phường 11",
        "all_routes": "13, 30, 65",
        "marker_color": "#1E88E5"
      }
    },
    {
      "type": "Feature",
      "geometry": {
        "type": "Point",
        "coordinates": [
          106.663727,
          10.787486
        ]
      },
      "properties": {
        "feature_type": "bus_stop",
        "stop_id": 906,
        "stop_code": "QTB 054",
        "stop_name": "Bắc Hải",
        "stop_type": "Trụ dừng",
        "route_no": "30",
        "display_code": "B 30",
        "direction": "Lượt về",
        "address": "690 Cách Mạng Tháng Tám",
        "street": "Cách Mạng Tháng Tám",
        "zone": "Quận Tân Bình",
        "ward": null,
        "all_routes": "103, 13, 30, 65",
        "marker_color": "#1E88E5"
      }
    },
    {
      "type": "Feature",
      "geometry": {
        "type": "Point",
        "coordinates": [
          106.661453,
          10.788692
        ]
      },
      "properties": {
        "feature_type": "bus_stop",
        "stop_id": 907,
        "stop_code": "QTB 055",
        "stop_name": "Ngã ba Bành Văn Trân",
        "stop_type": "Biển treo",
        "route_no": "30",
        "display_code": "B 30",
        "direction": "Lượt về",
        "address": "814 Cách Mạng Tháng Tám",
        "street": "Cách Mạng Tháng Tám",
        "zone": "Quận Tân Bình",
        "ward": null,
        "all_routes": "103, 13, 30, 65",
        "marker_color": "#1E88E5"
      }
    },
    {
      "type": "Feature",
      "geometry": {
        "type": "Point",
        "coordinates": [
          106.659694,
          10.78963
        ]
      },
      "properties": {
        "feature_type": "bus_stop",
        "stop_id": 910,
        "stop_code": "QTB 056",
        "stop_name": "Ông Tạ",
        "stop_type": "Biển treo",
        "route_no": "30",
        "display_code": "B 30",
        "direction": "Lượt về",
        "address": "962 Cách Mạng Tháng Tám",
        "street": "Cách Mạng Tháng Tám",
        "zone": "Quận Tân Bình",
        "ward": null,
        "all_routes": "103, 13, 30, 65",
        "marker_color": "#1E88E5"
      }
    },
    {
      "type": "Feature",
      "geometry": {
        "type": "Point",
        "coordinates": [
          106.656218,
          10.791448
        ]
      },
      "properties": {
        "feature_type": "bus_stop",
        "stop_id": 909,
        "stop_code": "QTB 057",
        "stop_name": "Cư xá Tự Do",
        "stop_type": "Biển treo",
        "route_no": "30",
        "display_code": "B 30",
        "direction": "Lượt về",
        "address": "1130 Cách Mạng Tháng Tám",
        "street": "Cách Mạng Tháng Tám",
        "zone": "Quận Tân Bình",
        "ward": null,
        "all_routes": "103, 13, 30, 65",
        "marker_color": "#1E88E5"
      }
    },
    {
      "type": "Feature",
      "geometry": {
        "type": "Point",
        "coordinates": [
          106.655198,
          10.79472
        ]
      },
      "properties": {
        "feature_type": "bus_stop",
        "stop_id": 510,
        "stop_code": "QTB 034",
        "stop_name": "Bệnh viện Quận Tân Bình",
        "stop_type": "Nhà chờ",
        "route_no": "30",
        "display_code": "B 30",
        "direction": "Lượt về",
        "address": "605 Hoàng Văn Thụ",
        "street": "Hoàng Văn Thụ",
        "zone": "Quận Tân Bình",
        "ward": null,
        "all_routes": "08, 103, 13, 145, 148, 30, 50, 59, 63-1, 64, 65, 94",
        "marker_color": "#1E88E5"
      }
    },
    {
      "type": "Feature",
      "geometry": {
        "type": "Point",
        "coordinates": [
          106.655145,
          10.796122
        ]
      },
      "properties": {
        "feature_type": "bus_stop",
        "stop_id": 604,
        "stop_code": "QTB 064",
        "stop_name": "Hội Chợ Triển lãm Tân Bình",
        "stop_type": "Trụ dừng",
        "route_no": "30",
        "display_code": "B 30",
        "direction": "Lượt về",
        "address": "20 (B9) Xuân Diệu",
        "street": "Xuân Diệu",
        "zone": "Quận Tân Bình",
        "ward": null,
        "all_routes": "08, 103, 13, 145, 148, 30, 50, 59, 64, 94",
        "marker_color": "#1E88E5"
      }
    },
    {
      "type": "Feature",
      "geometry": {
        "type": "Point",
        "coordinates": [
          106.654066,
          10.796032
        ]
      },
      "properties": {
        "feature_type": "bus_stop",
        "stop_id": 603,
        "stop_code": "QTB 065",
        "stop_name": "Trường Phạm Ngũ Lão",
        "stop_type": "Trụ dừng",
        "route_no": "30",
        "display_code": "B 30",
        "direction": "Lượt về",
        "address": "149 (E62) Xuân Hồng",
        "street": "Xuân Hồng",
        "zone": "Quận Tân Bình",
        "ward": null,
        "all_routes": "08, 103, 13, 145, 148, 30, 50, 59, 64, 65, 94",
        "marker_color": "#1E88E5"
      }
    },
    {
      "type": "Feature",
      "geometry": {
        "type": "Point",
        "coordinates": [
          106.652184,
          10.794256
        ]
      },
      "properties": {
        "feature_type": "bus_stop",
        "stop_id": 606,
        "stop_code": "QTB 066",
        "stop_name": "Cây xăng Đôi",
        "stop_type": "Trụ dừng",
        "route_no": "30",
        "display_code": "B 30",
        "direction": "Lượt về",
        "address": "23 Xuân Hồng",
        "street": "Xuân Hồng",
        "zone": "Quận Tân Bình",
        "ward": null,
        "all_routes": "08, 103, 13, 145, 148, 30, 50, 59, 64, 65, 94",
        "marker_color": "#1E88E5"
      }
    },
    {
      "type": "Feature",
      "geometry": {
        "type": "Point",
        "coordinates": [
          106.651191,
          10.794182
        ]
      },
      "properties": {
        "feature_type": "bus_stop",
        "stop_id": 1719,
        "stop_code": "QTB 067",
        "stop_name": "Ngã tư Bảy Hiền",
        "stop_type": "Biển treo",
        "route_no": "30",
        "display_code": "B 30",
        "direction": "Lượt về",
        "address": "106 Trường Chinh",
        "street": "Trường Chinh",
        "zone": "Quận Tân Bình",
        "ward": null,
        "all_routes": "13, 30, 64, 65, 94",
        "marker_color": "#1E88E5"
      }
    },
    {
      "type": "Feature",
      "geometry": {
        "type": "Point",
        "coordinates": [
          106.649576,
          10.795068
        ]
      },
      "properties": {
        "feature_type": "bus_stop",
        "stop_id": 1720,
        "stop_code": "QTB 068",
        "stop_name": "Nhà Thờ Đắc Lộ",
        "stop_type": "Trụ dừng",
        "route_no": "30",
        "display_code": "B 30",
        "direction": "Lượt về",
        "address": "150 Trường Chinh",
        "street": "Trường Chinh",
        "zone": "Quận Tân Bình",
        "ward": null,
        "all_routes": "13, 30, 64, 65, 94",
        "marker_color": "#1E88E5"
      }
    },
    {
      "type": "Feature",
      "geometry": {
        "type": "Point",
        "coordinates": [
          106.647747,
          10.796053
        ]
      },
      "properties": {
        "feature_type": "bus_stop",
        "stop_id": 1301,
        "stop_code": "QTB 069",
        "stop_name": "Ngã ba Hoàng Hoa Thám",
        "stop_type": "Nhà chờ",
        "route_no": "30",
        "display_code": "B 30",
        "direction": "Lượt về",
        "address": "162T Trường Chinh",
        "street": "Trường Chinh",
        "zone": "Quận Tân Bình",
        "ward": null,
        "all_routes": "13, 30, 64, 65, 94",
        "marker_color": "#1E88E5"
      }
    },
    {
      "type": "Feature",
      "geometry": {
        "type": "Point",
        "coordinates": [
          106.644453,
          10.797792
        ]
      },
      "properties": {
        "feature_type": "bus_stop",
        "stop_id": 2713,
        "stop_code": "QTB 070",
        "stop_name": "Ngã ba Bình Giã",
        "stop_type": "Trụ dừng",
        "route_no": "30",
        "display_code": "B 30",
        "direction": "Lượt về",
        "address": "298 Trường Chinh",
        "street": "Trường Chinh",
        "zone": "Quận Tân Bình",
        "ward": null,
        "all_routes": "13, 30, 65, 94",
        "marker_color": "#1E88E5"
      }
    },
    {
      "type": "Feature",
      "geometry": {
        "type": "Point",
        "coordinates": [
          106.641663,
          10.798234
        ]
      },
      "properties": {
        "feature_type": "bus_stop",
        "stop_id": 2714,
        "stop_code": "QTB 140",
        "stop_name": "Chùa Thiền Quang",
        "stop_type": "Ô sơn",
        "route_no": "30",
        "display_code": "B 30",
        "direction": "Lượt về",
        "address": "22 Trương Công Định",
        "street": "Trương Công Định",
        "zone": "Quận Tân Bình",
        "ward": null,
        "all_routes": "30",
        "marker_color": "#1E88E5"
      }
    },
    {
      "type": "Feature",
      "geometry": {
        "type": "Point",
        "coordinates": [
          106.640488,
          10.794641
        ]
      },
      "properties": {
        "feature_type": "bus_stop",
        "stop_id": 4333,
        "stop_code": "QTB 141",
        "stop_name": "Bàu Cát 2",
        "stop_type": "Trụ dừng",
        "route_no": "30",
        "display_code": "B 30",
        "direction": "Lượt về",
        "address": "160 Trương Công Định",
        "street": "Trương Công Định",
        "zone": "Quận Tân Bình",
        "ward": null,
        "all_routes": "30",
        "marker_color": "#1E88E5"
      }
    },
    {
      "type": "Feature",
      "geometry": {
        "type": "Point",
        "coordinates": [
          106.638982,
          10.793972
        ]
      },
      "properties": {
        "feature_type": "bus_stop",
        "stop_id": 2423,
        "stop_code": "QTB 050",
        "stop_name": "Công ty Giấy Mai Lan",
        "stop_type": "Trụ dừng",
        "route_no": "30",
        "display_code": "B 30",
        "direction": "Lượt về",
        "address": "129 Âu Cơ",
        "street": "Âu Cơ",
        "zone": "Quận Tân Bình",
        "ward": null,
        "all_routes": "27, 30, 62",
        "marker_color": "#1E88E5"
      }
    },
    {
      "type": "Feature",
      "geometry": {
        "type": "Point",
        "coordinates": [
          106.637898,
          10.794367
        ]
      },
      "properties": {
        "feature_type": "bus_stop",
        "stop_id": 4312,
        "stop_code": "QTP 186",
        "stop_name": "Âu Cơ",
        "stop_type": "Trụ dừng",
        "route_no": "30",
        "display_code": "B 30",
        "direction": "Lượt về",
        "address": "1033 Lũy Bán Bích",
        "street": "Lũy Bán Bích",
        "zone": "Quận Tân Phú",
        "ward": "Phường Tân Thành",
        "all_routes": "30",
        "marker_color": "#1E88E5"
      }
    },
    {
      "type": "Feature",
      "geometry": {
        "type": "Point",
        "coordinates": [
          106.637013,
          10.791661
        ]
      },
      "properties": {
        "feature_type": "bus_stop",
        "stop_id": 4294,
        "stop_code": "QTP 125",
        "stop_name": "10, Độc Lập",
        "stop_type": "Trụ dừng",
        "route_no": "30",
        "display_code": "B 30",
        "direction": "Lượt về",
        "address": "10 Độc Lập",
        "street": "Độc Lập",
        "zone": "Quận Tân Phú",
        "ward": "Phường Tân Thành",
        "all_routes": "30",
        "marker_color": "#1E88E5"
      }
    },
    {
      "type": "Feature",
      "geometry": {
        "type": "Point",
        "coordinates": [
          106.633423,
          10.79226
        ]
      },
      "properties": {
        "feature_type": "bus_stop",
        "stop_id": 2716,
        "stop_code": "QTP 126",
        "stop_name": "Trạm UBND Phường Tân Thành",
        "stop_type": "Trụ dừng",
        "route_no": "30",
        "display_code": "B 30",
        "direction": "Lượt về",
        "address": "146 (122) Độc Lập",
        "street": "Độc Lập",
        "zone": "Quận Tân Phú",
        "ward": "Phường Tân Thành",
        "all_routes": "30",
        "marker_color": "#1E88E5"
      }
    },
    {
      "type": "Feature",
      "geometry": {
        "type": "Point",
        "coordinates": [
          106.63134,
          10.792543
        ]
      },
      "properties": {
        "feature_type": "bus_stop",
        "stop_id": 2718,
        "stop_code": "QTP 127",
        "stop_name": "Trường Lê Văn Tám",
        "stop_type": "Trụ dừng",
        "route_no": "30",
        "display_code": "B 30",
        "direction": "Lượt về",
        "address": "216 Độc Lập",
        "street": "Độc Lập",
        "zone": "Quận Tân Phú",
        "ward": null,
        "all_routes": "30",
        "marker_color": "#1E88E5"
      }
    },
    {
      "type": "Feature",
      "geometry": {
        "type": "Point",
        "coordinates": [
          106.62886,
          10.792652
        ]
      },
      "properties": {
        "feature_type": "bus_stop",
        "stop_id": 2719,
        "stop_code": "QTP 110",
        "stop_name": "Nhà thờ Martino",
        "stop_type": "Trụ dừng",
        "route_no": "30",
        "display_code": "B 30",
        "direction": "Lượt về",
        "address": "2 Tân Hương",
        "street": "Tân Hương",
        "zone": "Quận Tân Phú",
        "ward": "Phường Tân Qúy",
        "all_routes": "30, 41",
        "marker_color": "#1E88E5"
      }
    },
    {
      "type": "Feature",
      "geometry": {
        "type": "Point",
        "coordinates": [
          106.627785,
          10.789865
        ]
      },
      "properties": {
        "feature_type": "bus_stop",
        "stop_id": 2717,
        "stop_code": "QTP 111",
        "stop_name": "Cafe Suối Reo",
        "stop_type": "Trụ dừng",
        "route_no": "30",
        "display_code": "B 30",
        "direction": "Lượt về",
        "address": "90 Tân Hương",
        "street": "Tân Hương",
        "zone": "Quận Tân Phú",
        "ward": "Phường Tân Qúy",
        "all_routes": "30, 41",
        "marker_color": "#1E88E5"
      }
    },
    {
      "type": "Feature",
      "geometry": {
        "type": "Point",
        "coordinates": [
          106.623999,
          10.789867
        ]
      },
      "properties": {
        "feature_type": "bus_stop",
        "stop_id": 2722,
        "stop_code": "QTP 112",
        "stop_name": "Nhà Thờ Tân Hương",
        "stop_type": "Trụ dừng",
        "route_no": "30",
        "display_code": "B 30",
        "direction": "Lượt về",
        "address": "190 Tân Hương",
        "street": "Tân Hương",
        "zone": "Quận Tân Phú",
        "ward": "Phường Tân Qúy",
        "all_routes": "30, 41",
        "marker_color": "#1E88E5"
      }
    },
    {
      "type": "Feature",
      "geometry": {
        "type": "Point",
        "coordinates": [
          106.621381,
          10.790178
        ]
      },
      "properties": {
        "feature_type": "bus_stop",
        "stop_id": 2584,
        "stop_code": "QTP 113",
        "stop_name": "Trạm Chợ Tân Hương",
        "stop_type": "Trụ dừng",
        "route_no": "30",
        "display_code": "B 30",
        "direction": "Lượt về",
        "address": "248 Tân Hương",
        "street": "Tân Hương",
        "zone": "Quận Tân Phú",
        "ward": "Phường Tân Qúy",
        "all_routes": "30, 32, 69",
        "marker_color": "#1E88E5"
      }
    },
    {
      "type": "Feature",
      "geometry": {
        "type": "Point",
        "coordinates": [
          106.618996,
          10.789883
        ]
      },
      "properties": {
        "feature_type": "bus_stop",
        "stop_id": 2720,
        "stop_code": "QTP 114",
        "stop_name": "Lê Sát",
        "stop_type": "Trụ dừng",
        "route_no": "30",
        "display_code": "B 30",
        "direction": "Lượt về",
        "address": "234 Tân Hương",
        "street": "Tân Hương",
        "zone": "Quận Tân Phú",
        "ward": "Phường Tân Qúy",
        "all_routes": "30",
        "marker_color": "#1E88E5"
      }
    },
    {
      "type": "Feature",
      "geometry": {
        "type": "Point",
        "coordinates": [
          106.61882,
          10.788112
        ]
      },
      "properties": {
        "feature_type": "bus_stop",
        "stop_id": 1614,
        "stop_code": "QTP 116",
        "stop_name": "Bình Long",
        "stop_type": "Trụ dừng",
        "route_no": "30",
        "display_code": "B 30",
        "direction": "Lượt về",
        "address": "214 Lê Thúc Hoạch",
        "street": "Lê Thúc Hoạch",
        "zone": "Quận Tân Phú",
        "ward": null,
        "all_routes": "30",
        "marker_color": "#1E88E5"
      }
    }
  ]
}