{
  "type": "FeatureCollection",
  "properties": {
    "stt": 8,
    "route_no": "41",
    "display_code": "B 41",
    "route_name": "Bến xe Miền Tây - Ngã tư Bốn Xã - Bến xe An Sương",
    "start_point": "Bến xe Miền Tây",
    "end_point": "Bến xe An Sương",
    "listed_length_km": 22,
    "operating_hours": "5:00 - 19:20",
    "color": "#00ACC1",
    "num_variants": 2,
    "total_stops": 109,
    "total_points": 852
  },
  "features": [
    {
      "type": "Feature",
      "geometry": {
        "type": "LineString",
        "coordinates": [
          [
            106.61943817,
            10.73948574
          ],
          [
            106.61952972,
            10.73958588
          ],
          [
            106.61917114,
            10.73998642
          ],
          [
            106.6198349,
            10.74056625
          ],
          [
            106.61986542,
            10.74078751
          ],
          [
            106.61959839,
            10.74117184
          ],
          [
            106.61911011,
            10.74184608
          ],
          [
            106.61776733,
            10.7407341
          ],
          [
            106.61643219,
            10.73962212
          ],
          [
            106.61639404,
            10.73967457
          ],
          [
            106.61639404,
            10.73967457
          ],
          [
            106.61639404,
            10.73967457
          ],
          [
            106.61639404,
            10.73967457
          ],
          [
            106.61643982,
            10.73961163
          ],
          [
            106.61549377,
            10.73881626
          ],
          [
            106.6151123,
            10.73835754
          ],
          [
            106.61480713,
            10.7385788
          ],
          [
            106.61475372,
            10.73937511
          ],
          [
            106.61465454,
            10.74017048
          ],
          [
            106.61455536,
            10.74085045
          ],
          [
            106.61423492,
            10.74172115
          ],
          [
            106.61423492,
            10.74172115
          ],
          [
            106.61423492,
            10.74172115
          ],
          [
            106.61423492,
            10.74172115
          ],
          [
            106.61368561,
            10.74311161
          ],
          [
            106.61317444,
            10.74450302
          ],
          [
            106.61225891,
            10.74400234
          ],
          [
            106.61225891,
            10.74400234
          ],
          [
            106.61225891,
            10.74400234
          ],
          [
            106.61225891,
            10.74400234
          ],
          [
            106.61101532,
            10.74316406
          ],
          [
            106.60965729,
            10.742342
          ],
          [
            106.60965729,
            10.742342
          ],
          [
            106.60965729,
            10.742342
          ],
          [
            106.60943604,
            10.74217892
          ],
          [
            106.60832977,
            10.74389172
          ],
          [
            106.60839081,
            10.74393368
          ],
          [
            106.60839081,
            10.74393368
          ],
          [
            106.60839081,
            10.74393368
          ],
          [
            106.60829926,
            10.74388123
          ],
          [
            106.60766602,
            10.74482441
          ],
          [
            106.60703278,
            10.74576759
          ],
          [
            106.60703278,
            10.74616337
          ],
          [
            106.60733032,
            10.7462368
          ],
          [
            106.60733032,
            10.7462368
          ],
          [
            106.60733032,
            10.7462368
          ],
          [
            106.60826874,
            10.74658489
          ],
          [
            106.60920715,
            10.74693203
          ],
          [
            106.61013794,
            10.747262
          ],
          [
            106.61107635,
            10.74759102
          ],
          [
            106.61112213,
            10.7475071
          ],
          [
            106.61112213,
            10.7475071
          ],
          [
            106.61109924,
            10.74757576
          ],
          [
            106.61193085,
            10.74791241
          ],
          [
            106.61172485,
            10.74849415
          ],
          [
            106.61151886,
            10.74907494
          ],
          [
            106.61130524,
            10.74965572
          ],
          [
            106.61109924,
            10.75023651
          ],
          [
            106.61089325,
            10.75081825
          ],
          [
            106.61067963,
            10.75139904
          ],
          [
            106.61047363,
            10.75197983
          ],
          [
            106.61026764,
            10.75256062
          ],
          [
            106.61026764,
            10.75256062
          ],
          [
            106.60995483,
            10.75345421
          ],
          [
            106.60964966,
            10.7543478
          ],
          [
            106.60964966,
            10.7543478
          ],
          [
            106.60928345,
            10.75523281
          ],
          [
            106.60829926,
            10.75508022
          ],
          [
            106.60829163,
            10.75513268
          ],
          [
            106.60829163,
            10.75513268
          ],
          [
            106.60831451,
            10.75506401
          ],
          [
            106.6076355,
            10.7549696
          ],
          [
            106.60694885,
            10.75487423
          ],
          [
            106.60613251,
            10.75484848
          ],
          [
            106.60611725,
            10.75532246
          ],
          [
            106.60609436,
            10.75579739
          ],
          [
            106.60614014,
            10.75580215
          ],
          [
            106.60614014,
            10.75580215
          ],
          [
            106.60609436,
            10.75580788
          ],
          [
            106.60606384,
            10.75654507
          ],
          [
            106.60600281,
            10.7572937
          ],
          [
            106.6064682,
            10.75786781
          ],
          [
            106.60689545,
            10.75808907
          ],
          [
            106.60694122,
            10.75800514
          ],
          [
            106.60694122,
            10.75800514
          ],
          [
            106.60688782,
            10.7580843
          ],
          [
            106.60703278,
            10.75812149
          ],
          [
            106.60670471,
            10.75848484
          ],
          [
            106.60640717,
            10.75886154
          ],
          [
            106.60640717,
            10.75886154
          ],
          [
            106.60591125,
            10.75932312
          ],
          [
            106.60547638,
            10.75980759
          ],
          [
            106.60519409,
            10.76039791
          ],
          [
            106.60508728,
            10.76098824
          ],
          [
            106.60508728,
            10.76098824
          ],
          [
            106.60488129,
            10.76163101
          ],
          [
            106.60470581,
            10.76227379
          ],
          [
            106.60453796,
            10.76291656
          ],
          [
            106.60437012,
            10.7635603
          ],
          [
            106.60437012,
            10.7635603
          ],
          [
            106.60420227,
            10.76412678
          ],
          [
            106.60403442,
            10.76469326
          ],
          [
            106.60379028,
            10.76582623
          ],
          [
            106.60360718,
            10.76697445
          ],
          [
            106.60347748,
            10.76754379
          ],
          [
            106.60324097,
            10.76809692
          ],
          [
            106.60324097,
            10.76809692
          ],
          [
            106.60288239,
            10.76905155
          ],
          [
            106.60259247,
            10.77001572
          ],
          [
            106.6023407,
            10.77097511
          ],
          [
            106.60205078,
            10.77192879
          ],
          [
            106.60205078,
            10.77192879
          ],
          [
            106.60190582,
            10.77265072
          ],
          [
            106.60172272,
            10.77337265
          ],
          [
            106.60151672,
            10.77408123
          ],
          [
            106.60131073,
            10.77478981
          ],
          [
            106.60131073,
            10.77478981
          ],
          [
            106.60109711,
            10.77556515
          ],
          [
            106.60087585,
            10.7763443
          ],
          [
            106.60183716,
            10.77636051
          ],
          [
            106.60279846,
            10.77632427
          ],
          [
            106.60279846,
            10.77632427
          ],
          [
            106.60359955,
            10.77632904
          ],
          [
            106.60440063,
            10.77633381
          ],
          [
            106.60520935,
            10.77630234
          ],
          [
            106.60601807,
            10.77627087
          ],
          [
            106.60601807,
            10.77627087
          ],
          [
            106.6068573,
            10.77626801
          ],
          [
            106.60769653,
            10.7762661
          ],
          [
            106.6085434,
            10.77624416
          ],
          [
            106.60939789,
            10.77622318
          ],
          [
            106.60939789,
            10.77622318
          ],
          [
            106.61035156,
            10.77623367
          ],
          [
            106.61129761,
            10.77619743
          ],
          [
            106.61227417,
            10.77614975
          ],
          [
            106.61322021,
            10.7760601
          ],
          [
            106.61321259,
            10.77602291
          ],
          [
            106.61321259,
            10.77602291
          ],
          [
            106.61323547,
            10.77607632
          ],
          [
            106.61375427,
            10.77586555
          ],
          [
            106.61425018,
            10.77560711
          ],
          [
            106.61469269,
            10.77550697
          ],
          [
            106.6155014,
            10.77549076
          ],
          [
            106.61627197,
            10.77531147
          ],
          [
            106.61775208,
            10.77481174
          ],
          [
            106.61850739,
            10.77457428
          ],
          [
            106.61924744,
            10.77435303
          ],
          [
            106.61923218,
            10.77431107
          ],
          [
            106.61923218,
            10.77431107
          ],
          [
            106.61925507,
            10.7743578
          ],
          [
            106.62039948,
            10.77398872
          ],
          [
            106.62156677,
            10.7735939
          ],
          [
            106.62152863,
            10.77423382
          ],
          [
            106.62149048,
            10.77487469
          ],
          [
            106.62148285,
            10.77551174
          ],
          [
            106.62146759,
            10.77614975
          ],
          [
            106.62152863,
            10.77615547
          ],
          [
            106.62152863,
            10.77615547
          ],
          [
            106.62152863,
            10.77615547
          ],
          [
            106.62147522,
            10.77615452
          ],
          [
            106.62129974,
            10.7771349
          ],
          [
            106.62111664,
            10.77767277
          ],
          [
            106.62091064,
            10.77826023
          ],
          [
            106.62070465,
            10.77884769
          ],
          [
            106.62075806,
            10.77886963
          ],
          [
            106.62075806,
            10.77886963
          ],
          [
            106.62070465,
            10.77884769
          ],
          [
            106.62042236,
            10.77968597
          ],
          [
            106.62014771,
            10.7805233
          ],
          [
            106.62039948,
            10.78125095
          ],
          [
            106.62065125,
            10.78197765
          ],
          [
            106.62075043,
            10.78194618
          ],
          [
            106.62075043,
            10.78194618
          ],
          [
            106.62075043,
            10.78194618
          ],
          [
            106.6206131,
            10.78199387
          ],
          [
            106.62142181,
            10.78450012
          ],
          [
            106.62215424,
            10.78672123
          ],
          [
            106.6222229,
            10.7866993
          ],
          [
            106.6222229,
            10.7866993
          ],
          [
            106.62213898,
            10.78672123
          ],
          [
            106.62272644,
            10.78845406
          ],
          [
            106.62319183,
            10.78993034
          ],
          [
            106.62458801,
            10.78974533
          ],
          [
            106.62457275,
            10.78971004
          ],
          [
            106.62456512,
            10.78968143
          ],
          [
            106.62456512,
            10.78968143
          ],
          [
            106.62456512,
            10.78968143
          ],
          [
            106.62457275,
            10.78971004
          ],
          [
            106.6246109,
            10.78974056
          ],
          [
            106.62585449,
            10.78953552
          ],
          [
            106.62709045,
            10.78932953
          ],
          [
            106.62815857,
            10.79013538
          ],
          [
            106.62825012,
            10.79034996
          ],
          [
            106.62827301,
            10.79034328
          ],
          [
            106.62827301,
            10.79034328
          ],
          [
            106.62827301,
            10.79034328
          ],
          [
            106.62841034,
            10.79088497
          ],
          [
            106.62854767,
            10.79142666
          ],
          [
            106.62869263,
            10.79197216
          ],
          [
            106.62882996,
            10.79251766
          ],
          [
            106.62889099,
            10.79251099
          ],
          [
            106.62889099,
            10.79251099
          ],
          [
            106.62889099,
            10.79251099
          ],
          [
            106.62889099,
            10.79251099
          ],
          [
            106.62882996,
            10.79250717
          ],
          [
            106.62893677,
            10.7929287
          ],
          [
            106.62840271,
            10.79300785
          ],
          [
            106.62852478,
            10.79353428
          ],
          [
            106.62872314,
            10.79384995
          ],
          [
            106.62876129,
            10.79382896
          ],
          [
            106.62876129,
            10.79382896
          ],
          [
            106.62876129,
            10.79382896
          ],
          [
            106.62876129,
            10.79382896
          ],
          [
            106.62872314,
            10.79384995
          ],
          [
            106.62915802,
            10.79456043
          ],
          [
            106.6293869,
            10.79491043
          ],
          [
            106.62921906,
            10.7950201
          ],
          [
            106.62879944,
            10.79528999
          ],
          [
            106.6282196,
            10.79564953
          ],
          [
            106.62824249,
            10.79569721
          ],
          [
            106.62824249,
            10.79569721
          ],
          [
            106.62792969,
            10.79576969
          ],
          [
            106.62737274,
            10.79580975
          ],
          [
            106.62692261,
            10.79585838
          ],
          [
            106.62546539,
            10.79587364
          ],
          [
            106.6248703,
            10.79590321
          ],
          [
            106.6248703,
            10.79590321
          ],
          [
            106.6248703,
            10.79590321
          ],
          [
            106.6245575,
            10.79590034
          ],
          [
            106.62380981,
            10.79590034
          ],
          [
            106.62380219,
            10.79646397
          ],
          [
            106.62387085,
            10.79646397
          ],
          [
            106.62387085,
            10.79646397
          ],
          [
            106.62387085,
            10.79646397
          ],
          [
            106.62380219,
            10.79646397
          ],
          [
            106.62380219,
            10.79743862
          ],
          [
            106.62384796,
            10.79845619
          ],
          [
            106.623909,
            10.79928303
          ],
          [
            106.62405396,
            10.79990482
          ],
          [
            106.62425232,
            10.80050087
          ],
          [
            106.62428284,
            10.80049706
          ],
          [
            106.62428284,
            10.80049706
          ],
          [
            106.62425232,
            10.80050087
          ],
          [
            106.62463379,
            10.80144882
          ],
          [
            106.6260376,
            10.8019762
          ],
          [
            106.62607574,
            10.80192947
          ],
          [
            106.62607574,
            10.80192947
          ],
          [
            106.62712096999999,
            10.80234528
          ],
          [
            106.62778473,
            10.80251312
          ],
          [
            106.62852478,
            10.80264282
          ],
          [
            106.62852478,
            10.80264282
          ],
          [
            106.62850189,
            10.80270863
          ],
          [
            106.6300354,
            10.80298805
          ],
          [
            106.63155365,
            10.80327797
          ],
          [
            106.6315918,
            10.80316639
          ],
          [
            106.6315918,
            10.80316639
          ],
          [
            106.63155365,
            10.80327225
          ],
          [
            106.63279724,
            10.80352497
          ],
          [
            106.63218689,
            10.80428219
          ],
          [
            106.63218689,
            10.80428219
          ],
          [
            106.63218689,
            10.80428219
          ],
          [
            106.63218689,
            10.80428219
          ],
          [
            106.6314621,
            10.80510044
          ],
          [
            106.63079834,
            10.80553246
          ],
          [
            106.62969971,
            10.80581188
          ],
          [
            106.62858582,
            10.80606461
          ],
          [
            106.62858582,
            10.80606461
          ],
          [
            106.62858582,
            10.80606461
          ],
          [
            106.62858582,
            10.80606461
          ],
          [
            106.62858582,
            10.80606461
          ],
          [
            106.6277771,
            10.80624485
          ],
          [
            106.62697601,
            10.80642509
          ],
          [
            106.62617493,
            10.80660439
          ],
          [
            106.62536621,
            10.80678463
          ],
          [
            106.62536621,
            10.80678463
          ],
          [
            106.62536621,
            10.80678463
          ],
          [
            106.62536621,
            10.80678463
          ],
          [
            106.62456512,
            10.80695438
          ],
          [
            106.62377167,
            10.80712414
          ],
          [
            106.62297821,
            10.80729389
          ],
          [
            106.62217712,
            10.80746365
          ],
          [
            106.62217712,
            10.80746365
          ],
          [
            106.62217712,
            10.80746365
          ],
          [
            106.62140656,
            10.80763435
          ],
          [
            106.62063599,
            10.80780411
          ],
          [
            106.61987305,
            10.80800152
          ],
          [
            106.61911774,
            10.80819893
          ],
          [
            106.619133,
            10.8082571
          ],
          [
            106.619133,
            10.8082571
          ],
          [
            106.61911774,
            10.80820942
          ],
          [
            106.61833191,
            10.8084259
          ],
          [
            106.61888123,
            10.80899525
          ],
          [
            106.61943054,
            10.80956364
          ],
          [
            106.61943054,
            10.80956364
          ],
          [
            106.62016296,
            10.81037235
          ],
          [
            106.62088776,
            10.81118107
          ],
          [
            106.62162018,
            10.81198978
          ],
          [
            106.62234497,
            10.81279755
          ],
          [
            106.62234497,
            10.81279755
          ],
          [
            106.62234497,
            10.81279755
          ],
          [
            106.62276459,
            10.81321049
          ],
          [
            106.62315369,
            10.81364727
          ],
          [
            106.62352753,
            10.81409836
          ],
          [
            106.62389374,
            10.81454849
          ],
          [
            106.62425995,
            10.81496429
          ],
          [
            106.62462616,
            10.81538105
          ],
          [
            106.62509918,
            10.81576824
          ],
          [
            106.62553406,
            10.81617641
          ],
          [
            106.62556458,
            10.81615639
          ],
          [
            106.62556458,
            10.81615639
          ],
          [
            106.62556458,
            10.81615639
          ],
          [
            106.62556458,
            10.81615639
          ],
          [
            106.62554169,
            10.81619263
          ],
          [
            106.62592316,
            10.81655598
          ],
          [
            106.62634277,
            10.81693554
          ],
          [
            106.62675476,
            10.81732273
          ],
          [
            106.62716675,
            10.81770992
          ],
          [
            106.62758636,
            10.81808949
          ],
          [
            106.62799835,
            10.81846905
          ],
          [
            106.62845612,
            10.81883717
          ],
          [
            106.62892151,
            10.81920624
          ],
          [
            106.6289444,
            10.81916904
          ],
          [
            106.6289444,
            10.81916904
          ],
          [
            106.6289444,
            10.81916904
          ],
          [
            106.62889862,
            10.81920624
          ],
          [
            106.62982178,
            10.81989098
          ],
          [
            106.63077545,
            10.82047653
          ],
          [
            106.63051605,
            10.82146454
          ],
          [
            106.63017273,
            10.82242584
          ],
          [
            106.63025665,
            10.82245159
          ],
          [
            106.63025665,
            10.82245159
          ],
          [
            106.63025665,
            10.82245159
          ],
          [
            106.63014984,
            10.82243061
          ],
          [
            106.62980652,
            10.82309532
          ],
          [
            106.6292572,
            10.82365322
          ],
          [
            106.62804413,
            10.82470703
          ],
          [
            106.62689209,
            10.82580853
          ],
          [
            106.62576294,
            10.82689381
          ],
          [
            106.6258316,
            10.82695675
          ],
          [
            106.6258316,
            10.82695675
          ],
          [
            106.6258316,
            10.82695675
          ],
          [
            106.62575531,
            10.82691002
          ],
          [
            106.62539673,
            10.82731533
          ],
          [
            106.62508392,
            10.82772064
          ],
          [
            106.62480164,
            10.82815266
          ],
          [
            106.62451935,
            10.82858467
          ],
          [
            106.62459564,
            10.82862663
          ],
          [
            106.62459564,
            10.82862663
          ],
          [
            106.62448883,
            10.8285799
          ],
          [
            106.62399292,
            10.82936001
          ],
          [
            106.62349701,
            10.83013916
          ],
          [
            106.6230011,
            10.83090878
          ],
          [
            106.62250519,
            10.83167839
          ],
          [
            106.62201691,
            10.83244228
          ],
          [
            106.621521,
            10.83320618
          ],
          [
            106.62102509,
            10.83397007
          ],
          [
            106.62052917,
            10.83473396
          ],
          [
            106.6206131,
            10.83478069
          ],
          [
            106.6206131,
            10.83478069
          ],
          [
            106.62052155,
            10.83473873
          ],
          [
            106.61995697,
            10.83561897
          ],
          [
            106.61940002,
            10.83649921
          ],
          [
            106.61885071,
            10.83733177
          ],
          [
            106.61830139,
            10.8381691
          ],
          [
            106.61840057,
            10.83822155
          ],
          [
            106.61840057,
            10.83822155
          ],
          [
            106.61840057,
            10.83822155
          ],
          [
            106.61828613,
            10.8381424
          ],
          [
            106.6179657,
            10.83863163
          ],
          [
            106.61765289,
            10.83911991
          ],
          [
            106.61734009,
            10.83960915
          ],
          [
            106.61701965,
            10.84009743
          ],
          [
            106.61670685,
            10.84059238
          ],
          [
            106.61639404,
            10.84108829
          ],
          [
            106.61608887,
            10.84158611
          ],
          [
            106.61577606,
            10.84208393
          ],
          [
            106.61547089,
            10.84256554
          ],
          [
            106.61516571,
            10.8430481
          ],
          [
            106.61483765,
            10.84353256
          ],
          [
            106.61450958,
            10.84401703
          ],
          [
            106.61421204,
            10.84451294
          ],
          [
            106.61390686,
            10.8450079
          ],
          [
            106.61360931,
            10.84550285
          ],
          [
            106.61330414,
            10.84599876
          ],
          [
            106.61335754,
            10.846035
          ],
          [
            106.61335754,
            10.846035
          ],
          [
            106.61335754,
            10.846035
          ],
          [
            106.61330414,
            10.84600925
          ],
          [
            106.61289215,
            10.84664917
          ],
          [
            106.61248016,
            10.84728909
          ],
          [
            106.61235046,
            10.84721565
          ],
          [
            106.61266327,
            10.84670925
          ],
          [
            106.61296844,
            10.8462038
          ],
          [
            106.61328125,
            10.84571934
          ],
          [
            106.61358643,
            10.84523392
          ],
          [
            106.61352539,
            10.84518719
          ],
          [
            106.61352539,
            10.84518719
          ],
          [
            106.61352539,
            10.84518719
          ],
          [
            106.61352539,
            10.84518719
          ],
          [
            106.61358643,
            10.84522343
          ],
          [
            106.61406708,
            10.84443855
          ],
          [
            106.61330414,
            10.84384346
          ],
          [
            106.6133728,
            10.8437376
          ]
        ]
      },
      "properties": {
        "feature_type": "route_path",
        "stt": 8,
        "route_id": 62,
        "route_no": "41",
        "display_code": "B 41",
        "route_name": "Bến xe Miền Tây - Ngã tư Bốn Xã - Bến xe An Sương",
        "direction": "Lượt đi",
        "outbound": true,
        "start_point": "Bến xe Miền Tây",
        "end_point": "Bến xe An Sương",
        "start_stop": "Bến xe Miền Tây",
        "end_stop": "Bến xe An Sương",
        "distance_km": 22.86,
        "listed_length_km": 22,
        "running_time_min": 60,
        "operating_hours": "5:00 - 19:20",
        "stroke": "#00ACC1",
        "stroke_width": 4,
        "stroke_opacity": 0.85
      }
    },
    {
      "type": "Feature",
      "geometry": {
        "type": "LineString",
        "coordinates": [
          [
            106.6133728,
            10.8437376
          ],
          [
            106.61422729,
            10.84423351
          ],
          [
            106.61467743,
            10.84355354
          ],
          [
            106.61501312,
            10.84290028
          ],
          [
            106.61509705,
            10.84251595
          ],
          [
            106.61535645,
            10.84222031
          ],
          [
            106.61579895,
            10.84156704
          ],
          [
            106.61659241,
            10.84021854
          ],
          [
            106.61742401,
            10.83893299
          ],
          [
            106.61734772,
            10.83889103
          ],
          [
            106.61734772,
            10.83889103
          ],
          [
            106.61734772,
            10.83889103
          ],
          [
            106.61734772,
            10.83889103
          ],
          [
            106.6174469,
            10.8389492
          ],
          [
            106.61816406,
            10.83785248
          ],
          [
            106.61888123,
            10.83675671
          ],
          [
            106.61959076,
            10.83566093
          ],
          [
            106.62030792,
            10.83456516
          ],
          [
            106.62020874,
            10.83449745
          ],
          [
            106.62020874,
            10.83449745
          ],
          [
            106.62020874,
            10.83449745
          ],
          [
            106.62020874,
            10.83449745
          ],
          [
            106.62020874,
            10.83449745
          ],
          [
            106.62031555,
            10.83455467
          ],
          [
            106.62110138,
            10.83332157
          ],
          [
            106.62189484,
            10.83208847
          ],
          [
            106.62179565,
            10.83201981
          ],
          [
            106.62179565,
            10.83201981
          ],
          [
            106.62179565,
            10.83201981
          ],
          [
            106.62179565,
            10.83201981
          ],
          [
            106.62179565,
            10.83201981
          ],
          [
            106.62179565,
            10.83201981
          ],
          [
            106.62189484,
            10.83208847
          ],
          [
            106.62268829,
            10.83087444
          ],
          [
            106.62347412,
            10.82966042
          ],
          [
            106.62429047,
            10.82844257
          ],
          [
            106.62516022,
            10.82727814
          ],
          [
            106.62593842,
            10.82631969
          ],
          [
            106.62586212,
            10.82623959
          ],
          [
            106.62586212,
            10.82623959
          ],
          [
            106.62586212,
            10.82623959
          ],
          [
            106.62586212,
            10.82623959
          ],
          [
            106.62586212,
            10.82623959
          ],
          [
            106.62586212,
            10.82623959
          ],
          [
            106.62593079,
            10.8263092
          ],
          [
            106.62697601,
            10.82535553
          ],
          [
            106.62802124,
            10.82440186
          ],
          [
            106.62873077,
            10.82374001
          ],
          [
            106.62944031,
            10.82307911
          ],
          [
            106.62973785,
            10.82272625
          ],
          [
            106.62992096,
            10.8223362
          ],
          [
            106.62982178,
            10.82231522
          ],
          [
            106.62982178,
            10.82231522
          ],
          [
            106.62982178,
            10.82231522
          ],
          [
            106.62982178,
            10.82231522
          ],
          [
            106.62982178,
            10.82231522
          ],
          [
            106.62982178,
            10.82231522
          ],
          [
            106.62992096,
            10.82235146
          ],
          [
            106.63024139,
            10.82139301
          ],
          [
            106.63050079,
            10.82043362
          ],
          [
            106.62983704,
            10.81995201
          ],
          [
            106.62917328,
            10.81946945
          ],
          [
            106.62911224,
            10.81952763
          ],
          [
            106.62911224,
            10.81952763
          ],
          [
            106.62911224,
            10.81952763
          ],
          [
            106.62911224,
            10.81952763
          ],
          [
            106.62911224,
            10.81952763
          ],
          [
            106.62911224,
            10.81952763
          ],
          [
            106.62915802,
            10.81946945
          ],
          [
            106.62826538,
            10.81875801
          ],
          [
            106.62738037,
            10.81798935
          ],
          [
            106.62649536,
            10.81718826
          ],
          [
            106.62564087,
            10.81638718
          ],
          [
            106.62558746,
            10.81645107
          ],
          [
            106.62558746,
            10.81645107
          ],
          [
            106.62558746,
            10.81645107
          ],
          [
            106.62558746,
            10.81645107
          ],
          [
            106.62558746,
            10.81645107
          ],
          [
            106.62563324,
            10.81640816
          ],
          [
            106.62507629,
            10.81586933
          ],
          [
            106.62452698,
            10.81532955
          ],
          [
            106.62372589,
            10.81442165
          ],
          [
            106.62319946,
            10.81378746
          ],
          [
            106.62266541,
            10.81315231
          ],
          [
            106.62214661,
            10.81261539
          ],
          [
            106.62214661,
            10.81261539
          ],
          [
            106.62214661,
            10.81261539
          ],
          [
            106.62214661,
            10.81261539
          ],
          [
            106.62214661,
            10.81261539
          ],
          [
            106.62214661,
            10.81261539
          ],
          [
            106.62125397,
            10.81163979
          ],
          [
            106.62080383,
            10.8111496
          ],
          [
            106.6203537,
            10.81065941
          ],
          [
            106.61975861,
            10.81002235
          ],
          [
            106.61917114,
            10.80938435
          ],
          [
            106.619133,
            10.80942726
          ],
          [
            106.619133,
            10.80942726
          ],
          [
            106.619133,
            10.80942726
          ],
          [
            106.619133,
            10.80942726
          ],
          [
            106.61917877,
            10.80939007
          ],
          [
            106.61867523,
            10.80885506
          ],
          [
            106.61816406,
            10.80832005
          ],
          [
            106.61903381,
            10.80810738
          ],
          [
            106.61990356,
            10.80789375
          ],
          [
            106.61981964,
            10.8076458
          ],
          [
            106.61981964,
            10.8076458
          ],
          [
            106.61981964,
            10.8076458
          ],
          [
            106.61981964,
            10.8076458
          ],
          [
            106.61981964,
            10.8076458
          ],
          [
            106.61981964,
            10.8076458
          ],
          [
            106.61988831,
            10.80787277
          ],
          [
            106.6211319,
            10.80759144
          ],
          [
            106.62236786,
            10.8073101
          ],
          [
            106.62236786,
            10.8073101
          ],
          [
            106.62236786,
            10.8073101
          ],
          [
            106.62236786,
            10.8073101
          ],
          [
            106.62236786,
            10.8073101
          ],
          [
            106.62236786,
            10.8073101
          ],
          [
            106.62362671,
            10.80703926
          ],
          [
            106.62488556,
            10.80676746
          ],
          [
            106.62488556,
            10.80676746
          ],
          [
            106.62488556,
            10.80676746
          ],
          [
            106.62488556,
            10.80676746
          ],
          [
            106.6258316,
            10.80656338
          ],
          [
            106.62678528,
            10.80636024
          ],
          [
            106.62772369,
            10.80615711
          ],
          [
            106.62866211,
            10.80595398
          ],
          [
            106.62866974,
            10.80585861
          ],
          [
            106.62866974,
            10.80585861
          ],
          [
            106.628685,
            10.80594921
          ],
          [
            106.62968445,
            10.80572224
          ],
          [
            106.63069153,
            10.80549622
          ],
          [
            106.63106537,
            10.80531693
          ],
          [
            106.63139343,
            10.80504227
          ],
          [
            106.6319809,
            10.80435944
          ],
          [
            106.6319809,
            10.80435944
          ],
          [
            106.6319809,
            10.80435944
          ],
          [
            106.63264465,
            10.80349922
          ],
          [
            106.63158417,
            10.80330372
          ],
          [
            106.63157654,
            10.80334568
          ],
          [
            106.63157654,
            10.80334568
          ],
          [
            106.63157654,
            10.80334568
          ],
          [
            106.63157654,
            10.80329895
          ],
          [
            106.6308136,
            10.8031559
          ],
          [
            106.63005066,
            10.8030138
          ],
          [
            106.62927246,
            10.8028717
          ],
          [
            106.62850189,
            10.80272961
          ],
          [
            106.62848663,
            10.80281734
          ],
          [
            106.62848663,
            10.80281734
          ],
          [
            106.62848663,
            10.80281734
          ],
          [
            106.62851715,
            10.80272961
          ],
          [
            106.62793732,
            10.80261898
          ],
          [
            106.62736511,
            10.80250835
          ],
          [
            106.62665558,
            10.80223942
          ],
          [
            106.62595367,
            10.80197048
          ],
          [
            106.62592316,
            10.80204391
          ],
          [
            106.62592316,
            10.80204391
          ],
          [
            106.62592316,
            10.80204391
          ],
          [
            106.62595367,
            10.80196571
          ],
          [
            106.62461853,
            10.80144882
          ],
          [
            106.6242218,
            10.80039883
          ],
          [
            106.6242218,
            10.80039883
          ],
          [
            106.6242218,
            10.80039883
          ],
          [
            106.62422943,
            10.80039978
          ],
          [
            106.62400818,
            10.79967022
          ],
          [
            106.623909,
            10.79926014
          ],
          [
            106.62384033,
            10.79883957
          ],
          [
            106.6237793,
            10.79788971
          ],
          [
            106.62378693,
            10.79666424
          ],
          [
            106.62374878,
            10.79665947
          ],
          [
            106.62374878,
            10.79665947
          ],
          [
            106.62380219,
            10.79666042
          ],
          [
            106.62380981,
            10.79590034
          ],
          [
            106.62394714,
            10.79590034
          ],
          [
            106.62474823,
            10.79586983
          ],
          [
            106.62474823,
            10.79582882
          ],
          [
            106.62474823,
            10.79586983
          ],
          [
            106.62606049,
            10.79585838
          ],
          [
            106.62737274,
            10.79580975
          ],
          [
            106.62792969,
            10.79576969
          ],
          [
            106.6280365,
            10.79572964
          ],
          [
            106.62811279,
            10.79570007
          ],
          [
            106.62808228,
            10.79562378
          ],
          [
            106.62808228,
            10.79562378
          ],
          [
            106.62812805,
            10.7956686
          ],
          [
            106.62935638,
            10.79489422
          ],
          [
            106.62879944,
            10.79404831
          ],
          [
            106.62879944,
            10.79404831
          ],
          [
            106.62879944,
            10.79404831
          ],
          [
            106.62879944,
            10.79404831
          ],
          [
            106.62879944,
            10.79404831
          ],
          [
            106.628479,
            10.79347134
          ],
          [
            106.62835693,
            10.79297543
          ],
          [
            106.62891388,
            10.79290199
          ],
          [
            106.62886047,
            10.79265213
          ],
          [
            106.62886047,
            10.79265213
          ],
          [
            106.62886047,
            10.79265213
          ],
          [
            106.62886047,
            10.79265213
          ],
          [
            106.62886047,
            10.79265213
          ],
          [
            106.62886047,
            10.79265213
          ],
          [
            106.62886047,
            10.79265213
          ],
          [
            106.62851715,
            10.79140759
          ],
          [
            106.62817383,
            10.79016209
          ],
          [
            106.62778473,
            10.78986454
          ],
          [
            106.62778473,
            10.78986454
          ],
          [
            106.62778473,
            10.78986454
          ],
          [
            106.62778473,
            10.78986454
          ],
          [
            106.62705994,
            10.78934479
          ],
          [
            106.62590027,
            10.78952408
          ],
          [
            106.62495422,
            10.78970337
          ],
          [
            106.62399292,
            10.78983021
          ],
          [
            106.62400055,
            10.7898674
          ],
          [
            106.62400055,
            10.7898674
          ],
          [
            106.62316132,
            10.7899456
          ],
          [
            106.62240601,
            10.7875433
          ],
          [
            106.62207031,
            10.78639984
          ],
          [
            106.62205505,
            10.78640175
          ],
          [
            106.62205505,
            10.78640175
          ],
          [
            106.62200165,
            10.78641033
          ],
          [
            106.62205505,
            10.78640175
          ],
          [
            106.62135315,
            10.78431129
          ],
          [
            106.6206665,
            10.78221512
          ],
          [
            106.62055206,
            10.78224659
          ],
          [
            106.62055206,
            10.78224659
          ],
          [
            106.62055206,
            10.78224659
          ],
          [
            106.62055206,
            10.78224659
          ],
          [
            106.62055206,
            10.78224659
          ],
          [
            106.62055206,
            10.78224659
          ],
          [
            106.62055206,
            10.78224659
          ],
          [
            106.62055206,
            10.78224659
          ],
          [
            106.62067413,
            10.78220463
          ],
          [
            106.6204071,
            10.78138256
          ],
          [
            106.62008667,
            10.78054428
          ],
          [
            106.62049103,
            10.77944374
          ],
          [
            106.6204071,
            10.77943325
          ],
          [
            106.6204071,
            10.77943325
          ],
          [
            106.6204071,
            10.77943325
          ],
          [
            106.6204071,
            10.77943325
          ],
          [
            106.62047577,
            10.779459
          ],
          [
            106.62085724,
            10.77831078
          ],
          [
            106.62123871,
            10.7771616
          ],
          [
            106.62139893,
            10.7762661
          ],
          [
            106.62142181,
            10.77592754
          ],
          [
            106.62142181,
            10.77592754
          ],
          [
            106.62142181,
            10.77592754
          ],
          [
            106.62142181,
            10.77592754
          ],
          [
            106.62145996,
            10.77537155
          ],
          [
            106.62149048,
            10.77481651
          ],
          [
            106.62150574,
            10.77425766
          ],
          [
            106.62151337,
            10.77369881
          ],
          [
            106.62076569,
            10.77393627
          ],
          [
            106.62002563,
            10.77417374
          ],
          [
            106.61928558,
            10.77441025
          ],
          [
            106.61854553,
            10.77464771
          ],
          [
            106.61854553,
            10.77464771
          ],
          [
            106.61854553,
            10.77464771
          ],
          [
            106.6179657,
            10.77482224
          ],
          [
            106.61738586,
            10.7749958
          ],
          [
            106.61679077,
            10.77519321
          ],
          [
            106.61620331,
            10.77539063
          ],
          [
            106.61559296,
            10.77552795
          ],
          [
            106.61495972,
            10.77553272
          ],
          [
            106.61431885,
            10.77562809
          ],
          [
            106.61377716,
            10.77591801
          ],
          [
            106.61377716,
            10.77591801
          ],
          [
            106.61377716,
            10.77591801
          ],
          [
            106.61377716,
            10.77591801
          ],
          [
            106.61328125,
            10.77610779
          ],
          [
            106.61238861,
            10.77620792
          ],
          [
            106.61108398,
            10.77625275
          ],
          [
            106.60977173,
            10.77629757
          ],
          [
            106.6097641,
            10.77638721
          ],
          [
            106.6097641,
            10.77638721
          ],
          [
            106.6097641,
            10.77638721
          ],
          [
            106.6097641,
            10.77638721
          ],
          [
            106.6097641,
            10.77638721
          ],
          [
            106.6097641,
            10.77638721
          ],
          [
            106.6097641,
            10.77627659
          ],
          [
            106.60871124,
            10.77629375
          ],
          [
            106.60766602,
            10.77631092
          ],
          [
            106.60661316,
            10.77632809
          ],
          [
            106.6055603,
            10.7763443
          ],
          [
            106.6055603,
            10.77645493
          ],
          [
            106.6055603,
            10.77645493
          ],
          [
            106.6055603,
            10.77641773
          ],
          [
            106.6055603,
            10.77641773
          ],
          [
            106.60556793,
            10.7763443
          ],
          [
            106.60457611,
            10.77636623
          ],
          [
            106.60358429,
            10.77638721
          ],
          [
            106.60358429,
            10.77645493
          ],
          [
            106.60358429,
            10.77645493
          ],
          [
            106.60358429,
            10.77645493
          ],
          [
            106.60358429,
            10.77645493
          ],
          [
            106.60358429,
            10.77645493
          ],
          [
            106.60358429,
            10.7764082
          ],
          [
            106.60223389,
            10.7764082
          ],
          [
            106.60088348,
            10.7764082
          ],
          [
            106.60105133,
            10.7756176
          ],
          [
            106.6009903,
            10.77560711
          ],
          [
            106.6009903,
            10.77560711
          ],
          [
            106.6009903,
            10.77560711
          ],
          [
            106.6009903,
            10.77560711
          ],
          [
            106.6009903,
            10.77560711
          ],
          [
            106.60105133,
            10.7756176
          ],
          [
            106.60128784,
            10.77480602
          ],
          [
            106.60152435,
            10.77399445
          ],
          [
            106.60173798,
            10.77318573
          ],
          [
            106.60194397,
            10.77237606
          ],
          [
            106.60185242,
            10.77235031
          ],
          [
            106.60185242,
            10.77235031
          ],
          [
            106.60185242,
            10.77235031
          ],
          [
            106.60195923,
            10.77238178
          ],
          [
            106.60224152,
            10.77133846
          ],
          [
            106.6025238,
            10.77029514
          ],
          [
            106.60280609,
            10.76926708
          ],
          [
            106.60315704,
            10.76824474
          ],
          [
            106.60311127,
            10.76822376
          ],
          [
            106.60311127,
            10.76822376
          ],
          [
            106.60311127,
            10.76822376
          ],
          [
            106.60311127,
            10.76822376
          ],
          [
            106.60316467,
            10.76823997
          ],
          [
            106.60340118,
            10.76762295
          ],
          [
            106.60357666,
            10.76700974
          ],
          [
            106.60372925,
            10.76603031
          ],
          [
            106.60386658,
            10.76529026
          ],
          [
            106.60417175,
            10.76401329
          ],
          [
            106.60379791,
            10.76394939
          ],
          [
            106.60379791,
            10.76394939
          ],
          [
            106.60379791,
            10.76394939
          ],
          [
            106.60379791,
            10.76394939
          ],
          [
            106.60379791,
            10.76394939
          ],
          [
            106.60379791,
            10.76394939
          ],
          [
            106.60379791,
            10.76394939
          ],
          [
            106.60379791,
            10.76394939
          ],
          [
            106.60420227,
            10.76401329
          ],
          [
            106.60439301,
            10.76329613
          ],
          [
            106.60459137,
            10.76257992
          ],
          [
            106.6047821,
            10.76185799
          ],
          [
            106.60497284,
            10.76113605
          ],
          [
            106.60493469,
            10.76112461
          ],
          [
            106.60493469,
            10.76112461
          ],
          [
            106.60493469,
            10.76112461
          ],
          [
            106.60493469,
            10.76112461
          ],
          [
            106.60493469,
            10.76112461
          ],
          [
            106.60498047,
            10.76113033
          ],
          [
            106.60510254,
            10.76061916
          ],
          [
            106.60529327,
            10.76008987
          ],
          [
            106.6054306,
            10.75981998
          ],
          [
            106.60553741,
            10.75965977
          ],
          [
            106.60605621,
            10.75914955
          ],
          [
            106.60619354,
            10.75895691
          ],
          [
            106.60619354,
            10.75895691
          ],
          [
            106.60619354,
            10.75895691
          ],
          [
            106.60619354,
            10.75895691
          ],
          [
            106.60619354,
            10.75895691
          ],
          [
            106.60696411,
            10.75817871
          ],
          [
            106.60641479,
            10.7578783
          ],
          [
            106.60596466,
            10.7572937
          ],
          [
            106.60604095,
            10.75657177
          ],
          [
            106.60604095,
            10.75583363
          ],
          [
            106.60604095,
            10.75583363
          ],
          [
            106.60604095,
            10.75583363
          ],
          [
            106.60604095,
            10.75583363
          ],
          [
            106.6060791,
            10.75533009
          ],
          [
            106.60611725,
            10.7548275
          ],
          [
            106.60684967,
            10.7548275
          ],
          [
            106.60790253,
            10.75498009
          ],
          [
            106.60790253,
            10.75498009
          ],
          [
            106.60790253,
            10.75498009
          ],
          [
            106.60790253,
            10.75498009
          ],
          [
            106.60790253,
            10.75498009
          ],
          [
            106.6085434,
            10.75509071
          ],
          [
            106.60918427,
            10.75520134
          ],
          [
            106.60942841,
            10.75452137
          ],
          [
            106.60967255,
            10.7538414
          ],
          [
            106.60990906,
            10.75315666
          ],
          [
            106.61013794,
            10.75247097
          ],
          [
            106.61013794,
            10.75247097
          ],
          [
            106.61013794,
            10.75247097
          ],
          [
            106.61013794,
            10.75247097
          ],
          [
            106.61035156,
            10.75190353
          ],
          [
            106.61055756,
            10.75133514
          ],
          [
            106.61077118,
            10.75076771
          ],
          [
            106.6109848,
            10.75020027
          ],
          [
            106.6111908,
            10.74962044
          ],
          [
            106.61139679,
            10.7490406
          ],
          [
            106.61160278,
            10.74846077
          ],
          [
            106.61180878,
            10.74788094
          ],
          [
            106.61151886,
            10.74780655
          ],
          [
            106.61151886,
            10.74780655
          ],
          [
            106.61151886,
            10.74780655
          ],
          [
            106.61061859,
            10.74744129
          ],
          [
            106.60970306,
            10.74711132
          ],
          [
            106.60877991,
            10.74678993
          ],
          [
            106.60786438,
            10.74646854
          ],
          [
            106.60783386,
            10.74653244
          ],
          [
            106.60783386,
            10.74653244
          ],
          [
            106.60783386,
            10.74653244
          ],
          [
            106.60786438,
            10.74645805
          ],
          [
            106.60702515,
            10.74616337
          ],
          [
            106.60703278,
            10.74577332
          ],
          [
            106.60749817,
            10.74506187
          ],
          [
            106.60796356,
            10.74434948
          ],
          [
            106.60790253,
            10.74431801
          ],
          [
            106.60790253,
            10.74431801
          ],
          [
            106.60795593,
            10.74433899
          ],
          [
            106.60869598,
            10.74321175
          ],
          [
            106.60943604,
            10.74211502
          ],
          [
            106.61001587,
            10.7424736
          ],
          [
            106.61006165,
            10.74244213
          ],
          [
            106.61006165,
            10.74244213
          ],
          [
            106.61003876,
            10.74249458
          ],
          [
            106.61069489,
            10.74290848
          ],
          [
            106.61135864,
            10.74332237
          ],
          [
            106.61203766,
            10.74376202
          ],
          [
            106.61270905,
            10.74420261
          ],
          [
            106.61276245,
            10.74417114
          ],
          [
            106.61276245,
            10.74417114
          ],
          [
            106.61307526,
            10.74439716
          ],
          [
            106.6132431,
            10.74386311
          ],
          [
            106.61341095,
            10.74332809
          ],
          [
            106.61341095,
            10.74332809
          ],
          [
            106.61383057,
            10.74237347
          ],
          [
            106.61422729,
            10.74142361
          ],
          [
            106.61422729,
            10.74142361
          ],
          [
            106.61443329,
            10.7407341
          ],
          [
            106.6145401,
            10.74002266
          ],
          [
            106.61477661,
            10.73843098
          ],
          [
            106.61495209,
            10.73827362
          ],
          [
            106.61516571,
            10.73816776
          ],
          [
            106.61560059,
            10.73872662
          ],
          [
            106.61620331,
            10.73921967
          ],
          [
            106.61681366,
            10.73971176
          ],
          [
            106.61686707,
            10.73966503
          ],
          [
            106.61686707,
            10.73966503
          ],
          [
            106.61686707,
            10.73966503
          ],
          [
            106.61686707,
            10.73966503
          ],
          [
            106.61686707,
            10.73966503
          ],
          [
            106.61686707,
            10.73966503
          ],
          [
            106.61679077,
            10.73972225
          ],
          [
            106.61844635,
            10.74102974
          ],
          [
            106.61856842,
            10.74085045
          ],
          [
            106.61933136,
            10.74150944
          ],
          [
            106.6195755,
            10.74120331
          ],
          [
            106.6193161,
            10.74101925
          ],
          [
            106.61979675,
            10.7404871
          ],
          [
            106.61917877,
            10.7399807
          ],
          [
            106.61953735,
            10.73956966
          ],
          [
            106.61943817,
            10.73948574
          ]
        ]
      },
      "properties": {
        "feature_type": "route_path",
        "stt": 8,
        "route_id": 62,
        "route_no": "41",
        "display_code": "B 41",
        "route_name": "Bến xe Miền Tây - Ngã tư Bốn Xã - Bến xe An Sương",
        "direction": "Lượt về",
        "outbound": false,
        "start_point": "Bến xe Miền Tây",
        "end_point": "Bến xe An Sương",
        "start_stop": "Bến xe An Sương",
        "end_stop": "Bến xe Miền Tây",
        "distance_km": 22.22,
        "listed_length_km": 22,
        "running_time_min": 60,
        "operating_hours": "5:00 - 19:20",
        "stroke": "#00ACC1",
        "stroke_width": 4,
        "stroke_opacity": 0.85
      }
    },
    {
      "type": "Feature",
      "geometry": {
        "type": "Point",
        "coordinates": [
          106.619438,
          10.739486
        ]
      },
      "properties": {
        "feature_type": "bus_stop",
        "stop_id": 725,
        "stop_code": "BX 46",
        "stop_name": "Bến xe Miền Tây",
        "stop_type": "Bến xe",
        "route_no": "41",
        "display_code": "B 41",
        "direction": "Lượt đi",
        "address": "Bến xe Miền Tây Kinh Dương Vương",
        "street": "Kinh Dương Vương",
        "zone": "Quận Bình Tân",
        "ward": null,
        "all_routes": "10, 102, 139, 14, 148, 151, 32, 39, 41, 60-1, 91",
        "marker_color": "#00ACC1"
      }
    },
    {
      "type": "Feature",
      "geometry": {
        "type": "Point",
        "coordinates": [
          106.615362,
          10.738774
        ]
      },
      "properties": {
        "feature_type": "bus_stop",
        "stop_id": 630,
        "stop_code": "QBT 014",
        "stop_name": "Bệnh viện Triều An",
        "stop_type": "Trụ dừng",
        "route_no": "41",
        "display_code": "B 41",
        "direction": "Lượt đi",
        "address": "480 (EXIMBANK) Kinh Dương Vương",
        "street": "Kinh Dương Vương",
        "zone": "Quận Bình Tân",
        "ward": "Phường An Lạc",
        "all_routes": "09, 102, 151, 25, 39, 41, 60-1, 61, 62-1, 62-10, 62-2, 62-8, 63-1, 84",
        "marker_color": "#00ACC1"
      }
    },
    {
      "type": "Feature",
      "geometry": {
        "type": "Point",
        "coordinates": [
          106.614235,
          10.741721
        ]
      },
      "properties": {
        "feature_type": "bus_stop",
        "stop_id": 2306,
        "stop_code": "QBT 107",
        "stop_name": "Kinh Dương Vương",
        "stop_type": "Trụ dừng",
        "route_no": "41",
        "display_code": "B 41",
        "direction": "Lượt đi",
        "address": "14 Tên Lửa",
        "street": "Tên Lửa",
        "zone": "Quận Bình Tân",
        "ward": "Phường An Lạc",
        "all_routes": "25, 41",
        "marker_color": "#00ACC1"
      }
    },
    {
      "type": "Feature",
      "geometry": {
        "type": "Point",
        "coordinates": [
          106.612256,
          10.744002
        ]
      },
      "properties": {
        "feature_type": "bus_stop",
        "stop_id": 7538,
        "stop_code": "QBT 301",
        "stop_name": "Aeon Mall Bình Tân",
        "stop_type": "Trụ dừng",
        "route_no": "41",
        "display_code": "B 41",
        "direction": "Lượt đi",
        "address": "20-22 Đường số 17A",
        "street": "Đường số 17A",
        "zone": "Quận Bình Tân",
        "ward": "Phường Bình Trị Đông B",
        "all_routes": "41",
        "marker_color": "#00ACC1"
      }
    },
    {
      "type": "Feature",
      "geometry": {
        "type": "Point",
        "coordinates": [
          106.60966,
          10.742342
        ]
      },
      "properties": {
        "feature_type": "bus_stop",
        "stop_id": 7537,
        "stop_code": "QBT 300",
        "stop_name": "Bệnh Viện Quốc Tế",
        "stop_type": "Trụ dừng",
        "route_no": "41",
        "display_code": "B 41",
        "direction": "Lượt đi",
        "address": "138 Đường số 17A",
        "street": "Đường số 17A",
        "zone": "Quận Bình Tân",
        "ward": "Phường Bình Trị Đông B",
        "all_routes": "41",
        "marker_color": "#00ACC1"
      }
    },
    {
      "type": "Feature",
      "geometry": {
        "type": "Point",
        "coordinates": [
          106.608388,
          10.743934
        ]
      },
      "properties": {
        "feature_type": "bus_stop",
        "stop_id": 7536,
        "stop_code": "QBT 299",
        "stop_name": "Đường số 13",
        "stop_type": "Nhà chờ",
        "route_no": "41",
        "display_code": "B 41",
        "direction": "Lượt đi",
        "address": "Cột điện H35T Đường số 34",
        "street": "Đường số 34",
        "zone": "Quận Bình Tân",
        "ward": "Phường Bình Trị Đông B",
        "all_routes": "41",
        "marker_color": "#00ACC1"
      }
    },
    {
      "type": "Feature",
      "geometry": {
        "type": "Point",
        "coordinates": [
          106.607332,
          10.746237
        ]
      },
      "properties": {
        "feature_type": "bus_stop",
        "stop_id": 7535,
        "stop_code": "QBT 298",
        "stop_name": "Đường số 34",
        "stop_type": "Trụ dừng",
        "route_no": "41",
        "display_code": "B 41",
        "direction": "Lượt đi",
        "address": "451 Đường số 1",
        "street": "Đường số 1",
        "zone": "Quận Bình Tân",
        "ward": "Phường Bình Trị Đông B",
        "all_routes": "41",
        "marker_color": "#00ACC1"
      }
    },
    {
      "type": "Feature",
      "geometry": {
        "type": "Point",
        "coordinates": [
          106.611124,
          10.747507
        ]
      },
      "properties": {
        "feature_type": "bus_stop",
        "stop_id": 7534,
        "stop_code": "QBT 297",
        "stop_name": "Đường Tên Lửa",
        "stop_type": "Trụ dừng",
        "route_no": "41",
        "display_code": "B 41",
        "direction": "Lượt đi",
        "address": "339-341 Đường số 1",
        "street": "Đường số 1",
        "zone": "Quận Bình Tân",
        "ward": "Phường Bình Trị Đông B",
        "all_routes": "41",
        "marker_color": "#00ACC1"
      }
    },
    {
      "type": "Feature",
      "geometry": {
        "type": "Point",
        "coordinates": [
          106.610266,
          10.752561
        ]
      },
      "properties": {
        "feature_type": "bus_stop",
        "stop_id": 2902,
        "stop_code": "QBT 105",
        "stop_name": "Tên Lửa",
        "stop_type": "Trụ dừng",
        "route_no": "41",
        "display_code": "B 41",
        "direction": "Lượt đi",
        "address": "390 Tên Lửa",
        "street": "Tên Lửa",
        "zone": "Quận Bình Tân",
        "ward": "Phường Bình Trị Đông B",
        "all_routes": "25, 41",
        "marker_color": "#00ACC1"
      }
    },
    {
      "type": "Feature",
      "geometry": {
        "type": "Point",
        "coordinates": [
          106.609648,
          10.754348
        ]
      },
      "properties": {
        "feature_type": "bus_stop",
        "stop_id": 9581,
        "stop_code": "QBT 318",
        "stop_name": "Đường số 23B",
        "stop_type": "Ô sơn",
        "route_no": "41",
        "display_code": "B 41",
        "direction": "Lượt đi",
        "address": "456-458 Tên Lửa",
        "street": "Tên Lửa",
        "zone": "Quận Bình Tân",
        "ward": "Phường An Lạc",
        "all_routes": "25, 41",
        "marker_color": "#00ACC1"
      }
    },
    {
      "type": "Feature",
      "geometry": {
        "type": "Point",
        "coordinates": [
          106.608292,
          10.755133
        ]
      },
      "properties": {
        "feature_type": "bus_stop",
        "stop_id": 2904,
        "stop_code": "QBT 270",
        "stop_name": "Đường 32",
        "stop_type": "Ô sơn",
        "route_no": "41",
        "display_code": "B 41",
        "direction": "Lượt đi",
        "address": "652 Tên Lửa",
        "street": "Tên Lửa",
        "zone": "Quận Bình Tân",
        "ward": null,
        "all_routes": "41",
        "marker_color": "#00ACC1"
      }
    },
    {
      "type": "Feature",
      "geometry": {
        "type": "Point",
        "coordinates": [
          106.606141,
          10.755802
        ]
      },
      "properties": {
        "feature_type": "bus_stop",
        "stop_id": 2907,
        "stop_code": "QBT 271",
        "stop_name": "Quán cơm ",
        "stop_type": "Trụ dừng",
        "route_no": "41",
        "display_code": "B 41",
        "direction": "Lượt đi",
        "address": "706 (số mới 641) Tên Lửa",
        "street": "Tên Lửa",
        "zone": "Quận Bình Tân",
        "ward": "Phường Bình Trị Đông B",
        "all_routes": "41",
        "marker_color": "#00ACC1"
      }
    },
    {
      "type": "Feature",
      "geometry": {
        "type": "Point",
        "coordinates": [
          106.60694,
          10.758005
        ]
      },
      "properties": {
        "feature_type": "bus_stop",
        "stop_id": 2906,
        "stop_code": "QBT 160",
        "stop_name": "Lê Đình Cẩn",
        "stop_type": "Ô sơn",
        "route_no": "41",
        "display_code": "B 41",
        "direction": "Lượt đi",
        "address": "831 Tỉnh lộ 10,Tân Tạo, Hồ Chí Minh, Việt Nam",
        "street": "Tỉnh lộ 10,Tân Tạo, Hồ Chí Minh, Việt Nam",
        "zone": "Quận Bình Tân",
        "ward": null,
        "all_routes": "41, 62-7, 81",
        "marker_color": "#00ACC1"
      }
    },
    {
      "type": "Feature",
      "geometry": {
        "type": "Point",
        "coordinates": [
          106.606407,
          10.758862
        ]
      },
      "properties": {
        "feature_type": "bus_stop",
        "stop_id": 2909,
        "stop_code": "QBT 272",
        "stop_name": "Mã Lò",
        "stop_type": "Trụ dừng",
        "route_no": "41",
        "display_code": "B 41",
        "direction": "Lượt đi",
        "address": "42-44 Mã Lò",
        "street": "Mã Lò",
        "zone": "Quận Bình Tân",
        "ward": "Phường Bình Trị Đông A",
        "all_routes": "41",
        "marker_color": "#00ACC1"
      }
    },
    {
      "type": "Feature",
      "geometry": {
        "type": "Point",
        "coordinates": [
          106.605084,
          10.760988
        ]
      },
      "properties": {
        "feature_type": "bus_stop",
        "stop_id": 2908,
        "stop_code": "QBT 266",
        "stop_name": "Công ty Hương Sở",
        "stop_type": "Trụ dừng",
        "route_no": "41",
        "display_code": "B 41",
        "direction": "Lượt đi",
        "address": "Đ/d Công ty Hương Sở (số 122) Mã Lò",
        "street": "Mã Lò",
        "zone": "Quận Bình Tân",
        "ward": "Phường Bình Trị Đông A",
        "all_routes": "41",
        "marker_color": "#00ACC1"
      }
    },
    {
      "type": "Feature",
      "geometry": {
        "type": "Point",
        "coordinates": [
          106.60437,
          10.76356
        ]
      },
      "properties": {
        "feature_type": "bus_stop",
        "stop_id": 2910,
        "stop_code": "QBT 268",
        "stop_name": "Bệnh viện Bình Tân",
        "stop_type": "Trụ dừng",
        "route_no": "41",
        "display_code": "B 41",
        "direction": "Lượt đi",
        "address": "200 Mã Lò",
        "street": "Mã Lò",
        "zone": "Quận Bình Tân",
        "ward": "Phường Bình Trị Đông A",
        "all_routes": "41",
        "marker_color": "#00ACC1"
      }
    },
    {
      "type": "Feature",
      "geometry": {
        "type": "Point",
        "coordinates": [
          106.603239,
          10.768097
        ]
      },
      "properties": {
        "feature_type": "bus_stop",
        "stop_id": 1963,
        "stop_code": "QBT 267",
        "stop_name": "Phòng tiếp dân",
        "stop_type": "Trụ dừng",
        "route_no": "41",
        "display_code": "B 41",
        "direction": "Lượt đi",
        "address": "160 (Mầm non Cẩm Tú) Mã Lò",
        "street": "Mã Lò",
        "zone": "Quận Bình Tân",
        "ward": "Phường Bình Trị Đông A",
        "all_routes": "16, 41",
        "marker_color": "#00ACC1"
      }
    },
    {
      "type": "Feature",
      "geometry": {
        "type": "Point",
        "coordinates": [
          106.602053,
          10.771929
        ]
      },
      "properties": {
        "feature_type": "bus_stop",
        "stop_id": 1966,
        "stop_code": "QBT 265",
        "stop_name": "Công ty Đại Càng Phát",
        "stop_type": "Trụ dừng",
        "route_no": "41",
        "display_code": "B 41",
        "direction": "Lượt đi",
        "address": "290 Mã Lò",
        "street": "Mã Lò",
        "zone": "Quận Bình Tân",
        "ward": "Phường Bình Trị Đông B",
        "all_routes": "16, 41",
        "marker_color": "#00ACC1"
      }
    },
    {
      "type": "Feature",
      "geometry": {
        "type": "Point",
        "coordinates": [
          106.601313,
          10.77479
        ]
      },
      "properties": {
        "feature_type": "bus_stop",
        "stop_id": 1968,
        "stop_code": "QBT 243",
        "stop_name": "Ngã 3 Áo Đôi",
        "stop_type": "Trụ dừng",
        "route_no": "41",
        "display_code": "B 41",
        "direction": "Lượt đi",
        "address": "330 Mã Lò",
        "street": "Mã Lò",
        "zone": "Quận Bình Tân",
        "ward": "Phường Bình Trị Đông B",
        "all_routes": "16, 41",
        "marker_color": "#00ACC1"
      }
    },
    {
      "type": "Feature",
      "geometry": {
        "type": "Point",
        "coordinates": [
          106.602799,
          10.776324
        ]
      },
      "properties": {
        "feature_type": "bus_stop",
        "stop_id": 1806,
        "stop_code": "QBT 259",
        "stop_name": "Ngã 3 Lê Văn Quới",
        "stop_type": "Trụ dừng",
        "route_no": "41",
        "display_code": "B 41",
        "direction": "Lượt đi",
        "address": "527 Lê Văn Qưới",
        "street": "Lê Văn Qưới",
        "zone": "Quận Bình Tân",
        "ward": "Phường Bình Trị Đông A",
        "all_routes": "41",
        "marker_color": "#00ACC1"
      }
    },
    {
      "type": "Feature",
      "geometry": {
        "type": "Point",
        "coordinates": [
          106.606017,
          10.776271
        ]
      },
      "properties": {
        "feature_type": "bus_stop",
        "stop_id": 1807,
        "stop_code": "QBT 258",
        "stop_name": "Nhà thuốc Thiên Ân",
        "stop_type": "Trụ dừng",
        "route_no": "41",
        "display_code": "B 41",
        "direction": "Lượt đi",
        "address": "371 Lê Văn Qưới",
        "street": "Lê Văn Qưới",
        "zone": "Quận Bình Tân",
        "ward": "Phường Bình Trị Đông A",
        "all_routes": "41",
        "marker_color": "#00ACC1"
      }
    },
    {
      "type": "Feature",
      "geometry": {
        "type": "Point",
        "coordinates": [
          106.609397,
          10.776223
        ]
      },
      "properties": {
        "feature_type": "bus_stop",
        "stop_id": 1812,
        "stop_code": "QBT 257",
        "stop_name": "Chợ Lê Văn Quới",
        "stop_type": "Trụ dừng",
        "route_no": "41",
        "display_code": "B 41",
        "direction": "Lượt đi",
        "address": "307-309  Lê Văn Qưới",
        "street": "Lê Văn Qưới",
        "zone": "Quận Bình Tân",
        "ward": "Phường Bình Trị Đông A",
        "all_routes": "41",
        "marker_color": "#00ACC1"
      }
    },
    {
      "type": "Feature",
      "geometry": {
        "type": "Point",
        "coordinates": [
          106.613216,
          10.776023
        ]
      },
      "properties": {
        "feature_type": "bus_stop",
        "stop_id": 1809,
        "stop_code": "QBT 256",
        "stop_name": "Bệnh viện Đa khoa Bình Tân",
        "stop_type": "Trụ dừng",
        "route_no": "41",
        "display_code": "B 41",
        "direction": "Lượt đi",
        "address": "167  Lê Văn Qưới",
        "street": "Lê Văn Qưới",
        "zone": "Quận Bình Tân",
        "ward": "Phường Bình Trị Đông A",
        "all_routes": "41",
        "marker_color": "#00ACC1"
      }
    },
    {
      "type": "Feature",
      "geometry": {
        "type": "Point",
        "coordinates": [
          106.61923,
          10.774311
        ]
      },
      "properties": {
        "feature_type": "bus_stop",
        "stop_id": 1814,
        "stop_code": "QBT 238",
        "stop_name": "Siêu thị",
        "stop_type": "Trụ dừng",
        "route_no": "41",
        "display_code": "B 41",
        "direction": "Lượt đi",
        "address": "Đ/d 42 (số 53) Lê Văn Qưới",
        "street": "Lê Văn Qưới",
        "zone": "Quận Bình Tân",
        "ward": "Phường Bình Trị Đông A",
        "all_routes": "41",
        "marker_color": "#00ACC1"
      }
    },
    {
      "type": "Feature",
      "geometry": {
        "type": "Point",
        "coordinates": [
          106.621531,
          10.776155
        ]
      },
      "properties": {
        "feature_type": "bus_stop",
        "stop_id": 1609,
        "stop_code": "QTP 182",
        "stop_name": "Bình Long",
        "stop_type": "Ô sơn",
        "route_no": "41",
        "display_code": "B 41",
        "direction": "Lượt đi",
        "address": "54 (445) Bình Long",
        "street": "Bình Long",
        "zone": "Quận Tân Phú",
        "ward": "Phường Phú Thạnh",
        "all_routes": "41",
        "marker_color": "#00ACC1"
      }
    },
    {
      "type": "Feature",
      "geometry": {
        "type": "Point",
        "coordinates": [
          106.62076,
          10.77887
        ]
      },
      "properties": {
        "feature_type": "bus_stop",
        "stop_id": 1623,
        "stop_code": "QTP 183",
        "stop_name": "Đỗ Bí",
        "stop_type": "Trụ dừng",
        "route_no": "41",
        "display_code": "B 41",
        "direction": "Lượt đi",
        "address": "156 Bình Long",
        "street": "Bình Long",
        "zone": "Quận Tân Phú",
        "ward": "Phường Phú Thạnh",
        "all_routes": "41",
        "marker_color": "#00ACC1"
      }
    },
    {
      "type": "Feature",
      "geometry": {
        "type": "Point",
        "coordinates": [
          106.62075,
          10.781946
        ]
      },
      "properties": {
        "feature_type": "bus_stop",
        "stop_id": 1811,
        "stop_code": "QTP 167",
        "stop_name": "Cây Xăng Bình Long",
        "stop_type": "Ô sơn",
        "route_no": "41",
        "display_code": "B 41",
        "direction": "Lượt đi",
        "address": "Đối diện 1H Văn Cao",
        "street": "Văn Cao",
        "zone": "Quận Tân Phú",
        "ward": "Phường Phú Thạnh",
        "all_routes": "41",
        "marker_color": "#00ACC1"
      }
    },
    {
      "type": "Feature",
      "geometry": {
        "type": "Point",
        "coordinates": [
          106.622223,
          10.786699
        ]
      },
      "properties": {
        "feature_type": "bus_stop",
        "stop_id": 2589,
        "stop_code": "QTPT186",
        "stop_name": "Trường GTVT",
        "stop_type": "Trụ dừng",
        "route_no": "41",
        "display_code": "B 41",
        "direction": "Lượt đi",
        "address": "64 Văn Cao",
        "street": "Văn Cao",
        "zone": "Quận Tân Phú",
        "ward": "Phường Phú Thọ Hoà",
        "all_routes": "32, 41",
        "marker_color": "#00ACC1"
      }
    },
    {
      "type": "Feature",
      "geometry": {
        "type": "Point",
        "coordinates": [
          106.624565,
          10.789681
        ]
      },
      "properties": {
        "feature_type": "bus_stop",
        "stop_id": 2551,
        "stop_code": "QTP 107",
        "stop_name": "Nhà Thờ Tân Hương",
        "stop_type": "Trụ dừng",
        "route_no": "41",
        "display_code": "B 41",
        "direction": "Lượt đi",
        "address": "141 Tân Hương",
        "street": "Tân Hương",
        "zone": "Quận Tân Phú",
        "ward": "Phường Tân Qúy",
        "all_routes": "30, 41",
        "marker_color": "#00ACC1"
      }
    },
    {
      "type": "Feature",
      "geometry": {
        "type": "Point",
        "coordinates": [
          106.628273,
          10.790343
        ]
      },
      "properties": {
        "feature_type": "bus_stop",
        "stop_id": 2556,
        "stop_code": "QTP 108",
        "stop_name": "Café Suối Reo",
        "stop_type": "Trụ dừng",
        "route_no": "41",
        "display_code": "B 41",
        "direction": "Lượt đi",
        "address": "43 Tân Hương",
        "street": "Tân Hương",
        "zone": "Quận Tân Phú",
        "ward": "Phường Tân Qúy",
        "all_routes": "30, 41",
        "marker_color": "#00ACC1"
      }
    },
    {
      "type": "Feature",
      "geometry": {
        "type": "Point",
        "coordinates": [
          106.628891,
          10.792511
        ]
      },
      "properties": {
        "feature_type": "bus_stop",
        "stop_id": 2554,
        "stop_code": "QTP 109",
        "stop_name": "Nhà thờ Martino",
        "stop_type": "Ô sơn",
        "route_no": "41",
        "display_code": "B 41",
        "direction": "Lượt đi",
        "address": "15 Tân Hương",
        "street": "Tân Hương",
        "zone": "Quận Tân Phú",
        "ward": "Phường Tân Qúy",
        "all_routes": "30, 41",
        "marker_color": "#00ACC1"
      }
    },
    {
      "type": "Feature",
      "geometry": {
        "type": "Point",
        "coordinates": [
          106.628761,
          10.793829
        ]
      },
      "properties": {
        "feature_type": "bus_stop",
        "stop_id": 2911,
        "stop_code": "QTP 118",
        "stop_name": "Tân Sơn Nhì",
        "stop_type": "Trụ dừng",
        "route_no": "41",
        "display_code": "B 41",
        "direction": "Lượt đi",
        "address": "377-379 Tân Sơn Nhì",
        "street": "Tân Sơn Nhì",
        "zone": "Quận Tân Phú",
        "ward": "Phường Tân Thành",
        "all_routes": "41",
        "marker_color": "#00ACC1"
      }
    },
    {
      "type": "Feature",
      "geometry": {
        "type": "Point",
        "coordinates": [
          106.628242,
          10.795697
        ]
      },
      "properties": {
        "feature_type": "bus_stop",
        "stop_id": 2913,
        "stop_code": "QTP 052",
        "stop_name": "Chung cư  Gò Dầu",
        "stop_type": "Trụ dừng",
        "route_no": "41",
        "display_code": "B 41",
        "direction": "Lượt đi",
        "address": "44 Gò Dầu",
        "street": "Gò Dầu",
        "zone": "Quận Tân Phú",
        "ward": "Phường Tân Qúy",
        "all_routes": "41",
        "marker_color": "#00ACC1"
      }
    },
    {
      "type": "Feature",
      "geometry": {
        "type": "Point",
        "coordinates": [
          106.62487,
          10.795903
        ]
      },
      "properties": {
        "feature_type": "bus_stop",
        "stop_id": 2912,
        "stop_code": "QTP 053",
        "stop_name": "Café Tino",
        "stop_type": "Trụ dừng",
        "route_no": "41",
        "display_code": "B 41",
        "direction": "Lượt đi",
        "address": "122 Gò Dầu",
        "street": "Gò Dầu",
        "zone": "Quận Tân Phú",
        "ward": "Phường Tân Qúy",
        "all_routes": "41",
        "marker_color": "#00ACC1"
      }
    },
    {
      "type": "Feature",
      "geometry": {
        "type": "Point",
        "coordinates": [
          106.623871,
          10.796464
        ]
      },
      "properties": {
        "feature_type": "bus_stop",
        "stop_id": 2918,
        "stop_code": "QTP 058",
        "stop_name": "Lê Đình Thám",
        "stop_type": "Ô sơn",
        "route_no": "41",
        "display_code": "B 41",
        "direction": "Lượt đi",
        "address": "77 Cầu Xéo",
        "street": "Cầu Xéo",
        "zone": "Quận Tân Phú",
        "ward": null,
        "all_routes": "41",
        "marker_color": "#00ACC1"
      }
    },
    {
      "type": "Feature",
      "geometry": {
        "type": "Point",
        "coordinates": [
          106.624283,
          10.800497
        ]
      },
      "properties": {
        "feature_type": "bus_stop",
        "stop_id": 2914,
        "stop_code": "QTP 059",
        "stop_name": "Cuối Cầu Xéo",
        "stop_type": "Trụ dừng",
        "route_no": "41",
        "display_code": "B 41",
        "direction": "Lượt đi",
        "address": "3 Cầu Xéo",
        "street": "Cầu Xéo",
        "zone": "Quận Tân Phú",
        "ward": null,
        "all_routes": "41",
        "marker_color": "#00ACC1"
      }
    },
    {
      "type": "Feature",
      "geometry": {
        "type": "Point",
        "coordinates": [
          106.626075,
          10.801929
        ]
      },
      "properties": {
        "feature_type": "bus_stop",
        "stop_id": 2594,
        "stop_code": "QTP 090",
        "stop_name": "Trạm Xăng",
        "stop_type": "Trụ dừng",
        "route_no": "41",
        "display_code": "B 41",
        "direction": "Lượt đi",
        "address": "295 Tân Kỳ Tân Quý",
        "street": "Tân Kỳ Tân Quý",
        "zone": "Quận Tân Phú",
        "ward": "Phường Tân Sơn Nhì",
        "all_routes": "32, 41, 69",
        "marker_color": "#00ACC1"
      }
    },
    {
      "type": "Feature",
      "geometry": {
        "type": "Point",
        "coordinates": [
          106.628525,
          10.802643
        ]
      },
      "properties": {
        "feature_type": "bus_stop",
        "stop_id": 2596,
        "stop_code": "QTP 091",
        "stop_name": "Trạm Đường Số 27",
        "stop_type": "Ô sơn",
        "route_no": "41",
        "display_code": "B 41",
        "direction": "Lượt đi",
        "address": "235 Tân Kỳ Tân Quý",
        "street": "Tân Kỳ Tân Quý",
        "zone": "Quận Tân Phú",
        "ward": "Phường Tân Sơn Nhì",
        "all_routes": "32, 41, 69",
        "marker_color": "#00ACC1"
      }
    },
    {
      "type": "Feature",
      "geometry": {
        "type": "Point",
        "coordinates": [
          106.631592,
          10.803166
        ]
      },
      "properties": {
        "feature_type": "bus_stop",
        "stop_id": 2598,
        "stop_code": "QTP 092",
        "stop_name": "Trạm Lê Trọng Tấn",
        "stop_type": "Ô sơn",
        "route_no": "41",
        "display_code": "B 41",
        "direction": "Lượt đi",
        "address": "153 Tân Kỳ Tân Quý",
        "street": "Tân Kỳ Tân Quý",
        "zone": "Quận Tân Phú",
        "ward": "Phường Tân Sơn Nhì",
        "all_routes": "32, 41, 69",
        "marker_color": "#00ACC1"
      }
    },
    {
      "type": "Feature",
      "geometry": {
        "type": "Point",
        "coordinates": [
          106.632187,
          10.804282
        ]
      },
      "properties": {
        "feature_type": "bus_stop",
        "stop_id": 2600,
        "stop_code": "QTP 060",
        "stop_name": "Trạm Đầu Lê Trọng Tấn",
        "stop_type": "Trụ dừng",
        "route_no": "41",
        "display_code": "B 41",
        "direction": "Lượt đi",
        "address": "8A-8B Lê Trọng Tấn",
        "street": "Lê Trọng Tấn",
        "zone": "Quận Tân Phú",
        "ward": "Phường Tây Thạnh",
        "all_routes": "32, 41, 69",
        "marker_color": "#00ACC1"
      }
    },
    {
      "type": "Feature",
      "geometry": {
        "type": "Point",
        "coordinates": [
          106.628586,
          10.806065
        ]
      },
      "properties": {
        "feature_type": "bus_stop",
        "stop_id": 2602,
        "stop_code": "QTP 061",
        "stop_name": "Trường Đại học Công Thương TPHCM",
        "stop_type": "Ô sơn",
        "route_no": "41",
        "display_code": "B 41",
        "direction": "Lượt đi",
        "address": "142-144 Lê Trọng Tấn",
        "street": "Lê Trọng Tấn",
        "zone": "Quận Tân Phú",
        "ward": "Phường Tây Thạnh",
        "all_routes": "32, 41, 48, 69",
        "marker_color": "#00ACC1"
      }
    },
    {
      "type": "Feature",
      "geometry": {
        "type": "Point",
        "coordinates": [
          106.625366,
          10.806785
        ]
      },
      "properties": {
        "feature_type": "bus_stop",
        "stop_id": 2000,
        "stop_code": "QTP 062",
        "stop_name": "Nguyễn Hữu Tiến",
        "stop_type": "Trụ dừng",
        "route_no": "41",
        "display_code": "B 41",
        "direction": "Lượt đi",
        "address": "188 Lê Trọng Tấn",
        "street": "Lê Trọng Tấn",
        "zone": "Quận Tân Phú",
        "ward": "Phường Tây Thạnh",
        "all_routes": "16, 41, 48, 69",
        "marker_color": "#00ACC1"
      }
    },
    {
      "type": "Feature",
      "geometry": {
        "type": "Point",
        "coordinates": [
          106.622177,
          10.807464
        ]
      },
      "properties": {
        "feature_type": "bus_stop",
        "stop_id": 2005,
        "stop_code": "QTP 063",
        "stop_name": "Trạm Bờ Bao Tân Thắng",
        "stop_type": "Trụ dừng",
        "route_no": "41",
        "display_code": "B 41",
        "direction": "Lượt đi",
        "address": "284 Lê Trọng Tấn",
        "street": "Lê Trọng Tấn",
        "zone": "Quận Tân Phú",
        "ward": "Phường Tây Thạnh",
        "all_routes": "16, 41, 48, 69",
        "marker_color": "#00ACC1"
      }
    },
    {
      "type": "Feature",
      "geometry": {
        "type": "Point",
        "coordinates": [
          106.619133,
          10.808257
        ]
      },
      "properties": {
        "feature_type": "bus_stop",
        "stop_id": 2917,
        "stop_code": "QTP 064",
        "stop_name": "Trạm Tây Thạnh",
        "stop_type": "Trụ dừng",
        "route_no": "41",
        "display_code": "B 41",
        "direction": "Lượt đi",
        "address": "386 Lê Trọng Tấn",
        "street": "Lê Trọng Tấn",
        "zone": "Quận Tân Phú",
        "ward": "Phường Tây Thạnh",
        "all_routes": "41, 48, 69",
        "marker_color": "#00ACC1"
      }
    },
    {
      "type": "Feature",
      "geometry": {
        "type": "Point",
        "coordinates": [
          106.619434,
          10.809564
        ]
      },
      "properties": {
        "feature_type": "bus_stop",
        "stop_id": 2915,
        "stop_code": "QTP 022",
        "stop_name": "Trạm Đầu Tây Thạnh",
        "stop_type": "Trụ dừng",
        "route_no": "41",
        "display_code": "B 41",
        "direction": "Lượt đi",
        "address": "389 Tây Thạnh",
        "street": "Tây Thạnh",
        "zone": "Quận Tân Phú",
        "ward": "Phường Tây Thạnh",
        "all_routes": "28, 41",
        "marker_color": "#00ACC1"
      }
    },
    {
      "type": "Feature",
      "geometry": {
        "type": "Point",
        "coordinates": [
          106.622345,
          10.812798
        ]
      },
      "properties": {
        "feature_type": "bus_stop",
        "stop_id": 2919,
        "stop_code": "QTP 023",
        "stop_name": "Trạm Trường Tiểu Học Lê Lai",
        "stop_type": "Trụ dừng",
        "route_no": "41",
        "display_code": "B 41",
        "direction": "Lượt đi",
        "address": "237 Tây Thạnh",
        "street": "Tây Thạnh",
        "zone": "Quận Tân Phú",
        "ward": "Phường Tây Thạnh",
        "all_routes": "28, 41",
        "marker_color": "#00ACC1"
      }
    },
    {
      "type": "Feature",
      "geometry": {
        "type": "Point",
        "coordinates": [
          106.625565,
          10.816156
        ]
      },
      "properties": {
        "feature_type": "bus_stop",
        "stop_id": 2457,
        "stop_code": "QTP 024",
        "stop_name": "Cây xăng Tây Thạnh",
        "stop_type": "Trụ dừng",
        "route_no": "41",
        "display_code": "B 41",
        "direction": "Lượt đi",
        "address": "Đối diện công ty Ngọc Nghĩa Tây Thạnh",
        "street": "Tây Thạnh",
        "zone": "Quận Tân Phú",
        "ward": "Phường Tây Thạnh",
        "all_routes": "28, 32, 41",
        "marker_color": "#00ACC1"
      }
    },
    {
      "type": "Feature",
      "geometry": {
        "type": "Point",
        "coordinates": [
          106.628945,
          10.819169
        ]
      },
      "properties": {
        "feature_type": "bus_stop",
        "stop_id": 2916,
        "stop_code": "QTP 025",
        "stop_name": "Trạm Cổng KCN Tân Bình",
        "stop_type": "Nhà chờ",
        "route_no": "41",
        "display_code": "B 41",
        "direction": "Lượt đi",
        "address": "29/26 (Công ty Thành Công) Tây Thạnh",
        "street": "Tây Thạnh",
        "zone": "Quận Tân Phú",
        "ward": "Phường Tây Thạnh",
        "all_routes": "28, 32, 41",
        "marker_color": "#00ACC1"
      }
    },
    {
      "type": "Feature",
      "geometry": {
        "type": "Point",
        "coordinates": [
          106.630254,
          10.822452
        ]
      },
      "properties": {
        "feature_type": "bus_stop",
        "stop_id": 271,
        "stop_code": "QTB 079",
        "stop_name": "Khu Công Nghiệp Tân Bình",
        "stop_type": "Nhà chờ",
        "route_no": "41",
        "display_code": "B 41",
        "direction": "Lượt đi",
        "address": "932 Trường Chinh",
        "street": "Trường Chinh",
        "zone": "Quận Tân Bình",
        "ward": null,
        "all_routes": "04, 104, 13, 145, 23, 27, 32, 41, 62, 65, 94",
        "marker_color": "#00ACC1"
      }
    },
    {
      "type": "Feature",
      "geometry": {
        "type": "Point",
        "coordinates": [
          106.625828,
          10.826957
        ]
      },
      "properties": {
        "feature_type": "bus_stop",
        "stop_id": 272,
        "stop_code": "Q12 128",
        "stop_name": "Cầu Tham Lương - Siêu thị Thiên Hòa",
        "stop_type": "Nhà chờ",
        "route_no": "41",
        "display_code": "B 41",
        "direction": "Lượt đi",
        "address": "60A-B (1/17A) Trường Chinh",
        "street": "Trường Chinh",
        "zone": "Quận 12",
        "ward": null,
        "all_routes": "04, 104, 13, 145, 23, 27, 41, 62, 65, 94",
        "marker_color": "#00ACC1"
      }
    },
    {
      "type": "Feature",
      "geometry": {
        "type": "Point",
        "coordinates": [
          106.624594,
          10.828627
        ]
      },
      "properties": {
        "feature_type": "bus_stop",
        "stop_id": 273,
        "stop_code": "Q12 129",
        "stop_name": "Chùa Vĩnh Phước",
        "stop_type": "Nhà chờ",
        "route_no": "41",
        "display_code": "B 41",
        "direction": "Lượt đi",
        "address": "110 (189/4) Trường Chinh",
        "street": "Trường Chinh",
        "zone": "Quận 12",
        "ward": null,
        "all_routes": "04, 104, 13, 145, 27, 41, 65, 94",
        "marker_color": "#00ACC1"
      }
    },
    {
      "type": "Feature",
      "geometry": {
        "type": "Point",
        "coordinates": [
          106.620614,
          10.834781
        ]
      },
      "properties": {
        "feature_type": "bus_stop",
        "stop_id": 275,
        "stop_code": "Q12 132",
        "stop_name": "Chùa Lạc Quang",
        "stop_type": "Nhà chờ",
        "route_no": "41",
        "display_code": "B 41",
        "direction": "Lượt đi",
        "address": "408 Trường Chinh",
        "street": "Trường Chinh",
        "zone": "Quận 12",
        "ward": null,
        "all_routes": "04, 104, 13, 145, 27, 41, 65, 94",
        "marker_color": "#00ACC1"
      }
    },
    {
      "type": "Feature",
      "geometry": {
        "type": "Point",
        "coordinates": [
          106.618398,
          10.838222
        ]
      },
      "properties": {
        "feature_type": "bus_stop",
        "stop_id": 277,
        "stop_code": "Q12 131",
        "stop_name": "Bitis",
        "stop_type": "Nhà chờ",
        "route_no": "41",
        "display_code": "B 41",
        "direction": "Lượt đi",
        "address": "590 (640) Trường Chinh",
        "street": "Trường Chinh",
        "zone": "Quận 12",
        "ward": null,
        "all_routes": "04, 104, 13, 145, 27, 41, 65, 94",
        "marker_color": "#00ACC1"
      }
    },
    {
      "type": "Feature",
      "geometry": {
        "type": "Point",
        "coordinates": [
          106.613361,
          10.846035
        ]
      },
      "properties": {
        "feature_type": "bus_stop",
        "stop_id": 1116,
        "stop_code": "Q12 123",
        "stop_name": "Bến xe An Sương",
        "stop_type": "Trụ dừng",
        "route_no": "41",
        "display_code": "B 41",
        "direction": "Lượt đi",
        "address": "142 Quốc lộ 22",
        "street": "Quốc lộ 22",
        "zone": "Quận 12",
        "ward": null,
        "all_routes": "151, 27, 41, 65, 71",
        "marker_color": "#00ACC1"
      }
    },
    {
      "type": "Feature",
      "geometry": {
        "type": "Point",
        "coordinates": [
          106.613522,
          10.845187
        ]
      },
      "properties": {
        "feature_type": "bus_stop",
        "stop_id": 1239,
        "stop_code": "HHM 058",
        "stop_name": "Bến xe An Sương",
        "stop_type": "Trụ dừng",
        "route_no": "41",
        "display_code": "B 41",
        "direction": "Lượt đi",
        "address": "1B Quốc lộ 22",
        "street": "Quốc lộ 22",
        "zone": "Huyện Hóc Môn",
        "ward": "Xã Bà Điểm",
        "all_routes": "04, 104, 122, 13, 145, 151, 33, 41, 61-3, 62-5, 65, 71, 74, 85, 94",
        "marker_color": "#00ACC1"
      }
    },
    {
      "type": "Feature",
      "geometry": {
        "type": "Point",
        "coordinates": [
          106.61337280273438,
          10.843737602233887
        ]
      },
      "properties": {
        "feature_type": "bus_stop",
        "stop_id": 166,
        "stop_code": "BX41",
        "stop_name": "Bến xe An Sương",
        "stop_type": "Bến xe",
        "route_no": "41",
        "display_code": "B 41",
        "direction": "Lượt đi",
        "address": "Bến xe An Sương Quốc lộ 22",
        "street": "Quốc lộ 22",
        "zone": "Quận 12",
        "ward": null,
        "all_routes": "04, 104, 122, 151, 27, 33, 41, 61-3, 62-5, 65, 71, 74, 85",
        "marker_color": "#00ACC1"
      }
    },
    {
      "type": "Feature",
      "geometry": {
        "type": "Point",
        "coordinates": [
          106.617347,
          10.838891
        ]
      },
      "properties": {
        "feature_type": "bus_stop",
        "stop_id": 167,
        "stop_code": "Q12 135",
        "stop_name": "Bitis",
        "stop_type": "Nhà chờ",
        "route_no": "41",
        "display_code": "B 41",
        "direction": "Lượt về",
        "address": "487 Trường Chinh",
        "street": "Trường Chinh",
        "zone": "Quận 12",
        "ward": null,
        "all_routes": "04, 104, 13, 145, 27, 41, 65, 94",
        "marker_color": "#00ACC1"
      }
    },
    {
      "type": "Feature",
      "geometry": {
        "type": "Point",
        "coordinates": [
          106.620212,
          10.834497
        ]
      },
      "properties": {
        "feature_type": "bus_stop",
        "stop_id": 172,
        "stop_code": "Q12 136",
        "stop_name": "Chùa Lạc Quang",
        "stop_type": "Nhà chờ",
        "route_no": "41",
        "display_code": "B 41",
        "direction": "Lượt về",
        "address": "257 Trường Chinh",
        "street": "Trường Chinh",
        "zone": "Quận 12",
        "ward": null,
        "all_routes": "04, 104, 13, 145, 27, 41, 65, 94",
        "marker_color": "#00ACC1"
      }
    },
    {
      "type": "Feature",
      "geometry": {
        "type": "Point",
        "coordinates": [
          106.621794,
          10.83202
        ]
      },
      "properties": {
        "feature_type": "bus_stop",
        "stop_id": 168,
        "stop_code": "Q12 137",
        "stop_name": "Chùa Vĩnh Phước",
        "stop_type": "Nhà chờ",
        "route_no": "41",
        "display_code": "B 41",
        "direction": "Lượt về",
        "address": "Chùa Vĩnh Phước Trường Chinh",
        "street": "Trường Chinh",
        "zone": "Quận 12",
        "ward": null,
        "all_routes": "04, 104, 13, 145, 27, 41, 65, 94",
        "marker_color": "#00ACC1"
      }
    },
    {
      "type": "Feature",
      "geometry": {
        "type": "Point",
        "coordinates": [
          106.62586,
          10.82624
        ]
      },
      "properties": {
        "feature_type": "bus_stop",
        "stop_id": 169,
        "stop_code": "Q12 139",
        "stop_name": "Cầu Tham Lương - Siêu thị Thiên Hòa",
        "stop_type": "Nhà chờ",
        "route_no": "41",
        "display_code": "B 41",
        "direction": "Lượt về",
        "address": "21 (Kế 2/6B) Trường Chinh",
        "street": "Trường Chinh",
        "zone": "Quận 12",
        "ward": null,
        "all_routes": "04, 104, 13, 145, 23, 27, 41, 62, 65, 94",
        "marker_color": "#00ACC1"
      }
    },
    {
      "type": "Feature",
      "geometry": {
        "type": "Point",
        "coordinates": [
          106.629825,
          10.822315
        ]
      },
      "properties": {
        "feature_type": "bus_stop",
        "stop_id": 174,
        "stop_code": "QTP 010",
        "stop_name": "Trạm Dệt Thành Công",
        "stop_type": "Nhà chờ",
        "route_no": "41",
        "display_code": "B 41",
        "direction": "Lượt về",
        "address": "8 Trường Chinh",
        "street": "Trường Chinh",
        "zone": "Quận Tân Phú",
        "ward": "Phường Tây Thạnh",
        "all_routes": "04, 104, 13, 145, 23, 27, 32, 41, 62, 65, 94",
        "marker_color": "#00ACC1"
      }
    },
    {
      "type": "Feature",
      "geometry": {
        "type": "Point",
        "coordinates": [
          106.629111,
          10.819528
        ]
      },
      "properties": {
        "feature_type": "bus_stop",
        "stop_id": 2454,
        "stop_code": "QTP 018",
        "stop_name": "Cổng Khu công nghiệp Tân Bình",
        "stop_type": "Nhà chờ",
        "route_no": "41",
        "display_code": "B 41",
        "direction": "Lượt về",
        "address": "Công ty dầu thực vật Tân Bình Tây Thạnh",
        "street": "Tây Thạnh",
        "zone": "Quận Tân Phú",
        "ward": null,
        "all_routes": "28, 32, 41",
        "marker_color": "#00ACC1"
      }
    },
    {
      "type": "Feature",
      "geometry": {
        "type": "Point",
        "coordinates": [
          106.625587,
          10.816451
        ]
      },
      "properties": {
        "feature_type": "bus_stop",
        "stop_id": 2651,
        "stop_code": "QTP 019",
        "stop_name": "Cây xăng Tây Thạnh",
        "stop_type": "Trụ dừng",
        "route_no": "41",
        "display_code": "B 41",
        "direction": "Lượt về",
        "address": "Công ty Ngọc Nghĩa Tây Thạnh",
        "street": "Tây Thạnh",
        "zone": "Quận Tân Phú",
        "ward": null,
        "all_routes": "28, 32, 41",
        "marker_color": "#00ACC1"
      }
    },
    {
      "type": "Feature",
      "geometry": {
        "type": "Point",
        "coordinates": [
          106.622147,
          10.812615
        ]
      },
      "properties": {
        "feature_type": "bus_stop",
        "stop_id": 2920,
        "stop_code": "QTP 020",
        "stop_name": "Trạm Trường Tiểu Học Lê Lai",
        "stop_type": "Trụ dừng",
        "route_no": "41",
        "display_code": "B 41",
        "direction": "Lượt về",
        "address": "Trường Lê Lai Tây Thạnh",
        "street": "Tây Thạnh",
        "zone": "Quận Tân Phú",
        "ward": "Phường Tây Thạnh",
        "all_routes": "28, 41",
        "marker_color": "#00ACC1"
      }
    },
    {
      "type": "Feature",
      "geometry": {
        "type": "Point",
        "coordinates": [
          106.619133,
          10.809427
        ]
      },
      "properties": {
        "feature_type": "bus_stop",
        "stop_id": 2921,
        "stop_code": "QTP 021",
        "stop_name": "Trạm Lê Trọng Tấn",
        "stop_type": "Trụ dừng",
        "route_no": "41",
        "display_code": "B 41",
        "direction": "Lượt về",
        "address": "298 Tây Thạnh",
        "street": "Tây Thạnh",
        "zone": "Quận Tân Phú",
        "ward": "Phường Tây Thạnh",
        "all_routes": "28, 41",
        "marker_color": "#00ACC1"
      }
    },
    {
      "type": "Feature",
      "geometry": {
        "type": "Point",
        "coordinates": [
          106.61982,
          10.807646
        ]
      },
      "properties": {
        "feature_type": "bus_stop",
        "stop_id": 2924,
        "stop_code": "QTP 071",
        "stop_name": "Tây Thạnh",
        "stop_type": "Trụ dừng",
        "route_no": "41",
        "display_code": "B 41",
        "direction": "Lượt về",
        "address": "363 Lê Trọng Tấn",
        "street": "Lê Trọng Tấn",
        "zone": "Quận Tân Phú",
        "ward": "Phường Sơn Kỳ",
        "all_routes": "41, 48, 69",
        "marker_color": "#00ACC1"
      }
    },
    {
      "type": "Feature",
      "geometry": {
        "type": "Point",
        "coordinates": [
          106.622368,
          10.80731
        ]
      },
      "properties": {
        "feature_type": "bus_stop",
        "stop_id": 1974,
        "stop_code": "QTP 072",
        "stop_name": "Trạm Bờ Bao Tân Thắng",
        "stop_type": "Trụ dừng",
        "route_no": "41",
        "display_code": "B 41",
        "direction": "Lượt về",
        "address": "271 Lê Trọng Tấn",
        "street": "Lê Trọng Tấn",
        "zone": "Quận Tân Phú",
        "ward": "Phường Sơn Kỳ",
        "all_routes": "16, 41, 48, 69",
        "marker_color": "#00ACC1"
      }
    },
    {
      "type": "Feature",
      "geometry": {
        "type": "Point",
        "coordinates": [
          106.624886,
          10.806767
        ]
      },
      "properties": {
        "feature_type": "bus_stop",
        "stop_id": 1975,
        "stop_code": "QTP 073",
        "stop_name": "Nguyễn Hữu Tiến",
        "stop_type": "Trụ dừng",
        "route_no": "41",
        "display_code": "B 41",
        "direction": "Lượt về",
        "address": "Đối diện 220 (số 213) Lê Trọng Tấn",
        "street": "Lê Trọng Tấn",
        "zone": "Quận Tân Phú",
        "ward": "Phường Sơn Kỳ",
        "all_routes": "16, 41, 48, 69",
        "marker_color": "#00ACC1"
      }
    },
    {
      "type": "Feature",
      "geometry": {
        "type": "Point",
        "coordinates": [
          106.628671,
          10.805859
        ]
      },
      "properties": {
        "feature_type": "bus_stop",
        "stop_id": 2654,
        "stop_code": "QTP 074",
        "stop_name": "Trường Đại học Công Nghiệp Thực Phẩm",
        "stop_type": "Ô sơn",
        "route_no": "41",
        "display_code": "B 41",
        "direction": "Lượt về",
        "address": "117 Lê Trọng Tấn",
        "street": "Lê Trọng Tấn",
        "zone": "Quận Tân Phú",
        "ward": "Phường Sơn Kỳ",
        "all_routes": "32, 41, 69",
        "marker_color": "#00ACC1"
      }
    },
    {
      "type": "Feature",
      "geometry": {
        "type": "Point",
        "coordinates": [
          106.631981,
          10.804359
        ]
      },
      "properties": {
        "feature_type": "bus_stop",
        "stop_id": 2925,
        "stop_code": "QTP 075",
        "stop_name": "Trạm Tân Kỳ Tân Quý",
        "stop_type": "Ô sơn",
        "route_no": "41",
        "display_code": "B 41",
        "direction": "Lượt về",
        "address": "15 Lê Trọng Tấn",
        "street": "Lê Trọng Tấn",
        "zone": "Quận Tân Phú",
        "ward": "Phường Sơn Kỳ",
        "all_routes": "32, 41, 69",
        "marker_color": "#00ACC1"
      }
    },
    {
      "type": "Feature",
      "geometry": {
        "type": "Point",
        "coordinates": [
          106.631577,
          10.803346
        ]
      },
      "properties": {
        "feature_type": "bus_stop",
        "stop_id": 2657,
        "stop_code": "QTP 077",
        "stop_name": "Trạm café BonJour",
        "stop_type": "Ô sơn",
        "route_no": "41",
        "display_code": "B 41",
        "direction": "Lượt về",
        "address": "128-130 Tân Kỳ Tân Quý",
        "street": "Tân Kỳ Tân Quý",
        "zone": "Quận Tân Phú",
        "ward": "Phường Sơn Kỳ",
        "all_routes": "32, 41, 69",
        "marker_color": "#00ACC1"
      }
    },
    {
      "type": "Feature",
      "geometry": {
        "type": "Point",
        "coordinates": [
          106.628487,
          10.802817
        ]
      },
      "properties": {
        "feature_type": "bus_stop",
        "stop_id": 2656,
        "stop_code": "QTP 078",
        "stop_name": "Trạm Đường Số 27",
        "stop_type": "Trụ dừng",
        "route_no": "41",
        "display_code": "B 41",
        "direction": "Lượt về",
        "address": "216 Tân Kỳ Tân Quý",
        "street": "Tân Kỳ Tân Quý",
        "zone": "Quận Tân Phú",
        "ward": "Phường Sơn Kỳ",
        "all_routes": "32, 41, 69",
        "marker_color": "#00ACC1"
      }
    },
    {
      "type": "Feature",
      "geometry": {
        "type": "Point",
        "coordinates": [
          106.625923,
          10.802044
        ]
      },
      "properties": {
        "feature_type": "bus_stop",
        "stop_id": 2659,
        "stop_code": "QTP 079",
        "stop_name": "Trạm cây xăng Sài Gòn Petro",
        "stop_type": "Ô sơn",
        "route_no": "41",
        "display_code": "B 41",
        "direction": "Lượt về",
        "address": "302 Tân Kỳ Tân Quý",
        "street": "Tân Kỳ Tân Quý",
        "zone": "Quận Tân Phú",
        "ward": null,
        "all_routes": "32, 41, 69",
        "marker_color": "#00ACC1"
      }
    },
    {
      "type": "Feature",
      "geometry": {
        "type": "Point",
        "coordinates": [
          106.624222,
          10.800399
        ]
      },
      "properties": {
        "feature_type": "bus_stop",
        "stop_id": 2926,
        "stop_code": "QTP 056",
        "stop_name": "Đầu cầu xéo",
        "stop_type": "Trụ dừng",
        "route_no": "41",
        "display_code": "B 41",
        "direction": "Lượt về",
        "address": "Đối diện 9 Cầu Xéo",
        "street": "Cầu Xéo",
        "zone": "Quận Tân Phú",
        "ward": null,
        "all_routes": "41",
        "marker_color": "#00ACC1"
      }
    },
    {
      "type": "Feature",
      "geometry": {
        "type": "Point",
        "coordinates": [
          106.623749,
          10.796659
        ]
      },
      "properties": {
        "feature_type": "bus_stop",
        "stop_id": 2922,
        "stop_code": "QTP 057",
        "stop_name": "Lê Đình Thám",
        "stop_type": "Trụ dừng",
        "route_no": "41",
        "display_code": "B 41",
        "direction": "Lượt về",
        "address": "94 Cầu Xéo",
        "street": "Cầu Xéo",
        "zone": "Quận Tân Phú",
        "ward": null,
        "all_routes": "41",
        "marker_color": "#00ACC1"
      }
    },
    {
      "type": "Feature",
      "geometry": {
        "type": "Point",
        "coordinates": [
          106.624748,
          10.795829
        ]
      },
      "properties": {
        "feature_type": "bus_stop",
        "stop_id": 2923,
        "stop_code": "QTP 050",
        "stop_name": "Café Tino",
        "stop_type": "Trụ dừng",
        "route_no": "41",
        "display_code": "B 41",
        "direction": "Lượt về",
        "address": "111 Gò Dầu",
        "street": "Gò Dầu",
        "zone": "Quận Tân Phú",
        "ward": "Phường Tân Qúy",
        "all_routes": "41",
        "marker_color": "#00ACC1"
      }
    },
    {
      "type": "Feature",
      "geometry": {
        "type": "Point",
        "coordinates": [
          106.628082,
          10.795624
        ]
      },
      "properties": {
        "feature_type": "bus_stop",
        "stop_id": 2927,
        "stop_code": "QTP 051",
        "stop_name": "Chung cư  Gò Dầu",
        "stop_type": "Ô sơn",
        "route_no": "41",
        "display_code": "B 41",
        "direction": "Lượt về",
        "address": "65-67 Gò Dầu",
        "street": "Gò Dầu",
        "zone": "Quận Tân Phú",
        "ward": "Phường Tân Qúy",
        "all_routes": "41",
        "marker_color": "#00ACC1"
      }
    },
    {
      "type": "Feature",
      "geometry": {
        "type": "Point",
        "coordinates": [
          106.628799,
          10.794048
        ]
      },
      "properties": {
        "feature_type": "bus_stop",
        "stop_id": 2931,
        "stop_code": "QTP 117",
        "stop_name": "Tân Sơn Nhì",
        "stop_type": "Trụ dừng",
        "route_no": "41",
        "display_code": "B 41",
        "direction": "Lượt về",
        "address": "432 Tân Sơn Nhì",
        "street": "Tân Sơn Nhì",
        "zone": "Quận Tân Phú",
        "ward": "Phường Tân Sơn Nhì",
        "all_routes": "41",
        "marker_color": "#00ACC1"
      }
    },
    {
      "type": "Feature",
      "geometry": {
        "type": "Point",
        "coordinates": [
          106.62886,
          10.792652
        ]
      },
      "properties": {
        "feature_type": "bus_stop",
        "stop_id": 2719,
        "stop_code": "QTP 110",
        "stop_name": "Nhà thờ Martino",
        "stop_type": "Trụ dừng",
        "route_no": "41",
        "display_code": "B 41",
        "direction": "Lượt về",
        "address": "2 Tân Hương",
        "street": "Tân Hương",
        "zone": "Quận Tân Phú",
        "ward": "Phường Tân Qúy",
        "all_routes": "30, 41",
        "marker_color": "#00ACC1"
      }
    },
    {
      "type": "Feature",
      "geometry": {
        "type": "Point",
        "coordinates": [
          106.627785,
          10.789865
        ]
      },
      "properties": {
        "feature_type": "bus_stop",
        "stop_id": 2717,
        "stop_code": "QTP 111",
        "stop_name": "Cafe Suối Reo",
        "stop_type": "Trụ dừng",
        "route_no": "41",
        "display_code": "B 41",
        "direction": "Lượt về",
        "address": "90 Tân Hương",
        "street": "Tân Hương",
        "zone": "Quận Tân Phú",
        "ward": "Phường Tân Qúy",
        "all_routes": "30, 41",
        "marker_color": "#00ACC1"
      }
    },
    {
      "type": "Feature",
      "geometry": {
        "type": "Point",
        "coordinates": [
          106.623999,
          10.789867
        ]
      },
      "properties": {
        "feature_type": "bus_stop",
        "stop_id": 2722,
        "stop_code": "QTP 112",
        "stop_name": "Nhà Thờ Tân Hương",
        "stop_type": "Trụ dừng",
        "route_no": "41",
        "display_code": "B 41",
        "direction": "Lượt về",
        "address": "190 Tân Hương",
        "street": "Tân Hương",
        "zone": "Quận Tân Phú",
        "ward": "Phường Tân Qúy",
        "all_routes": "30, 41",
        "marker_color": "#00ACC1"
      }
    },
    {
      "type": "Feature",
      "geometry": {
        "type": "Point",
        "coordinates": [
          106.621998,
          10.78641
        ]
      },
      "properties": {
        "feature_type": "bus_stop",
        "stop_id": 2666,
        "stop_code": "QTP 165",
        "stop_name": "Trường GTVT",
        "stop_type": "Trụ dừng",
        "route_no": "41",
        "display_code": "B 41",
        "direction": "Lượt về",
        "address": "73 Văn Cao",
        "street": "Văn Cao",
        "zone": "Quận Tân Phú",
        "ward": "Phường Phú Thạnh",
        "all_routes": "32, 41",
        "marker_color": "#00ACC1"
      }
    },
    {
      "type": "Feature",
      "geometry": {
        "type": "Point",
        "coordinates": [
          106.620552,
          10.782247
        ]
      },
      "properties": {
        "feature_type": "bus_stop",
        "stop_id": 1735,
        "stop_code": "QTP 166",
        "stop_name": "Cây Xăng Bình Long",
        "stop_type": "Trụ dừng",
        "route_no": "41",
        "display_code": "B 41",
        "direction": "Lượt về",
        "address": "B10 Văn Cao",
        "street": "Văn Cao",
        "zone": "Quận Tân Phú",
        "ward": "Phường Phú Thạnh",
        "all_routes": "41",
        "marker_color": "#00ACC1"
      }
    },
    {
      "type": "Feature",
      "geometry": {
        "type": "Point",
        "coordinates": [
          106.620405,
          10.779433
        ]
      },
      "properties": {
        "feature_type": "bus_stop",
        "stop_id": 1566,
        "stop_code": "QBT 211",
        "stop_name": "Bình Long",
        "stop_type": "Trụ dừng",
        "route_no": "41",
        "display_code": "B 41",
        "direction": "Lượt về",
        "address": "105 Bình Long",
        "street": "Bình Long",
        "zone": "Quận Bình Tân",
        "ward": "Phường Bình Hưng Hoà A",
        "all_routes": "41",
        "marker_color": "#00ACC1"
      }
    },
    {
      "type": "Feature",
      "geometry": {
        "type": "Point",
        "coordinates": [
          106.621424,
          10.775928
        ]
      },
      "properties": {
        "feature_type": "bus_stop",
        "stop_id": 1562,
        "stop_code": "QBT 212",
        "stop_name": "Chùa Như Thị Thất",
        "stop_type": "Trụ dừng",
        "route_no": "41",
        "display_code": "B 41",
        "direction": "Lượt về",
        "address": "25 (Hoa Sen) Bình Long",
        "street": "Bình Long",
        "zone": "Quận Bình Tân",
        "ward": "Phường Bình Hưng Hoà A",
        "all_routes": "41",
        "marker_color": "#00ACC1"
      }
    },
    {
      "type": "Feature",
      "geometry": {
        "type": "Point",
        "coordinates": [
          106.618549,
          10.774648
        ]
      },
      "properties": {
        "feature_type": "bus_stop",
        "stop_id": 1734,
        "stop_code": "QBT 251",
        "stop_name": "Siêu thị (shop thời trang)",
        "stop_type": "Trụ dừng",
        "route_no": "41",
        "display_code": "B 41",
        "direction": "Lượt về",
        "address": "42 Lê Văn Qưới",
        "street": "Lê Văn Qưới",
        "zone": "Quận Bình Tân",
        "ward": "Phường Bình Hưng Hoà A",
        "all_routes": "41",
        "marker_color": "#00ACC1"
      }
    },
    {
      "type": "Feature",
      "geometry": {
        "type": "Point",
        "coordinates": [
          106.613774,
          10.775918
        ]
      },
      "properties": {
        "feature_type": "bus_stop",
        "stop_id": 1736,
        "stop_code": "QBT 252",
        "stop_name": "BV Đa khoa Bình Tân",
        "stop_type": "Trụ dừng",
        "route_no": "41",
        "display_code": "B 41",
        "direction": "Lượt về",
        "address": "194 Lê Văn Qưới",
        "street": "Lê Văn Qưới",
        "zone": "Quận Bình Tân",
        "ward": "Phường Bình Hưng Hoà A",
        "all_routes": "41",
        "marker_color": "#00ACC1"
      }
    },
    {
      "type": "Feature",
      "geometry": {
        "type": "Point",
        "coordinates": [
          106.609762,
          10.776387
        ]
      },
      "properties": {
        "feature_type": "bus_stop",
        "stop_id": 1738,
        "stop_code": "QBT 253",
        "stop_name": "Chợ Lê Văn Quới",
        "stop_type": "Trụ dừng",
        "route_no": "41",
        "display_code": "B 41",
        "direction": "Lượt về",
        "address": "284 Lê Văn Qưới",
        "street": "Lê Văn Qưới",
        "zone": "Quận Bình Tân",
        "ward": "Phường Bình Hưng Hoà A",
        "all_routes": "41",
        "marker_color": "#00ACC1"
      }
    },
    {
      "type": "Feature",
      "geometry": {
        "type": "Point",
        "coordinates": [
          106.605561,
          10.776418
        ]
      },
      "properties": {
        "feature_type": "bus_stop",
        "stop_id": 1737,
        "stop_code": "QBT 254",
        "stop_name": "Trạm xăng",
        "stop_type": "Trụ dừng",
        "route_no": "41",
        "display_code": "B 41",
        "direction": "Lượt về",
        "address": "442 Lê Văn Qưới",
        "street": "Lê Văn Qưới",
        "zone": "Quận Bình Tân",
        "ward": "Phường Bình Hưng Hoà A",
        "all_routes": "41",
        "marker_color": "#00ACC1"
      }
    },
    {
      "type": "Feature",
      "geometry": {
        "type": "Point",
        "coordinates": [
          106.603584,
          10.776455
        ]
      },
      "properties": {
        "feature_type": "bus_stop",
        "stop_id": 1740,
        "stop_code": "QBT 255",
        "stop_name": "Mã Lò",
        "stop_type": "Trụ dừng",
        "route_no": "41",
        "display_code": "B 41",
        "direction": "Lượt về",
        "address": "596 Lê Văn Qưới",
        "street": "Lê Văn Qưới",
        "zone": "Quận Bình Tân",
        "ward": "Phường Bình Hưng Hoà A",
        "all_routes": "41",
        "marker_color": "#00ACC1"
      }
    },
    {
      "type": "Feature",
      "geometry": {
        "type": "Point",
        "coordinates": [
          106.600991,
          10.775607
        ]
      },
      "properties": {
        "feature_type": "bus_stop",
        "stop_id": 2011,
        "stop_code": "QBT 260",
        "stop_name": "Ngã 3 Ao Đôi",
        "stop_type": "Trụ dừng",
        "route_no": "41",
        "display_code": "B 41",
        "direction": "Lượt về",
        "address": "339 Mã Lò",
        "street": "Mã Lò",
        "zone": "Quận Bình Tân",
        "ward": "Phường Bình Trị Đông B",
        "all_routes": "16, 41",
        "marker_color": "#00ACC1"
      }
    },
    {
      "type": "Feature",
      "geometry": {
        "type": "Point",
        "coordinates": [
          106.601849,
          10.77235
        ]
      },
      "properties": {
        "feature_type": "bus_stop",
        "stop_id": 2010,
        "stop_code": "QBT 261",
        "stop_name": "Công ty Đại Càng Phát",
        "stop_type": "Trụ dừng",
        "route_no": "41",
        "display_code": "B 41",
        "direction": "Lượt về",
        "address": "247 Mã Lò",
        "street": "Mã Lò",
        "zone": "Quận Bình Tân",
        "ward": "Phường Bình Trị Đông B",
        "all_routes": "16, 41",
        "marker_color": "#00ACC1"
      }
    },
    {
      "type": "Feature",
      "geometry": {
        "type": "Point",
        "coordinates": [
          106.60311,
          10.768224
        ]
      },
      "properties": {
        "feature_type": "bus_stop",
        "stop_id": 2013,
        "stop_code": "QBT 262",
        "stop_name": "Phòng tiếp dân",
        "stop_type": "Trụ dừng",
        "route_no": "41",
        "display_code": "B 41",
        "direction": "Lượt về",
        "address": "201 Mã Lò",
        "street": "Mã Lò",
        "zone": "Quận Bình Tân",
        "ward": "Phường Bình Trị Đông A",
        "all_routes": "16, 41",
        "marker_color": "#00ACC1"
      }
    },
    {
      "type": "Feature",
      "geometry": {
        "type": "Point",
        "coordinates": [
          106.603798,
          10.763949
        ]
      },
      "properties": {
        "feature_type": "bus_stop",
        "stop_id": 2929,
        "stop_code": "QBT 263",
        "stop_name": "Bệnh viện Bình Tân",
        "stop_type": "Trụ dừng",
        "route_no": "41",
        "display_code": "B 41",
        "direction": "Lượt về",
        "address": "Bệnh viện BT Mã Lò",
        "street": "Mã Lò",
        "zone": "Quận Bình Tân",
        "ward": "Phường Bình Trị Đông A",
        "all_routes": "41",
        "marker_color": "#00ACC1"
      }
    },
    {
      "type": "Feature",
      "geometry": {
        "type": "Point",
        "coordinates": [
          106.604934,
          10.761125
        ]
      },
      "properties": {
        "feature_type": "bus_stop",
        "stop_id": 2928,
        "stop_code": "QBT 264",
        "stop_name": "Công ty Hương Sở",
        "stop_type": "Trụ dừng",
        "route_no": "41",
        "display_code": "B 41",
        "direction": "Lượt về",
        "address": "79 Mã Lò",
        "street": "Mã Lò",
        "zone": "Quận Bình Tân",
        "ward": "Phường Bình Trị Đông B",
        "all_routes": "41",
        "marker_color": "#00ACC1"
      }
    },
    {
      "type": "Feature",
      "geometry": {
        "type": "Point",
        "coordinates": [
          106.606194,
          10.758957
        ]
      },
      "properties": {
        "feature_type": "bus_stop",
        "stop_id": 2930,
        "stop_code": "QBT 273",
        "stop_name": "Bà Hom",
        "stop_type": "Ô sơn",
        "route_no": "41",
        "display_code": "B 41",
        "direction": "Lượt về",
        "address": "9-11 Mã Lò",
        "street": "Mã Lò",
        "zone": "Quận Bình Tân",
        "ward": "Phường Bình Trị Đông A",
        "all_routes": "41",
        "marker_color": "#00ACC1"
      }
    },
    {
      "type": "Feature",
      "geometry": {
        "type": "Point",
        "coordinates": [
          106.606044,
          10.755834
        ]
      },
      "properties": {
        "feature_type": "bus_stop",
        "stop_id": 7176,
        "stop_code": "QBT 283",
        "stop_name": "Quán cơm",
        "stop_type": "Trụ dừng",
        "route_no": "41",
        "display_code": "B 41",
        "direction": "Lượt về",
        "address": "714 Tên Lửa",
        "street": "Tên Lửa",
        "zone": "Quận Bình Tân",
        "ward": "Phường Bình Trị Đông B",
        "all_routes": "41",
        "marker_color": "#00ACC1"
      }
    },
    {
      "type": "Feature",
      "geometry": {
        "type": "Point",
        "coordinates": [
          106.6079,
          10.75498
        ]
      },
      "properties": {
        "feature_type": "bus_stop",
        "stop_id": 2933,
        "stop_code": "QBT 269",
        "stop_name": "Đường 32",
        "stop_type": "Trụ dừng",
        "route_no": "41",
        "display_code": "B 41",
        "direction": "Lượt về",
        "address": "297 Tên Lửa",
        "street": "Tên Lửa",
        "zone": "Quận Bình Tân",
        "ward": null,
        "all_routes": "41",
        "marker_color": "#00ACC1"
      }
    },
    {
      "type": "Feature",
      "geometry": {
        "type": "Point",
        "coordinates": [
          106.610137,
          10.752471
        ]
      },
      "properties": {
        "feature_type": "bus_stop",
        "stop_id": 2932,
        "stop_code": "QBT 101",
        "stop_name": "Tên Lửa",
        "stop_type": "Trụ dừng",
        "route_no": "41",
        "display_code": "B 41",
        "direction": "Lượt về",
        "address": "397 Tên Lửa",
        "street": "Tên Lửa",
        "zone": "Quận Bình Tân",
        "ward": "Phường Bình Trị Đông B",
        "all_routes": "25, 41",
        "marker_color": "#00ACC1"
      }
    },
    {
      "type": "Feature",
      "geometry": {
        "type": "Point",
        "coordinates": [
          106.611516,
          10.747807
        ]
      },
      "properties": {
        "feature_type": "bus_stop",
        "stop_id": 7531,
        "stop_code": "QBT 294",
        "stop_name": "Đường Tên Lửa",
        "stop_type": "Trụ dừng",
        "route_no": "41",
        "display_code": "B 41",
        "direction": "Lượt về",
        "address": "308 Đường số 1",
        "street": "Đường số 1",
        "zone": "Quận Bình Tân",
        "ward": "Phường Bình Trị Đông B",
        "all_routes": "41",
        "marker_color": "#00ACC1"
      }
    },
    {
      "type": "Feature",
      "geometry": {
        "type": "Point",
        "coordinates": [
          106.607836,
          10.746532
        ]
      },
      "properties": {
        "feature_type": "bus_stop",
        "stop_id": 7532,
        "stop_code": "QBT 295",
        "stop_name": "Đường số 34",
        "stop_type": "Trụ dừng",
        "route_no": "41",
        "display_code": "B 41",
        "direction": "Lượt về",
        "address": "408-410 Đường số 1",
        "street": "Đường số 1",
        "zone": "Quận Bình Tân",
        "ward": "Phường Bình Trị Đông B",
        "all_routes": "41",
        "marker_color": "#00ACC1"
      }
    },
    {
      "type": "Feature",
      "geometry": {
        "type": "Point",
        "coordinates": [
          106.607906,
          10.744318
        ]
      },
      "properties": {
        "feature_type": "bus_stop",
        "stop_id": 7533,
        "stop_code": "QBT 296",
        "stop_name": "Đường số 13",
        "stop_type": "Nhà chờ",
        "route_no": "41",
        "display_code": "B 41",
        "direction": "Lượt về",
        "address": "Đối diện 64 Đường số 34",
        "street": "Đường số 34",
        "zone": "Quận Bình Tân",
        "ward": "Phường An Lạc",
        "all_routes": "41",
        "marker_color": "#00ACC1"
      }
    },
    {
      "type": "Feature",
      "geometry": {
        "type": "Point",
        "coordinates": [
          106.610062,
          10.742442
        ]
      },
      "properties": {
        "feature_type": "bus_stop",
        "stop_id": 4324,
        "stop_code": "QBT 206",
        "stop_name": "Bệnh Viện Quốc Tế",
        "stop_type": "Nhà chờ",
        "route_no": "41",
        "display_code": "B 41",
        "direction": "Lượt về",
        "address": "Đối diện 120 Đường số 17A",
        "street": "Đường số 17A",
        "zone": "Quận Bình Tân",
        "ward": "Phường An Lạc",
        "all_routes": "41",
        "marker_color": "#00ACC1"
      }
    },
    {
      "type": "Feature",
      "geometry": {
        "type": "Point",
        "coordinates": [
          106.61276,
          10.744171
        ]
      },
      "properties": {
        "feature_type": "bus_stop",
        "stop_id": 4325,
        "stop_code": "QBT 207",
        "stop_name": "AEON Mall Bình Tân",
        "stop_type": "Nhà chờ",
        "route_no": "41",
        "display_code": "B 41",
        "direction": "Lượt về",
        "address": "Đối diện 14 Đường số 17A",
        "street": "Đường số 17A",
        "zone": "Quận Bình Tân",
        "ward": "Phường An Lạc",
        "all_routes": "41",
        "marker_color": "#00ACC1"
      }
    },
    {
      "type": "Feature",
      "geometry": {
        "type": "Point",
        "coordinates": [
          106.61341,
          10.743328
        ]
      },
      "properties": {
        "feature_type": "bus_stop",
        "stop_id": 2389,
        "stop_code": "QBT 103",
        "stop_name": "Aeon mall Bình Tân",
        "stop_type": "Trụ dừng",
        "route_no": "41",
        "display_code": "B 41",
        "direction": "Lượt về",
        "address": "Đối diện 32 (Đ/d 150) Tên Lửa",
        "street": "Tên Lửa",
        "zone": "Quận Bình Tân",
        "ward": null,
        "all_routes": "25, 41",
        "marker_color": "#00ACC1"
      }
    },
    {
      "type": "Feature",
      "geometry": {
        "type": "Point",
        "coordinates": [
          106.614227,
          10.741424
        ]
      },
      "properties": {
        "feature_type": "bus_stop",
        "stop_id": 2391,
        "stop_code": "QBT 104",
        "stop_name": "Kinh Dương Vương",
        "stop_type": "Trụ dừng",
        "route_no": "41",
        "display_code": "B 41",
        "direction": "Lượt về",
        "address": "Đối diện 14 (số 3-5) Tên Lửa",
        "street": "Tên Lửa",
        "zone": "Quận Bình Tân",
        "ward": "Phường An Lạc A",
        "all_routes": "25, 41",
        "marker_color": "#00ACC1"
      }
    },
    {
      "type": "Feature",
      "geometry": {
        "type": "Point",
        "coordinates": [
          106.61687,
          10.739665
        ]
      },
      "properties": {
        "feature_type": "bus_stop",
        "stop_id": 713,
        "stop_code": "QBT 007",
        "stop_name": "Bệnh viện Triều An",
        "stop_type": "Nhà chờ",
        "route_no": "41",
        "display_code": "B 41",
        "direction": "Lượt về",
        "address": "Bệnh viện Triều An Kinh Dương Vương",
        "street": "Kinh Dương Vương",
        "zone": "Quận Bình Tân",
        "ward": "Phường An Lạc",
        "all_routes": "09, 102, 151, 25, 39, 41, 60-1, 61, 62-1, 62-10, 62-2, 62-8, 63-1, 84",
        "marker_color": "#00ACC1"
      }
    }
  ]
}