{
  "type": "FeatureCollection",
  "properties": {
    "stt": 7,
    "route_no": "33",
    "display_code": "B 33",
    "route_name": "Bến xe An Sương - Suối Tiên - Đại học Quốc gia",
    "start_point": "Bến xe An Sương",
    "end_point": "Đại học Quốc gia",
    "listed_length_km": 25,
    "operating_hours": "4:30 - 22:00",
    "color": "#039BE5",
    "num_variants": 2,
    "total_stops": 100,
    "total_points": 871
  },
  "features": [
    {
      "type": "Feature",
      "geometry": {
        "type": "LineString",
        "coordinates": [
          [
            106.6133728,
            10.8437376
          ],
          [
            106.61354065,
            10.84395981
          ],
          [
            106.6140213,
            10.84438038
          ],
          [
            106.61486053,
            10.84325981
          ],
          [
            106.61509705,
            10.84277916
          ],
          [
            106.6150589,
            10.8425684
          ],
          [
            106.61533356,
            10.84227848
          ],
          [
            106.6155777,
            10.84231567
          ],
          [
            106.61566162,
            10.84257984
          ],
          [
            106.6157608,
            10.84284782
          ],
          [
            106.61625671,
            10.84329033
          ],
          [
            106.61739349,
            10.84432983
          ],
          [
            106.61773682,
            10.84465981
          ],
          [
            106.61780548,
            10.84461784
          ],
          [
            106.61780548,
            10.84461784
          ],
          [
            106.61780548,
            10.84461784
          ],
          [
            106.61780548,
            10.84461784
          ],
          [
            106.61780548,
            10.84461784
          ],
          [
            106.61773682,
            10.84469128
          ],
          [
            106.61867523,
            10.84554482
          ],
          [
            106.61962128,
            10.84629822
          ],
          [
            106.62044525,
            10.84692574
          ],
          [
            106.62147522,
            10.84745216
          ],
          [
            106.62150574,
            10.84741783
          ],
          [
            106.62150574,
            10.84741783
          ],
          [
            106.62150574,
            10.84741783
          ],
          [
            106.62149048,
            10.84746838
          ],
          [
            106.62316895,
            10.84826946
          ],
          [
            106.62482452,
            10.84902287
          ],
          [
            106.62490082,
            10.84890079
          ],
          [
            106.62490082,
            10.84890079
          ],
          [
            106.62484741,
            10.84902763
          ],
          [
            106.62615967,
            10.84963894
          ],
          [
            106.62747192,
            10.85025024
          ],
          [
            106.62757111,
            10.85007095
          ],
          [
            106.62757111,
            10.85007095
          ],
          [
            106.62757111,
            10.85007095
          ],
          [
            106.62757111,
            10.85007095
          ],
          [
            106.62757111,
            10.85007095
          ],
          [
            106.62749481,
            10.85024452
          ],
          [
            106.62870026,
            10.85081768
          ],
          [
            106.62992859,
            10.85140419
          ],
          [
            106.63111115,
            10.85201645
          ],
          [
            106.63230896,
            10.85262585
          ],
          [
            106.63234711,
            10.85258293
          ],
          [
            106.63234711,
            10.85258293
          ],
          [
            106.63234711,
            10.85258293
          ],
          [
            106.63234711,
            10.85258293
          ],
          [
            106.63234711,
            10.85258293
          ],
          [
            106.63233185,
            10.85264206
          ],
          [
            106.6346283,
            10.85387516
          ],
          [
            106.6346817,
            10.85380554
          ],
          [
            106.6346817,
            10.85380554
          ],
          [
            106.6346817,
            10.85380554
          ],
          [
            106.63462067,
            10.85388565
          ],
          [
            106.63593292,
            10.85459995
          ],
          [
            106.63724518,
            10.8553133
          ],
          [
            106.63852692,
            10.85600853
          ],
          [
            106.63980865,
            10.85670376
          ],
          [
            106.63983154,
            10.85666656
          ],
          [
            106.63983154,
            10.85666656
          ],
          [
            106.63983154,
            10.85666656
          ],
          [
            106.63980103,
            10.85671997
          ],
          [
            106.64185333,
            10.85785007
          ],
          [
            106.64417267,
            10.85910034
          ],
          [
            106.6442337,
            10.85895348
          ],
          [
            106.6442337,
            10.85895348
          ],
          [
            106.64417267,
            10.85908508
          ],
          [
            106.64594269,
            10.86004448
          ],
          [
            106.64775085,
            10.86104488
          ],
          [
            106.64778137,
            10.86096954
          ],
          [
            106.64777374,
            10.86102962
          ],
          [
            106.64784241,
            10.86104965
          ],
          [
            106.64851379,
            10.86139965
          ],
          [
            106.64910889,
            10.86168957
          ],
          [
            106.64945984,
            10.86180019
          ],
          [
            106.64978027,
            10.86188984
          ],
          [
            106.65019226,
            10.86194992
          ],
          [
            106.6506424,
            10.86196041
          ],
          [
            106.65119934,
            10.86194038
          ],
          [
            106.65119934,
            10.86188126
          ],
          [
            106.65119934,
            10.86198235
          ],
          [
            106.65265656,
            10.86190891
          ],
          [
            106.65405273,
            10.86180782
          ],
          [
            106.65406036,
            10.86186028
          ],
          [
            106.65550995,
            10.8617897
          ],
          [
            106.65712738,
            10.86172009
          ],
          [
            106.65712738,
            10.86165142
          ],
          [
            106.65712738,
            10.86165142
          ],
          [
            106.65712738,
            10.86165142
          ],
          [
            106.65712738,
            10.86165142
          ],
          [
            106.65712738,
            10.86172009
          ],
          [
            106.65968323,
            10.8616066
          ],
          [
            106.66223907,
            10.86149311
          ],
          [
            106.6622467,
            10.8613348
          ],
          [
            106.6622467,
            10.8613348
          ],
          [
            106.6622467,
            10.8613348
          ],
          [
            106.6622467,
            10.8613348
          ],
          [
            106.6622467,
            10.8613348
          ],
          [
            106.6622467,
            10.8613348
          ],
          [
            106.6622467,
            10.8613348
          ],
          [
            106.6622467,
            10.8613348
          ],
          [
            106.6622467,
            10.8613348
          ],
          [
            106.6622467,
            10.86149788
          ],
          [
            106.66432953,
            10.86155605
          ],
          [
            106.66640472,
            10.86158752
          ],
          [
            106.66645813,
            10.86150265
          ],
          [
            106.66645813,
            10.86150265
          ],
          [
            106.66645813,
            10.86150265
          ],
          [
            106.66645813,
            10.86150265
          ],
          [
            106.66645813,
            10.86150265
          ],
          [
            106.66645813,
            10.86150265
          ],
          [
            106.66644287,
            10.86163998
          ],
          [
            106.66763306,
            10.861619
          ],
          [
            106.67015076,
            10.86163998
          ],
          [
            106.67188263,
            10.86166954
          ],
          [
            106.67188263,
            10.86157703
          ],
          [
            106.67188263,
            10.86157703
          ],
          [
            106.67188263,
            10.86157703
          ],
          [
            106.67188263,
            10.86157703
          ],
          [
            106.67189789,
            10.8616724
          ],
          [
            106.673172,
            10.86169052
          ],
          [
            106.67445374,
            10.86170864
          ],
          [
            106.67444611,
            10.861619
          ],
          [
            106.67444611,
            10.861619
          ],
          [
            106.67444611,
            10.861619
          ],
          [
            106.67444611,
            10.861619
          ],
          [
            106.6762619,
            10.86158276
          ],
          [
            106.6780777,
            10.86147213
          ],
          [
            106.6780777,
            10.86147213
          ],
          [
            106.6780777,
            10.86155033
          ],
          [
            106.68005371,
            10.86143494
          ],
          [
            106.68200684,
            10.86127186
          ],
          [
            106.68200684,
            10.86117077
          ],
          [
            106.68200684,
            10.86117077
          ],
          [
            106.68200684,
            10.86117077
          ],
          [
            106.68199921,
            10.86127663
          ],
          [
            106.68382263,
            10.86116886
          ],
          [
            106.68564606,
            10.8610611
          ],
          [
            106.6866684,
            10.86099243
          ],
          [
            106.68665314,
            10.86089706
          ],
          [
            106.68665314,
            10.86089706
          ],
          [
            106.68667603,
            10.86098671
          ],
          [
            106.68792725,
            10.860919
          ],
          [
            106.68917084,
            10.86085033
          ],
          [
            106.68917847,
            10.8607502
          ],
          [
            106.68917847,
            10.8607502
          ],
          [
            106.68917847,
            10.8607502
          ],
          [
            106.68917847,
            10.86081028
          ],
          [
            106.69232941,
            10.86060238
          ],
          [
            106.69232941,
            10.86038589
          ],
          [
            106.69232941,
            10.86038589
          ],
          [
            106.69233704,
            10.86059189
          ],
          [
            106.69449615,
            10.86046028
          ],
          [
            106.69451141,
            10.86036491
          ],
          [
            106.69451141,
            10.86036491
          ],
          [
            106.69451141,
            10.86036491
          ],
          [
            106.69450378,
            10.86046505
          ],
          [
            106.69556427,
            10.86038685
          ],
          [
            106.69665527,
            10.86029148
          ],
          [
            106.69867706,
            10.8600359
          ],
          [
            106.70069885,
            10.85978031
          ],
          [
            106.70069885,
            10.85967541
          ],
          [
            106.70069885,
            10.85967541
          ],
          [
            106.70069885,
            10.85967541
          ],
          [
            106.70071411,
            10.85977554
          ],
          [
            106.7033844,
            10.85944366
          ],
          [
            106.70604706,
            10.85911179
          ],
          [
            106.70604706,
            10.85901737
          ],
          [
            106.70604706,
            10.85901737
          ],
          [
            106.70604706,
            10.85901737
          ],
          [
            106.70606232,
            10.85909081
          ],
          [
            106.70748138,
            10.85891151
          ],
          [
            106.70890045,
            10.85873222
          ],
          [
            106.70891571,
            10.85861588
          ],
          [
            106.70891571,
            10.85861588
          ],
          [
            106.70891571,
            10.85861588
          ],
          [
            106.70891571,
            10.85861588
          ],
          [
            106.70908356,
            10.85873032
          ],
          [
            106.70955658,
            10.85861969
          ],
          [
            106.70992279,
            10.85857964
          ],
          [
            106.7104187,
            10.8585701
          ],
          [
            106.71083069,
            10.85861969
          ],
          [
            106.71150208,
            10.85875988
          ],
          [
            106.7122345,
            10.85908031
          ],
          [
            106.71299744,
            10.85949612
          ],
          [
            106.71346283,
            10.85972309
          ],
          [
            106.71350098,
            10.85965919
          ],
          [
            106.71350098,
            10.85965919
          ],
          [
            106.71350098,
            10.85965919
          ],
          [
            106.71344757,
            10.85976505
          ],
          [
            106.71459961,
            10.86034966
          ],
          [
            106.71668243,
            10.86146164
          ],
          [
            106.71798706,
            10.86211491
          ],
          [
            106.71958923,
            10.86291981
          ],
          [
            106.72042847,
            10.8633604
          ],
          [
            106.72045135,
            10.86331463
          ],
          [
            106.72045135,
            10.86331463
          ],
          [
            106.72042847,
            10.8633604
          ],
          [
            106.72113037,
            10.86373997
          ],
          [
            106.72338104,
            10.86483002
          ],
          [
            106.72367859,
            10.86493969
          ],
          [
            106.72384644,
            10.86493015
          ],
          [
            106.72399139,
            10.86491966
          ],
          [
            106.72412872,
            10.86499977
          ],
          [
            106.72418213,
            10.86509991
          ],
          [
            106.72418976,
            10.86515045
          ],
          [
            106.72427368,
            10.8652401
          ],
          [
            106.72438049,
            10.86532974
          ],
          [
            106.72463989,
            10.86544991
          ],
          [
            106.72666168,
            10.86645985
          ],
          [
            106.72680664,
            10.86657047
          ],
          [
            106.72708893,
            10.86682034
          ],
          [
            106.72718048,
            10.86686993
          ],
          [
            106.72737885,
            10.86697006
          ],
          [
            106.72742462,
            10.86688995
          ],
          [
            106.72737122,
            10.86695099
          ],
          [
            106.7287674,
            10.86767006
          ],
          [
            106.73016357,
            10.86838913
          ],
          [
            106.73020172,
            10.86830997
          ],
          [
            106.73020172,
            10.86830997
          ],
          [
            106.73020172,
            10.86830997
          ],
          [
            106.73016357,
            10.86841011
          ],
          [
            106.73193359,
            10.86931038
          ],
          [
            106.73319244,
            10.86993027
          ],
          [
            106.73468781,
            10.87067986
          ],
          [
            106.73535919,
            10.87098026
          ],
          [
            106.73538208,
            10.8708601
          ],
          [
            106.73538208,
            10.8708601
          ],
          [
            106.73538208,
            10.8708601
          ],
          [
            106.73535919,
            10.87098026
          ],
          [
            106.73597717,
            10.87121964
          ],
          [
            106.73674774,
            10.87143993
          ],
          [
            106.73748779,
            10.87160969
          ],
          [
            106.73834991,
            10.87172985
          ],
          [
            106.73965454,
            10.87186623
          ],
          [
            106.7396698,
            10.87176609
          ],
          [
            106.7396698,
            10.87176609
          ],
          [
            106.7396698,
            10.87176609
          ],
          [
            106.7396698,
            10.87176609
          ],
          [
            106.7396698,
            10.87176609
          ],
          [
            106.73968506,
            10.87185001
          ],
          [
            106.73966217,
            10.87189198
          ],
          [
            106.74080658,
            10.87203407
          ],
          [
            106.74169922,
            10.87228489
          ],
          [
            106.74259186,
            10.87253475
          ],
          [
            106.74331665,
            10.87279224
          ],
          [
            106.74403381,
            10.87304974
          ],
          [
            106.74407959,
            10.8729353
          ],
          [
            106.74407959,
            10.8729353
          ],
          [
            106.74407959,
            10.8729353
          ],
          [
            106.74407959,
            10.8729353
          ],
          [
            106.74407959,
            10.8729353
          ],
          [
            106.74407959,
            10.8729353
          ],
          [
            106.74407959,
            10.87301922
          ],
          [
            106.7456131,
            10.87350941
          ],
          [
            106.7470932,
            10.87396812
          ],
          [
            106.74713135,
            10.87390518
          ],
          [
            106.74713135,
            10.87390518
          ],
          [
            106.74713135,
            10.87390518
          ],
          [
            106.74713135,
            10.87390518
          ],
          [
            106.74707794,
            10.87403011
          ],
          [
            106.74913025,
            10.87469006
          ],
          [
            106.75071716,
            10.87518978
          ],
          [
            106.75231171,
            10.87570667
          ],
          [
            106.75312042,
            10.87593842
          ],
          [
            106.75370026,
            10.87602043
          ],
          [
            106.75434113,
            10.87600994
          ],
          [
            106.75489807,
            10.87592983
          ],
          [
            106.75566101,
            10.87580013
          ],
          [
            106.75562286,
            10.87570572
          ],
          [
            106.75562286,
            10.87570572
          ],
          [
            106.75562286,
            10.87570572
          ],
          [
            106.75562286,
            10.87570572
          ],
          [
            106.75563812,
            10.8757906
          ],
          [
            106.75655365,
            10.87561703
          ],
          [
            106.75746918,
            10.87544346
          ],
          [
            106.75746918,
            10.87535286
          ],
          [
            106.75746918,
            10.87535286
          ],
          [
            106.75746918,
            10.87535286
          ],
          [
            106.75746918,
            10.87535286
          ],
          [
            106.75749969,
            10.87541676
          ],
          [
            106.75918579,
            10.87510014
          ],
          [
            106.76094055,
            10.87456894
          ],
          [
            106.76091003,
            10.87447357
          ],
          [
            106.76091003,
            10.87447357
          ],
          [
            106.76091003,
            10.87447357
          ],
          [
            106.76091003,
            10.87447357
          ],
          [
            106.76091003,
            10.87447357
          ],
          [
            106.76094818,
            10.87455273
          ],
          [
            106.76246643,
            10.87408352
          ],
          [
            106.76247406,
            10.87397289
          ],
          [
            106.76247406,
            10.87397289
          ],
          [
            106.76247406,
            10.87397289
          ],
          [
            106.76247406,
            10.87397289
          ],
          [
            106.76247406,
            10.87397289
          ],
          [
            106.76248169,
            10.87404919
          ],
          [
            106.76261902,
            10.87403679
          ],
          [
            106.76309204,
            10.87384033
          ],
          [
            106.76498413,
            10.87319565
          ],
          [
            106.76686859,
            10.87255001
          ],
          [
            106.76715088,
            10.87254524
          ],
          [
            106.76966095,
            10.87170982
          ],
          [
            106.76964569,
            10.87165546
          ],
          [
            106.76964569,
            10.87159729
          ],
          [
            106.76964569,
            10.87159729
          ],
          [
            106.76964569,
            10.87159729
          ],
          [
            106.76967621,
            10.87167645
          ],
          [
            106.7713623,
            10.87112331
          ],
          [
            106.77305603,
            10.87057495
          ],
          [
            106.77304077,
            10.87050724
          ],
          [
            106.77304077,
            10.87050724
          ],
          [
            106.77304077,
            10.87050724
          ],
          [
            106.77307129,
            10.87059975
          ],
          [
            106.77397919,
            10.87029648
          ],
          [
            106.77488708,
            10.86999226
          ],
          [
            106.77580261,
            10.86968899
          ],
          [
            106.77671051,
            10.86938477
          ],
          [
            106.77672577,
            10.86930561
          ],
          [
            106.77672577,
            10.86930561
          ],
          [
            106.77672577,
            10.86930561
          ],
          [
            106.77674103,
            10.86936378
          ],
          [
            106.77770233,
            10.86905003
          ],
          [
            106.77867126,
            10.86873627
          ],
          [
            106.77865601,
            10.86869144
          ],
          [
            106.77865601,
            10.86869144
          ],
          [
            106.77865601,
            10.86869144
          ],
          [
            106.77869415,
            10.86874199
          ],
          [
            106.78086853,
            10.86801529
          ],
          [
            106.78206635,
            10.8676405
          ],
          [
            106.78312683,
            10.86740398
          ],
          [
            106.7841568,
            10.86727238
          ],
          [
            106.7857132,
            10.86722755
          ],
          [
            106.78727721999999,
            10.86718273
          ],
          [
            106.78727721999999,
            10.8671217
          ],
          [
            106.78727721999999,
            10.8671217
          ],
          [
            106.78727721999999,
            10.86717987
          ],
          [
            106.78822327,
            10.86713028
          ],
          [
            106.78961182,
            10.8670702
          ],
          [
            106.79029846,
            10.86695957
          ],
          [
            106.7902832,
            10.86691189
          ],
          [
            106.7902832,
            10.86691189
          ],
          [
            106.7902832,
            10.86691189
          ],
          [
            106.7902832,
            10.86691189
          ],
          [
            106.79031372,
            10.86696148
          ],
          [
            106.79129028,
            10.86662388
          ],
          [
            106.7923584,
            10.8661499
          ],
          [
            106.79316711,
            10.8655386
          ],
          [
            106.7938385,
            10.86490631
          ],
          [
            106.79440308,
            10.8641243
          ],
          [
            106.79496002,
            10.86334229
          ],
          [
            106.79545593,
            10.86248589
          ],
          [
            106.79594421,
            10.86162949
          ],
          [
            106.79586792,
            10.86110306
          ],
          [
            106.79556274,
            10.86076546
          ],
          [
            106.79508972,
            10.86070251
          ],
          [
            106.79463959,
            10.86120796
          ],
          [
            106.79457855,
            10.86154556
          ],
          [
            106.79479218,
            10.86190414
          ],
          [
            106.79502869,
            10.86221504
          ],
          [
            106.7956543,
            10.86256027
          ],
          [
            106.79628754,
            10.8629055
          ],
          [
            106.79689026,
            10.86326599
          ],
          [
            106.79749298,
            10.86362648
          ],
          [
            106.79753876,
            10.86359501
          ],
          [
            106.79753876,
            10.86359501
          ],
          [
            106.79753876,
            10.86359501
          ],
          [
            106.79753876,
            10.86359501
          ],
          [
            106.79753876,
            10.86359501
          ],
          [
            106.79753876,
            10.86359501
          ],
          [
            106.79750061,
            10.86364746
          ],
          [
            106.79826355,
            10.86408997
          ],
          [
            106.79910278,
            10.86454296
          ],
          [
            106.8000412,
            10.86508846
          ],
          [
            106.80097198,
            10.86563396
          ],
          [
            106.8014679,
            10.86573887
          ],
          [
            106.80207825,
            10.86611271
          ],
          [
            106.80207825,
            10.86611271
          ],
          [
            106.80207825,
            10.86611271
          ],
          [
            106.80264282,
            10.86644745
          ],
          [
            106.80319977,
            10.86678219
          ],
          [
            106.80375671,
            10.86717224
          ],
          [
            106.8042984,
            10.86758804
          ],
          [
            106.80509949,
            10.86826801
          ],
          [
            106.80590057,
            10.86905766
          ],
          [
            106.80636597,
            10.86957741
          ],
          [
            106.80683136,
            10.87009621
          ],
          [
            106.80726624,
            10.87068558
          ],
          [
            106.80770111,
            10.8712759
          ],
          [
            106.80853271,
            10.87244034
          ],
          [
            106.80895233,
            10.87300873
          ],
          [
            106.80937195,
            10.87357807
          ],
          [
            106.80945587,
            10.87351513
          ],
          [
            106.80945587,
            10.87351513
          ],
          [
            106.80940247,
            10.87357807
          ],
          [
            106.80973053,
            10.8740263
          ],
          [
            106.8098526,
            10.8742733
          ],
          [
            106.80979919,
            10.87452126
          ],
          [
            106.80961609,
            10.87468433
          ],
          [
            106.80942535,
            10.87474728
          ],
          [
            106.80922699,
            10.87476826
          ],
          [
            106.80857849,
            10.87387848
          ],
          [
            106.80818939,
            10.87331963
          ],
          [
            106.80793762,
            10.87365723
          ],
          [
            106.80781555,
            10.87378883
          ],
          [
            106.80796814,
            10.87392044
          ],
          [
            106.80810547,
            10.87405777
          ],
          [
            106.80827332,
            10.87426281
          ],
          [
            106.80843353,
            10.87446308
          ],
          [
            106.80789185,
            10.87482643
          ],
          [
            106.80765533,
            10.87447929
          ]
        ]
      },
      "properties": {
        "feature_type": "route_path",
        "stt": 7,
        "route_id": 54,
        "route_no": "33",
        "display_code": "B 33",
        "route_name": "Bến xe An Sương - Suối Tiên - Đại học Quốc gia",
        "direction": "Lượt đi",
        "outbound": true,
        "start_point": "Bến xe An Sương",
        "end_point": "Đại học Quốc gia",
        "start_stop": "Bến xe An Sương",
        "end_stop": "Bến xe buýt Khu A - Đại học Quốc gia TP.HCM",
        "distance_km": 25.59,
        "listed_length_km": 25,
        "running_time_min": 60,
        "operating_hours": "4:30 - 22:00",
        "stroke": "#039BE5",
        "stroke_width": 4,
        "stroke_opacity": 0.85
      }
    },
    {
      "type": "Feature",
      "geometry": {
        "type": "LineString",
        "coordinates": [
          [
            106.80765533,
            10.87447929
          ],
          [
            106.80765533,
            10.87447929
          ],
          [
            106.80765533,
            10.87447929
          ],
          [
            106.80765533,
            10.87447929
          ],
          [
            106.80765533,
            10.87447929
          ],
          [
            106.80789948,
            10.87483692
          ],
          [
            106.80844879,
            10.87446308
          ],
          [
            106.80804443,
            10.87398338
          ],
          [
            106.80780792,
            10.87377262
          ],
          [
            106.8081131,
            10.87339401
          ],
          [
            106.80775452,
            10.87288761
          ],
          [
            106.80738068,
            10.87238789
          ],
          [
            106.80702209,
            10.87189484
          ],
          [
            106.80665588,
            10.87140179
          ],
          [
            106.80665588,
            10.87140179
          ],
          [
            106.80665588,
            10.87140179
          ],
          [
            106.80665588,
            10.87140179
          ],
          [
            106.80665588,
            10.87140179
          ],
          [
            106.80665588,
            10.87140179
          ],
          [
            106.80622864,
            10.87080669
          ],
          [
            106.8057785,
            10.87022209
          ],
          [
            106.80524445,
            10.86966419
          ],
          [
            106.80472565,
            10.8691721
          ],
          [
            106.80472565,
            10.8691721
          ],
          [
            106.80432129,
            10.86877346
          ],
          [
            106.80405426,
            10.86840439
          ],
          [
            106.80393982,
            10.867836
          ],
          [
            106.80269623,
            10.86691952
          ],
          [
            106.8019104,
            10.86648464
          ],
          [
            106.80111694,
            10.86604977
          ],
          [
            106.80111694,
            10.86604977
          ],
          [
            106.80111694,
            10.86604977
          ],
          [
            106.80111694,
            10.86604977
          ],
          [
            106.80111694,
            10.86604977
          ],
          [
            106.80115509,
            10.86597061
          ],
          [
            106.80004883,
            10.86532593
          ],
          [
            106.7989502,
            10.86468029
          ],
          [
            106.79875946,
            10.86464977
          ],
          [
            106.79828644,
            10.86450958
          ],
          [
            106.79799652,
            10.86443996
          ],
          [
            106.7976532,
            10.86439991
          ],
          [
            106.79727173,
            10.86441994
          ],
          [
            106.79627228,
            10.8645401
          ],
          [
            106.79530334,
            10.86468029
          ],
          [
            106.7949295,
            10.86474991
          ],
          [
            106.79467773,
            10.86483002
          ],
          [
            106.79414368,
            10.8651104
          ],
          [
            106.79388428,
            10.8652916
          ],
          [
            106.79393768,
            10.86533546
          ],
          [
            106.79393768,
            10.86533546
          ],
          [
            106.79393768,
            10.86533546
          ],
          [
            106.79393768,
            10.86533546
          ],
          [
            106.79393768,
            10.86533546
          ],
          [
            106.79393768,
            10.86533546
          ],
          [
            106.79393768,
            10.86533546
          ],
          [
            106.79393768,
            10.86533546
          ],
          [
            106.79393768,
            10.86533546
          ],
          [
            106.79389954,
            10.86530209
          ],
          [
            106.79307556,
            10.86581802
          ],
          [
            106.79216003,
            10.86644459
          ],
          [
            106.79163361,
            10.86670303
          ],
          [
            106.79106903,
            10.86689758
          ],
          [
            106.79109955,
            10.86696053
          ],
          [
            106.79109955,
            10.86696053
          ],
          [
            106.79109955,
            10.86696053
          ],
          [
            106.79109955,
            10.86696053
          ],
          [
            106.79109955,
            10.86696053
          ],
          [
            106.79109955,
            10.86696053
          ],
          [
            106.79109955,
            10.86696053
          ],
          [
            106.79109955,
            10.86696053
          ],
          [
            106.79107666,
            10.8669138
          ],
          [
            106.79008484,
            10.86714554
          ],
          [
            106.78874207,
            10.86728287
          ],
          [
            106.78726196,
            10.8673296
          ],
          [
            106.78726196,
            10.86740398
          ],
          [
            106.78726196,
            10.86740398
          ],
          [
            106.78726196,
            10.86740398
          ],
          [
            106.78726196,
            10.86740398
          ],
          [
            106.78726196,
            10.86740398
          ],
          [
            106.78726196,
            10.86740398
          ],
          [
            106.78726196,
            10.86740398
          ],
          [
            106.78726959,
            10.86731911
          ],
          [
            106.78652954,
            10.86734295
          ],
          [
            106.78578186,
            10.86736679
          ],
          [
            106.78503418,
            10.86739349
          ],
          [
            106.7842865,
            10.8674202
          ],
          [
            106.78352356,
            10.86748028
          ],
          [
            106.78308105,
            10.8675499
          ],
          [
            106.78216553,
            10.86777306
          ],
          [
            106.78220367,
            10.86786747
          ],
          [
            106.78220367,
            10.86786747
          ],
          [
            106.78220367,
            10.86786747
          ],
          [
            106.78220367,
            10.86786747
          ],
          [
            106.78220367,
            10.86786747
          ],
          [
            106.78220367,
            10.86786747
          ],
          [
            106.78218842,
            10.86777306
          ],
          [
            106.78131866,
            10.86804962
          ],
          [
            106.78044891,
            10.86832619
          ],
          [
            106.77957916,
            10.86860371
          ],
          [
            106.77870941,
            10.86888027
          ],
          [
            106.77787018,
            10.86915016
          ],
          [
            106.77722168,
            10.86934757
          ],
          [
            106.77725983,
            10.86942673
          ],
          [
            106.77725983,
            10.86942673
          ],
          [
            106.77725983,
            10.86942673
          ],
          [
            106.77722931,
            10.8693428
          ],
          [
            106.77604675,
            10.86973
          ],
          [
            106.7748642,
            10.87011719
          ],
          [
            106.77493286,
            10.87025356
          ],
          [
            106.77493286,
            10.87025356
          ],
          [
            106.77493286,
            10.87025356
          ],
          [
            106.77493286,
            10.87025356
          ],
          [
            106.77489471,
            10.87011719
          ],
          [
            106.77282715,
            10.87081718
          ],
          [
            106.7716217,
            10.87120724
          ],
          [
            106.77166748,
            10.8713131
          ],
          [
            106.77166748,
            10.8713131
          ],
          [
            106.77165985,
            10.87125969
          ],
          [
            106.7707901,
            10.87153244
          ],
          [
            106.76994324,
            10.87181568
          ],
          [
            106.76908875,
            10.87209892
          ],
          [
            106.76823425,
            10.87238216
          ],
          [
            106.76824951,
            10.87241936
          ],
          [
            106.76824951,
            10.87241936
          ],
          [
            106.76821899,
            10.87230873
          ],
          [
            106.76711273,
            10.87266922
          ],
          [
            106.7660141,
            10.87303066
          ],
          [
            106.76506042,
            10.87337971
          ],
          [
            106.76233673,
            10.87427998
          ],
          [
            106.76203918,
            10.87438011
          ],
          [
            106.76209259,
            10.87447357
          ],
          [
            106.76209259,
            10.87447357
          ],
          [
            106.76209259,
            10.87447357
          ],
          [
            106.76209259,
            10.87447357
          ],
          [
            106.76206207,
            10.87438965
          ],
          [
            106.76121521,
            10.87464714
          ],
          [
            106.76037598,
            10.87490559
          ],
          [
            106.75952911,
            10.87513733
          ],
          [
            106.75868988,
            10.87536907
          ],
          [
            106.75868988,
            10.87545395
          ],
          [
            106.75868988,
            10.87545395
          ],
          [
            106.75868988,
            10.87545395
          ],
          [
            106.75868988,
            10.87545395
          ],
          [
            106.75865936,
            10.87536907
          ],
          [
            106.75727081,
            10.8756485
          ],
          [
            106.75730133,
            10.87573814
          ],
          [
            106.75730133,
            10.87573814
          ],
          [
            106.75727844,
            10.8756485
          ],
          [
            106.75562286,
            10.87598038
          ],
          [
            106.75563049,
            10.87604904
          ],
          [
            106.75563049,
            10.87604904
          ],
          [
            106.75563049,
            10.87604904
          ],
          [
            106.75563049,
            10.87604904
          ],
          [
            106.75561523,
            10.87592793
          ],
          [
            106.75421906,
            10.87615967
          ],
          [
            106.75382996,
            10.87617016
          ],
          [
            106.75346375,
            10.87615013
          ],
          [
            106.75312805,
            10.87609959
          ],
          [
            106.75231934,
            10.87590027
          ],
          [
            106.75132751,
            10.8755703
          ],
          [
            106.74894714,
            10.87480068
          ],
          [
            106.74656677,
            10.87403107
          ],
          [
            106.74652863,
            10.87411499
          ],
          [
            106.74652863,
            10.87411499
          ],
          [
            106.74652863,
            10.87411499
          ],
          [
            106.74652863,
            10.87411499
          ],
          [
            106.74652863,
            10.87411499
          ],
          [
            106.74655151,
            10.87403107
          ],
          [
            106.74543762,
            10.87366772
          ],
          [
            106.7443161,
            10.87330437
          ],
          [
            106.74429321,
            10.87337303
          ],
          [
            106.74429321,
            10.87337303
          ],
          [
            106.74429321,
            10.87337303
          ],
          [
            106.74432373,
            10.87330437
          ],
          [
            106.74311066,
            10.87288284
          ],
          [
            106.74188995,
            10.87254047
          ],
          [
            106.74085999,
            10.87227726
          ],
          [
            106.73992157,
            10.87209225
          ],
          [
            106.73991394,
            10.87217712
          ],
          [
            106.73991394,
            10.87217712
          ],
          [
            106.73991394,
            10.87217712
          ],
          [
            106.73993683,
            10.87209797
          ],
          [
            106.73836517,
            10.87190247
          ],
          [
            106.73750305,
            10.87177658
          ],
          [
            106.73639679,
            10.87151814
          ],
          [
            106.73532104,
            10.8711338
          ],
          [
            106.7345047,
            10.87074375
          ],
          [
            106.73447418,
            10.87082767
          ],
          [
            106.73447418,
            10.87082767
          ],
          [
            106.73447418,
            10.87082767
          ],
          [
            106.73447418,
            10.87082767
          ],
          [
            106.73451996,
            10.87075996
          ],
          [
            106.733078,
            10.87003994
          ],
          [
            106.73206329,
            10.86951065
          ],
          [
            106.72918701,
            10.86807823
          ],
          [
            106.72915649,
            10.86812019
          ],
          [
            106.72915649,
            10.86812019
          ],
          [
            106.72915649,
            10.86812019
          ],
          [
            106.72653198,
            10.86666965
          ],
          [
            106.72357941,
            10.86522007
          ],
          [
            106.71989441,
            10.863451
          ],
          [
            106.71989441,
            10.863451
          ],
          [
            106.71989441,
            10.863451
          ],
          [
            106.71694183,
            10.86185074
          ],
          [
            106.71309662,
            10.85997009
          ],
          [
            106.71309662,
            10.85997009
          ],
          [
            106.71309662,
            10.85997009
          ],
          [
            106.7131424,
            10.85988045
          ],
          [
            106.71234131,
            10.85947037
          ],
          [
            106.71154022,
            10.85908985
          ],
          [
            106.71115875,
            10.85896969
          ],
          [
            106.71031189,
            10.85883713
          ],
          [
            106.70943451,
            10.85883713
          ],
          [
            106.7077179,
            10.85905361
          ],
          [
            106.70772552,
            10.85914803
          ],
          [
            106.70772552,
            10.85914803
          ],
          [
            106.70772552,
            10.85914803
          ],
          [
            106.70772552,
            10.85914803
          ],
          [
            106.70770264,
            10.85905361
          ],
          [
            106.70631409,
            10.85923004
          ],
          [
            106.70493317,
            10.85940647
          ],
          [
            106.70494843,
            10.85949612
          ],
          [
            106.70494843,
            10.85949612
          ],
          [
            106.70494843,
            10.85949612
          ],
          [
            106.70494843,
            10.85949612
          ],
          [
            106.70491791,
            10.85941219
          ],
          [
            106.7029953,
            10.85965443
          ],
          [
            106.70107269,
            10.85989666
          ],
          [
            106.70108795,
            10.86000729
          ],
          [
            106.70108795,
            10.86000729
          ],
          [
            106.70108795,
            10.86000729
          ],
          [
            106.70108795,
            10.86000729
          ],
          [
            106.70105743,
            10.85989094
          ],
          [
            106.69965363,
            10.86005974
          ],
          [
            106.69824219,
            10.86022854
          ],
          [
            106.69683838,
            10.86039639
          ],
          [
            106.69543457,
            10.86056519
          ],
          [
            106.69544983,
            10.86065006
          ],
          [
            106.69544983,
            10.86065006
          ],
          [
            106.69544983,
            10.86065006
          ],
          [
            106.69544983,
            10.86065006
          ],
          [
            106.6954422,
            10.86056042
          ],
          [
            106.69384003,
            10.86068439
          ],
          [
            106.69223785,
            10.86080837
          ],
          [
            106.69223785,
            10.86087608
          ],
          [
            106.69223785,
            10.86087608
          ],
          [
            106.69223785,
            10.86079693
          ],
          [
            106.69082642,
            10.86088181
          ],
          [
            106.68941498,
            10.86096573
          ],
          [
            106.68941498,
            10.86104012
          ],
          [
            106.68941498,
            10.86104012
          ],
          [
            106.68941498,
            10.86104012
          ],
          [
            106.68941498,
            10.86104012
          ],
          [
            106.68942261,
            10.86098194
          ],
          [
            106.68836212,
            10.86104774
          ],
          [
            106.68730164,
            10.86111355
          ],
          [
            106.68623352,
            10.86117935
          ],
          [
            106.68517303,
            10.86124516
          ],
          [
            106.68517303,
            10.86132431
          ],
          [
            106.68517303,
            10.86132431
          ],
          [
            106.68517303,
            10.86132431
          ],
          [
            106.68517303,
            10.86132431
          ],
          [
            106.68517303,
            10.86132431
          ],
          [
            106.68515015,
            10.86124039
          ],
          [
            106.68373108,
            10.86133003
          ],
          [
            106.68230438,
            10.86141872
          ],
          [
            106.68231964,
            10.86150265
          ],
          [
            106.68231964,
            10.86150265
          ],
          [
            106.68231964,
            10.86150265
          ],
          [
            106.68231964,
            10.86150265
          ],
          [
            106.68231964,
            10.86150265
          ],
          [
            106.68231201,
            10.86140347
          ],
          [
            106.6802063,
            10.86156654
          ],
          [
            106.67933655,
            10.8616457
          ],
          [
            106.67935181,
            10.86172485
          ],
          [
            106.67935181,
            10.86172485
          ],
          [
            106.67936707,
            10.86163998
          ],
          [
            106.67700195,
            10.8618145
          ],
          [
            106.67456055,
            10.86190891
          ],
          [
            106.67456055,
            10.86196709
          ],
          [
            106.67456055,
            10.86196709
          ],
          [
            106.67456055,
            10.86196709
          ],
          [
            106.67456055,
            10.86196709
          ],
          [
            106.67456055,
            10.86186695
          ],
          [
            106.67390442,
            10.86185837
          ],
          [
            106.67324829,
            10.86184883
          ],
          [
            106.67259216,
            10.86183929
          ],
          [
            106.67193604,
            10.86182976
          ],
          [
            106.67193604,
            10.86190414
          ],
          [
            106.67193604,
            10.86190414
          ],
          [
            106.67193604,
            10.86190414
          ],
          [
            106.67193604,
            10.86190414
          ],
          [
            106.67193604,
            10.86190414
          ],
          [
            106.67193604,
            10.86190414
          ],
          [
            106.67193604,
            10.86190414
          ],
          [
            106.67194366,
            10.86180878
          ],
          [
            106.66970062,
            10.86178017
          ],
          [
            106.66745758,
            10.8617506
          ],
          [
            106.66745758,
            10.86187744
          ],
          [
            106.66745758,
            10.86187744
          ],
          [
            106.66745758,
            10.86187744
          ],
          [
            106.66745758,
            10.86187744
          ],
          [
            106.66745758,
            10.86187744
          ],
          [
            106.66745758,
            10.86187744
          ],
          [
            106.66745758,
            10.86187744
          ],
          [
            106.66746521,
            10.86177731
          ],
          [
            106.66594696,
            10.86176395
          ],
          [
            106.66442871,
            10.8617506
          ],
          [
            106.66291046,
            10.86172199
          ],
          [
            106.66139221,
            10.86169338
          ],
          [
            106.66139221,
            10.86181927
          ],
          [
            106.66139221,
            10.86181927
          ],
          [
            106.66139221,
            10.86181927
          ],
          [
            106.66139221,
            10.86181927
          ],
          [
            106.66139221,
            10.86181927
          ],
          [
            106.66139221,
            10.86181927
          ],
          [
            106.66139221,
            10.86181927
          ],
          [
            106.66139221,
            10.86181927
          ],
          [
            106.66139221,
            10.86169338
          ],
          [
            106.66033936,
            10.86173534
          ],
          [
            106.65927887,
            10.86177731
          ],
          [
            106.65822601,
            10.86181927
          ],
          [
            106.65716553,
            10.86186123
          ],
          [
            106.65718079,
            10.86198807
          ],
          [
            106.65718079,
            10.86198807
          ],
          [
            106.65718079,
            10.86198807
          ],
          [
            106.65718079,
            10.86198807
          ],
          [
            106.65718079,
            10.86198807
          ],
          [
            106.65718079,
            10.86198807
          ],
          [
            106.65718079,
            10.86198807
          ],
          [
            106.65718842,
            10.86187744
          ],
          [
            106.65625,
            10.8619194
          ],
          [
            106.65530396,
            10.86196232
          ],
          [
            106.65436554,
            10.86200428
          ],
          [
            106.65341949,
            10.86204624
          ],
          [
            106.65342712,
            10.86211395
          ],
          [
            106.65342712,
            10.86211395
          ],
          [
            106.65342712,
            10.86211395
          ],
          [
            106.65342712,
            10.86211395
          ],
          [
            106.65342712,
            10.86211395
          ],
          [
            106.65342712,
            10.86204624
          ],
          [
            106.65267944,
            10.86205959
          ],
          [
            106.65244293,
            10.86209965
          ],
          [
            106.65189362,
            10.86211967
          ],
          [
            106.65074921,
            10.86218834
          ],
          [
            106.65075684,
            10.86227322
          ],
          [
            106.65075684,
            10.86227322
          ],
          [
            106.65075684,
            10.86227322
          ],
          [
            106.65075684,
            10.86227322
          ],
          [
            106.65075684,
            10.86217976
          ],
          [
            106.65035248,
            10.86217976
          ],
          [
            106.64987183,
            10.86213017
          ],
          [
            106.64955902,
            10.86207008
          ],
          [
            106.64903259,
            10.86190033
          ],
          [
            106.64859009,
            10.86170006
          ],
          [
            106.64853668,
            10.86176682
          ],
          [
            106.64853668,
            10.86176682
          ],
          [
            106.64853668,
            10.86176682
          ],
          [
            106.64853668,
            10.86176682
          ],
          [
            106.64859772,
            10.8616724
          ],
          [
            106.64789581,
            10.86130333
          ],
          [
            106.64719391,
            10.86093426
          ],
          [
            106.64648438,
            10.8605423
          ],
          [
            106.64576721,
            10.86014938
          ],
          [
            106.64568329,
            10.86030197
          ],
          [
            106.64568329,
            10.86030197
          ],
          [
            106.64568329,
            10.86030197
          ],
          [
            106.64568329,
            10.86030197
          ],
          [
            106.64568329,
            10.86030197
          ],
          [
            106.64568329,
            10.86030197
          ],
          [
            106.64576721,
            10.86015511
          ],
          [
            106.64382935,
            10.85907459
          ],
          [
            106.64100647,
            10.8575201
          ],
          [
            106.64091492,
            10.85766792
          ],
          [
            106.64091492,
            10.85766792
          ],
          [
            106.64091492,
            10.85766792
          ],
          [
            106.64091492,
            10.85766792
          ],
          [
            106.64091492,
            10.85766792
          ],
          [
            106.64091492,
            10.85766792
          ],
          [
            106.64091492,
            10.85766792
          ],
          [
            106.64099121,
            10.85755253
          ],
          [
            106.63964081,
            10.85681152
          ],
          [
            106.63829803,
            10.85607147
          ],
          [
            106.63816833,
            10.85625553
          ],
          [
            106.63816833,
            10.85625553
          ],
          [
            106.63816833,
            10.85625553
          ],
          [
            106.63816833,
            10.85625553
          ],
          [
            106.63816833,
            10.85625553
          ],
          [
            106.63831329,
            10.8560667
          ],
          [
            106.63687134,
            10.8552866
          ],
          [
            106.63542938,
            10.85450649
          ],
          [
            106.63398743,
            10.85371399
          ],
          [
            106.63254547,
            10.85292149
          ],
          [
            106.63246918,
            10.85304832
          ],
          [
            106.63246918,
            10.85304832
          ],
          [
            106.63246918,
            10.85304832
          ],
          [
            106.63246918,
            10.85304832
          ],
          [
            106.63253784,
            10.85294724
          ],
          [
            106.63098145,
            10.8521204
          ],
          [
            106.63093567,
            10.85224247
          ],
          [
            106.63093567,
            10.85224247
          ],
          [
            106.63093567,
            10.85224247
          ],
          [
            106.63093567,
            10.85224247
          ],
          [
            106.63101196,
            10.85211468
          ],
          [
            106.62950134,
            10.85138035
          ],
          [
            106.62734985,
            10.85037041
          ],
          [
            106.62438202,
            10.84899044
          ],
          [
            106.6243515,
            10.8490696
          ],
          [
            106.6243515,
            10.8490696
          ],
          [
            106.6243515,
            10.8490696
          ],
          [
            106.62437439,
            10.84899044
          ],
          [
            106.62271881,
            10.84822178
          ],
          [
            106.62108612,
            10.84745216
          ],
          [
            106.6210556,
            10.84749985
          ],
          [
            106.6210556,
            10.84749985
          ],
          [
            106.6210556,
            10.84749985
          ],
          [
            106.62107849,
            10.84745216
          ],
          [
            106.61991119,
            10.84677792
          ],
          [
            106.61933899,
            10.8463459
          ],
          [
            106.61880493,
            10.84588718
          ],
          [
            106.61875916,
            10.84593487
          ],
          [
            106.61875916,
            10.84593487
          ],
          [
            106.61875916,
            10.84593487
          ],
          [
            106.61875916,
            10.84593487
          ],
          [
            106.61880493,
            10.84589863
          ],
          [
            106.61756897,
            10.84479713
          ],
          [
            106.61722565,
            10.84459114
          ],
          [
            106.61611176,
            10.84359074
          ],
          [
            106.61608124,
            10.84362316
          ],
          [
            106.61608124,
            10.84362316
          ],
          [
            106.61608124,
            10.84362316
          ],
          [
            106.61608124,
            10.84362316
          ],
          [
            106.61608124,
            10.84362316
          ],
          [
            106.61612701,
            10.8435955
          ],
          [
            106.61579895,
            10.84337997
          ],
          [
            106.61538696,
            10.84325886
          ],
          [
            106.61505127,
            10.84341621
          ],
          [
            106.61415863,
            10.84463406
          ],
          [
            106.61347198,
            10.84577656
          ],
          [
            106.61351776,
            10.84580326
          ],
          [
            106.61351776,
            10.84580326
          ],
          [
            106.61351776,
            10.84580326
          ],
          [
            106.61351776,
            10.84580326
          ],
          [
            106.61343384,
            10.8457613
          ],
          [
            106.61292267,
            10.84655094
          ],
          [
            106.61248016,
            10.8472681
          ],
          [
            106.61235809,
            10.84719372
          ],
          [
            106.61273193,
            10.84657288
          ],
          [
            106.61313629,
            10.84595203
          ],
          [
            106.61356354,
            10.84520817
          ],
          [
            106.61352539,
            10.84518719
          ],
          [
            106.61352539,
            10.84518719
          ],
          [
            106.61352539,
            10.84518719
          ],
          [
            106.61352539,
            10.84518719
          ],
          [
            106.61352539,
            10.84518719
          ],
          [
            106.61352539,
            10.84518719
          ],
          [
            106.61358643,
            10.84522343
          ],
          [
            106.61406708,
            10.84443855
          ],
          [
            106.61330414,
            10.84384346
          ],
          [
            106.6133728,
            10.8437376
          ]
        ]
      },
      "properties": {
        "feature_type": "route_path",
        "stt": 7,
        "route_id": 54,
        "route_no": "33",
        "display_code": "B 33",
        "route_name": "Bến xe An Sương - Suối Tiên - Đại học Quốc gia",
        "direction": "Lượt về",
        "outbound": false,
        "start_point": "Bến xe An Sương",
        "end_point": "Đại học Quốc gia",
        "start_stop": "Bến xe buýt Khu A - Đại học Quốc gia TP.HCM",
        "end_stop": "Bến xe An Sương",
        "distance_km": 25.04,
        "listed_length_km": 25,
        "running_time_min": 60,
        "operating_hours": "4:30 - 22:00",
        "stroke": "#039BE5",
        "stroke_width": 4,
        "stroke_opacity": 0.85
      }
    },
    {
      "type": "Feature",
      "geometry": {
        "type": "Point",
        "coordinates": [
          106.61337280273438,
          10.843737602233887
        ]
      },
      "properties": {
        "feature_type": "bus_stop",
        "stop_id": 166,
        "stop_code": "BX41",
        "stop_name": "Bến xe An Sương",
        "stop_type": "Bến xe",
        "route_no": "33",
        "display_code": "B 33",
        "direction": "Lượt đi",
        "address": "Bến xe An Sương Quốc lộ 22",
        "street": "Quốc lộ 22",
        "zone": "Quận 12",
        "ward": null,
        "all_routes": "04, 104, 122, 151, 27, 33, 41, 61-3, 62-5, 65, 71, 74, 85",
        "marker_color": "#039BE5"
      }
    },
    {
      "type": "Feature",
      "geometry": {
        "type": "Point",
        "coordinates": [
          106.617803,
          10.844618
        ]
      },
      "properties": {
        "feature_type": "bus_stop",
        "stop_id": 2342,
        "stop_code": "Q12 095",
        "stop_name": "Cầu vượt An Sương",
        "stop_type": "Trụ dừng",
        "route_no": "33",
        "display_code": "B 33",
        "direction": "Lượt đi",
        "address": "2571-2575 (17A-4/8A) Quốc lộ 1A",
        "street": "Quốc lộ 1A",
        "zone": "Quận 12",
        "ward": null,
        "all_routes": "33, 60-1, 61-3",
        "marker_color": "#039BE5"
      }
    },
    {
      "type": "Feature",
      "geometry": {
        "type": "Point",
        "coordinates": [
          106.621506,
          10.847418
        ]
      },
      "properties": {
        "feature_type": "bus_stop",
        "stop_id": 2341,
        "stop_code": "Q12 097",
        "stop_name": "Trạm đăng kiểm",
        "stop_type": "Trụ dừng",
        "route_no": "33",
        "display_code": "B 33",
        "direction": "Lượt đi",
        "address": "Đối diện trạm đăng kiểm Quốc lộ 1A",
        "street": "Quốc lộ 1A",
        "zone": "Quận 12",
        "ward": null,
        "all_routes": "33, 60-1, 61-3",
        "marker_color": "#039BE5"
      }
    },
    {
      "type": "Feature",
      "geometry": {
        "type": "Point",
        "coordinates": [
          106.6249,
          10.848901
        ]
      },
      "properties": {
        "feature_type": "bus_stop",
        "stop_id": 2346,
        "stop_code": "Q12 098",
        "stop_name": "Chung cư Thái An",
        "stop_type": "Trụ dừng",
        "route_no": "33",
        "display_code": "B 33",
        "direction": "Lượt đi",
        "address": "B336 Quốc lộ 1A",
        "street": "Quốc lộ 1A",
        "zone": "Quận 12",
        "ward": null,
        "all_routes": "33, 61-3",
        "marker_color": "#039BE5"
      }
    },
    {
      "type": "Feature",
      "geometry": {
        "type": "Point",
        "coordinates": [
          106.627572,
          10.850071
        ]
      },
      "properties": {
        "feature_type": "bus_stop",
        "stop_id": 2344,
        "stop_code": "Q12 099",
        "stop_name": "Đài phát thanh Quán Tre",
        "stop_type": "Nhà chờ",
        "route_no": "33",
        "display_code": "B 33",
        "direction": "Lượt đi",
        "address": "Đài phát thanh quán tre Quốc lộ 1A",
        "street": "Quốc lộ 1A",
        "zone": "Quận 12",
        "ward": null,
        "all_routes": "33, 60-1, 61-3",
        "marker_color": "#039BE5"
      }
    },
    {
      "type": "Feature",
      "geometry": {
        "type": "Point",
        "coordinates": [
          106.632347,
          10.852583
        ]
      },
      "properties": {
        "feature_type": "bus_stop",
        "stop_id": 2677,
        "stop_code": "Q12 100",
        "stop_name": "Trường Nguyễn Du",
        "stop_type": "Nhà chờ",
        "route_no": "33",
        "display_code": "B 33",
        "direction": "Lượt đi",
        "address": "Trường Nguyễn Du Quốc lộ 1A",
        "street": "Quốc lộ 1A",
        "zone": "Quận 12",
        "ward": null,
        "all_routes": "33, 60-1, 61-3, 62",
        "marker_color": "#039BE5"
      }
    },
    {
      "type": "Feature",
      "geometry": {
        "type": "Point",
        "coordinates": [
          106.634679,
          10.853806
        ]
      },
      "properties": {
        "feature_type": "bus_stop",
        "stop_id": 2675,
        "stop_code": "Q12 101",
        "stop_name": "Bảo vệ Nam Long Hải",
        "stop_type": "Trụ dừng",
        "route_no": "33",
        "display_code": "B 33",
        "direction": "Lượt đi",
        "address": "103/4B Quốc lộ 1A",
        "street": "Quốc lộ 1A",
        "zone": "Quận 12",
        "ward": null,
        "all_routes": "33, 61-3, 62",
        "marker_color": "#039BE5"
      }
    },
    {
      "type": "Feature",
      "geometry": {
        "type": "Point",
        "coordinates": [
          106.639832,
          10.856667
        ]
      },
      "properties": {
        "feature_type": "bus_stop",
        "stop_id": 2676,
        "stop_code": "Q12 102",
        "stop_name": "Ngã tư Đình",
        "stop_type": "Ô sơn",
        "route_no": "33",
        "display_code": "B 33",
        "direction": "Lượt đi",
        "address": "1781 Quốc lộ 1A",
        "street": "Quốc lộ 1A",
        "zone": "Quận 12",
        "ward": null,
        "all_routes": "33, 60-1, 61-3, 62",
        "marker_color": "#039BE5"
      }
    },
    {
      "type": "Feature",
      "geometry": {
        "type": "Point",
        "coordinates": [
          106.644233,
          10.858953
        ]
      },
      "properties": {
        "feature_type": "bus_stop",
        "stop_id": 2678,
        "stop_code": "Q12 103",
        "stop_name": "Cây xăng Năng lượng",
        "stop_type": "Trụ dừng",
        "route_no": "33",
        "display_code": "B 33",
        "direction": "Lượt đi",
        "address": "Kế cây xăng Năng lượng Quốc lộ 1A",
        "street": "Quốc lộ 1A",
        "zone": "Quận 12",
        "ward": null,
        "all_routes": "33, 60-1, 61-3, 62",
        "marker_color": "#039BE5"
      }
    },
    {
      "type": "Feature",
      "geometry": {
        "type": "Point",
        "coordinates": [
          106.647781,
          10.86097
        ]
      },
      "properties": {
        "feature_type": "bus_stop",
        "stop_id": 2680,
        "stop_code": "Q12 104",
        "stop_name": "Cao su Vina",
        "stop_type": "Trụ dừng",
        "route_no": "33",
        "display_code": "B 33",
        "direction": "Lượt đi",
        "address": "1721 Quốc lộ 1A",
        "street": "Quốc lộ 1A",
        "zone": "Quận 12",
        "ward": null,
        "all_routes": "33, 60-1, 61-3, 62",
        "marker_color": "#039BE5"
      }
    },
    {
      "type": "Feature",
      "geometry": {
        "type": "Point",
        "coordinates": [
          106.651199,
          10.861881
        ]
      },
      "properties": {
        "feature_type": "bus_stop",
        "stop_id": 932,
        "stop_code": "Q12 105",
        "stop_name": "Ngã tư Tân Thới Hiệp",
        "stop_type": "Trụ dừng",
        "route_no": "33",
        "display_code": "B 33",
        "direction": "Lượt đi",
        "address": "79/1 Quốc lộ 1A",
        "street": "Quốc lộ 1A",
        "zone": "Quận 12",
        "ward": null,
        "all_routes": "103, 33, 60-1, 61-3",
        "marker_color": "#039BE5"
      }
    },
    {
      "type": "Feature",
      "geometry": {
        "type": "Point",
        "coordinates": [
          106.654053,
          10.861808
        ]
      },
      "properties": {
        "feature_type": "bus_stop",
        "stop_id": 935,
        "stop_code": "Q12 106",
        "stop_name": "UBND Quận 12",
        "stop_type": "Trụ dừng",
        "route_no": "33",
        "display_code": "B 33",
        "direction": "Lượt đi",
        "address": "1251 Quốc lộ 1A",
        "street": "Quốc lộ 1A",
        "zone": "Quận 12",
        "ward": null,
        "all_routes": "103, 33, 60-1, 61-3",
        "marker_color": "#039BE5"
      }
    },
    {
      "type": "Feature",
      "geometry": {
        "type": "Point",
        "coordinates": [
          106.657127,
          10.861651
        ]
      },
      "properties": {
        "feature_type": "bus_stop",
        "stop_id": 933,
        "stop_code": "Q12 107",
        "stop_name": "Bãi xe Tri Ân",
        "stop_type": "Trụ dừng",
        "route_no": "33",
        "display_code": "B 33",
        "direction": "Lượt đi",
        "address": "1797 Quốc lộ 1A",
        "street": "Quốc lộ 1A",
        "zone": "Quận 12",
        "ward": null,
        "all_routes": "103, 146, 33, 60-1, 61-3",
        "marker_color": "#039BE5"
      }
    },
    {
      "type": "Feature",
      "geometry": {
        "type": "Point",
        "coordinates": [
          106.662247,
          10.861335
        ]
      },
      "properties": {
        "feature_type": "bus_stop",
        "stop_id": 936,
        "stop_code": "Q12 108",
        "stop_name": "Cầu Bến Cát",
        "stop_type": "Trụ dừng",
        "route_no": "33",
        "display_code": "B 33",
        "direction": "Lượt đi",
        "address": "973 Quốc lộ 1A",
        "street": "Quốc lộ 1A",
        "zone": "Quận 12",
        "ward": null,
        "all_routes": "103, 146, 33, 60-1, 61-3",
        "marker_color": "#039BE5"
      }
    },
    {
      "type": "Feature",
      "geometry": {
        "type": "Point",
        "coordinates": [
          106.666458,
          10.861503
        ]
      },
      "properties": {
        "feature_type": "bus_stop",
        "stop_id": 942,
        "stop_code": "Q12 109",
        "stop_name": "Gò Sao",
        "stop_type": "Trụ dừng",
        "route_no": "33",
        "display_code": "B 33",
        "direction": "Lượt đi",
        "address": "109 Quốc lộ 1A",
        "street": "Quốc lộ 1A",
        "zone": "Quận 12",
        "ward": null,
        "all_routes": "103, 146, 33, 60-1, 61-3",
        "marker_color": "#039BE5"
      }
    },
    {
      "type": "Feature",
      "geometry": {
        "type": "Point",
        "coordinates": [
          106.671882,
          10.861577
        ]
      },
      "properties": {
        "feature_type": "bus_stop",
        "stop_id": 937,
        "stop_code": "Q12 110",
        "stop_name": "Cây xăng Thạnh Xuân",
        "stop_type": "Trụ dừng",
        "route_no": "33",
        "display_code": "B 33",
        "direction": "Lượt đi",
        "address": "Cây xăng Thạnh Xuân Quốc lộ 1A",
        "street": "Quốc lộ 1A",
        "zone": "Quận 12",
        "ward": null,
        "all_routes": "103, 161, 32, 33, 59, 60-1, 61-3",
        "marker_color": "#039BE5"
      }
    },
    {
      "type": "Feature",
      "geometry": {
        "type": "Point",
        "coordinates": [
          106.674446,
          10.861619
        ]
      },
      "properties": {
        "feature_type": "bus_stop",
        "stop_id": 938,
        "stop_code": "Q12 111",
        "stop_name": "Cầu Cả Bốn",
        "stop_type": "Trụ dừng",
        "route_no": "33",
        "display_code": "B 33",
        "direction": "Lượt đi",
        "address": "109 Quốc lộ 1A",
        "street": "Quốc lộ 1A",
        "zone": "Quận 12",
        "ward": null,
        "all_routes": "103, 161, 32, 33, 59, 61-3",
        "marker_color": "#039BE5"
      }
    },
    {
      "type": "Feature",
      "geometry": {
        "type": "Point",
        "coordinates": [
          106.678078,
          10.861472
        ]
      },
      "properties": {
        "feature_type": "bus_stop",
        "stop_id": 944,
        "stop_code": "Q12 112",
        "stop_name": "Bến xe Ngã tư Ga",
        "stop_type": "Nhà chờ",
        "route_no": "33",
        "display_code": "B 33",
        "direction": "Lượt đi",
        "address": "Đối diện Bx Ngã tư Ga Quốc lộ 1A",
        "street": "Quốc lộ 1A",
        "zone": "Quận 12",
        "ward": null,
        "all_routes": "103, 161, 32, 33, 59, 60-1, 61-3",
        "marker_color": "#039BE5"
      }
    },
    {
      "type": "Feature",
      "geometry": {
        "type": "Point",
        "coordinates": [
          106.68201,
          10.861171
        ]
      },
      "properties": {
        "feature_type": "bus_stop",
        "stop_id": 2356,
        "stop_code": "Q12 113",
        "stop_name": "Cầu Ga nhỏ",
        "stop_type": "Ô sơn",
        "route_no": "33",
        "display_code": "B 33",
        "direction": "Lượt đi",
        "address": "30 Quốc lộ 1A",
        "street": "Quốc lộ 1A",
        "zone": "Quận 12",
        "ward": null,
        "all_routes": "33, 60-1, 61-3",
        "marker_color": "#039BE5"
      }
    },
    {
      "type": "Feature",
      "geometry": {
        "type": "Point",
        "coordinates": [
          106.686655,
          10.860897
        ]
      },
      "properties": {
        "feature_type": "bus_stop",
        "stop_id": 2359,
        "stop_code": "Q12 114",
        "stop_name": "An Phú Đông",
        "stop_type": "Nhà chờ",
        "route_no": "33",
        "display_code": "B 33",
        "direction": "Lượt đi",
        "address": "365 - 501 Quốc lộ 1A",
        "street": "Quốc lộ 1A",
        "zone": "Quận 12",
        "ward": null,
        "all_routes": "33, 60-1, 61-3",
        "marker_color": "#039BE5"
      }
    },
    {
      "type": "Feature",
      "geometry": {
        "type": "Point",
        "coordinates": [
          106.689178,
          10.86075
        ]
      },
      "properties": {
        "feature_type": "bus_stop",
        "stop_id": 2358,
        "stop_code": "Q12 115",
        "stop_name": "Công ty Vĩnh Hưng",
        "stop_type": "Trụ dừng",
        "route_no": "33",
        "display_code": "B 33",
        "direction": "Lượt đi",
        "address": "273/1B Quốc lộ 1A",
        "street": "Quốc lộ 1A",
        "zone": "Quận 12",
        "ward": null,
        "all_routes": "33, 61-3",
        "marker_color": "#039BE5"
      }
    },
    {
      "type": "Feature",
      "geometry": {
        "type": "Point",
        "coordinates": [
          106.692331,
          10.860386
        ]
      },
      "properties": {
        "feature_type": "bus_stop",
        "stop_id": 2360,
        "stop_code": "Q12 116",
        "stop_name": "Đài liệt sĩ An Phú Đông",
        "stop_type": "Ô sơn",
        "route_no": "33",
        "display_code": "B 33",
        "direction": "Lượt đi",
        "address": "C32/16 Quốc lộ 1A",
        "street": "Quốc lộ 1A",
        "zone": "Quận 12",
        "ward": null,
        "all_routes": "33, 60-1, 61-3",
        "marker_color": "#039BE5"
      }
    },
    {
      "type": "Feature",
      "geometry": {
        "type": "Point",
        "coordinates": [
          106.694514,
          10.860365
        ]
      },
      "properties": {
        "feature_type": "bus_stop",
        "stop_id": 2361,
        "stop_code": "Q12 117",
        "stop_name": "ĐH Nguyễn Tất Thành",
        "stop_type": "Nhà chờ",
        "route_no": "33",
        "display_code": "B 33",
        "direction": "Lượt đi",
        "address": "331 Quốc lộ 1A",
        "street": "Quốc lộ 1A",
        "zone": "Quận 12",
        "ward": null,
        "all_routes": "33, 61-3",
        "marker_color": "#039BE5"
      }
    },
    {
      "type": "Feature",
      "geometry": {
        "type": "Point",
        "coordinates": [
          106.700699,
          10.859675
        ]
      },
      "properties": {
        "feature_type": "bus_stop",
        "stop_id": 2364,
        "stop_code": "Q12 118",
        "stop_name": "Công ty đá Ngọc Ngân",
        "stop_type": "Trụ dừng",
        "route_no": "33",
        "display_code": "B 33",
        "direction": "Lượt đi",
        "address": "1126/3A  Quốc lộ 1A",
        "street": "Quốc lộ 1A",
        "zone": "Quận 12",
        "ward": null,
        "all_routes": "33, 60-1, 61-3",
        "marker_color": "#039BE5"
      }
    },
    {
      "type": "Feature",
      "geometry": {
        "type": "Point",
        "coordinates": [
          106.706048,
          10.859017
        ]
      },
      "properties": {
        "feature_type": "bus_stop",
        "stop_id": 2362,
        "stop_code": "Q12 119",
        "stop_name": "Tu viện Khánh An",
        "stop_type": "Trụ dừng",
        "route_no": "33",
        "display_code": "B 33",
        "direction": "Lượt đi",
        "address": "107 Quốc lộ 1A",
        "street": "Quốc lộ 1A",
        "zone": "Quận 12",
        "ward": null,
        "all_routes": "33, 60-1, 61-3",
        "marker_color": "#039BE5"
      }
    },
    {
      "type": "Feature",
      "geometry": {
        "type": "Point",
        "coordinates": [
          106.708912,
          10.858616
        ]
      },
      "properties": {
        "feature_type": "bus_stop",
        "stop_id": 2363,
        "stop_code": "Q12 120",
        "stop_name": "Bãi đậu xe kho hàng",
        "stop_type": "Nhà chờ",
        "route_no": "33",
        "display_code": "B 33",
        "direction": "Lượt đi",
        "address": "1500/3C Quốc lộ 1A",
        "street": "Quốc lộ 1A",
        "zone": "Quận 12",
        "ward": null,
        "all_routes": "33, 61-3",
        "marker_color": "#039BE5"
      }
    },
    {
      "type": "Feature",
      "geometry": {
        "type": "Point",
        "coordinates": [
          106.713504,
          10.859659
        ]
      },
      "properties": {
        "feature_type": "bus_stop",
        "stop_id": 2368,
        "stop_code": "Q12 121",
        "stop_name": "Aone",
        "stop_type": "Trụ dừng",
        "route_no": "33",
        "display_code": "B 33",
        "direction": "Lượt đi",
        "address": "Aone Quốc lộ 1A",
        "street": "Quốc lộ 1A",
        "zone": "Quận 12",
        "ward": null,
        "all_routes": "33, 60-1, 61-3",
        "marker_color": "#039BE5"
      }
    },
    {
      "type": "Feature",
      "geometry": {
        "type": "Point",
        "coordinates": [
          106.720456,
          10.863258
        ]
      },
      "properties": {
        "feature_type": "bus_stop",
        "stop_id": 2365,
        "stop_code": "QTD 158",
        "stop_name": "Ngã 4 Bình Phước",
        "stop_type": "Trụ dừng",
        "route_no": "33",
        "display_code": "B 33",
        "direction": "Lượt đi",
        "address": "30 (33/8) Quốc lộ 1",
        "street": "Quốc lộ 1",
        "zone": "TP. Thủ Đức - KV3",
        "ward": "Phường Hiệp Bình Phước",
        "all_routes": "33, 60-1, 61-3",
        "marker_color": "#039BE5"
      }
    },
    {
      "type": "Feature",
      "geometry": {
        "type": "Point",
        "coordinates": [
          106.727425,
          10.86689
        ]
      },
      "properties": {
        "feature_type": "bus_stop",
        "stop_id": 315,
        "stop_code": "QTD 159",
        "stop_name": "Ngã ba mũi tàu đường Gò Dưa ",
        "stop_type": "Trụ dừng",
        "route_no": "33",
        "display_code": "B 33",
        "direction": "Lượt đi",
        "address": "120 Quốc lộ 1",
        "street": "Quốc lộ 1",
        "zone": "TP. Thủ Đức - KV3",
        "ward": "Phường Tam Bình",
        "all_routes": "05, 19, 29, 33, 60-1, 91",
        "marker_color": "#039BE5"
      }
    },
    {
      "type": "Feature",
      "geometry": {
        "type": "Point",
        "coordinates": [
          106.730198,
          10.86831
        ]
      },
      "properties": {
        "feature_type": "bus_stop",
        "stop_id": 320,
        "stop_code": "QTD 160",
        "stop_name": "Chợ Đầu Mối",
        "stop_type": "Trụ dừng",
        "route_no": "33",
        "display_code": "B 33",
        "direction": "Lượt đi",
        "address": "160 Quốc lộ 1",
        "street": "Quốc lộ 1",
        "zone": "TP. Thủ Đức - KV3",
        "ward": "Phường Tam Bình",
        "all_routes": "05, 19, 29, 33, 60-1, 91",
        "marker_color": "#039BE5"
      }
    },
    {
      "type": "Feature",
      "geometry": {
        "type": "Point",
        "coordinates": [
          106.73538,
          10.87086
        ]
      },
      "properties": {
        "feature_type": "bus_stop",
        "stop_id": 317,
        "stop_code": "QTD 161",
        "stop_name": "Chợ Tam Bình",
        "stop_type": "Trụ dừng",
        "route_no": "33",
        "display_code": "B 33",
        "direction": "Lượt đi",
        "address": "Chợ Tam Bình Quốc lộ 1",
        "street": "Quốc lộ 1",
        "zone": "TP. Thủ Đức - KV3",
        "ward": null,
        "all_routes": "05, 19, 33, 60-1",
        "marker_color": "#039BE5"
      }
    },
    {
      "type": "Feature",
      "geometry": {
        "type": "Point",
        "coordinates": [
          106.739666,
          10.871766
        ]
      },
      "properties": {
        "feature_type": "bus_stop",
        "stop_id": 322,
        "stop_code": "QTD 162",
        "stop_name": "Hồ Bơi",
        "stop_type": "Trụ dừng",
        "route_no": "33",
        "display_code": "B 33",
        "direction": "Lượt đi",
        "address": "376 Quốc lộ 1",
        "street": "Quốc lộ 1",
        "zone": "TP. Thủ Đức - KV3",
        "ward": "Phường Tam Bình",
        "all_routes": "05, 19, 33, 60-1",
        "marker_color": "#039BE5"
      }
    },
    {
      "type": "Feature",
      "geometry": {
        "type": "Point",
        "coordinates": [
          106.744081,
          10.872935
        ]
      },
      "properties": {
        "feature_type": "bus_stop",
        "stop_id": 319,
        "stop_code": "QTD 163",
        "stop_name": "Chợ Tam Hải",
        "stop_type": "Trụ dừng",
        "route_no": "33",
        "display_code": "B 33",
        "direction": "Lượt đi",
        "address": "450 Quốc lộ 1",
        "street": "Quốc lộ 1",
        "zone": "TP. Thủ Đức - KV3",
        "ward": "Phường Tam Bình",
        "all_routes": "05, 19, 33, 60-1",
        "marker_color": "#039BE5"
      }
    },
    {
      "type": "Feature",
      "geometry": {
        "type": "Point",
        "coordinates": [
          106.747128,
          10.873905
        ]
      },
      "properties": {
        "feature_type": "bus_stop",
        "stop_id": 321,
        "stop_code": "QTD 164",
        "stop_name": "Cầu vượt Sóng Thần",
        "stop_type": "Nhà chờ",
        "route_no": "33",
        "display_code": "B 33",
        "direction": "Lượt đi",
        "address": "Đối diện 275-Mitsubishi  Quốc lộ 1",
        "street": "Quốc lộ 1",
        "zone": "TP. Thủ Đức - KV3",
        "ward": null,
        "all_routes": "05, 19, 33, 60-1",
        "marker_color": "#039BE5"
      }
    },
    {
      "type": "Feature",
      "geometry": {
        "type": "Point",
        "coordinates": [
          106.75562,
          10.875706
        ]
      },
      "properties": {
        "feature_type": "bus_stop",
        "stop_id": 323,
        "stop_code": "QTD 165",
        "stop_name": "Bến xe Lam Hồng",
        "stop_type": "Trụ dừng",
        "route_no": "33",
        "display_code": "B 33",
        "direction": "Lượt đi",
        "address": "6/8 Quốc lộ 1",
        "street": "Quốc lộ 1",
        "zone": "TP. Thủ Đức - KV3",
        "ward": null,
        "all_routes": "05, 19, 33, 60-1, 61-9",
        "marker_color": "#039BE5"
      }
    },
    {
      "type": "Feature",
      "geometry": {
        "type": "Point",
        "coordinates": [
          106.757466,
          10.875353
        ]
      },
      "properties": {
        "feature_type": "bus_stop",
        "stop_id": 325,
        "stop_code": "QTD 166",
        "stop_name": "Giày da Thái Bình",
        "stop_type": "Trụ dừng",
        "route_no": "33",
        "display_code": "B 33",
        "direction": "Lượt đi",
        "address": "Đối diện 10/19 (20/8) Quốc lộ 1",
        "street": "Quốc lộ 1",
        "zone": "TP. Thủ Đức - KV3",
        "ward": null,
        "all_routes": "05, 19, 33, 60-1, 61-9",
        "marker_color": "#039BE5"
      }
    },
    {
      "type": "Feature",
      "geometry": {
        "type": "Point",
        "coordinates": [
          106.76091,
          10.874474
        ]
      },
      "properties": {
        "feature_type": "bus_stop",
        "stop_id": 328,
        "stop_code": "QTD 167",
        "stop_name": "Linh Xuân",
        "stop_type": "Trụ dừng",
        "route_no": "33",
        "display_code": "B 33",
        "direction": "Lượt đi",
        "address": "54/8 Quốc lộ 1",
        "street": "Quốc lộ 1",
        "zone": "TP. Thủ Đức - KV3",
        "ward": null,
        "all_routes": "05, 19, 33, 60-1, 61-9",
        "marker_color": "#039BE5"
      }
    },
    {
      "type": "Feature",
      "geometry": {
        "type": "Point",
        "coordinates": [
          106.762476,
          10.873973
        ]
      },
      "properties": {
        "feature_type": "bus_stop",
        "stop_id": 324,
        "stop_code": "QTD 168",
        "stop_name": "Cầu vượt Linh Xuân",
        "stop_type": "Trụ dừng",
        "route_no": "33",
        "display_code": "B 33",
        "direction": "Lượt đi",
        "address": "Kho 856 Quốc lộ 1",
        "street": "Quốc lộ 1",
        "zone": "TP. Thủ Đức - KV3",
        "ward": "Phường Linh Trung",
        "all_routes": "05, 19, 33, 60-1, 61-9",
        "marker_color": "#039BE5"
      }
    },
    {
      "type": "Feature",
      "geometry": {
        "type": "Point",
        "coordinates": [
          106.769643,
          10.871597
        ]
      },
      "properties": {
        "feature_type": "bus_stop",
        "stop_id": 2083,
        "stop_code": "QTD 169",
        "stop_name": "KCX Linh Trung 1",
        "stop_type": "Trụ dừng",
        "route_no": "33",
        "display_code": "B 33",
        "direction": "Lượt đi",
        "address": "Ngân hàng Vietcombank Quốc lộ 1",
        "street": "Quốc lộ 1",
        "zone": "TP. Thủ Đức - KV3",
        "ward": "Phường Linh Trung",
        "all_routes": "167D, 167V, 19, 33, 50, 53, 60-1, 61-9, 93",
        "marker_color": "#039BE5"
      }
    },
    {
      "type": "Feature",
      "geometry": {
        "type": "Point",
        "coordinates": [
          106.773039,
          10.870507
        ]
      },
      "properties": {
        "feature_type": "bus_stop",
        "stop_id": 2084,
        "stop_code": "QTD 170",
        "stop_name": "Nghĩa trang TP",
        "stop_type": "Nhà chờ",
        "route_no": "33",
        "display_code": "B 33",
        "direction": "Lượt đi",
        "address": "Cổng nghĩa trang thành phố Quốc lộ 1",
        "street": "Quốc lộ 1",
        "zone": "TP. Thủ Đức - KV3",
        "ward": "Phường Linh Trung",
        "all_routes": "167V, 19, 33, 50, 53, 60-1, 61-9, 93",
        "marker_color": "#039BE5"
      }
    },
    {
      "type": "Feature",
      "geometry": {
        "type": "Point",
        "coordinates": [
          106.776724,
          10.869306
        ]
      },
      "properties": {
        "feature_type": "bus_stop",
        "stop_id": 1040,
        "stop_code": "QTD 171",
        "stop_name": "ĐH Kinh tế Luật",
        "stop_type": "Nhà chờ",
        "route_no": "33",
        "display_code": "B 33",
        "direction": "Lượt đi",
        "address": "Đối diện 665-CoopXtra Quốc lộ 1",
        "street": "Quốc lộ 1",
        "zone": "TP. Thủ Đức - KV3",
        "ward": "Phường Linh Trung",
        "all_routes": "167V, 19, 33, 50, 53, 60-1, 61-9, 93",
        "marker_color": "#039BE5"
      }
    },
    {
      "type": "Feature",
      "geometry": {
        "type": "Point",
        "coordinates": [
          106.778656,
          10.868691
        ]
      },
      "properties": {
        "feature_type": "bus_stop",
        "stop_id": 1041,
        "stop_code": "QTD 172",
        "stop_name": "Công ty điện tử Samsung",
        "stop_type": "Nhà chờ",
        "route_no": "33",
        "display_code": "B 33",
        "direction": "Lượt đi",
        "address": "Công ty điện tử Samsung Quốc lộ 1",
        "street": "Quốc lộ 1",
        "zone": "TP. Thủ Đức - KV3",
        "ward": "Phường Linh Trung",
        "all_routes": "167V, 19, 33, 50, 53, 60-1, 61-9, 93",
        "marker_color": "#039BE5"
      }
    },
    {
      "type": "Feature",
      "geometry": {
        "type": "Point",
        "coordinates": [
          106.787277,
          10.867122
        ]
      },
      "properties": {
        "feature_type": "bus_stop",
        "stop_id": 1042,
        "stop_code": "QTD 173",
        "stop_name": "ĐH Nông Lâm",
        "stop_type": "Nhà chờ",
        "route_no": "33",
        "display_code": "B 33",
        "direction": "Lượt đi",
        "address": "Cột điện SI 2 Quốc lộ 1",
        "street": "Quốc lộ 1",
        "zone": "TP. Thủ Đức - KV3",
        "ward": "Phường Linh Trung",
        "all_routes": "167V, 19, 33, 50, 53, 60-1, 60-2, 61-9, 93",
        "marker_color": "#039BE5"
      }
    },
    {
      "type": "Feature",
      "geometry": {
        "type": "Point",
        "coordinates": [
          106.790283,
          10.866912
        ]
      },
      "properties": {
        "feature_type": "bus_stop",
        "stop_id": 396,
        "stop_code": "QTD 174",
        "stop_name": "ĐH Nông Lâm",
        "stop_type": "Trụ dừng",
        "route_no": "33",
        "display_code": "B 33",
        "direction": "Lượt đi",
        "address": "1026/2 (1030) Quốc lộ 1",
        "street": "Quốc lộ 1",
        "zone": "TP. Thủ Đức - KV3",
        "ward": "Phường Linh Trung",
        "all_routes": "06, 164D, 164V, 165, 170, 19, 33, 50, 52, 53, 60-1, 60-2, 61-9, 93",
        "marker_color": "#039BE5"
      }
    },
    {
      "type": "Feature",
      "geometry": {
        "type": "Point",
        "coordinates": [
          106.797538,
          10.863595
        ]
      },
      "properties": {
        "feature_type": "bus_stop",
        "stop_id": 536,
        "stop_code": "Q9 221",
        "stop_name": "Cầu Vượt Trạm 2",
        "stop_type": "Nhà chờ",
        "route_no": "33",
        "display_code": "B 33",
        "direction": "Lượt đi",
        "address": "Tiệm vàng Kim Lợi Quốc lộ 1",
        "street": "Quốc lộ 1",
        "zone": "TP. Thủ Đức - KV2",
        "ward": null,
        "all_routes": "08, 10, 150, 164D, 170, 19, 33, 53, 60-1, 60-2, 60-3, 61-9, 67, 76, 93",
        "marker_color": "#039BE5"
      }
    },
    {
      "type": "Feature",
      "geometry": {
        "type": "Point",
        "coordinates": [
          106.802081,
          10.866113
        ]
      },
      "properties": {
        "feature_type": "bus_stop",
        "stop_id": 537,
        "stop_code": "Q9 223",
        "stop_name": "Suối Tiên",
        "stop_type": "Trụ dừng",
        "route_no": "33",
        "display_code": "B 33",
        "direction": "Lượt đi",
        "address": "Suối Tiên Quốc lộ 1",
        "street": "Quốc lộ 1",
        "zone": "TP. Thủ Đức - KV2",
        "ward": "Phường Tân Phú",
        "all_routes": "08, 10, 150, 19, 33, 53, 60-1, 60-2, 60-3, 60-7, 61-9, 67, 76, 93, 99",
        "marker_color": "#039BE5"
      }
    },
    {
      "type": "Feature",
      "geometry": {
        "type": "Point",
        "coordinates": [
          106.809458,
          10.873515
        ]
      },
      "properties": {
        "feature_type": "bus_stop",
        "stop_id": 1919,
        "stop_code": "Q9 225",
        "stop_name": "Nghĩa trang liệt sĩ TP.HCM",
        "stop_type": "Trụ dừng",
        "route_no": "33",
        "display_code": "B 33",
        "direction": "Lượt đi",
        "address": "Nghĩa trang liệt sĩ Thành phố HCM Quốc lộ 1",
        "street": "Quốc lộ 1",
        "zone": "TP. Thủ Đức - KV2",
        "ward": "Phường Tân Phú",
        "all_routes": "08, 10, 150, 164V, 170, 19, 33, 53, 56, 60-1, 60-2, 60-3, 60-7, 61-77, 61-9, 67, 93, 99",
        "marker_color": "#039BE5"
      }
    },
    {
      "type": "Feature",
      "geometry": {
        "type": "Point",
        "coordinates": [
          106.807659,
          10.874479
        ]
      },
      "properties": {
        "feature_type": "bus_stop",
        "stop_id": 7829,
        "stop_code": "BX92",
        "stop_name": "Bến xe buýt Khu A - Đại học Quốc gia TP.HCM",
        "stop_type": "Bến xe",
        "route_no": "33",
        "display_code": "B 33",
        "direction": "Lượt đi",
        "address": "Trạm nạp CNG ĐH Quốc gia Nguyễn Hiền",
        "street": "Nguyễn Hiền",
        "zone": "TP. Thủ Đức - KV3",
        "ward": null,
        "all_routes": "08, 10, 170, 19, 33, 50, 52",
        "marker_color": "#039BE5"
      }
    },
    {
      "type": "Feature",
      "geometry": {
        "type": "Point",
        "coordinates": [
          106.806657,
          10.871402
        ]
      },
      "properties": {
        "feature_type": "bus_stop",
        "stop_id": 572,
        "stop_code": "QTD 175",
        "stop_name": "Đại học An Ninh Nhân Dân",
        "stop_type": "Ô sơn",
        "route_no": "33",
        "display_code": "B 33",
        "direction": "Lượt về",
        "address": "Nhà máy Tiến Thành Quốc lộ 1",
        "street": "Quốc lộ 1",
        "zone": "TP. Thủ Đức - KV3",
        "ward": null,
        "all_routes": "08, 10, 150, 164V, 166, 170, 19, 33, 53, 60-1, 60-2, 60-3, 60-7, 61-9, 67, 76, 93, 99",
        "marker_color": "#039BE5"
      }
    },
    {
      "type": "Feature",
      "geometry": {
        "type": "Point",
        "coordinates": [
          106.804727,
          10.869172
        ]
      },
      "properties": {
        "feature_type": "bus_stop",
        "stop_id": 576,
        "stop_code": "QTD 176",
        "stop_name": "Trường ĐH công nghệ thông tin",
        "stop_type": "Trụ dừng",
        "route_no": "33",
        "display_code": "B 33",
        "direction": "Lượt về",
        "address": "Trường ĐH Công Nghệ thông tin Quốc lộ 1",
        "street": "Quốc lộ 1",
        "zone": "TP. Thủ Đức - KV3",
        "ward": null,
        "all_routes": "08, 10, 150, 164V, 166, 170, 19, 33, 53, 60-2, 60-3, 60-7, 61-9, 67, 76, 93, 99",
        "marker_color": "#039BE5"
      }
    },
    {
      "type": "Feature",
      "geometry": {
        "type": "Point",
        "coordinates": [
          106.801116,
          10.86605
        ]
      },
      "properties": {
        "feature_type": "bus_stop",
        "stop_id": 574,
        "stop_code": "QTD 177",
        "stop_name": "Khu DL Suối Tiên",
        "stop_type": "Nhà chờ",
        "route_no": "33",
        "display_code": "B 33",
        "direction": "Lượt về",
        "address": "9/29 Quốc lộ 1",
        "street": "Quốc lộ 1",
        "zone": "TP. Thủ Đức - KV3",
        "ward": "Phường Linh Trung",
        "all_routes": "08, 10, 150, 19, 33, 53, 60-1, 60-2, 60-3, 60-7, 61-9, 67, 76, 93, 99",
        "marker_color": "#039BE5"
      }
    },
    {
      "type": "Feature",
      "geometry": {
        "type": "Point",
        "coordinates": [
          106.793938,
          10.865335
        ]
      },
      "properties": {
        "feature_type": "bus_stop",
        "stop_id": 2145,
        "stop_code": "QTD 179",
        "stop_name": "Thảo Nguyên",
        "stop_type": "Trụ dừng",
        "route_no": "33",
        "display_code": "B 33",
        "direction": "Lượt về",
        "address": "35B Quốc lộ 1",
        "street": "Quốc lộ 1",
        "zone": "TP. Thủ Đức - KV3",
        "ward": "Phường Linh Trung",
        "all_routes": "164V, 19, 33, 50, 52, 53, 60-1, 60-2, 61-9, 93",
        "marker_color": "#039BE5"
      }
    },
    {
      "type": "Feature",
      "geometry": {
        "type": "Point",
        "coordinates": [
          106.791101,
          10.866961
        ]
      },
      "properties": {
        "feature_type": "bus_stop",
        "stop_id": 500,
        "stop_code": "QTD 180",
        "stop_name": "Đại học Nông Lâm",
        "stop_type": "Trụ dừng",
        "route_no": "33",
        "display_code": "B 33",
        "direction": "Lượt về",
        "address": "85 (Đối diện 1026-1028) Quốc lộ 1",
        "street": "Quốc lộ 1",
        "zone": "TP. Thủ Đức - KV3",
        "ward": "Phường Linh Trung",
        "all_routes": "06, 164D, 164V, 170, 19, 33, 50, 52, 53, 60-1, 60-2, 61-9, 93",
        "marker_color": "#039BE5"
      }
    },
    {
      "type": "Feature",
      "geometry": {
        "type": "Point",
        "coordinates": [
          106.787265,
          10.867404
        ]
      },
      "properties": {
        "feature_type": "bus_stop",
        "stop_id": 1101,
        "stop_code": "QTD 181",
        "stop_name": "ĐH Nông Lâm",
        "stop_type": "Nhà chờ",
        "route_no": "33",
        "display_code": "B 33",
        "direction": "Lượt về",
        "address": "Kế 21 Quốc lộ 1",
        "street": "Quốc lộ 1",
        "zone": "TP. Thủ Đức - KV3",
        "ward": null,
        "all_routes": "167D, 19, 33, 50, 53, 60-1, 61-9, 93",
        "marker_color": "#039BE5"
      }
    },
    {
      "type": "Feature",
      "geometry": {
        "type": "Point",
        "coordinates": [
          106.782201,
          10.867867
        ]
      },
      "properties": {
        "feature_type": "bus_stop",
        "stop_id": 1102,
        "stop_code": "QTD 182",
        "stop_name": "Công ty điện tử Samsung",
        "stop_type": "Trụ dừng",
        "route_no": "33",
        "display_code": "B 33",
        "direction": "Lượt về",
        "address": "34/38 (Kế 59/6) Quốc lộ 1",
        "street": "Quốc lộ 1",
        "zone": "TP. Thủ Đức - KV3",
        "ward": null,
        "all_routes": "167D, 19, 33, 50, 53, 60-1, 61-9, 93",
        "marker_color": "#039BE5"
      }
    },
    {
      "type": "Feature",
      "geometry": {
        "type": "Point",
        "coordinates": [
          106.77726,
          10.869427
        ]
      },
      "properties": {
        "feature_type": "bus_stop",
        "stop_id": 1103,
        "stop_code": "QTD 183",
        "stop_name": "Đại học Kinh tế -Luật",
        "stop_type": "Nhà chờ",
        "route_no": "33",
        "display_code": "B 33",
        "direction": "Lượt về",
        "address": "Đại học Kinh tế -Luật Quốc lộ 1",
        "street": "Quốc lộ 1",
        "zone": "TP. Thủ Đức - KV3",
        "ward": "Phường Linh Xuân",
        "all_routes": "167V, 19, 33, 50, 60-1, 61-9, 93",
        "marker_color": "#039BE5"
      }
    },
    {
      "type": "Feature",
      "geometry": {
        "type": "Point",
        "coordinates": [
          106.774932,
          10.870254
        ]
      },
      "properties": {
        "feature_type": "bus_stop",
        "stop_id": 2142,
        "stop_code": "QTD 184",
        "stop_name": "Trung tâm kho vận Linh Xuân",
        "stop_type": "Nhà chờ",
        "route_no": "33",
        "display_code": "B 33",
        "direction": "Lượt về",
        "address": "Trung tâm kho vận Linh Xuân Quốc lộ 1",
        "street": "Quốc lộ 1",
        "zone": "TP. Thủ Đức - KV3",
        "ward": "Phường Linh Xuân",
        "all_routes": "167V, 19, 33, 50, 53, 60-1, 61-9, 93",
        "marker_color": "#039BE5"
      }
    },
    {
      "type": "Feature",
      "geometry": {
        "type": "Point",
        "coordinates": [
          106.771671,
          10.871313
        ]
      },
      "properties": {
        "feature_type": "bus_stop",
        "stop_id": 2147,
        "stop_code": "QTD 185",
        "stop_name": "Nghĩa trang Thành phố",
        "stop_type": "Nhà chờ",
        "route_no": "33",
        "display_code": "B 33",
        "direction": "Lượt về",
        "address": "Cột điện NG/1 Quốc lộ 1",
        "street": "Quốc lộ 1",
        "zone": "TP. Thủ Đức - KV3",
        "ward": "Phường Linh Xuân",
        "all_routes": "167V, 19, 33, 50, 53, 61-9, 93",
        "marker_color": "#039BE5"
      }
    },
    {
      "type": "Feature",
      "geometry": {
        "type": "Point",
        "coordinates": [
          106.768248,
          10.872419
        ]
      },
      "properties": {
        "feature_type": "bus_stop",
        "stop_id": 2143,
        "stop_code": "QTD 186",
        "stop_name": "Công ty Nissan",
        "stop_type": "Ô sơn",
        "route_no": "33",
        "display_code": "B 33",
        "direction": "Lượt về",
        "address": "Đối diện công ty Nissan (559) Quốc lộ 1",
        "street": "Quốc lộ 1",
        "zone": "TP. Thủ Đức - KV3",
        "ward": null,
        "all_routes": "167V, 19, 33, 50, 53, 60-1, 61-9, 93",
        "marker_color": "#039BE5"
      }
    },
    {
      "type": "Feature",
      "geometry": {
        "type": "Point",
        "coordinates": [
          106.762095,
          10.874474
        ]
      },
      "properties": {
        "feature_type": "bus_stop",
        "stop_id": 339,
        "stop_code": "QTD 187",
        "stop_name": "Cầu vượt Linh Xuân",
        "stop_type": "Trụ dừng",
        "route_no": "33",
        "display_code": "B 33",
        "direction": "Lượt về",
        "address": "467B Quốc lộ 1",
        "street": "Quốc lộ 1",
        "zone": "TP. Thủ Đức - KV3",
        "ward": "Phường Linh Xuân",
        "all_routes": "05, 19, 33, 60-1, 61-9",
        "marker_color": "#039BE5"
      }
    },
    {
      "type": "Feature",
      "geometry": {
        "type": "Point",
        "coordinates": [
          106.758689,
          10.875454
        ]
      },
      "properties": {
        "feature_type": "bus_stop",
        "stop_id": 341,
        "stop_code": "QTD 188",
        "stop_name": "Giày Thái Bình-Bình Đường",
        "stop_type": "Trụ dừng",
        "route_no": "33",
        "display_code": "B 33",
        "direction": "Lượt về",
        "address": "467B Quốc lộ 1",
        "street": "Quốc lộ 1",
        "zone": "TP. Thủ Đức - KV3",
        "ward": null,
        "all_routes": "05, 19, 33, 60-1, 61-9",
        "marker_color": "#039BE5"
      }
    },
    {
      "type": "Feature",
      "geometry": {
        "type": "Point",
        "coordinates": [
          106.757305,
          10.875738
        ]
      },
      "properties": {
        "feature_type": "bus_stop",
        "stop_id": 343,
        "stop_code": "QTD 189",
        "stop_name": "Giày Thái Bình",
        "stop_type": "Trụ dừng",
        "route_no": "33",
        "display_code": "B 33",
        "direction": "Lượt về",
        "address": "Đối diện 22/8 Quốc lộ 1",
        "street": "Quốc lộ 1",
        "zone": "TP. Thủ Đức - KV3",
        "ward": "Phường Trường Thọ",
        "all_routes": "05, 19, 33, 61-9",
        "marker_color": "#039BE5"
      }
    },
    {
      "type": "Feature",
      "geometry": {
        "type": "Point",
        "coordinates": [
          106.755631,
          10.876049
        ]
      },
      "properties": {
        "feature_type": "bus_stop",
        "stop_id": 342,
        "stop_code": "QTD 190",
        "stop_name": "Bến xe Lam Hồng",
        "stop_type": "Trụ dừng",
        "route_no": "33",
        "display_code": "B 33",
        "direction": "Lượt về",
        "address": "12A/28 Quốc lộ 1",
        "street": "Quốc lộ 1",
        "zone": "TP. Thủ Đức - KV3",
        "ward": null,
        "all_routes": "05, 19, 33, 60-1, 61-9",
        "marker_color": "#039BE5"
      }
    },
    {
      "type": "Feature",
      "geometry": {
        "type": "Point",
        "coordinates": [
          106.746528,
          10.874115
        ]
      },
      "properties": {
        "feature_type": "bus_stop",
        "stop_id": 344,
        "stop_code": "QTD 191",
        "stop_name": "Cầu vượt Sóng Thần",
        "stop_type": "Nhà chờ",
        "route_no": "33",
        "display_code": "B 33",
        "direction": "Lượt về",
        "address": "275 Quốc lộ 1",
        "street": "Quốc lộ 1",
        "zone": "TP. Thủ Đức - KV3",
        "ward": null,
        "all_routes": "05, 19, 33, 60-1",
        "marker_color": "#039BE5"
      }
    },
    {
      "type": "Feature",
      "geometry": {
        "type": "Point",
        "coordinates": [
          106.744291,
          10.873373
        ]
      },
      "properties": {
        "feature_type": "bus_stop",
        "stop_id": 346,
        "stop_code": "QTD 192",
        "stop_name": "Chợ Tam Hải",
        "stop_type": "Ô sơn",
        "route_no": "33",
        "display_code": "B 33",
        "direction": "Lượt về",
        "address": "251B Quốc lộ 1",
        "street": "Quốc lộ 1",
        "zone": "TP. Thủ Đức - KV3",
        "ward": "Phường Bình Chiểu",
        "all_routes": "05, 19, 33, 60-1",
        "marker_color": "#039BE5"
      }
    },
    {
      "type": "Feature",
      "geometry": {
        "type": "Point",
        "coordinates": [
          106.739913,
          10.872177
        ]
      },
      "properties": {
        "feature_type": "bus_stop",
        "stop_id": 345,
        "stop_code": "QTD 193",
        "stop_name": "Hồ Bơi",
        "stop_type": "Trụ dừng",
        "route_no": "33",
        "display_code": "B 33",
        "direction": "Lượt về",
        "address": "179 Quốc lộ 1",
        "street": "Quốc lộ 1",
        "zone": "TP. Thủ Đức - KV3",
        "ward": "Phường Bình Chiểu",
        "all_routes": "05, 19, 33, 60-1",
        "marker_color": "#039BE5"
      }
    },
    {
      "type": "Feature",
      "geometry": {
        "type": "Point",
        "coordinates": [
          106.734474,
          10.870828
        ]
      },
      "properties": {
        "feature_type": "bus_stop",
        "stop_id": 348,
        "stop_code": "QTD 194",
        "stop_name": "Chợ Tam Bình",
        "stop_type": "Trụ dừng",
        "route_no": "33",
        "display_code": "B 33",
        "direction": "Lượt về",
        "address": "Đối diện Bưu điện Tam Bình Quốc lộ 1",
        "street": "Quốc lộ 1",
        "zone": "TP. Thủ Đức - KV3",
        "ward": "Phường Bình Chiểu",
        "all_routes": "05, 19, 33, 60-1",
        "marker_color": "#039BE5"
      }
    },
    {
      "type": "Feature",
      "geometry": {
        "type": "Point",
        "coordinates": [
          106.729158,
          10.86812
        ]
      },
      "properties": {
        "feature_type": "bus_stop",
        "stop_id": 347,
        "stop_code": "QTD 195",
        "stop_name": "Chợ đầu mối nông sản Thủ Đức",
        "stop_type": "Nhà chờ",
        "route_no": "33",
        "display_code": "B 33",
        "direction": "Lượt về",
        "address": "Chợ đầu mối nông sản Thủ Đức Quốc lộ 1",
        "street": "Quốc lộ 1",
        "zone": "TP. Thủ Đức - KV3",
        "ward": "Phường Tam Bình",
        "all_routes": "05, 19, 29, 33, 60-1, 91",
        "marker_color": "#039BE5"
      }
    },
    {
      "type": "Feature",
      "geometry": {
        "type": "Point",
        "coordinates": [
          106.719894,
          10.863451
        ]
      },
      "properties": {
        "feature_type": "bus_stop",
        "stop_id": 2348,
        "stop_code": "QTD 196",
        "stop_name": "Cầu Bình Phước",
        "stop_type": "Trụ dừng",
        "route_no": "33",
        "display_code": "B 33",
        "direction": "Lượt về",
        "address": "39A Quốc lộ 1",
        "street": "Quốc lộ 1",
        "zone": "TP. Thủ Đức - KV3",
        "ward": null,
        "all_routes": "33, 60-1, 61-3",
        "marker_color": "#039BE5"
      }
    },
    {
      "type": "Feature",
      "geometry": {
        "type": "Point",
        "coordinates": [
          106.713096,
          10.85997
        ]
      },
      "properties": {
        "feature_type": "bus_stop",
        "stop_id": 2345,
        "stop_code": "Q12 061",
        "stop_name": "Aone",
        "stop_type": "Ô sơn",
        "route_no": "33",
        "display_code": "B 33",
        "direction": "Lượt về",
        "address": "Đối diện Aone Quốc lộ 1A",
        "street": "Quốc lộ 1A",
        "zone": "Quận 12",
        "ward": null,
        "all_routes": "33, 60-1, 61-3",
        "marker_color": "#039BE5"
      }
    },
    {
      "type": "Feature",
      "geometry": {
        "type": "Point",
        "coordinates": [
          106.707727,
          10.859148
        ]
      },
      "properties": {
        "feature_type": "bus_stop",
        "stop_id": 2349,
        "stop_code": "Q12 062",
        "stop_name": "Công ty EUROPA",
        "stop_type": "Nhà chờ",
        "route_no": "33",
        "display_code": "B 33",
        "direction": "Lượt về",
        "address": "Công ty EUROPA Quốc lộ 1A",
        "street": "Quốc lộ 1A",
        "zone": "Quận 12",
        "ward": null,
        "all_routes": "33, 60-1, 61-3",
        "marker_color": "#039BE5"
      }
    },
    {
      "type": "Feature",
      "geometry": {
        "type": "Point",
        "coordinates": [
          106.704948,
          10.859496
        ]
      },
      "properties": {
        "feature_type": "bus_stop",
        "stop_id": 2347,
        "stop_code": "Q12 063",
        "stop_name": "Tu viện Khánh An",
        "stop_type": "Trụ dừng",
        "route_no": "33",
        "display_code": "B 33",
        "direction": "Lượt về",
        "address": "1048/3B Quốc lộ 1A",
        "street": "Quốc lộ 1A",
        "zone": "Quận 12",
        "ward": null,
        "all_routes": "33, 61-3",
        "marker_color": "#039BE5"
      }
    },
    {
      "type": "Feature",
      "geometry": {
        "type": "Point",
        "coordinates": [
          106.701086,
          10.860007
        ]
      },
      "properties": {
        "feature_type": "bus_stop",
        "stop_id": 2350,
        "stop_code": "Q12 064",
        "stop_name": "Công ty Mai Linh",
        "stop_type": "Trụ dừng",
        "route_no": "33",
        "display_code": "B 33",
        "direction": "Lượt về",
        "address": "1691/3N Quốc lộ 1A",
        "street": "Quốc lộ 1A",
        "zone": "Quận 12",
        "ward": null,
        "all_routes": "33, 60-1, 61-3",
        "marker_color": "#039BE5"
      }
    },
    {
      "type": "Feature",
      "geometry": {
        "type": "Point",
        "coordinates": [
          106.695453,
          10.86065
        ]
      },
      "properties": {
        "feature_type": "bus_stop",
        "stop_id": 2351,
        "stop_code": "Q12 065",
        "stop_name": "Đình An Phú Đông",
        "stop_type": "Biển treo",
        "route_no": "33",
        "display_code": "B 33",
        "direction": "Lượt về",
        "address": "Đối diện Đình An Phú Đông Quốc lộ 1A",
        "street": "Quốc lộ 1A",
        "zone": "Quận 12",
        "ward": null,
        "all_routes": "33, 60-1, 61-3",
        "marker_color": "#039BE5"
      }
    },
    {
      "type": "Feature",
      "geometry": {
        "type": "Point",
        "coordinates": [
          106.69224,
          10.860876
        ]
      },
      "properties": {
        "feature_type": "bus_stop",
        "stop_id": 2353,
        "stop_code": "Q12 066",
        "stop_name": "Đài Liệt sĩ An Phú Đông",
        "stop_type": "Nhà chờ",
        "route_no": "33",
        "display_code": "B 33",
        "direction": "Lượt về",
        "address": "Đài Liệt sĩ An Phú Đông Quốc lộ 1A",
        "street": "Quốc lộ 1A",
        "zone": "Quận 12",
        "ward": null,
        "all_routes": "33, 61-3",
        "marker_color": "#039BE5"
      }
    },
    {
      "type": "Feature",
      "geometry": {
        "type": "Point",
        "coordinates": [
          106.689413,
          10.86104
        ]
      },
      "properties": {
        "feature_type": "bus_stop",
        "stop_id": 2352,
        "stop_code": "Q12 067",
        "stop_name": "Công ty Hồng Mã",
        "stop_type": "Trụ dừng",
        "route_no": "33",
        "display_code": "B 33",
        "direction": "Lượt về",
        "address": "Công ty Hồng Mã Quốc lộ 1A",
        "street": "Quốc lộ 1A",
        "zone": "Quận 12",
        "ward": null,
        "all_routes": "33, 60-1, 61-3",
        "marker_color": "#039BE5"
      }
    },
    {
      "type": "Feature",
      "geometry": {
        "type": "Point",
        "coordinates": [
          106.685175,
          10.861324
        ]
      },
      "properties": {
        "feature_type": "bus_stop",
        "stop_id": 2355,
        "stop_code": "Q12 068",
        "stop_name": "Phường An Phú Đông",
        "stop_type": "Trụ dừng",
        "route_no": "33",
        "display_code": "B 33",
        "direction": "Lượt về",
        "address": "616 - 618 Quốc lộ 1A",
        "street": "Quốc lộ 1A",
        "zone": "Quận 12",
        "ward": null,
        "all_routes": "33, 60-1, 61-3",
        "marker_color": "#039BE5"
      }
    },
    {
      "type": "Feature",
      "geometry": {
        "type": "Point",
        "coordinates": [
          106.682321,
          10.861503
        ]
      },
      "properties": {
        "feature_type": "bus_stop",
        "stop_id": 2357,
        "stop_code": "Q12 069",
        "stop_name": "Cầu Ga Nhỏ",
        "stop_type": "Trụ dừng",
        "route_no": "33",
        "display_code": "B 33",
        "direction": "Lượt về",
        "address": "161 Quốc lộ 1A",
        "street": "Quốc lộ 1A",
        "zone": "Quận 12",
        "ward": null,
        "all_routes": "33, 61-3",
        "marker_color": "#039BE5"
      }
    },
    {
      "type": "Feature",
      "geometry": {
        "type": "Point",
        "coordinates": [
          106.679354,
          10.861725
        ]
      },
      "properties": {
        "feature_type": "bus_stop",
        "stop_id": 2354,
        "stop_code": "Q12 070",
        "stop_name": "Bến xe Ngã tư Ga",
        "stop_type": "Nhà chờ",
        "route_no": "33",
        "display_code": "B 33",
        "direction": "Lượt về",
        "address": "Bến xe Ngã tư ga Quốc lộ 1A",
        "street": "Quốc lộ 1A",
        "zone": "Quận 12",
        "ward": null,
        "all_routes": "33, 58, 60-1, 61-3",
        "marker_color": "#039BE5"
      }
    },
    {
      "type": "Feature",
      "geometry": {
        "type": "Point",
        "coordinates": [
          106.674564,
          10.861967
        ]
      },
      "properties": {
        "feature_type": "bus_stop",
        "stop_id": 976,
        "stop_code": "Q12 071",
        "stop_name": "Khu QLGTĐT số 3",
        "stop_type": "Trụ dừng",
        "route_no": "33",
        "display_code": "B 33",
        "direction": "Lượt về",
        "address": "96/2 Quốc lộ 1A",
        "street": "Quốc lộ 1A",
        "zone": "Quận 12",
        "ward": null,
        "all_routes": "103, 161, 32, 33, 59, 60-1, 61-3",
        "marker_color": "#039BE5"
      }
    },
    {
      "type": "Feature",
      "geometry": {
        "type": "Point",
        "coordinates": [
          106.671935,
          10.861904
        ]
      },
      "properties": {
        "feature_type": "bus_stop",
        "stop_id": 964,
        "stop_code": "Q12 072",
        "stop_name": "Tô Ngọc Vân",
        "stop_type": "Trụ dừng",
        "route_no": "33",
        "display_code": "B 33",
        "direction": "Lượt về",
        "address": "972 Quốc lộ 1A",
        "street": "Quốc lộ 1A",
        "zone": "Quận 12",
        "ward": null,
        "all_routes": "103, 161, 32, 33, 59, 61-3",
        "marker_color": "#039BE5"
      }
    },
    {
      "type": "Feature",
      "geometry": {
        "type": "Point",
        "coordinates": [
          106.667461,
          10.861877
        ]
      },
      "properties": {
        "feature_type": "bus_stop",
        "stop_id": 965,
        "stop_code": "Q12 073",
        "stop_name": "Trường Mầm non Ngôi Nhà Trẻ Thơ",
        "stop_type": "Trụ dừng",
        "route_no": "33",
        "display_code": "B 33",
        "direction": "Lượt về",
        "address": "990 Quốc lộ 1A",
        "street": "Quốc lộ 1A",
        "zone": "Quận 12",
        "ward": null,
        "all_routes": "103, 146, 33, 60-1, 61-3",
        "marker_color": "#039BE5"
      }
    },
    {
      "type": "Feature",
      "geometry": {
        "type": "Point",
        "coordinates": [
          106.661389,
          10.861819
        ]
      },
      "properties": {
        "feature_type": "bus_stop",
        "stop_id": 977,
        "stop_code": "Q12 074",
        "stop_name": "Cơ khí Minh Huy",
        "stop_type": "Trụ dừng",
        "route_no": "33",
        "display_code": "B 33",
        "direction": "Lượt về",
        "address": "1218/11 Quốc lộ 1A",
        "street": "Quốc lộ 1A",
        "zone": "Quận 12",
        "ward": null,
        "all_routes": "103, 146, 33, 60-1, 61-3",
        "marker_color": "#039BE5"
      }
    },
    {
      "type": "Feature",
      "geometry": {
        "type": "Point",
        "coordinates": [
          106.657183,
          10.861988
        ]
      },
      "properties": {
        "feature_type": "bus_stop",
        "stop_id": 966,
        "stop_code": "Q12 075",
        "stop_name": "Đá hoa cương Chí Thành",
        "stop_type": "Nhà chờ",
        "route_no": "33",
        "display_code": "B 33",
        "direction": "Lượt về",
        "address": "1360 Quốc lộ 1A",
        "street": "Quốc lộ 1A",
        "zone": "Quận 12",
        "ward": null,
        "all_routes": "103, 146, 33, 60-1, 61-3",
        "marker_color": "#039BE5"
      }
    },
    {
      "type": "Feature",
      "geometry": {
        "type": "Point",
        "coordinates": [
          106.653428,
          10.862114
        ]
      },
      "properties": {
        "feature_type": "bus_stop",
        "stop_id": 969,
        "stop_code": "Q12 076",
        "stop_name": "Quận ủy Quận 12",
        "stop_type": "Trụ dừng",
        "route_no": "33",
        "display_code": "B 33",
        "direction": "Lượt về",
        "address": "1456 (Quận Ủy quận 12) Quốc lộ 1A",
        "street": "Quốc lộ 1A",
        "zone": "Quận 12",
        "ward": null,
        "all_routes": "103, 33, 60-1, 61-3",
        "marker_color": "#039BE5"
      }
    },
    {
      "type": "Feature",
      "geometry": {
        "type": "Point",
        "coordinates": [
          106.650757,
          10.862273
        ]
      },
      "properties": {
        "feature_type": "bus_stop",
        "stop_id": 972,
        "stop_code": "Q12 077",
        "stop_name": "Ngã tư Tân Thới Hiệp",
        "stop_type": "Trụ dừng",
        "route_no": "33",
        "display_code": "B 33",
        "direction": "Lượt về",
        "address": "1680 Quốc lộ 1A",
        "street": "Quốc lộ 1A",
        "zone": "Quận 12",
        "ward": null,
        "all_routes": "103, 33, 61-3",
        "marker_color": "#039BE5"
      }
    },
    {
      "type": "Feature",
      "geometry": {
        "type": "Point",
        "coordinates": [
          106.648536,
          10.861767
        ]
      },
      "properties": {
        "feature_type": "bus_stop",
        "stop_id": 2775,
        "stop_code": "Q12 078",
        "stop_name": "Cao su Vina",
        "stop_type": "Trụ dừng",
        "route_no": "33",
        "display_code": "B 33",
        "direction": "Lượt về",
        "address": "67/3A Quốc lộ 1A",
        "street": "Quốc lộ 1A",
        "zone": "Quận 12",
        "ward": null,
        "all_routes": "33, 60-1, 61-3, 62",
        "marker_color": "#039BE5"
      }
    },
    {
      "type": "Feature",
      "geometry": {
        "type": "Point",
        "coordinates": [
          106.645682,
          10.860302
        ]
      },
      "properties": {
        "feature_type": "bus_stop",
        "stop_id": 2776,
        "stop_code": "Q12 079",
        "stop_name": "Cây xăng Trung Tín",
        "stop_type": "Trụ dừng",
        "route_no": "33",
        "display_code": "B 33",
        "direction": "Lượt về",
        "address": "1828 Quốc lộ 1A",
        "street": "Quốc lộ 1A",
        "zone": "Quận 12",
        "ward": null,
        "all_routes": "33, 60-1, 61-3, 62",
        "marker_color": "#039BE5"
      }
    },
    {
      "type": "Feature",
      "geometry": {
        "type": "Point",
        "coordinates": [
          106.640918,
          10.857668
        ]
      },
      "properties": {
        "feature_type": "bus_stop",
        "stop_id": 2777,
        "stop_code": "Q12 080",
        "stop_name": "Trạm điện Hóc Môn",
        "stop_type": "Trụ dừng",
        "route_no": "33",
        "display_code": "B 33",
        "direction": "Lượt về",
        "address": "1956 Quốc lộ 1A",
        "street": "Quốc lộ 1A",
        "zone": "Quận 12",
        "ward": null,
        "all_routes": "33, 60-1, 61-3, 62",
        "marker_color": "#039BE5"
      }
    },
    {
      "type": "Feature",
      "geometry": {
        "type": "Point",
        "coordinates": [
          106.638172,
          10.856256
        ]
      },
      "properties": {
        "feature_type": "bus_stop",
        "stop_id": 2778,
        "stop_code": "Q12 081",
        "stop_name": "Ngã tư Đình",
        "stop_type": "Trụ dừng",
        "route_no": "33",
        "display_code": "B 33",
        "direction": "Lượt về",
        "address": "44D Quốc lộ 1A",
        "street": "Quốc lộ 1A",
        "zone": "Quận 12",
        "ward": null,
        "all_routes": "33, 60-1, 61-3, 62",
        "marker_color": "#039BE5"
      }
    },
    {
      "type": "Feature",
      "geometry": {
        "type": "Point",
        "coordinates": [
          106.632469,
          10.853048
        ]
      },
      "properties": {
        "feature_type": "bus_stop",
        "stop_id": 2781,
        "stop_code": "Q12 083",
        "stop_name": "Trường Nguyễn Du",
        "stop_type": "Nhà chờ",
        "route_no": "33",
        "display_code": "B 33",
        "direction": "Lượt về",
        "address": "Đối diện Trường Nguyễn Du Quốc lộ 1A",
        "street": "Quốc lộ 1A",
        "zone": "Quận 12",
        "ward": null,
        "all_routes": "33, 60-1, 61-3, 62",
        "marker_color": "#039BE5"
      }
    },
    {
      "type": "Feature",
      "geometry": {
        "type": "Point",
        "coordinates": [
          106.630935,
          10.852242
        ]
      },
      "properties": {
        "feature_type": "bus_stop",
        "stop_id": 2780,
        "stop_code": "Q12 084",
        "stop_name": "Công viên Phần mềm Quang Trung",
        "stop_type": "Nhà chờ",
        "route_no": "33",
        "display_code": "B 33",
        "direction": "Lượt về",
        "address": "Công viên phần mềm Quang Trung Quốc lộ 1A",
        "street": "Quốc lộ 1A",
        "zone": "Quận 12",
        "ward": null,
        "all_routes": "33, 61-3, 62",
        "marker_color": "#039BE5"
      }
    },
    {
      "type": "Feature",
      "geometry": {
        "type": "Point",
        "coordinates": [
          106.624348,
          10.84907
        ]
      },
      "properties": {
        "feature_type": "bus_stop",
        "stop_id": 2254,
        "stop_code": "Q12 085",
        "stop_name": "Chung cư Thái An",
        "stop_type": "Trụ dừng",
        "route_no": "33",
        "display_code": "B 33",
        "direction": "Lượt về",
        "address": "Chung cư Thái An Quốc lộ 1A",
        "street": "Quốc lộ 1A",
        "zone": "Quận 12",
        "ward": null,
        "all_routes": "33, 60-1, 61-3",
        "marker_color": "#039BE5"
      }
    },
    {
      "type": "Feature",
      "geometry": {
        "type": "Point",
        "coordinates": [
          106.621059,
          10.8475
        ]
      },
      "properties": {
        "feature_type": "bus_stop",
        "stop_id": 2250,
        "stop_code": "Q12 086",
        "stop_name": "Trạm đăng kiểm",
        "stop_type": "Trụ dừng",
        "route_no": "33",
        "display_code": "B 33",
        "direction": "Lượt về",
        "address": "Trạm đăng kiểm Quốc lộ 1A",
        "street": "Quốc lộ 1A",
        "zone": "Quận 12",
        "ward": null,
        "all_routes": "33, 60-1, 61-3",
        "marker_color": "#039BE5"
      }
    },
    {
      "type": "Feature",
      "geometry": {
        "type": "Point",
        "coordinates": [
          106.618758,
          10.845935
        ]
      },
      "properties": {
        "feature_type": "bus_stop",
        "stop_id": 2251,
        "stop_code": "Q12 087",
        "stop_name": "Bãi xe Tây Nam",
        "stop_type": "Nhà chờ",
        "route_no": "33",
        "display_code": "B 33",
        "direction": "Lượt về",
        "address": "Đối diện Bãi xe Tây Nam Quốc lộ 1A",
        "street": "Quốc lộ 1A",
        "zone": "Quận 12",
        "ward": null,
        "all_routes": "33, 61-3",
        "marker_color": "#039BE5"
      }
    },
    {
      "type": "Feature",
      "geometry": {
        "type": "Point",
        "coordinates": [
          106.616081,
          10.843623
        ]
      },
      "properties": {
        "feature_type": "bus_stop",
        "stop_id": 2252,
        "stop_code": "Q12 088",
        "stop_name": "Cầu vượt An Sương",
        "stop_type": "Nhà chờ",
        "route_no": "33",
        "display_code": "B 33",
        "direction": "Lượt về",
        "address": "Xưởng Z735 Quốc lộ 1A",
        "street": "Quốc lộ 1A",
        "zone": "Quận 12",
        "ward": null,
        "all_routes": "33, 60-1, 61-3",
        "marker_color": "#039BE5"
      }
    },
    {
      "type": "Feature",
      "geometry": {
        "type": "Point",
        "coordinates": [
          106.613517,
          10.845803
        ]
      },
      "properties": {
        "feature_type": "bus_stop",
        "stop_id": 1115,
        "stop_code": "Q12 122",
        "stop_name": "Bến xe An Sương",
        "stop_type": "Trụ dừng",
        "route_no": "33",
        "display_code": "B 33",
        "direction": "Lượt về",
        "address": "F42 Quốc lộ 22",
        "street": "Quốc lộ 22",
        "zone": "Quận 12",
        "ward": null,
        "all_routes": "04, 104, 122, 145, 33, 61-3",
        "marker_color": "#039BE5"
      }
    },
    {
      "type": "Feature",
      "geometry": {
        "type": "Point",
        "coordinates": [
          106.613522,
          10.845187
        ]
      },
      "properties": {
        "feature_type": "bus_stop",
        "stop_id": 1239,
        "stop_code": "HHM 058",
        "stop_name": "Bến xe An Sương",
        "stop_type": "Trụ dừng",
        "route_no": "33",
        "display_code": "B 33",
        "direction": "Lượt về",
        "address": "1B Quốc lộ 22",
        "street": "Quốc lộ 22",
        "zone": "Huyện Hóc Môn",
        "ward": "Xã Bà Điểm",
        "all_routes": "04, 104, 122, 13, 145, 151, 33, 41, 61-3, 62-5, 65, 71, 74, 85, 94",
        "marker_color": "#039BE5"
      }
    }
  ]
}