{
  "type": "FeatureCollection",
  "properties": {
    "stt": 1,
    "route_no": "04",
    "display_code": "B 04",
    "route_name": "Bến Thành - Cộng Hòa - Bến xe An Sương",
    "start_point": "Bến Thành",
    "end_point": "Bến xe An Sương",
    "listed_length_km": 16,
    "operating_hours": "5:00 - 20:15",
    "color": "#E53935",
    "num_variants": 2,
    "total_stops": 84,
    "total_points": 659
  },
  "features": [
    {
      "type": "Feature",
      "geometry": {
        "type": "LineString",
        "coordinates": [
          [
            106.68936157,
            10.76767635
          ],
          [
            106.68936157,
            10.76767635
          ],
          [
            106.68955994,
            10.76718521
          ],
          [
            106.69024658,
            10.76744652
          ],
          [
            106.69093323,
            10.76770687
          ],
          [
            106.69094086,
            10.76766968
          ],
          [
            106.69094086,
            10.76766968
          ],
          [
            106.69094086,
            10.76766968
          ],
          [
            106.69091797,
            10.76771259
          ],
          [
            106.69160461,
            10.7679863
          ],
          [
            106.69229889,
            10.76826096
          ],
          [
            106.69299316,
            10.76853752
          ],
          [
            106.69367981,
            10.76881409
          ],
          [
            106.6937027,
            10.76878834
          ],
          [
            106.6937027,
            10.76878834
          ],
          [
            106.69367218,
            10.76882458
          ],
          [
            106.69461823,
            10.76919365
          ],
          [
            106.6955719,
            10.76956272
          ],
          [
            106.69558716,
            10.76950359
          ],
          [
            106.69558716,
            10.76950359
          ],
          [
            106.69558716,
            10.76950359
          ],
          [
            106.69555664,
            10.76957321
          ],
          [
            106.69616699,
            10.76981544
          ],
          [
            106.6964798,
            10.76920891
          ],
          [
            106.69742584,
            10.77023125
          ],
          [
            106.69779205,
            10.77074242
          ],
          [
            106.69815063,
            10.77125359
          ],
          [
            106.69909668,
            10.77099037
          ],
          [
            106.69995117,
            10.77094364
          ],
          [
            106.70080566,
            10.77089596
          ],
          [
            106.70080566,
            10.77089596
          ],
          [
            106.70080566,
            10.77089596
          ],
          [
            106.70135498,
            10.77087498
          ],
          [
            106.70135498,
            10.77087498
          ],
          [
            106.70199585,
            10.77081108
          ],
          [
            106.70199585,
            10.77081108
          ],
          [
            106.70199585,
            10.77081108
          ],
          [
            106.70199585,
            10.77081108
          ],
          [
            106.70200348,
            10.77086926
          ],
          [
            106.70250702,
            10.77085304
          ],
          [
            106.70192719,
            10.77222061
          ],
          [
            106.70133972,
            10.77358818
          ],
          [
            106.70139313,
            10.77359486
          ],
          [
            106.70139313,
            10.77359486
          ],
          [
            106.70139313,
            10.77359486
          ],
          [
            106.70139313,
            10.77359486
          ],
          [
            106.70134735,
            10.77357292
          ],
          [
            106.70104218,
            10.77433205
          ],
          [
            106.70072174,
            10.77507973
          ],
          [
            106.70076752,
            10.77508831
          ],
          [
            106.70076752,
            10.77508831
          ],
          [
            106.70072174,
            10.77506924
          ],
          [
            106.70024872,
            10.77611256
          ],
          [
            106.69993591,
            10.77681923
          ],
          [
            106.69965363,
            10.77708912
          ],
          [
            106.69965363,
            10.77708912
          ],
          [
            106.69898224,
            10.77769184
          ],
          [
            106.69830322,
            10.77829456
          ],
          [
            106.69833374,
            10.77830791
          ],
          [
            106.69833374,
            10.77830791
          ],
          [
            106.69833374,
            10.77830791
          ],
          [
            106.69831085,
            10.77828884
          ],
          [
            106.69748688,
            10.77903557
          ],
          [
            106.69665527,
            10.7797823
          ],
          [
            106.69665527,
            10.7797823
          ],
          [
            106.69665527,
            10.7797823
          ],
          [
            106.69665527,
            10.7797823
          ],
          [
            106.69613647,
            10.78029728
          ],
          [
            106.69560242,
            10.78079224
          ],
          [
            106.69506836,
            10.7812748
          ],
          [
            106.69452667,
            10.7817564
          ],
          [
            106.69458008,
            10.78180408
          ],
          [
            106.69458008,
            10.78180408
          ],
          [
            106.69458008,
            10.78180408
          ],
          [
            106.69458008,
            10.78180408
          ],
          [
            106.69458008,
            10.78180408
          ],
          [
            106.69458008,
            10.78180408
          ],
          [
            106.69458008,
            10.78180408
          ],
          [
            106.69452667,
            10.7817564
          ],
          [
            106.69363403,
            10.78256035
          ],
          [
            106.69272614,
            10.78339005
          ],
          [
            106.69274902,
            10.78341866
          ],
          [
            106.69274902,
            10.78341866
          ],
          [
            106.69274902,
            10.78341866
          ],
          [
            106.69274902,
            10.78341866
          ],
          [
            106.69274902,
            10.78341866
          ],
          [
            106.69274902,
            10.78341866
          ],
          [
            106.69274902,
            10.78341866
          ],
          [
            106.69272614,
            10.78340054
          ],
          [
            106.69190979,
            10.78413868
          ],
          [
            106.69111633,
            10.78489208
          ],
          [
            106.69114685,
            10.78492355
          ],
          [
            106.69114685,
            10.78492355
          ],
          [
            106.69114685,
            10.78492355
          ],
          [
            106.69114685,
            10.78492355
          ],
          [
            106.6911087,
            10.7848978
          ],
          [
            106.69056702,
            10.78539276
          ],
          [
            106.69002533,
            10.78588772
          ],
          [
            106.68966675,
            10.78553009
          ],
          [
            106.68961334,
            10.78558254
          ],
          [
            106.68961334,
            10.78558254
          ],
          [
            106.68961334,
            10.78558254
          ],
          [
            106.68961334,
            10.78558254
          ],
          [
            106.68961334,
            10.78558254
          ],
          [
            106.68961334,
            10.78558254
          ],
          [
            106.68967438,
            10.78551388
          ],
          [
            106.68898773,
            10.78521919
          ],
          [
            106.68862915,
            10.7855196
          ],
          [
            106.68868256,
            10.78557682
          ],
          [
            106.68868256,
            10.78557682
          ],
          [
            106.68868256,
            10.78557682
          ],
          [
            106.68868256,
            10.78557682
          ],
          [
            106.68868256,
            10.78557682
          ],
          [
            106.68862152,
            10.78553009
          ],
          [
            106.68783569,
            10.78624916
          ],
          [
            106.68704987,
            10.78696823
          ],
          [
            106.68713379,
            10.78704739
          ],
          [
            106.68713379,
            10.78704739
          ],
          [
            106.68704987,
            10.78696823
          ],
          [
            106.68645477,
            10.78751945
          ],
          [
            106.68585968,
            10.78806973
          ],
          [
            106.68525696,
            10.78862095
          ],
          [
            106.68466187,
            10.78917122
          ],
          [
            106.68474579,
            10.78924465
          ],
          [
            106.68474579,
            10.78924465
          ],
          [
            106.68466187,
            10.7891655
          ],
          [
            106.68386841,
            10.78989792
          ],
          [
            106.68308258,
            10.79063606
          ],
          [
            106.68312836,
            10.79069424
          ],
          [
            106.68312836,
            10.79069424
          ],
          [
            106.68307495,
            10.79063129
          ],
          [
            106.6822052,
            10.79143143
          ],
          [
            106.68130493,
            10.79223251
          ],
          [
            106.68027496,
            10.79288101
          ],
          [
            106.67920685,
            10.79350281
          ],
          [
            106.67923737,
            10.79355526
          ],
          [
            106.67923737,
            10.79355526
          ],
          [
            106.67920685,
            10.79349709
          ],
          [
            106.67842102,
            10.79396534
          ],
          [
            106.67763519,
            10.79443264
          ],
          [
            106.67684937,
            10.79490089
          ],
          [
            106.67606354,
            10.79536819
          ],
          [
            106.67609406,
            10.79542065
          ],
          [
            106.67609406,
            10.79542065
          ],
          [
            106.67606354,
            10.79536819
          ],
          [
            106.67549133,
            10.79570675
          ],
          [
            106.6749115,
            10.7960453
          ],
          [
            106.67433929,
            10.79638386
          ],
          [
            106.67376709,
            10.79672241
          ],
          [
            106.67379761,
            10.7967701
          ],
          [
            106.67379761,
            10.7967701
          ],
          [
            106.67377472,
            10.79673862
          ],
          [
            106.67302704,
            10.79716492
          ],
          [
            106.67227936,
            10.79759216
          ],
          [
            106.67151642,
            10.79803181
          ],
          [
            106.67076111,
            10.79847145
          ],
          [
            106.67079163,
            10.79852486
          ],
          [
            106.67079163,
            10.79852486
          ],
          [
            106.67079163,
            10.79852486
          ],
          [
            106.67076111,
            10.79847145
          ],
          [
            106.66982269,
            10.79903793
          ],
          [
            106.66889191,
            10.79960442
          ],
          [
            106.66890717,
            10.79964161
          ],
          [
            106.66890717,
            10.79964161
          ],
          [
            106.66890717,
            10.79964161
          ],
          [
            106.66890717,
            10.79964161
          ],
          [
            106.66890717,
            10.79964161
          ],
          [
            106.66890717,
            10.79964161
          ],
          [
            106.66886902,
            10.79960442
          ],
          [
            106.6683197,
            10.79989719
          ],
          [
            106.66777039,
            10.80018997
          ],
          [
            106.66725159,
            10.80048466
          ],
          [
            106.66674805,
            10.80081177
          ],
          [
            106.66677856,
            10.80084801
          ],
          [
            106.66677856,
            10.80084801
          ],
          [
            106.66677856,
            10.80084801
          ],
          [
            106.66677856,
            10.80084801
          ],
          [
            106.66677856,
            10.80084801
          ],
          [
            106.66677856,
            10.80084801
          ],
          [
            106.66674805,
            10.80081177
          ],
          [
            106.66564941,
            10.80145168
          ],
          [
            106.66513062,
            10.80173874
          ],
          [
            106.66455078,
            10.8020916
          ],
          [
            106.66375732,
            10.80250263
          ],
          [
            106.66350555,
            10.80256081
          ],
          [
            106.66291046,
            10.80196285
          ],
          [
            106.66231537,
            10.8013649
          ],
          [
            106.66231537,
            10.8013649
          ],
          [
            106.66231537,
            10.8013649
          ],
          [
            106.66231537,
            10.8013649
          ],
          [
            106.66231537,
            10.8013649
          ],
          [
            106.66210175,
            10.80111217
          ],
          [
            106.66160583,
            10.80081654
          ],
          [
            106.66070557,
            10.8008585
          ],
          [
            106.65916443,
            10.80098534
          ],
          [
            106.65916443,
            10.80103779
          ],
          [
            106.65916443,
            10.80103779
          ],
          [
            106.65916443,
            10.80103779
          ],
          [
            106.65916443,
            10.80099106
          ],
          [
            106.65795898,
            10.80108833
          ],
          [
            106.65675354,
            10.80118561
          ],
          [
            106.65675354,
            10.80123806
          ],
          [
            106.65675354,
            10.80123806
          ],
          [
            106.65675354,
            10.80123806
          ],
          [
            106.65675354,
            10.80123806
          ],
          [
            106.65674591,
            10.80117989
          ],
          [
            106.65578461,
            10.80126476
          ],
          [
            106.65481567,
            10.80134869
          ],
          [
            106.65481567,
            10.80141163
          ],
          [
            106.65481567,
            10.80141163
          ],
          [
            106.65481567,
            10.80141163
          ],
          [
            106.65481567,
            10.80141163
          ],
          [
            106.65481567,
            10.80141163
          ],
          [
            106.65481567,
            10.80134869
          ],
          [
            106.65298462,
            10.80149651
          ],
          [
            106.65112305,
            10.80167007
          ],
          [
            106.65113068,
            10.80172825
          ],
          [
            106.65113068,
            10.80172825
          ],
          [
            106.65113068,
            10.80172825
          ],
          [
            106.65113068,
            10.80172825
          ],
          [
            106.65113068,
            10.80165958
          ],
          [
            106.65008545,
            10.80175495
          ],
          [
            106.64904022,
            10.80184937
          ],
          [
            106.647995,
            10.80194759
          ],
          [
            106.64694977,
            10.80204487
          ],
          [
            106.64694977,
            10.80210209
          ],
          [
            106.64694977,
            10.80210209
          ],
          [
            106.64694977,
            10.80210209
          ],
          [
            106.64694977,
            10.80210209
          ],
          [
            106.64694214,
            10.80203915
          ],
          [
            106.64572906,
            10.80213165
          ],
          [
            106.64451599,
            10.80222321
          ],
          [
            106.64450836,
            10.80227566
          ],
          [
            106.64450836,
            10.80227566
          ],
          [
            106.64450836,
            10.80227566
          ],
          [
            106.64450836,
            10.80227566
          ],
          [
            106.64450836,
            10.80227566
          ],
          [
            106.64451599,
            10.80222321
          ],
          [
            106.64363098,
            10.80229568
          ],
          [
            106.64273834,
            10.80236816
          ],
          [
            106.6418457,
            10.80244064
          ],
          [
            106.64095306,
            10.80251312
          ],
          [
            106.64096832,
            10.8025713
          ],
          [
            106.64096832,
            10.8025713
          ],
          [
            106.64096832,
            10.8025713
          ],
          [
            106.64096832,
            10.8025713
          ],
          [
            106.64096832,
            10.80249214
          ],
          [
            106.63981628,
            10.80259228
          ],
          [
            106.6390152,
            10.80281925
          ],
          [
            106.63853455,
            10.80309868
          ],
          [
            106.63800812,
            10.80362988
          ],
          [
            106.63800812,
            10.80362988
          ],
          [
            106.6375885,
            10.80430984
          ],
          [
            106.63712311,
            10.80496883
          ],
          [
            106.63668823,
            10.8056488
          ],
          [
            106.63615417,
            10.80628586
          ],
          [
            106.63619232,
            10.80631256
          ],
          [
            106.63619232,
            10.80631256
          ],
          [
            106.63619232,
            10.80631256
          ],
          [
            106.63619232,
            10.80631256
          ],
          [
            106.63619232,
            10.80631256
          ],
          [
            106.63614655,
            10.80628109
          ],
          [
            106.63527679,
            10.80707169
          ],
          [
            106.63488007,
            10.80753517
          ],
          [
            106.6346817,
            10.80786133
          ],
          [
            106.63454437,
            10.8082943
          ],
          [
            106.63463593,
            10.80831432
          ],
          [
            106.63463593,
            10.80831432
          ],
          [
            106.63463593,
            10.80831432
          ],
          [
            106.63453674,
            10.80828857
          ],
          [
            106.63423157,
            10.80925274
          ],
          [
            106.63395691,
            10.81023788
          ],
          [
            106.63365173,
            10.81122112
          ],
          [
            106.63334656,
            10.81220436
          ],
          [
            106.63334656,
            10.81220436
          ],
          [
            106.63334656,
            10.81220436
          ],
          [
            106.63334656,
            10.81220436
          ],
          [
            106.63284302,
            10.81374741
          ],
          [
            106.63240051,
            10.81526852
          ],
          [
            106.63193512,
            10.81680012
          ],
          [
            106.6314621,
            10.81833172
          ],
          [
            106.6314621,
            10.81833172
          ],
          [
            106.6314621,
            10.81833172
          ],
          [
            106.6314621,
            10.81833172
          ],
          [
            106.63121033,
            10.81916523
          ],
          [
            106.63095856,
            10.81999969
          ],
          [
            106.63070679,
            10.82083321
          ],
          [
            106.63045502,
            10.82166672
          ],
          [
            106.6301651,
            10.82242012
          ],
          [
            106.63025665,
            10.82245159
          ],
          [
            106.63025665,
            10.82245159
          ],
          [
            106.63025665,
            10.82245159
          ],
          [
            106.63025665,
            10.82245159
          ],
          [
            106.63014984,
            10.82243061
          ],
          [
            106.62980652,
            10.82309532
          ],
          [
            106.6292572,
            10.82365322
          ],
          [
            106.62804413,
            10.82470703
          ],
          [
            106.62689209,
            10.82580853
          ],
          [
            106.62576294,
            10.82689381
          ],
          [
            106.6258316,
            10.82695675
          ],
          [
            106.6258316,
            10.82695675
          ],
          [
            106.6258316,
            10.82695675
          ],
          [
            106.62575531,
            10.82691002
          ],
          [
            106.62539673,
            10.82731533
          ],
          [
            106.62508392,
            10.82772064
          ],
          [
            106.62480164,
            10.82815266
          ],
          [
            106.62451935,
            10.82858467
          ],
          [
            106.62459564,
            10.82862663
          ],
          [
            106.62459564,
            10.82862663
          ],
          [
            106.62448883,
            10.8285799
          ],
          [
            106.62399292,
            10.82936001
          ],
          [
            106.62349701,
            10.83013916
          ],
          [
            106.6230011,
            10.83090878
          ],
          [
            106.62250519,
            10.83167839
          ],
          [
            106.62201691,
            10.83244228
          ],
          [
            106.621521,
            10.83320618
          ],
          [
            106.62102509,
            10.83397007
          ],
          [
            106.62052917,
            10.83473396
          ],
          [
            106.6206131,
            10.83478069
          ],
          [
            106.6206131,
            10.83478069
          ],
          [
            106.62052155,
            10.83473873
          ],
          [
            106.61995697,
            10.83561897
          ],
          [
            106.61940002,
            10.83649921
          ],
          [
            106.61885071,
            10.83733177
          ],
          [
            106.61830139,
            10.8381691
          ],
          [
            106.61840057,
            10.83822155
          ],
          [
            106.61840057,
            10.83822155
          ],
          [
            106.61840057,
            10.83822155
          ],
          [
            106.6182785,
            10.83817387
          ],
          [
            106.61705017,
            10.84004974
          ],
          [
            106.61581421,
            10.84194183
          ],
          [
            106.61521912,
            10.842906
          ],
          [
            106.61458588,
            10.84384823
          ],
          [
            106.6134491,
            10.84576607
          ],
          [
            106.61351776,
            10.84580326
          ],
          [
            106.61351776,
            10.84580326
          ],
          [
            106.61351776,
            10.84580326
          ],
          [
            106.61351776,
            10.84580326
          ],
          [
            106.6134491,
            10.845788
          ],
          [
            106.6129837,
            10.84654331
          ],
          [
            106.61252594,
            10.84729958
          ],
          [
            106.61235809,
            10.84719372
          ],
          [
            106.61273193,
            10.84657288
          ],
          [
            106.61313629,
            10.84595203
          ],
          [
            106.61352539,
            10.84518719
          ],
          [
            106.61352539,
            10.84518719
          ],
          [
            106.61352539,
            10.84518719
          ],
          [
            106.61352539,
            10.84518719
          ],
          [
            106.61402893,
            10.84436512
          ],
          [
            106.61326599,
            10.84382725
          ],
          [
            106.6133728,
            10.8437376
          ]
        ]
      },
      "properties": {
        "feature_type": "route_path",
        "stt": 1,
        "route_id": 4,
        "route_no": "04",
        "display_code": "B 04",
        "route_name": "Bến Thành - Cộng Hòa - Bến xe An Sương",
        "direction": "Lượt đi",
        "outbound": true,
        "start_point": "Bến Thành",
        "end_point": "Bến xe An Sương",
        "start_stop": "Bến xe buýt Sài Gòn",
        "end_stop": "Bến xe An Sương",
        "distance_km": 17.08,
        "listed_length_km": 16,
        "running_time_min": 70,
        "operating_hours": "5:00 - 20:15",
        "stroke": "#E53935",
        "stroke_width": 4,
        "stroke_opacity": 0.85
      }
    },
    {
      "type": "Feature",
      "geometry": {
        "type": "LineString",
        "coordinates": [
          [
            106.6133728,
            10.8437376
          ],
          [
            106.61417389,
            10.84428596
          ],
          [
            106.61479187,
            10.84338474
          ],
          [
            106.6150589,
            10.84276867
          ],
          [
            106.61504364,
            10.84253693
          ],
          [
            106.61534882,
            10.84226322
          ],
          [
            106.61589813,
            10.84139633
          ],
          [
            106.61644745,
            10.84052944
          ],
          [
            106.61694336,
            10.83974743
          ],
          [
            106.6174469,
            10.83896446
          ],
          [
            106.61734772,
            10.83889103
          ],
          [
            106.61734772,
            10.83889103
          ],
          [
            106.61734772,
            10.83889103
          ],
          [
            106.61734772,
            10.83889103
          ],
          [
            106.61734772,
            10.83889103
          ],
          [
            106.61745453,
            10.83895969
          ],
          [
            106.61815643,
            10.83784008
          ],
          [
            106.61886597,
            10.83673573
          ],
          [
            106.61958313,
            10.83564281
          ],
          [
            106.62030029,
            10.83454895
          ],
          [
            106.62020874,
            10.83449745
          ],
          [
            106.62020874,
            10.83449745
          ],
          [
            106.62020874,
            10.83449745
          ],
          [
            106.62030792,
            10.83454895
          ],
          [
            106.62070465,
            10.83392811
          ],
          [
            106.62110138,
            10.83330631
          ],
          [
            106.62149811,
            10.83268452
          ],
          [
            106.62189484,
            10.83206272
          ],
          [
            106.62179565,
            10.83201981
          ],
          [
            106.62179565,
            10.83201981
          ],
          [
            106.62188721,
            10.83207798
          ],
          [
            106.62238312,
            10.83133507
          ],
          [
            106.6228714,
            10.83059216
          ],
          [
            106.62335205,
            10.82986164
          ],
          [
            106.62382507,
            10.82913017
          ],
          [
            106.62419128,
            10.82856274
          ],
          [
            106.6245575,
            10.8279953
          ],
          [
            106.62483978,
            10.82768536
          ],
          [
            106.62522888,
            10.8272047
          ],
          [
            106.62561035,
            10.82672501
          ],
          [
            106.62568665,
            10.82650375
          ],
          [
            106.62591553,
            10.82629299
          ],
          [
            106.62586212,
            10.82623959
          ],
          [
            106.62586212,
            10.82623959
          ],
          [
            106.62592316,
            10.82630348
          ],
          [
            106.62645721,
            10.82581902
          ],
          [
            106.62698364,
            10.82533455
          ],
          [
            106.62751007,
            10.82485485
          ],
          [
            106.6280365,
            10.82437515
          ],
          [
            106.62857056,
            10.82387733
          ],
          [
            106.62911224,
            10.82337952
          ],
          [
            106.62963104,
            10.82285213
          ],
          [
            106.62979889,
            10.82259464
          ],
          [
            106.62992096,
            10.82234097
          ],
          [
            106.62982178,
            10.82231522
          ],
          [
            106.62982178,
            10.82231522
          ],
          [
            106.62992859,
            10.8223362
          ],
          [
            106.63018036,
            10.82160378
          ],
          [
            106.63040161,
            10.82086086
          ],
          [
            106.63062286,
            10.82014656
          ],
          [
            106.63085175,
            10.81943321
          ],
          [
            106.63061523,
            10.81938553
          ],
          [
            106.63061523,
            10.81938553
          ],
          [
            106.63085175,
            10.8194437
          ],
          [
            106.63105011,
            10.81881618
          ],
          [
            106.63124084,
            10.81818962
          ],
          [
            106.63143921,
            10.8175621
          ],
          [
            106.63162994,
            10.81693554
          ],
          [
            106.63182068,
            10.81631565
          ],
          [
            106.63200378,
            10.81569481
          ],
          [
            106.63219452,
            10.81507492
          ],
          [
            106.63237762,
            10.81445503
          ],
          [
            106.63237762,
            10.81445503
          ],
          [
            106.63259888,
            10.81373405
          ],
          [
            106.63282013,
            10.81301308
          ],
          [
            106.63304138,
            10.8122921
          ],
          [
            106.633255,
            10.81157112
          ],
          [
            106.63346863,
            10.81084919
          ],
          [
            106.63368988,
            10.81012726
          ],
          [
            106.63394165,
            10.80940533
          ],
          [
            106.63414001,
            10.80870533
          ],
          [
            106.63401794,
            10.80868912
          ],
          [
            106.63401794,
            10.80868912
          ],
          [
            106.63414001,
            10.8087101
          ],
          [
            106.63439178,
            10.80796719
          ],
          [
            106.63488007,
            10.80729294
          ],
          [
            106.63546753,
            10.80671883
          ],
          [
            106.63608551,
            10.80617523
          ],
          [
            106.63605499,
            10.80614376
          ],
          [
            106.63605499,
            10.80614376
          ],
          [
            106.63609314,
            10.80617523
          ],
          [
            106.63664246,
            10.80552769
          ],
          [
            106.63707733,
            10.80487919
          ],
          [
            106.63750458,
            10.80420971
          ],
          [
            106.63795471,
            10.80358887
          ],
          [
            106.63788605,
            10.80354118
          ],
          [
            106.63788605,
            10.80354118
          ],
          [
            106.63796997,
            10.80359364
          ],
          [
            106.63813782,
            10.80335617
          ],
          [
            106.63833618,
            10.80311966
          ],
          [
            106.63861847,
            10.80292988
          ],
          [
            106.63893127,
            10.8027668
          ],
          [
            106.63925171,
            10.80262947
          ],
          [
            106.63957214,
            10.80254459
          ],
          [
            106.63990784,
            10.80249786
          ],
          [
            106.64025116,
            10.80248737
          ],
          [
            106.64025116,
            10.80237103
          ],
          [
            106.64025116,
            10.80237103
          ],
          [
            106.64025116,
            10.80248165
          ],
          [
            106.64074707,
            10.80244255
          ],
          [
            106.64125061,
            10.8024025
          ],
          [
            106.64175415,
            10.8023634
          ],
          [
            106.64225769,
            10.80232334
          ],
          [
            106.64276123,
            10.80228138
          ],
          [
            106.64326477,
            10.80223942
          ],
          [
            106.64376831,
            10.80219746
          ],
          [
            106.64427948,
            10.80215549
          ],
          [
            106.64429474,
            10.80205536
          ],
          [
            106.64429474,
            10.80205536
          ],
          [
            106.64431,
            10.802145
          ],
          [
            106.64506531,
            10.8020525
          ],
          [
            106.64582062,
            10.80195999
          ],
          [
            106.64658356,
            10.80191231
          ],
          [
            106.6473465,
            10.80186558
          ],
          [
            106.64810944,
            10.80179119
          ],
          [
            106.64888,
            10.80171776
          ],
          [
            106.64964294,
            10.80167294
          ],
          [
            106.65041351,
            10.80162811
          ],
          [
            106.65041351,
            10.80154419
          ],
          [
            106.65041351,
            10.80154419
          ],
          [
            106.65040588,
            10.80162811
          ],
          [
            106.65120697,
            10.80155945
          ],
          [
            106.65200806,
            10.80149078
          ],
          [
            106.6528244,
            10.80143356
          ],
          [
            106.65363312,
            10.80137539
          ],
          [
            106.65364075,
            10.80125427
          ],
          [
            106.65364075,
            10.80125427
          ],
          [
            106.65363312,
            10.8013649
          ],
          [
            106.65439606,
            10.80129719
          ],
          [
            106.655159,
            10.80123043
          ],
          [
            106.65592194,
            10.80116272
          ],
          [
            106.65668488,
            10.80109596
          ],
          [
            106.65667725,
            10.80098534
          ],
          [
            106.65667725,
            10.80098534
          ],
          [
            106.65667725,
            10.80109596
          ],
          [
            106.6572113,
            10.80104828
          ],
          [
            106.65775299,
            10.80100155
          ],
          [
            106.65812683,
            10.80097198
          ],
          [
            106.65850067,
            10.80094337
          ],
          [
            106.65882111,
            10.80083275
          ],
          [
            106.65882111,
            10.80083275
          ],
          [
            106.65882111,
            10.80083275
          ],
          [
            106.65882111,
            10.80083275
          ],
          [
            106.66069031,
            10.80070114
          ],
          [
            106.66081238,
            10.80049515
          ],
          [
            106.6608429,
            10.80031109
          ],
          [
            106.66091156,
            10.80023193
          ],
          [
            106.66108704,
            10.8002367
          ],
          [
            106.66130066,
            10.80042648
          ],
          [
            106.66158295,
            10.80063248
          ],
          [
            106.66252899,
            10.80055809
          ],
          [
            106.66348267,
            10.80047989
          ],
          [
            106.66381073,
            10.80052662
          ],
          [
            106.66639709,
            10.80029011
          ],
          [
            106.66637421,
            10.8002367
          ],
          [
            106.66637421,
            10.8002367
          ],
          [
            106.66637421,
            10.8002367
          ],
          [
            106.66637421,
            10.8002367
          ],
          [
            106.66635895,
            10.80031586
          ],
          [
            106.66690063,
            10.80026627
          ],
          [
            106.66743469,
            10.80021572
          ],
          [
            106.6680069,
            10.79995251
          ],
          [
            106.66851044,
            10.79966259
          ],
          [
            106.66847229,
            10.79958916
          ],
          [
            106.66847229,
            10.79958916
          ],
          [
            106.66849518,
            10.79966831
          ],
          [
            106.66906738,
            10.79934025
          ],
          [
            106.66963196,
            10.79901218
          ],
          [
            106.67020416,
            10.79868412
          ],
          [
            106.67076874,
            10.79835606
          ],
          [
            106.67074585,
            10.79828167
          ],
          [
            106.67074585,
            10.79828167
          ],
          [
            106.670784,
            10.79836655
          ],
          [
            106.67150879,
            10.7979393
          ],
          [
            106.67223358,
            10.79751778
          ],
          [
            106.67294312,
            10.79709911
          ],
          [
            106.67365265,
            10.79668045
          ],
          [
            106.67360687,
            10.79659557
          ],
          [
            106.67360687,
            10.79659557
          ],
          [
            106.67366028,
            10.79666996
          ],
          [
            106.67423248,
            10.79633236
          ],
          [
            106.67479706,
            10.79599476
          ],
          [
            106.67536163,
            10.79565811
          ],
          [
            106.67593384,
            10.79532051
          ],
          [
            106.67589569,
            10.79523563
          ],
          [
            106.67589569,
            10.79523563
          ],
          [
            106.6791687,
            10.79327583
          ],
          [
            106.6791687,
            10.79327583
          ],
          [
            106.6791687,
            10.79327583
          ],
          [
            106.67923737,
            10.79336071
          ],
          [
            106.67974091,
            10.79306316
          ],
          [
            106.68025208,
            10.79276466
          ],
          [
            106.68076324,
            10.79245377
          ],
          [
            106.68128204,
            10.79214287
          ],
          [
            106.68173218,
            10.79172134
          ],
          [
            106.68217468,
            10.79129982
          ],
          [
            106.68265533,
            10.79086304
          ],
          [
            106.68309784,
            10.79046249
          ],
          [
            106.68302155,
            10.79038143
          ],
          [
            106.68302155,
            10.79038143
          ],
          [
            106.6831131,
            10.79045677
          ],
          [
            106.68358612,
            10.79001522
          ],
          [
            106.68406677,
            10.78957462
          ],
          [
            106.68453979,
            10.78913307
          ],
          [
            106.68502045,
            10.78869152
          ],
          [
            106.68551636,
            10.7882328
          ],
          [
            106.68600464,
            10.78777504
          ],
          [
            106.68648529,
            10.7873373
          ],
          [
            106.68695831,
            10.78689957
          ],
          [
            106.68689728,
            10.7868309
          ],
          [
            106.68689728,
            10.7868309
          ],
          [
            106.68694305,
            10.78685284
          ],
          [
            106.68774414,
            10.78613853
          ],
          [
            106.68854523,
            10.78542423
          ],
          [
            106.68847656,
            10.7853508
          ],
          [
            106.68847656,
            10.7853508
          ],
          [
            106.69098663,
            10.78311634
          ],
          [
            106.69098663,
            10.78311634
          ],
          [
            106.69315338,
            10.78112984
          ],
          [
            106.69315338,
            10.78112984
          ],
          [
            106.69451904,
            10.77984428
          ],
          [
            106.69451904,
            10.77984428
          ],
          [
            106.6946106,
            10.77993298
          ],
          [
            106.69512939,
            10.77945423
          ],
          [
            106.69564819,
            10.77897453
          ],
          [
            106.69617462,
            10.77849483
          ],
          [
            106.69669342,
            10.77801514
          ],
          [
            106.69721222,
            10.77753544
          ],
          [
            106.69773102,
            10.77705574
          ],
          [
            106.6982193,
            10.77659512
          ],
          [
            106.69871521,
            10.77613354
          ],
          [
            106.69864655,
            10.77605247
          ],
          [
            106.69864655,
            10.77605247
          ],
          [
            106.69864655,
            10.77605247
          ],
          [
            106.69872284,
            10.77611256
          ],
          [
            106.69902039,
            10.77581215
          ],
          [
            106.69924927,
            10.77536964
          ],
          [
            106.69943237,
            10.77490616
          ],
          [
            106.69962311,
            10.77444458
          ],
          [
            106.69981384,
            10.77398396
          ],
          [
            106.69972229,
            10.77395725
          ],
          [
            106.69972229,
            10.77395725
          ],
          [
            106.69972229,
            10.77395725
          ],
          [
            106.69972229,
            10.77395725
          ],
          [
            106.69972229,
            10.77395725
          ],
          [
            106.69983673,
            10.77399445
          ],
          [
            106.70011139,
            10.77335167
          ],
          [
            106.70039368,
            10.77270889
          ],
          [
            106.70065308,
            10.77207565
          ],
          [
            106.70093536,
            10.77142811
          ],
          [
            106.70085144,
            10.77141571
          ],
          [
            106.70085144,
            10.77141571
          ],
          [
            106.70085144,
            10.77141571
          ],
          [
            106.70085144,
            10.77141571
          ],
          [
            106.70085144,
            10.77141571
          ],
          [
            106.70093536,
            10.77142239
          ],
          [
            106.70111084,
            10.77105904
          ],
          [
            106.7002182,
            10.77110958
          ],
          [
            106.69932556,
            10.77115917
          ],
          [
            106.69932556,
            10.7712431
          ],
          [
            106.69932556,
            10.7712431
          ],
          [
            106.69932556,
            10.7712431
          ],
          [
            106.69932556,
            10.7712431
          ],
          [
            106.69932556,
            10.7712431
          ],
          [
            106.69932556,
            10.7712431
          ],
          [
            106.69933319,
            10.77116489
          ],
          [
            106.69906616,
            10.77114868
          ],
          [
            106.69847107,
            10.77140141
          ],
          [
            106.69786835,
            10.77165413
          ],
          [
            106.69739532,
            10.77147007
          ],
          [
            106.6969223,
            10.77128601
          ],
          [
            106.69644928,
            10.77109337
          ],
          [
            106.69597626,
            10.77090073
          ],
          [
            106.69594574,
            10.77096367
          ],
          [
            106.69594574,
            10.77096367
          ],
          [
            106.69594574,
            10.77096367
          ],
          [
            106.69594574,
            10.77096367
          ],
          [
            106.69594574,
            10.77096367
          ],
          [
            106.69594574,
            10.77096367
          ],
          [
            106.69594574,
            10.77096367
          ],
          [
            106.69599152,
            10.77089024
          ],
          [
            106.69537354,
            10.77063179
          ],
          [
            106.69475555,
            10.7703743
          ],
          [
            106.69413757,
            10.77011585
          ],
          [
            106.69351959,
            10.76988888
          ],
          [
            106.6934967,
            10.76995182
          ],
          [
            106.6934967,
            10.76995182
          ],
          [
            106.6934967,
            10.76995182
          ],
          [
            106.69046783,
            10.76876068
          ],
          [
            106.69046783,
            10.76876068
          ],
          [
            106.69046783,
            10.76876068
          ],
          [
            106.69046783,
            10.76876068
          ],
          [
            106.69049835,
            10.76868725
          ],
          [
            106.68985748,
            10.7684164
          ],
          [
            106.68921661,
            10.76814461
          ],
          [
            106.68936157,
            10.76767635
          ],
          [
            106.68936157,
            10.76767635
          ],
          [
            106.68936157,
            10.76767635
          ]
        ]
      },
      "properties": {
        "feature_type": "route_path",
        "stt": 1,
        "route_id": 4,
        "route_no": "04",
        "display_code": "B 04",
        "route_name": "Bến Thành - Cộng Hòa - Bến xe An Sương",
        "direction": "Lượt về",
        "outbound": false,
        "start_point": "Bến Thành",
        "end_point": "Bến xe An Sương",
        "start_stop": "Bến xe An Sương",
        "end_stop": "Bến xe buýt Sài Gòn",
        "distance_km": 15.82,
        "listed_length_km": 16,
        "running_time_min": 70,
        "operating_hours": "5:00 - 20:15",
        "stroke": "#E53935",
        "stroke_width": 4,
        "stroke_opacity": 0.85
      }
    },
    {
      "type": "Feature",
      "geometry": {
        "type": "Point",
        "coordinates": [
          106.689362,
          10.767676
        ]
      },
      "properties": {
        "feature_type": "bus_stop",
        "stop_id": 35,
        "stop_code": "BX 01",
        "stop_name": "Bến xe buýt Sài Gòn",
        "stop_type": "Bến xe",
        "route_no": "04",
        "display_code": "B 04",
        "direction": "Lượt đi",
        "address": "BẾN XE BUÝT SÀI GÒN Lê Lai",
        "street": "Lê Lai",
        "zone": "Quận 1",
        "ward": "Phường Phạm Ngũ Lão",
        "all_routes": "03, 04, 102, 109, 13, 140, 171, 172, 18, 19, 20, 27, 28, 34, 36, 39, 52, 65, 69, 72, 75, 86, 88, 93, D4, DL01, DL02, DL03, DL04, DL05, DL06",
        "marker_color": "#E53935"
      }
    },
    {
      "type": "Feature",
      "geometry": {
        "type": "Point",
        "coordinates": [
          106.690941,
          10.76767
        ]
      },
      "properties": {
        "feature_type": "bus_stop",
        "stop_id": 7276,
        "stop_code": "Q1 190",
        "stop_name": "Khách sạn Viễn Đông",
        "stop_type": "Trụ dừng",
        "route_no": "04",
        "display_code": "B 04",
        "direction": "Lượt đi",
        "address": "277-279-275Y Phạm Ngũ Lão",
        "street": "Phạm Ngũ Lão",
        "zone": "Quận 1",
        "ward": "Phường Phạm Ngũ Lão",
        "all_routes": "03, 04, 102, 109, 13, 140, 156V, 171, 172, 18, 19, 20, 28, 34, 36, 39, 46, 52, 65, 69, 72, 72-2B, 75, 86, 88, 93, D4, DL01, DL02, DL03",
        "marker_color": "#E53935"
      }
    },
    {
      "type": "Feature",
      "geometry": {
        "type": "Point",
        "coordinates": [
          106.693699,
          10.768788
        ]
      },
      "properties": {
        "feature_type": "bus_stop",
        "stop_id": 7277,
        "stop_code": "Q1 191",
        "stop_name": "Sân khấu Sen Hồng",
        "stop_type": "Trụ dừng",
        "route_no": "04",
        "display_code": "B 04",
        "direction": "Lượt đi",
        "address": "187 Phạm Ngũ Lão",
        "street": "Phạm Ngũ Lão",
        "zone": "Quận 1",
        "ward": "Phường Phạm Ngũ Lão",
        "all_routes": "03, 04, 102, 109, 13, 140, 156V, 171, 172, 18, 19, 20, 28, 34, 36, 39, 46, 52, 65, 69, 72, 72-2B, 93, D4, DL01, DL02, DL03, DL05, DL06",
        "marker_color": "#E53935"
      }
    },
    {
      "type": "Feature",
      "geometry": {
        "type": "Point",
        "coordinates": [
          106.695587,
          10.769504
        ]
      },
      "properties": {
        "feature_type": "bus_stop",
        "stop_id": 7278,
        "stop_code": "Q1 192",
        "stop_name": "Trường Emst Thalmann",
        "stop_type": "Nhà chờ",
        "route_no": "04",
        "display_code": "B 04",
        "direction": "Lượt đi",
        "address": "Trường Emst Thalmann Phạm Ngũ Lão",
        "street": "Phạm Ngũ Lão",
        "zone": "Quận 1",
        "ward": "Phường Phạm Ngũ Lão",
        "all_routes": "03, 04, 109, 13, 156V, 171, 172, 18, 19, 20, 28, 34, 36, 39, 52, 65, 69, 72-2B, 93, D4, DL01, DL02, DL03",
        "marker_color": "#E53935"
      }
    },
    {
      "type": "Feature",
      "geometry": {
        "type": "Point",
        "coordinates": [
          106.700807,
          10.770896
        ]
      },
      "properties": {
        "feature_type": "bus_stop",
        "stop_id": 7266,
        "stop_code": "Q1 180",
        "stop_name": "Trạm Trung chuyển trên đường Hàm Nghi",
        "stop_type": "Nhà chờ",
        "route_no": "04",
        "display_code": "B 04",
        "direction": "Lượt đi",
        "address": "Hàm Nghi 7 Hàm Nghi",
        "street": "Hàm Nghi",
        "zone": "Quận 1",
        "ward": "Phường Nguyễn Thái Bình",
        "all_routes": "01, 04, 19, 56, 88",
        "marker_color": "#E53935"
      }
    },
    {
      "type": "Feature",
      "geometry": {
        "type": "Point",
        "coordinates": [
          106.701354,
          10.770875
        ]
      },
      "properties": {
        "feature_type": "bus_stop",
        "stop_id": 7693,
        "stop_code": "Q1 1950",
        "stop_name": "Nam Kỳ Khởi Nghĩa",
        "stop_type": "Nhà chờ",
        "route_no": "04",
        "display_code": "B 04",
        "direction": "Lượt đi",
        "address": "93-95 Hàm Nghi",
        "street": "Hàm Nghi",
        "zone": "Quận 1",
        "ward": "Phường Nguyễn Thái Bình",
        "all_routes": "01, 03, 04, 109, 152, 155, 18, 19, 20, 31, 36, 45, 52, 53, 56, 75, 88, 93",
        "marker_color": "#E53935"
      }
    },
    {
      "type": "Feature",
      "geometry": {
        "type": "Point",
        "coordinates": [
          106.701998,
          10.770811
        ]
      },
      "properties": {
        "feature_type": "bus_stop",
        "stop_id": 1256,
        "stop_code": "Q1 195",
        "stop_name": "Chợ Cũ",
        "stop_type": "Nhà chờ",
        "route_no": "04",
        "display_code": "B 04",
        "direction": "Lượt đi",
        "address": "89A Hàm Nghi",
        "street": "Hàm Nghi",
        "zone": "Quận 1",
        "ward": "Phường Nguyễn Thái Bình",
        "all_routes": "03, 04, 109, 152, 155, 18, 19, 20, 31, 36, 45, 52, 53, 56, 75, 86, 88, 93",
        "marker_color": "#E53935"
      }
    },
    {
      "type": "Feature",
      "geometry": {
        "type": "Point",
        "coordinates": [
          106.70139,
          10.773595
        ]
      },
      "properties": {
        "feature_type": "bus_stop",
        "stop_id": 4271,
        "stop_code": "Q1 078",
        "stop_name": "Đền Thờ Ấn Giáo, Pasteur",
        "stop_type": "Nhà chờ",
        "route_no": "04",
        "display_code": "B 04",
        "direction": "Lượt đi",
        "address": "Đền Thờ Ấn Giáo Pasteur",
        "street": "Pasteur",
        "zone": "Quận 1",
        "ward": null,
        "all_routes": "04, 109, 152, 155, 171, 18, 31, 36, 52, 93",
        "marker_color": "#E53935"
      }
    },
    {
      "type": "Feature",
      "geometry": {
        "type": "Point",
        "coordinates": [
          106.700768,
          10.775088
        ]
      },
      "properties": {
        "feature_type": "bus_stop",
        "stop_id": 2724,
        "stop_code": "Q1 079",
        "stop_name": "Lê Thánh Tôn",
        "stop_type": "Trụ dừng",
        "route_no": "04",
        "display_code": "B 04",
        "direction": "Lượt đi",
        "address": "144 Pasteur",
        "street": "Pasteur",
        "zone": "Quận 1",
        "ward": null,
        "all_routes": "04, 109, 152, 171, 18, 31, 36, 52, 93",
        "marker_color": "#E53935"
      }
    },
    {
      "type": "Feature",
      "geometry": {
        "type": "Point",
        "coordinates": [
          106.699657,
          10.777089
        ]
      },
      "properties": {
        "feature_type": "bus_stop",
        "stop_id": 4272,
        "stop_code": "Q1 080",
        "stop_name": "Lý Tự Trọng",
        "stop_type": "Nhà chờ",
        "route_no": "04",
        "display_code": "B 04",
        "direction": "Lượt đi",
        "address": "158D Pasteur",
        "street": "Pasteur",
        "zone": "Quận 1",
        "ward": "Phường Bến Nghé",
        "all_routes": "04, 109, 152, 171, 18, 31, 36, 52, 72-2B, 93, DL01",
        "marker_color": "#E53935"
      }
    },
    {
      "type": "Feature",
      "geometry": {
        "type": "Point",
        "coordinates": [
          106.698333,
          10.778307999999999
        ]
      },
      "properties": {
        "feature_type": "bus_stop",
        "stop_id": 4273,
        "stop_code": "Q1 081",
        "stop_name": "Lê Duẩn",
        "stop_type": "Trụ dừng",
        "route_no": "04",
        "display_code": "B 04",
        "direction": "Lượt đi",
        "address": "178 Pasteur",
        "street": "Pasteur",
        "zone": "Quận 1",
        "ward": null,
        "all_routes": "04, 109, 152, 171, 18, 31, 36, 52, 72-2B, 93, DL01",
        "marker_color": "#E53935"
      }
    },
    {
      "type": "Feature",
      "geometry": {
        "type": "Point",
        "coordinates": [
          106.696659,
          10.779782
        ]
      },
      "properties": {
        "feature_type": "bus_stop",
        "stop_id": 4274,
        "stop_code": "Q1 082",
        "stop_name": "Nguyễn Thị Minh Khai",
        "stop_type": "Nhà chờ",
        "route_no": "04",
        "display_code": "B 04",
        "direction": "Lượt đi",
        "address": "184 Pasteur",
        "street": "Pasteur",
        "zone": "Quận 1",
        "ward": null,
        "all_routes": "04, 109, 152, 171, 31, 72-2B, 93",
        "marker_color": "#E53935"
      }
    },
    {
      "type": "Feature",
      "geometry": {
        "type": "Point",
        "coordinates": [
          106.694579,
          10.781804
        ]
      },
      "properties": {
        "feature_type": "bus_stop",
        "stop_id": 243,
        "stop_code": "Q3 082",
        "stop_name": "Đại học Kiến Trúc",
        "stop_type": "Nhà chờ",
        "route_no": "04",
        "display_code": "B 04",
        "direction": "Lượt đi",
        "address": "194 D Pasteur",
        "street": "Pasteur",
        "zone": "Quận 3",
        "ward": "Phường 06",
        "all_routes": "04, 109, 152, 72-2B, 93",
        "marker_color": "#E53935"
      }
    },
    {
      "type": "Feature",
      "geometry": {
        "type": "Point",
        "coordinates": [
          106.692749,
          10.783419
        ]
      },
      "properties": {
        "feature_type": "bus_stop",
        "stop_id": 244,
        "stop_code": "Q3 083",
        "stop_name": "Điện Biên Phủ",
        "stop_type": "Nhà chờ",
        "route_no": "04",
        "display_code": "B 04",
        "direction": "Lượt đi",
        "address": "214 Pasteur",
        "street": "Pasteur",
        "zone": "Quận 3",
        "ward": "Phường 06",
        "all_routes": "04, 109, 152, 72-2B, 93",
        "marker_color": "#E53935"
      }
    },
    {
      "type": "Feature",
      "geometry": {
        "type": "Point",
        "coordinates": [
          106.691145,
          10.784924
        ]
      },
      "properties": {
        "feature_type": "bus_stop",
        "stop_id": 245,
        "stop_code": "Q3 084",
        "stop_name": "Võ Thị Sáu",
        "stop_type": "Trụ dừng",
        "route_no": "04",
        "display_code": "B 04",
        "direction": "Lượt đi",
        "address": "232 Pasteur",
        "street": "Pasteur",
        "zone": "Quận 3",
        "ward": null,
        "all_routes": "04, 109, 152, 72-2B",
        "marker_color": "#E53935"
      }
    },
    {
      "type": "Feature",
      "geometry": {
        "type": "Point",
        "coordinates": [
          106.689613,
          10.785583
        ]
      },
      "properties": {
        "feature_type": "bus_stop",
        "stop_id": 246,
        "stop_code": "Q3 101",
        "stop_name": "Nhà thiếu nhi thành phố",
        "stop_type": "Nhà chờ",
        "route_no": "04",
        "display_code": "B 04",
        "direction": "Lượt đi",
        "address": "Đối diện 153 A-B (ngã 4 NKKN) Võ Thị Sáu",
        "street": "Võ Thị Sáu",
        "zone": "Quận 3",
        "ward": null,
        "all_routes": "04, 10, 109, 152, 30, 72-1, 91",
        "marker_color": "#E53935"
      }
    },
    {
      "type": "Feature",
      "geometry": {
        "type": "Point",
        "coordinates": [
          106.688683,
          10.785577
        ]
      },
      "properties": {
        "feature_type": "bus_stop",
        "stop_id": 247,
        "stop_code": "Q3 048",
        "stop_name": "Viện Pasteur",
        "stop_type": "Nhà chờ",
        "route_no": "04",
        "display_code": "B 04",
        "direction": "Lượt đi",
        "address": "252 (Đối diện 175) Nam Kỳ Khởi Nghĩa",
        "street": "Nam Kỳ Khởi Nghĩa",
        "zone": "Quận 3",
        "ward": null,
        "all_routes": "04, 109, 152, 72-1",
        "marker_color": "#E53935"
      }
    },
    {
      "type": "Feature",
      "geometry": {
        "type": "Point",
        "coordinates": [
          106.687133,
          10.787047
        ]
      },
      "properties": {
        "feature_type": "bus_stop",
        "stop_id": 248,
        "stop_code": "Q3 049",
        "stop_name": "Trần Quốc Toản",
        "stop_type": "Trụ dừng",
        "route_no": "04",
        "display_code": "B 04",
        "direction": "Lượt đi",
        "address": "260A Nam Kỳ Khởi Nghĩa",
        "street": "Nam Kỳ Khởi Nghĩa",
        "zone": "Quận 3",
        "ward": "Phường 08",
        "all_routes": "04, 109, 152, 72-1, 72-2B",
        "marker_color": "#E53935"
      }
    },
    {
      "type": "Feature",
      "geometry": {
        "type": "Point",
        "coordinates": [
          106.684746,
          10.789245
        ]
      },
      "properties": {
        "feature_type": "bus_stop",
        "stop_id": 250,
        "stop_code": "Q3 050",
        "stop_name": "Lý Chính Thắng",
        "stop_type": "Trụ dừng",
        "route_no": "04",
        "display_code": "B 04",
        "direction": "Lượt đi",
        "address": "288 B7 Nam Kỳ Khởi Nghĩa",
        "street": "Nam Kỳ Khởi Nghĩa",
        "zone": "Quận 3",
        "ward": null,
        "all_routes": "04, 109, 152, 72-1, 72-2B",
        "marker_color": "#E53935"
      }
    },
    {
      "type": "Feature",
      "geometry": {
        "type": "Point",
        "coordinates": [
          106.683125,
          10.790694
        ]
      },
      "properties": {
        "feature_type": "bus_stop",
        "stop_id": 249,
        "stop_code": "Q3 051",
        "stop_name": "Chùa Vĩnh Nghiêm",
        "stop_type": "Trụ dừng",
        "route_no": "04",
        "display_code": "B 04",
        "direction": "Lượt đi",
        "address": "382E Nam Kỳ Khởi Nghĩa",
        "street": "Nam Kỳ Khởi Nghĩa",
        "zone": "Quận 3",
        "ward": null,
        "all_routes": "04, 109, 152, 72-1, 72-2B",
        "marker_color": "#E53935"
      }
    },
    {
      "type": "Feature",
      "geometry": {
        "type": "Point",
        "coordinates": [
          106.679236,
          10.793555
        ]
      },
      "properties": {
        "feature_type": "bus_stop",
        "stop_id": 251,
        "stop_code": "QPN 048",
        "stop_name": "Ngã tư Trần Huy Liệu",
        "stop_type": "Trụ dừng",
        "route_no": "04",
        "display_code": "B 04",
        "direction": "Lượt đi",
        "address": "40 Nguyễn Văn Trỗi",
        "street": "Nguyễn Văn Trỗi",
        "zone": "Quận Phú Nhuận",
        "ward": null,
        "all_routes": "04, 109, 152, 72-1, 72-2B",
        "marker_color": "#E53935"
      }
    },
    {
      "type": "Feature",
      "geometry": {
        "type": "Point",
        "coordinates": [
          106.676093,
          10.795421
        ]
      },
      "properties": {
        "feature_type": "bus_stop",
        "stop_id": 252,
        "stop_code": "QPN 049",
        "stop_name": "Trung tâm văn hóa Quận Phú Nhuận",
        "stop_type": "Trụ dừng",
        "route_no": "04",
        "display_code": "B 04",
        "direction": "Lượt đi",
        "address": "68 Nguyễn Văn Trỗi",
        "street": "Nguyễn Văn Trỗi",
        "zone": "Quận Phú Nhuận",
        "ward": null,
        "all_routes": "04, 07, 109, 152, 72-1, 72-2B",
        "marker_color": "#E53935"
      }
    },
    {
      "type": "Feature",
      "geometry": {
        "type": "Point",
        "coordinates": [
          106.673797,
          10.79677
        ]
      },
      "properties": {
        "feature_type": "bus_stop",
        "stop_id": 253,
        "stop_code": "QPN 050",
        "stop_name": "Cổng xe lửa",
        "stop_type": "Trụ dừng",
        "route_no": "04",
        "display_code": "B 04",
        "direction": "Lượt đi",
        "address": "104 Nguyễn Văn Trỗi",
        "street": "Nguyễn Văn Trỗi",
        "zone": "Quận Phú Nhuận",
        "ward": null,
        "all_routes": "04, 07, 109, 152, 72-1, 72-2B",
        "marker_color": "#E53935"
      }
    },
    {
      "type": "Feature",
      "geometry": {
        "type": "Point",
        "coordinates": [
          106.670793,
          10.798525
        ]
      },
      "properties": {
        "feature_type": "bus_stop",
        "stop_id": 254,
        "stop_code": "QPN 051",
        "stop_name": "Bệnh viện Quận Phú Nhuận",
        "stop_type": "Trụ dừng",
        "route_no": "04",
        "display_code": "B 04",
        "direction": "Lượt đi",
        "address": "142 Nguyễn Văn Trỗi",
        "street": "Nguyễn Văn Trỗi",
        "zone": "Quận Phú Nhuận",
        "ward": null,
        "all_routes": "04, 07, 109, 152, 72-1, 72-2B",
        "marker_color": "#E53935"
      }
    },
    {
      "type": "Feature",
      "geometry": {
        "type": "Point",
        "coordinates": [
          106.66891,
          10.799642
        ]
      },
      "properties": {
        "feature_type": "bus_stop",
        "stop_id": 255,
        "stop_code": "QPN 052 ",
        "stop_name": "Cây xăng Quân khu 7",
        "stop_type": "Nhà chờ",
        "route_no": "04",
        "display_code": "B 04",
        "direction": "Lượt đi",
        "address": "180 Nguyễn Văn Trỗi",
        "street": "Nguyễn Văn Trỗi",
        "zone": "Quận Phú Nhuận",
        "ward": null,
        "all_routes": "04, 07, 109, 152, 72-1, 72-2B",
        "marker_color": "#E53935"
      }
    },
    {
      "type": "Feature",
      "geometry": {
        "type": "Point",
        "coordinates": [
          106.66678,
          10.800848
        ]
      },
      "properties": {
        "feature_type": "bus_stop",
        "stop_id": 256,
        "stop_code": "QTB 099",
        "stop_name": "Cổng trước SVĐ Quân Khu 7",
        "stop_type": "Nhà chờ",
        "route_no": "04",
        "display_code": "B 04",
        "direction": "Lượt đi",
        "address": "A2 (Sân vận động Quân khu 7) Phan Đình Giót",
        "street": "Phan Đình Giót",
        "zone": "Quận Tân Bình",
        "ward": null,
        "all_routes": "04, 07, 08, 104, 109, 152, 63-1, 64, 72-1, 72-2B",
        "marker_color": "#E53935"
      }
    },
    {
      "type": "Feature",
      "geometry": {
        "type": "Point",
        "coordinates": [
          106.662312,
          10.801365
        ]
      },
      "properties": {
        "feature_type": "bus_stop",
        "stop_id": 258,
        "stop_code": "QTB 107",
        "stop_name": "Vòng xoay Lăng Cha Cả",
        "stop_type": "Nhà chờ",
        "route_no": "04",
        "display_code": "B 04",
        "direction": "Lượt đi",
        "address": "20 Trần Quốc Hoàn",
        "street": "Trần Quốc Hoàn",
        "zone": "Quận Tân Bình",
        "ward": null,
        "all_routes": "04, 08, 103, 104, 148, 152, 50, 59, 63-1, 64, 72-2B",
        "marker_color": "#E53935"
      }
    },
    {
      "type": "Feature",
      "geometry": {
        "type": "Point",
        "coordinates": [
          106.659168,
          10.801038
        ]
      },
      "properties": {
        "feature_type": "bus_stop",
        "stop_id": 259,
        "stop_code": "QTB 110",
        "stop_name": "Siêu thị Maximark Cộng Hòa",
        "stop_type": "Ô sơn",
        "route_no": "04",
        "display_code": "B 04",
        "direction": "Lượt đi",
        "address": "60 Cộng Hòa",
        "street": "Cộng Hòa",
        "zone": "Quận Tân Bình",
        "ward": null,
        "all_routes": "04, 104, 145, 28, 63-1",
        "marker_color": "#E53935"
      }
    },
    {
      "type": "Feature",
      "geometry": {
        "type": "Point",
        "coordinates": [
          106.656754,
          10.801238
        ]
      },
      "properties": {
        "feature_type": "bus_stop",
        "stop_id": 260,
        "stop_code": "QTB 111",
        "stop_name": "Nhà hát Quân Đội",
        "stop_type": "Trụ dừng",
        "route_no": "04",
        "display_code": "B 04",
        "direction": "Lượt đi",
        "address": "138 (Kế nhà hát Quân đội) Cộng Hòa",
        "street": "Cộng Hòa",
        "zone": "Quận Tân Bình",
        "ward": null,
        "all_routes": "04, 104, 145, 28, 63-1",
        "marker_color": "#E53935"
      }
    },
    {
      "type": "Feature",
      "geometry": {
        "type": "Point",
        "coordinates": [
          106.654817,
          10.801412
        ]
      },
      "properties": {
        "feature_type": "bus_stop",
        "stop_id": 261,
        "stop_code": "QTB 112",
        "stop_name": "Đường 18E",
        "stop_type": "Ô sơn",
        "route_no": "04",
        "display_code": "B 04",
        "direction": "Lượt đi",
        "address": "18E Cộng Hòa",
        "street": "Cộng Hòa",
        "zone": "Quận Tân Bình",
        "ward": null,
        "all_routes": "04, 104, 145, 28, 63-1",
        "marker_color": "#E53935"
      }
    },
    {
      "type": "Feature",
      "geometry": {
        "type": "Point",
        "coordinates": [
          106.651127,
          10.801728
        ]
      },
      "properties": {
        "feature_type": "bus_stop",
        "stop_id": 262,
        "stop_code": "QTB 113",
        "stop_name": "Công ty Lô Hội",
        "stop_type": "Trụ dừng",
        "route_no": "04",
        "display_code": "B 04",
        "direction": "Lượt đi",
        "address": "184 Cộng Hòa",
        "street": "Cộng Hòa",
        "zone": "Quận Tân Bình",
        "ward": null,
        "all_routes": "04, 104, 145, 28, 63-1",
        "marker_color": "#E53935"
      }
    },
    {
      "type": "Feature",
      "geometry": {
        "type": "Point",
        "coordinates": [
          106.646953,
          10.802102
        ]
      },
      "properties": {
        "feature_type": "bus_stop",
        "stop_id": 263,
        "stop_code": "QTB 114",
        "stop_name": "Ngã tư Hoàng Hoa Thám",
        "stop_type": "Trụ dừng",
        "route_no": "04",
        "display_code": "B 04",
        "direction": "Lượt đi",
        "address": "304 Cộng Hòa",
        "street": "Cộng Hòa",
        "zone": "Quận Tân Bình",
        "ward": null,
        "all_routes": "04, 104, 145, 28, 63-1",
        "marker_color": "#E53935"
      }
    },
    {
      "type": "Feature",
      "geometry": {
        "type": "Point",
        "coordinates": [
          106.644512,
          10.802276
        ]
      },
      "properties": {
        "feature_type": "bus_stop",
        "stop_id": 264,
        "stop_code": "QTB 115",
        "stop_name": "Ngã ba Bình Giã",
        "stop_type": "Trụ dừng",
        "route_no": "04",
        "display_code": "B 04",
        "direction": "Lượt đi",
        "address": "394-396 Cộng Hòa",
        "street": "Cộng Hòa",
        "zone": "Quận Tân Bình",
        "ward": null,
        "all_routes": "04, 104, 145, 28, 63-1",
        "marker_color": "#E53935"
      }
    },
    {
      "type": "Feature",
      "geometry": {
        "type": "Point",
        "coordinates": [
          106.640967,
          10.802571
        ]
      },
      "properties": {
        "feature_type": "bus_stop",
        "stop_id": 265,
        "stop_code": "QTB 116",
        "stop_name": "ETown",
        "stop_type": "Trụ dừng",
        "route_no": "04",
        "display_code": "B 04",
        "direction": "Lượt đi",
        "address": "496 Cộng Hòa",
        "street": "Cộng Hòa",
        "zone": "Quận Tân Bình",
        "ward": null,
        "all_routes": "04, 104, 145, 28, 63-1",
        "marker_color": "#E53935"
      }
    },
    {
      "type": "Feature",
      "geometry": {
        "type": "Point",
        "coordinates": [
          106.63801,
          10.80363
        ]
      },
      "properties": {
        "feature_type": "bus_stop",
        "stop_id": 9945,
        "stop_code": "QTB  BHC2",
        "stop_name": "Bãi Hậu Cần 2",
        "stop_type": "Ô sơn",
        "route_no": "04",
        "display_code": "B 04",
        "direction": "Lượt đi",
        "address": "592A Cộng Hòa",
        "street": "Cộng Hòa",
        "zone": "Quận Tân Bình",
        "ward": "Phường 01",
        "all_routes": "04, 104, 145, 28, 63-1",
        "marker_color": "#E53935"
      }
    },
    {
      "type": "Feature",
      "geometry": {
        "type": "Point",
        "coordinates": [
          106.636192,
          10.806313
        ]
      },
      "properties": {
        "feature_type": "bus_stop",
        "stop_id": 266,
        "stop_code": "QTB 117",
        "stop_name": "Thượng Uyển",
        "stop_type": "Nhà chờ",
        "route_no": "04",
        "display_code": "B 04",
        "direction": "Lượt đi",
        "address": "660 (kế 592) Cộng Hòa",
        "street": "Cộng Hòa",
        "zone": "Quận Tân Bình",
        "ward": null,
        "all_routes": "04, 104, 145, 28, 63-1",
        "marker_color": "#E53935"
      }
    },
    {
      "type": "Feature",
      "geometry": {
        "type": "Point",
        "coordinates": [
          106.634638,
          10.808314
        ]
      },
      "properties": {
        "feature_type": "bus_stop",
        "stop_id": 268,
        "stop_code": "QTB 075",
        "stop_name": "Mũi tàu Cộng Hòa",
        "stop_type": "Trụ dừng",
        "route_no": "04",
        "display_code": "B 04",
        "direction": "Lượt đi",
        "address": "19B1 Trường Chinh",
        "street": "Trường Chinh",
        "zone": "Quận Tân Bình",
        "ward": null,
        "all_routes": "04, 104, 13, 145, 16, 23, 27, 28, 62, 63-1, 65, 94",
        "marker_color": "#E53935"
      }
    },
    {
      "type": "Feature",
      "geometry": {
        "type": "Point",
        "coordinates": [
          106.633349,
          10.812204
        ]
      },
      "properties": {
        "feature_type": "bus_stop",
        "stop_id": 267,
        "stop_code": "QTB 076",
        "stop_name": "Ngã ba Chế Lan Viên",
        "stop_type": "Nhà chờ",
        "route_no": "04",
        "display_code": "B 04",
        "direction": "Lượt đi",
        "address": "Đối diện đường Chế Lan Viên Trường Chinh",
        "street": "Trường Chinh",
        "zone": "Quận Tân Bình",
        "ward": null,
        "all_routes": "04, 104, 13, 145, 23, 27, 28, 62, 65, 94",
        "marker_color": "#E53935"
      }
    },
    {
      "type": "Feature",
      "geometry": {
        "type": "Point",
        "coordinates": [
          106.631461,
          10.818332
        ]
      },
      "properties": {
        "feature_type": "bus_stop",
        "stop_id": 270,
        "stop_code": "QTB 078",
        "stop_name": "UBND Phường 15",
        "stop_type": "Nhà chờ",
        "route_no": "04",
        "display_code": "B 04",
        "direction": "Lượt đi",
        "address": "850 Trường Chinh",
        "street": "Trường Chinh",
        "zone": "Quận Tân Bình",
        "ward": null,
        "all_routes": "04, 104, 13, 145, 23, 27, 62, 65, 94",
        "marker_color": "#E53935"
      }
    },
    {
      "type": "Feature",
      "geometry": {
        "type": "Point",
        "coordinates": [
          106.630254,
          10.822452
        ]
      },
      "properties": {
        "feature_type": "bus_stop",
        "stop_id": 271,
        "stop_code": "QTB 079",
        "stop_name": "Khu Công Nghiệp Tân Bình",
        "stop_type": "Nhà chờ",
        "route_no": "04",
        "display_code": "B 04",
        "direction": "Lượt đi",
        "address": "932 Trường Chinh",
        "street": "Trường Chinh",
        "zone": "Quận Tân Bình",
        "ward": null,
        "all_routes": "04, 104, 13, 145, 23, 27, 32, 41, 62, 65, 94",
        "marker_color": "#E53935"
      }
    },
    {
      "type": "Feature",
      "geometry": {
        "type": "Point",
        "coordinates": [
          106.625828,
          10.826957
        ]
      },
      "properties": {
        "feature_type": "bus_stop",
        "stop_id": 272,
        "stop_code": "Q12 128",
        "stop_name": "Cầu Tham Lương - Siêu thị Thiên Hòa",
        "stop_type": "Nhà chờ",
        "route_no": "04",
        "display_code": "B 04",
        "direction": "Lượt đi",
        "address": "60A-B (1/17A) Trường Chinh",
        "street": "Trường Chinh",
        "zone": "Quận 12",
        "ward": null,
        "all_routes": "04, 104, 13, 145, 23, 27, 41, 62, 65, 94",
        "marker_color": "#E53935"
      }
    },
    {
      "type": "Feature",
      "geometry": {
        "type": "Point",
        "coordinates": [
          106.624594,
          10.828627
        ]
      },
      "properties": {
        "feature_type": "bus_stop",
        "stop_id": 273,
        "stop_code": "Q12 129",
        "stop_name": "Chùa Vĩnh Phước",
        "stop_type": "Nhà chờ",
        "route_no": "04",
        "display_code": "B 04",
        "direction": "Lượt đi",
        "address": "110 (189/4) Trường Chinh",
        "street": "Trường Chinh",
        "zone": "Quận 12",
        "ward": null,
        "all_routes": "04, 104, 13, 145, 27, 41, 65, 94",
        "marker_color": "#E53935"
      }
    },
    {
      "type": "Feature",
      "geometry": {
        "type": "Point",
        "coordinates": [
          106.620614,
          10.834781
        ]
      },
      "properties": {
        "feature_type": "bus_stop",
        "stop_id": 275,
        "stop_code": "Q12 132",
        "stop_name": "Chùa Lạc Quang",
        "stop_type": "Nhà chờ",
        "route_no": "04",
        "display_code": "B 04",
        "direction": "Lượt đi",
        "address": "408 Trường Chinh",
        "street": "Trường Chinh",
        "zone": "Quận 12",
        "ward": null,
        "all_routes": "04, 104, 13, 145, 27, 41, 65, 94",
        "marker_color": "#E53935"
      }
    },
    {
      "type": "Feature",
      "geometry": {
        "type": "Point",
        "coordinates": [
          106.618398,
          10.838222
        ]
      },
      "properties": {
        "feature_type": "bus_stop",
        "stop_id": 277,
        "stop_code": "Q12 131",
        "stop_name": "Bitis",
        "stop_type": "Nhà chờ",
        "route_no": "04",
        "display_code": "B 04",
        "direction": "Lượt đi",
        "address": "590 (640) Trường Chinh",
        "street": "Trường Chinh",
        "zone": "Quận 12",
        "ward": null,
        "all_routes": "04, 104, 13, 145, 27, 41, 65, 94",
        "marker_color": "#E53935"
      }
    },
    {
      "type": "Feature",
      "geometry": {
        "type": "Point",
        "coordinates": [
          106.613517,
          10.845803
        ]
      },
      "properties": {
        "feature_type": "bus_stop",
        "stop_id": 1115,
        "stop_code": "Q12 122",
        "stop_name": "Bến xe An Sương",
        "stop_type": "Trụ dừng",
        "route_no": "04",
        "display_code": "B 04",
        "direction": "Lượt đi",
        "address": "F42 Quốc lộ 22",
        "street": "Quốc lộ 22",
        "zone": "Quận 12",
        "ward": null,
        "all_routes": "04, 104, 122, 145, 33, 61-3",
        "marker_color": "#E53935"
      }
    },
    {
      "type": "Feature",
      "geometry": {
        "type": "Point",
        "coordinates": [
          106.613522,
          10.845187
        ]
      },
      "properties": {
        "feature_type": "bus_stop",
        "stop_id": 1239,
        "stop_code": "HHM 058",
        "stop_name": "Bến xe An Sương",
        "stop_type": "Trụ dừng",
        "route_no": "04",
        "display_code": "B 04",
        "direction": "Lượt đi",
        "address": "1B Quốc lộ 22",
        "street": "Quốc lộ 22",
        "zone": "Huyện Hóc Môn",
        "ward": "Xã Bà Điểm",
        "all_routes": "04, 104, 122, 13, 145, 151, 33, 41, 61-3, 62-5, 65, 71, 74, 85, 94",
        "marker_color": "#E53935"
      }
    },
    {
      "type": "Feature",
      "geometry": {
        "type": "Point",
        "coordinates": [
          106.61337280273438,
          10.843737602233887
        ]
      },
      "properties": {
        "feature_type": "bus_stop",
        "stop_id": 166,
        "stop_code": "BX41",
        "stop_name": "Bến xe An Sương",
        "stop_type": "Bến xe",
        "route_no": "04",
        "display_code": "B 04",
        "direction": "Lượt đi",
        "address": "Bến xe An Sương Quốc lộ 22",
        "street": "Quốc lộ 22",
        "zone": "Quận 12",
        "ward": null,
        "all_routes": "04, 104, 122, 151, 27, 33, 41, 61-3, 62-5, 65, 71, 74, 85",
        "marker_color": "#E53935"
      }
    },
    {
      "type": "Feature",
      "geometry": {
        "type": "Point",
        "coordinates": [
          106.617347,
          10.838891
        ]
      },
      "properties": {
        "feature_type": "bus_stop",
        "stop_id": 167,
        "stop_code": "Q12 135",
        "stop_name": "Bitis",
        "stop_type": "Nhà chờ",
        "route_no": "04",
        "display_code": "B 04",
        "direction": "Lượt về",
        "address": "487 Trường Chinh",
        "street": "Trường Chinh",
        "zone": "Quận 12",
        "ward": null,
        "all_routes": "04, 104, 13, 145, 27, 41, 65, 94",
        "marker_color": "#E53935"
      }
    },
    {
      "type": "Feature",
      "geometry": {
        "type": "Point",
        "coordinates": [
          106.620212,
          10.834497
        ]
      },
      "properties": {
        "feature_type": "bus_stop",
        "stop_id": 172,
        "stop_code": "Q12 136",
        "stop_name": "Chùa Lạc Quang",
        "stop_type": "Nhà chờ",
        "route_no": "04",
        "display_code": "B 04",
        "direction": "Lượt về",
        "address": "257 Trường Chinh",
        "street": "Trường Chinh",
        "zone": "Quận 12",
        "ward": null,
        "all_routes": "04, 104, 13, 145, 27, 41, 65, 94",
        "marker_color": "#E53935"
      }
    },
    {
      "type": "Feature",
      "geometry": {
        "type": "Point",
        "coordinates": [
          106.621794,
          10.83202
        ]
      },
      "properties": {
        "feature_type": "bus_stop",
        "stop_id": 168,
        "stop_code": "Q12 137",
        "stop_name": "Chùa Vĩnh Phước",
        "stop_type": "Nhà chờ",
        "route_no": "04",
        "display_code": "B 04",
        "direction": "Lượt về",
        "address": "Chùa Vĩnh Phước Trường Chinh",
        "street": "Trường Chinh",
        "zone": "Quận 12",
        "ward": null,
        "all_routes": "04, 104, 13, 145, 27, 41, 65, 94",
        "marker_color": "#E53935"
      }
    },
    {
      "type": "Feature",
      "geometry": {
        "type": "Point",
        "coordinates": [
          106.62586,
          10.82624
        ]
      },
      "properties": {
        "feature_type": "bus_stop",
        "stop_id": 169,
        "stop_code": "Q12 139",
        "stop_name": "Cầu Tham Lương - Siêu thị Thiên Hòa",
        "stop_type": "Nhà chờ",
        "route_no": "04",
        "display_code": "B 04",
        "direction": "Lượt về",
        "address": "21 (Kế 2/6B) Trường Chinh",
        "street": "Trường Chinh",
        "zone": "Quận 12",
        "ward": null,
        "all_routes": "04, 104, 13, 145, 23, 27, 41, 62, 65, 94",
        "marker_color": "#E53935"
      }
    },
    {
      "type": "Feature",
      "geometry": {
        "type": "Point",
        "coordinates": [
          106.629825,
          10.822315
        ]
      },
      "properties": {
        "feature_type": "bus_stop",
        "stop_id": 174,
        "stop_code": "QTP 010",
        "stop_name": "Trạm Dệt Thành Công",
        "stop_type": "Nhà chờ",
        "route_no": "04",
        "display_code": "B 04",
        "direction": "Lượt về",
        "address": "8 Trường Chinh",
        "street": "Trường Chinh",
        "zone": "Quận Tân Phú",
        "ward": "Phường Tây Thạnh",
        "all_routes": "04, 104, 13, 145, 23, 27, 32, 41, 62, 65, 94",
        "marker_color": "#E53935"
      }
    },
    {
      "type": "Feature",
      "geometry": {
        "type": "Point",
        "coordinates": [
          106.630615,
          10.819386
        ]
      },
      "properties": {
        "feature_type": "bus_stop",
        "stop_id": 173,
        "stop_code": "QTP 011",
        "stop_name": "Trạm KCN Tân Bình",
        "stop_type": "Nhà chờ",
        "route_no": "04",
        "display_code": "B 04",
        "direction": "Lượt về",
        "address": "881 Trường Chinh",
        "street": "Trường Chinh",
        "zone": "Quận Tân Phú",
        "ward": "Phường Tây Thạnh",
        "all_routes": "04, 104, 13, 145, 23, 27, 28, 62, 65, 94",
        "marker_color": "#E53935"
      }
    },
    {
      "type": "Feature",
      "geometry": {
        "type": "Point",
        "coordinates": [
          106.632377,
          10.814455
        ]
      },
      "properties": {
        "feature_type": "bus_stop",
        "stop_id": 176,
        "stop_code": "QTP 012",
        "stop_name": "Ngã 3 Chế Lan Viên",
        "stop_type": "Nhà chờ",
        "route_no": "04",
        "display_code": "B 04",
        "direction": "Lượt về",
        "address": "831 (trước showroom o tô) Trường Chinh",
        "street": "Trường Chinh",
        "zone": "Quận Tân Phú",
        "ward": "Phường Tây Thạnh",
        "all_routes": "04, 104, 13, 145, 23, 27, 28, 62, 65, 94",
        "marker_color": "#E53935"
      }
    },
    {
      "type": "Feature",
      "geometry": {
        "type": "Point",
        "coordinates": [
          106.634019,
          10.808689
        ]
      },
      "properties": {
        "feature_type": "bus_stop",
        "stop_id": 177,
        "stop_code": "QTP 014",
        "stop_name": "Trạm Đài Liệt Sỹ",
        "stop_type": "Nhà chờ",
        "route_no": "04",
        "display_code": "B 04",
        "direction": "Lượt về",
        "address": "1/3 Trường Chinh",
        "street": "Trường Chinh",
        "zone": "Quận Tân Phú",
        "ward": "Phường Tây Thạnh",
        "all_routes": "04, 104, 13, 145, 16, 23, 27, 28, 48, 62, 63-1, 65, 94",
        "marker_color": "#E53935"
      }
    },
    {
      "type": "Feature",
      "geometry": {
        "type": "Point",
        "coordinates": [
          106.636055,
          10.806144
        ]
      },
      "properties": {
        "feature_type": "bus_stop",
        "stop_id": 178,
        "stop_code": "QTB 118",
        "stop_name": "Thượng Uyển",
        "stop_type": "Nhà chờ",
        "route_no": "04",
        "display_code": "B 04",
        "direction": "Lượt về",
        "address": "680 (Thượng Uyển) Cộng Hòa",
        "street": "Cộng Hòa",
        "zone": "Quận Tân Bình",
        "ward": null,
        "all_routes": "04, 104, 145, 28, 63-1",
        "marker_color": "#E53935"
      }
    },
    {
      "type": "Feature",
      "geometry": {
        "type": "Point",
        "coordinates": [
          106.637887,
          10.803541
        ]
      },
      "properties": {
        "feature_type": "bus_stop",
        "stop_id": 180,
        "stop_code": "QTB 119",
        "stop_name": "Ngã tư Tân Kỳ Tân Quý",
        "stop_type": "Trụ dừng",
        "route_no": "04",
        "display_code": "B 04",
        "direction": "Lượt về",
        "address": "401 Cộng Hòa",
        "street": "Cộng Hòa",
        "zone": "Quận Tân Bình",
        "ward": null,
        "all_routes": "04, 104, 145, 28, 63-1",
        "marker_color": "#E53935"
      }
    },
    {
      "type": "Feature",
      "geometry": {
        "type": "Point",
        "coordinates": [
          106.640253,
          10.802371
        ]
      },
      "properties": {
        "feature_type": "bus_stop",
        "stop_id": 181,
        "stop_code": "QTB 120",
        "stop_name": "ETown",
        "stop_type": "Nhà chờ",
        "route_no": "04",
        "display_code": "B 04",
        "direction": "Lượt về",
        "address": "ETown Cộng Hòa",
        "street": "Cộng Hòa",
        "zone": "Quận Tân Bình",
        "ward": null,
        "all_routes": "04, 104, 145, 28, 63-1",
        "marker_color": "#E53935"
      }
    },
    {
      "type": "Feature",
      "geometry": {
        "type": "Point",
        "coordinates": [
          106.644292,
          10.802055
        ]
      },
      "properties": {
        "feature_type": "bus_stop",
        "stop_id": 179,
        "stop_code": "QTB 121",
        "stop_name": "Ngã ba Bình Giã",
        "stop_type": "Trụ dừng",
        "route_no": "04",
        "display_code": "B 04",
        "direction": "Lượt về",
        "address": "303 Cộng Hòa",
        "street": "Cộng Hòa",
        "zone": "Quận Tân Bình",
        "ward": null,
        "all_routes": "04, 104, 145, 28, 63-1",
        "marker_color": "#E53935"
      }
    },
    {
      "type": "Feature",
      "geometry": {
        "type": "Point",
        "coordinates": [
          106.650413,
          10.801544
        ]
      },
      "properties": {
        "feature_type": "bus_stop",
        "stop_id": 183,
        "stop_code": "QTB 122",
        "stop_name": "Công ty Lô Hội",
        "stop_type": "Nhà chờ",
        "route_no": "04",
        "display_code": "B 04",
        "direction": "Lượt về",
        "address": "19A (Công ty Lô Hội) Cộng Hòa",
        "street": "Cộng Hòa",
        "zone": "Quận Tân Bình",
        "ward": null,
        "all_routes": "04, 104, 109, 145, 28, 63-1",
        "marker_color": "#E53935"
      }
    },
    {
      "type": "Feature",
      "geometry": {
        "type": "Point",
        "coordinates": [
          106.653637,
          10.801254
        ]
      },
      "properties": {
        "feature_type": "bus_stop",
        "stop_id": 182,
        "stop_code": "QTB 123",
        "stop_name": "Pico Plaza",
        "stop_type": "Nhà chờ",
        "route_no": "04",
        "display_code": "B 04",
        "direction": "Lượt về",
        "address": "20Bis Cộng Hòa",
        "street": "Cộng Hòa",
        "zone": "Quận Tân Bình",
        "ward": null,
        "all_routes": "04, 104, 109, 145, 28, 63-1",
        "marker_color": "#E53935"
      }
    },
    {
      "type": "Feature",
      "geometry": {
        "type": "Point",
        "coordinates": [
          106.656679,
          10.800985
        ]
      },
      "properties": {
        "feature_type": "bus_stop",
        "stop_id": 185,
        "stop_code": "QTB 124",
        "stop_name": "Ngã ba Út tịch",
        "stop_type": "Trụ dừng",
        "route_no": "04",
        "display_code": "B 04",
        "direction": "Lượt về",
        "address": "35-37 Cộng Hòa",
        "street": "Cộng Hòa",
        "zone": "Quận Tân Bình",
        "ward": null,
        "all_routes": "04, 104, 109, 145, 28, 63-1",
        "marker_color": "#E53935"
      }
    },
    {
      "type": "Feature",
      "geometry": {
        "type": "Point",
        "coordinates": [
          106.658819,
          10.800833
        ]
      },
      "properties": {
        "feature_type": "bus_stop",
        "stop_id": 184,
        "stop_code": "QTB 125",
        "stop_name": "Siêu thị Maximart Cộng Hòa",
        "stop_type": "Nhà chờ",
        "route_no": "04",
        "display_code": "B 04",
        "direction": "Lượt về",
        "address": "Đối diện 58 (Siêu thị Maximart) Cộng Hòa",
        "street": "Cộng Hòa",
        "zone": "Quận Tân Bình",
        "ward": null,
        "all_routes": "04, 104, 109, 145, 28, 63-1",
        "marker_color": "#E53935"
      }
    },
    {
      "type": "Feature",
      "geometry": {
        "type": "Point",
        "coordinates": [
          106.666372,
          10.800237
        ]
      },
      "properties": {
        "feature_type": "bus_stop",
        "stop_id": 186,
        "stop_code": "QTB 037",
        "stop_name": "Bảo Tàng Miền Đông",
        "stop_type": "Nhà chờ",
        "route_no": "04",
        "display_code": "B 04",
        "direction": "Lượt về",
        "address": "247 Hoàng Văn Thụ",
        "street": "Hoàng Văn Thụ",
        "zone": "Quận Tân Bình",
        "ward": null,
        "all_routes": "04, 08, 104, 109, 152, 63-1, 64, 72-2B",
        "marker_color": "#E53935"
      }
    },
    {
      "type": "Feature",
      "geometry": {
        "type": "Point",
        "coordinates": [
          106.66847,
          10.799589
        ]
      },
      "properties": {
        "feature_type": "bus_stop",
        "stop_id": 188,
        "stop_code": "QPN 043",
        "stop_name": "Cây xăng Quân khu 7",
        "stop_type": "Trụ dừng",
        "route_no": "04",
        "display_code": "B 04",
        "direction": "Lượt về",
        "address": "307 Nguyễn Văn Trỗi",
        "street": "Nguyễn Văn Trỗi",
        "zone": "Quận Phú Nhuận",
        "ward": null,
        "all_routes": "04, 109, 152, 72-2B",
        "marker_color": "#E53935"
      }
    },
    {
      "type": "Feature",
      "geometry": {
        "type": "Point",
        "coordinates": [
          106.670744,
          10.798282
        ]
      },
      "properties": {
        "feature_type": "bus_stop",
        "stop_id": 190,
        "stop_code": "QPN 044",
        "stop_name": "Bệnh viện Quận Phú Nhuận",
        "stop_type": "Trụ dừng",
        "route_no": "04",
        "display_code": "B 04",
        "direction": "Lượt về",
        "address": "279 Nguyễn Văn Trỗi",
        "street": "Nguyễn Văn Trỗi",
        "zone": "Quận Phú Nhuận",
        "ward": null,
        "all_routes": "04, 109, 152, 72-2B",
        "marker_color": "#E53935"
      }
    },
    {
      "type": "Feature",
      "geometry": {
        "type": "Point",
        "coordinates": [
          106.673609,
          10.796596
        ]
      },
      "properties": {
        "feature_type": "bus_stop",
        "stop_id": 191,
        "stop_code": "QPN 045",
        "stop_name": "Cổng Xe lửa",
        "stop_type": "Trụ dừng",
        "route_no": "04",
        "display_code": "B 04",
        "direction": "Lượt về",
        "address": "253 Nguyễn Văn Trỗi",
        "street": "Nguyễn Văn Trỗi",
        "zone": "Quận Phú Nhuận",
        "ward": null,
        "all_routes": "04, 109, 152, 72-2B",
        "marker_color": "#E53935"
      }
    },
    {
      "type": "Feature",
      "geometry": {
        "type": "Point",
        "coordinates": [
          106.675894,
          10.795236
        ]
      },
      "properties": {
        "feature_type": "bus_stop",
        "stop_id": 189,
        "stop_code": "QPN 046",
        "stop_name": "Trung tâm Văn hóa Quận Phú Nhuận",
        "stop_type": "Trụ dừng",
        "route_no": "04",
        "display_code": "B 04",
        "direction": "Lượt về",
        "address": "157 Nguyễn Văn Trỗi",
        "street": "Nguyễn Văn Trỗi",
        "zone": "Quận Phú Nhuận",
        "ward": null,
        "all_routes": "04, 109, 152, 72-2B",
        "marker_color": "#E53935"
      }
    },
    {
      "type": "Feature",
      "geometry": {
        "type": "Point",
        "coordinates": [
          106.679167,
          10.793276
        ]
      },
      "properties": {
        "feature_type": "bus_stop",
        "stop_id": 193,
        "stop_code": "QPN 047",
        "stop_name": "Ngã tư Trần Huy Liệu",
        "stop_type": "Trụ dừng",
        "route_no": "04",
        "display_code": "B 04",
        "direction": "Lượt về",
        "address": "101 Nguyễn Văn Trỗi",
        "street": "Nguyễn Văn Trỗi",
        "zone": "Quận Phú Nhuận",
        "ward": null,
        "all_routes": "04, 109, 152, 72-2B",
        "marker_color": "#E53935"
      }
    },
    {
      "type": "Feature",
      "geometry": {
        "type": "Point",
        "coordinates": [
          106.683022,
          10.790381
        ]
      },
      "properties": {
        "feature_type": "bus_stop",
        "stop_id": 192,
        "stop_code": "Q3 052",
        "stop_name": "Chùa Vĩnh Nghiêm",
        "stop_type": "Trụ dừng",
        "route_no": "04",
        "display_code": "B 04",
        "direction": "Lượt về",
        "address": "321-323 Nam Kỳ Khởi Nghĩa",
        "street": "Nam Kỳ Khởi Nghĩa",
        "zone": "Quận 3",
        "ward": "Phường 07",
        "all_routes": "04, 109, 152, 72-1, 72-2B",
        "marker_color": "#E53935"
      }
    },
    {
      "type": "Feature",
      "geometry": {
        "type": "Point",
        "coordinates": [
          106.686897,
          10.786831
        ]
      },
      "properties": {
        "feature_type": "bus_stop",
        "stop_id": 196,
        "stop_code": "Q3 053",
        "stop_name": "Trần Quốc Toản",
        "stop_type": "Trụ dừng",
        "route_no": "04",
        "display_code": "B 04",
        "direction": "Lượt về",
        "address": "201 F-E Nam Kỳ Khởi Nghĩa",
        "street": "Nam Kỳ Khởi Nghĩa",
        "zone": "Quận 3",
        "ward": "Phường 07",
        "all_routes": "04, 109, 152, 72-2B",
        "marker_color": "#E53935"
      }
    },
    {
      "type": "Feature",
      "geometry": {
        "type": "Point",
        "coordinates": [
          106.688474,
          10.785351
        ]
      },
      "properties": {
        "feature_type": "bus_stop",
        "stop_id": 194,
        "stop_code": "Q3 054",
        "stop_name": "Viện Pasteur",
        "stop_type": "Nhà chờ",
        "route_no": "04",
        "display_code": "B 04",
        "direction": "Lượt về",
        "address": "179 Nam Kỳ Khởi Nghĩa",
        "street": "Nam Kỳ Khởi Nghĩa",
        "zone": "Quận 3",
        "ward": "Phường 07",
        "all_routes": "04, 109, 152, 72-2B",
        "marker_color": "#E53935"
      }
    },
    {
      "type": "Feature",
      "geometry": {
        "type": "Point",
        "coordinates": [
          106.69099,
          10.783116
        ]
      },
      "properties": {
        "feature_type": "bus_stop",
        "stop_id": 198,
        "stop_code": "Q3 055",
        "stop_name": "Điện Biên Phủ",
        "stop_type": "Nhà chờ",
        "route_no": "04",
        "display_code": "B 04",
        "direction": "Lượt về",
        "address": "159 Nam Kỳ Khởi Nghĩa",
        "street": "Nam Kỳ Khởi Nghĩa",
        "zone": "Quận 3",
        "ward": null,
        "all_routes": "04, 109, 152, 72-2B",
        "marker_color": "#E53935"
      }
    },
    {
      "type": "Feature",
      "geometry": {
        "type": "Point",
        "coordinates": [
          106.693152,
          10.78113
        ]
      },
      "properties": {
        "feature_type": "bus_stop",
        "stop_id": 195,
        "stop_code": "Q3 056",
        "stop_name": "Coop Mart Nguyễn Đình Chiểu",
        "stop_type": "Nhà chờ",
        "route_no": "04",
        "display_code": "B 04",
        "direction": "Lượt về",
        "address": "143 Nam Kỳ Khởi Nghĩa",
        "street": "Nam Kỳ Khởi Nghĩa",
        "zone": "Quận 3",
        "ward": null,
        "all_routes": "04, 109, 152, 31, 72-2B, 93",
        "marker_color": "#E53935"
      }
    },
    {
      "type": "Feature",
      "geometry": {
        "type": "Point",
        "coordinates": [
          106.69452,
          10.779844
        ]
      },
      "properties": {
        "feature_type": "bus_stop",
        "stop_id": 197,
        "stop_code": "Q3 057",
        "stop_name": "Trường THPT Lê Quý Đôn",
        "stop_type": "Nhà chờ",
        "route_no": "04",
        "display_code": "B 04",
        "direction": "Lượt về",
        "address": "Đối diện 166 - 168 Nam Kỳ Khởi Nghĩa",
        "street": "Nam Kỳ Khởi Nghĩa",
        "zone": "Quận 3",
        "ward": null,
        "all_routes": "04, 109, 152, 31, 72-2B, 93",
        "marker_color": "#E53935"
      }
    },
    {
      "type": "Feature",
      "geometry": {
        "type": "Point",
        "coordinates": [
          106.698647,
          10.776052
        ]
      },
      "properties": {
        "feature_type": "bus_stop",
        "stop_id": 200,
        "stop_code": "Q1 075",
        "stop_name": "Tòa án Nhân dân Thành Phố",
        "stop_type": "Nhà chờ",
        "route_no": "04",
        "display_code": "B 04",
        "direction": "Lượt về",
        "address": "131 Nam Kỳ Khởi Nghĩa",
        "street": "Nam Kỳ Khởi Nghĩa",
        "zone": "Quận 1",
        "ward": null,
        "all_routes": "04, 109, 152, 171, 18, 31, 36, 52, 72-2B, 93, DL01",
        "marker_color": "#E53935"
      }
    },
    {
      "type": "Feature",
      "geometry": {
        "type": "Point",
        "coordinates": [
          106.699722,
          10.773957
        ]
      },
      "properties": {
        "feature_type": "bus_stop",
        "stop_id": 199,
        "stop_code": "Q1 076",
        "stop_name": "Chùa Ông",
        "stop_type": "Trụ dừng",
        "route_no": "04",
        "display_code": "B 04",
        "direction": "Lượt về",
        "address": "Đối diện 96A Nam Kỳ Khởi Nghĩa",
        "street": "Nam Kỳ Khởi Nghĩa",
        "zone": "Quận 1",
        "ward": null,
        "all_routes": "04, 109, 152, 156D, 171, 18, 31, 36, 44, 52, 93",
        "marker_color": "#E53935"
      }
    },
    {
      "type": "Feature",
      "geometry": {
        "type": "Point",
        "coordinates": [
          106.700851,
          10.771416
        ]
      },
      "properties": {
        "feature_type": "bus_stop",
        "stop_id": 201,
        "stop_code": "Q1 077",
        "stop_name": "Trường CĐKT Cao Thắng",
        "stop_type": "Trụ dừng",
        "route_no": "04",
        "display_code": "B 04",
        "direction": "Lượt về",
        "address": "Đối diện 86 Nam Kỳ Khởi Nghĩa",
        "street": "Nam Kỳ Khởi Nghĩa",
        "zone": "Quận 1",
        "ward": null,
        "all_routes": "04, 109, 152, 171, 18, 31, 36, 44, 52, 93",
        "marker_color": "#E53935"
      }
    },
    {
      "type": "Feature",
      "geometry": {
        "type": "Point",
        "coordinates": [
          106.699326,
          10.771243
        ]
      },
      "properties": {
        "feature_type": "bus_stop",
        "stop_id": 82,
        "stop_code": "Q1 023",
        "stop_name": "Trạm Trung chuyển trên đường Hàm Nghi",
        "stop_type": "Nhà chờ",
        "route_no": "04",
        "display_code": "B 04",
        "direction": "Lượt về",
        "address": "Hàm Nghi 16 (140) Hàm Nghi",
        "street": "Hàm Nghi",
        "zone": "Quận 1",
        "ward": "Phường Bến Thành",
        "all_routes": "04, 18, 20",
        "marker_color": "#E53935"
      }
    },
    {
      "type": "Feature",
      "geometry": {
        "type": "Point",
        "coordinates": [
          106.695946,
          10.770964
        ]
      },
      "properties": {
        "feature_type": "bus_stop",
        "stop_id": 7273,
        "stop_code": "Q1 187",
        "stop_name": "Khách sạn New World",
        "stop_type": "Nhà chờ",
        "route_no": "04",
        "display_code": "B 04",
        "direction": "Lượt về",
        "address": "Số 76 Lê Lai",
        "street": "Lê Lai",
        "zone": "Quận 1",
        "ward": "Phường Bến Thành",
        "all_routes": "03, 04, 102, 109, 171, 172, 18, 19, 20, 34, 36, 39, 52, 53, 72-2B, 86, 88, 93, D4, DL01, DL03",
        "marker_color": "#E53935"
      }
    },
    {
      "type": "Feature",
      "geometry": {
        "type": "Point",
        "coordinates": [
          106.693495,
          10.769952
        ]
      },
      "properties": {
        "feature_type": "bus_stop",
        "stop_id": 7274,
        "stop_code": "Q1 188",
        "stop_name": "Sân khấu Sen Hồng",
        "stop_type": "Trụ dừng",
        "route_no": "04",
        "display_code": "B 04",
        "direction": "Lượt về",
        "address": "94-96 Lê Lai",
        "street": "Lê Lai",
        "zone": "Quận 1",
        "ward": "Phường Bến Thành",
        "all_routes": "03, 04, 102, 109, 13, 140, 156D, 171, 172, 18, 19, 20, 34, 36, 39, 52, 53, 69, 72, 72-2B, 75, 86, 88, 93, D4, DL01, DL03",
        "marker_color": "#E53935"
      }
    },
    {
      "type": "Feature",
      "geometry": {
        "type": "Point",
        "coordinates": [
          106.690469,
          10.768761
        ]
      },
      "properties": {
        "feature_type": "bus_stop",
        "stop_id": 7275,
        "stop_code": "Q1 189",
        "stop_name": "Tôn Thất Tùng",
        "stop_type": "Trụ dừng",
        "route_no": "04",
        "display_code": "B 04",
        "direction": "Lượt về",
        "address": "202-204 Lê Lai",
        "street": "Lê Lai",
        "zone": "Quận 1",
        "ward": "Phường Bến Thành",
        "all_routes": "03, 04, 102, 109, 13, 140, 156D, 171, 172, 18, 19, 20, 34, 36, 39, 52, 53, 69, 72, 72-2B, 75, 86, 88, 93, D4, DL01, DL03",
        "marker_color": "#E53935"
      }
    }
  ]
}