{
  "type": "FeatureCollection",
  "properties": {
    "stt": 19,
    "route_no": "78",
    "display_code": "B 78",
    "route_name": "Bến xe buýt Thới An - Ngã ba Giồng - Cầu Lớn",
    "start_point": "Bến xe buýt Thới An",
    "end_point": "Cầu Lớn",
    "listed_length_km": 18,
    "operating_hours": "5:00 - 20:00",
    "color": "#78909C",
    "num_variants": 2,
    "total_stops": 89,
    "total_points": 581
  },
  "features": [
    {
      "type": "Feature",
      "geometry": {
        "type": "LineString",
        "coordinates": [
          [
            106.64797974,
            10.87846661
          ],
          [
            106.64797974,
            10.87846661
          ],
          [
            106.64896393,
            10.87850857
          ],
          [
            106.64894867,
            10.87884045
          ],
          [
            106.64900208,
            10.8788414
          ],
          [
            106.64900208,
            10.8788414
          ],
          [
            106.64894104,
            10.87883568
          ],
          [
            106.64883423,
            10.88035297
          ],
          [
            106.64865875,
            10.8818121
          ],
          [
            106.64871979,
            10.88180065
          ],
          [
            106.64866638,
            10.88180161
          ],
          [
            106.64854431,
            10.88265991
          ],
          [
            106.64839935,
            10.88351345
          ],
          [
            106.64825439,
            10.88436127
          ],
          [
            106.64808655,
            10.88521004
          ],
          [
            106.6481781,
            10.88521957
          ],
          [
            106.6481781,
            10.88521957
          ],
          [
            106.64810181,
            10.88520432
          ],
          [
            106.64788818,
            10.8862896
          ],
          [
            106.64767456,
            10.88737488
          ],
          [
            106.64746857,
            10.88846016
          ],
          [
            106.64726257,
            10.88954544
          ],
          [
            106.64731598,
            10.88955593
          ],
          [
            106.64731598,
            10.88955593
          ],
          [
            106.64726257,
            10.88955593
          ],
          [
            106.64715576,
            10.89019299
          ],
          [
            106.64710236,
            10.89083099
          ],
          [
            106.64707184,
            10.89173698
          ],
          [
            106.64704132,
            10.89264297
          ],
          [
            106.64709473,
            10.89264297
          ],
          [
            106.64709473,
            10.89264297
          ],
          [
            106.64709473,
            10.89264297
          ],
          [
            106.64702606,
            10.89264297
          ],
          [
            106.6469574,
            10.89366245
          ],
          [
            106.64697266,
            10.89469147
          ],
          [
            106.64679718,
            10.89532948
          ],
          [
            106.64653015,
            10.89608765
          ],
          [
            106.64625549,
            10.89717293
          ],
          [
            106.64597321,
            10.898242
          ],
          [
            106.64606476,
            10.89825344
          ],
          [
            106.64606476,
            10.89825344
          ],
          [
            106.64606476,
            10.89825344
          ],
          [
            106.64598846,
            10.89823723
          ],
          [
            106.64577484,
            10.89901352
          ],
          [
            106.64556122,
            10.89979076
          ],
          [
            106.64538574,
            10.90056801
          ],
          [
            106.6452179,
            10.90134525
          ],
          [
            106.6452713,
            10.90135002
          ],
          [
            106.6452713,
            10.90135002
          ],
          [
            106.64521027,
            10.90134525
          ],
          [
            106.6450882,
            10.90196609
          ],
          [
            106.64491272,
            10.90258789
          ],
          [
            106.64464569,
            10.90351486
          ],
          [
            106.64441681,
            10.90412617
          ],
          [
            106.64411163,
            10.90474224
          ],
          [
            106.6439209,
            10.90526962
          ],
          [
            106.64391327,
            10.90558052
          ],
          [
            106.64400482,
            10.90558529
          ],
          [
            106.64400482,
            10.90558529
          ],
          [
            106.6439209,
            10.90559578
          ],
          [
            106.64396667,
            10.90626526
          ],
          [
            106.64402771,
            10.90692902
          ],
          [
            106.64411163,
            10.90757656
          ],
          [
            106.64420319,
            10.90822411
          ],
          [
            106.64425659,
            10.90821934
          ],
          [
            106.64425659,
            10.90821934
          ],
          [
            106.64418793,
            10.90822983
          ],
          [
            106.64425659,
            10.90880394
          ],
          [
            106.64389038,
            10.90858555
          ],
          [
            106.64351654,
            10.9083662
          ],
          [
            106.64347076,
            10.9084301
          ],
          [
            106.64347076,
            10.9084301
          ],
          [
            106.64352417,
            10.90837193
          ],
          [
            106.64286041,
            10.90798759
          ],
          [
            106.64218903,
            10.90760231
          ],
          [
            106.64152527,
            10.90721798
          ],
          [
            106.64085388,
            10.90683365
          ],
          [
            106.64080811,
            10.90689182
          ],
          [
            106.64080811,
            10.90689182
          ],
          [
            106.64086914,
            10.90682316
          ],
          [
            106.64001465,
            10.90633297
          ],
          [
            106.63916016,
            10.90584373
          ],
          [
            106.63828278,
            10.90535641
          ],
          [
            106.6374054,
            10.90486908
          ],
          [
            106.63734436,
            10.90497398
          ],
          [
            106.63734436,
            10.90497398
          ],
          [
            106.63742065,
            10.90486336
          ],
          [
            106.63640594,
            10.90434742
          ],
          [
            106.63545227,
            10.90377617
          ],
          [
            106.63446808,
            10.90322018
          ],
          [
            106.63349152,
            10.90268803
          ],
          [
            106.63340759,
            10.90282536
          ],
          [
            106.63340759,
            10.90282536
          ],
          [
            106.63348389,
            10.90269852
          ],
          [
            106.63279724,
            10.90231514
          ],
          [
            106.63210297,
            10.90193272
          ],
          [
            106.63141632,
            10.90154934
          ],
          [
            106.63072205,
            10.90116596
          ],
          [
            106.6306839,
            10.90124512
          ],
          [
            106.6306839,
            10.90124512
          ],
          [
            106.6307373,
            10.90116024
          ],
          [
            106.6300354,
            10.90076542
          ],
          [
            106.6293335,
            10.9003706
          ],
          [
            106.62863159,
            10.89997578
          ],
          [
            106.62792206,
            10.89958
          ],
          [
            106.62789154,
            10.89966488
          ],
          [
            106.62789154,
            10.89966488
          ],
          [
            106.62796021,
            10.89958572
          ],
          [
            106.62723541,
            10.89918041
          ],
          [
            106.626091,
            10.89839554
          ],
          [
            106.62523651,
            10.89780998
          ],
          [
            106.62523651,
            10.89780998
          ],
          [
            106.62465668,
            10.89738655
          ],
          [
            106.62407684,
            10.89696217
          ],
          [
            106.62346649,
            10.89655685
          ],
          [
            106.62285614,
            10.89615059
          ],
          [
            106.62285614,
            10.89615059
          ],
          [
            106.62223053,
            10.89570808
          ],
          [
            106.62160492,
            10.89526653
          ],
          [
            106.6203537,
            10.89437103
          ],
          [
            106.61907959,
            10.89347744
          ],
          [
            106.61780548,
            10.8925848
          ],
          [
            106.61777496,
            10.89262199
          ],
          [
            106.61777496,
            10.89262199
          ],
          [
            106.61780548,
            10.89257908
          ],
          [
            106.61724091,
            10.89215851
          ],
          [
            106.6166687,
            10.89173698
          ],
          [
            106.61582184,
            10.8915081
          ],
          [
            106.61497498,
            10.89127827
          ],
          [
            106.61495209,
            10.89133644
          ],
          [
            106.61495209,
            10.89133644
          ],
          [
            106.61497498,
            10.89128399
          ],
          [
            106.61417389,
            10.89105988
          ],
          [
            106.6133728,
            10.89083576
          ],
          [
            106.61273956,
            10.89063072
          ],
          [
            106.61216736,
            10.89041996
          ],
          [
            106.61215973,
            10.89046669
          ],
          [
            106.61215973,
            10.89046669
          ],
          [
            106.61219025,
            10.89042473
          ],
          [
            106.61164093,
            10.89009285
          ],
          [
            106.61108398,
            10.88977718
          ],
          [
            106.60987091,
            10.88917637
          ],
          [
            106.60910034,
            10.88901329
          ],
          [
            106.60910034,
            10.88901329
          ],
          [
            106.60804749,
            10.88879681
          ],
          [
            106.6068573,
            10.8888607
          ],
          [
            106.60572052,
            10.88873386
          ],
          [
            106.60572052,
            10.88873386
          ],
          [
            106.60497284,
            10.88862324
          ],
          [
            106.60417938,
            10.88854408
          ],
          [
            106.60374451,
            10.88842869
          ],
          [
            106.60305023,
            10.88815975
          ],
          [
            106.60305023,
            10.88815975
          ],
          [
            106.6022644,
            10.88775921
          ],
          [
            106.60153961,
            10.88794899
          ],
          [
            106.6015625,
            10.8880024
          ],
          [
            106.6015625,
            10.8880024
          ],
          [
            106.60154724,
            10.88795471
          ],
          [
            106.60109711,
            10.88802814
          ],
          [
            106.60051727,
            10.88805485
          ],
          [
            106.59947205,
            10.88810158
          ],
          [
            106.59841919,
            10.8882761
          ],
          [
            106.59841919,
            10.88832283
          ],
          [
            106.59841919,
            10.88832283
          ],
          [
            106.59840393,
            10.88829136
          ],
          [
            106.59748077,
            10.8883543
          ],
          [
            106.59653473,
            10.88841248
          ],
          [
            106.59572601,
            10.88847637
          ],
          [
            106.59514618,
            10.88858128
          ],
          [
            106.59508514,
            10.88866043
          ],
          [
            106.59490967,
            10.88868618
          ],
          [
            106.59461975,
            10.88897133
          ],
          [
            106.59466553,
            10.88900948
          ],
          [
            106.59466553,
            10.88900948
          ],
          [
            106.59466553,
            10.88900948
          ],
          [
            106.59461975,
            10.88895512
          ],
          [
            106.59407806,
            10.88939762
          ],
          [
            106.59353638,
            10.88984013
          ],
          [
            106.59294128,
            10.89024067
          ],
          [
            106.59236145,
            10.89038277
          ],
          [
            106.59181213,
            10.89058876
          ],
          [
            106.59185028,
            10.89064121
          ],
          [
            106.59185028,
            10.89064121
          ],
          [
            106.59185028,
            10.89064121
          ],
          [
            106.5918045,
            10.89057732
          ],
          [
            106.58983612,
            10.89173698
          ],
          [
            106.58795166,
            10.89290047
          ],
          [
            106.58802032,
            10.89300728
          ],
          [
            106.58802032,
            10.89300728
          ],
          [
            106.58796692,
            10.89291096
          ],
          [
            106.58481598,
            10.89483929
          ],
          [
            106.5848465,
            10.89488697
          ],
          [
            106.5848465,
            10.89488697
          ],
          [
            106.58480835,
            10.89484501
          ],
          [
            106.58203888,
            10.89653587
          ],
          [
            106.58208466,
            10.89659405
          ],
          [
            106.58208466,
            10.89659405
          ],
          [
            106.58203888,
            10.89654064
          ],
          [
            106.57702637,
            10.89953327
          ],
          [
            106.57704926,
            10.89956474
          ],
          [
            106.57704926,
            10.89956474
          ],
          [
            106.57704926,
            10.89956474
          ],
          [
            106.57702637,
            10.89953327
          ],
          [
            106.57639313,
            10.89994335
          ],
          [
            106.57572174,
            10.90031815
          ],
          [
            106.57519531,
            10.89980698
          ],
          [
            106.57474518,
            10.89898014
          ],
          [
            106.5746994,
            10.89900589
          ],
          [
            106.5746994,
            10.89900589
          ],
          [
            106.5746994,
            10.89900589
          ],
          [
            106.57474518,
            10.89898014
          ],
          [
            106.57395935,
            10.89756775
          ],
          [
            106.57355499,
            10.89687824
          ],
          [
            106.57306671,
            10.89622498
          ],
          [
            106.57302094,
            10.89626217
          ],
          [
            106.57302094,
            10.89626217
          ],
          [
            106.57306671,
            10.89622498
          ],
          [
            106.57183075,
            10.89456558
          ],
          [
            106.57115173,
            10.89339066
          ],
          [
            106.56961823,
            10.89016724
          ],
          [
            106.56955719,
            10.89019299
          ],
          [
            106.56955719,
            10.89019299
          ],
          [
            106.5696106,
            10.890172
          ],
          [
            106.56879425,
            10.88815975
          ],
          [
            106.568367,
            10.88715363
          ],
          [
            106.56801605,
            10.88613701
          ],
          [
            106.56796265,
            10.88616276
          ],
          [
            106.56796265,
            10.88616276
          ],
          [
            106.56801605,
            10.8861475
          ],
          [
            106.56746674,
            10.88416195
          ],
          [
            106.56694031,
            10.88220692
          ],
          [
            106.56687927,
            10.88222313
          ],
          [
            106.56687927,
            10.88222313
          ],
          [
            106.56694031,
            10.88220692
          ],
          [
            106.56607819,
            10.87897778
          ],
          [
            106.56603241,
            10.87899399
          ],
          [
            106.56603241,
            10.87899399
          ],
          [
            106.56607819,
            10.8789835
          ],
          [
            106.5657196,
            10.8776083
          ],
          [
            106.5654068,
            10.8762331
          ],
          [
            106.5652771,
            10.87554836
          ],
          [
            106.56482697,
            10.87452602
          ],
          [
            106.5643158,
            10.87356186
          ],
          [
            106.56427002,
            10.87358856
          ],
          [
            106.56427002,
            10.87358856
          ],
          [
            106.56427002,
            10.87358856
          ],
          [
            106.5643158,
            10.87356186
          ],
          [
            106.56388092,
            10.8727169
          ],
          [
            106.56345367,
            10.87187099
          ],
          [
            106.56319427,
            10.87105465
          ],
          [
            106.5629425,
            10.8702383
          ],
          [
            106.56141663,
            10.869627
          ],
          [
            106.55989075,
            10.86901569
          ],
          [
            106.55987549,
            10.86904716
          ],
          [
            106.55987549,
            10.86904716
          ],
          [
            106.55987549,
            10.86904716
          ],
          [
            106.55989838,
            10.86902142
          ],
          [
            106.5589447,
            10.86863899
          ],
          [
            106.5579834,
            10.86825752
          ],
          [
            106.5561676,
            10.86855125
          ],
          [
            106.55435944,
            10.86884499
          ],
          [
            106.55255127,
            10.86913872
          ],
          [
            106.55073547,
            10.86943245
          ],
          [
            106.55075073,
            10.86947918
          ],
          [
            106.55075073,
            10.86947918
          ],
          [
            106.55075073,
            10.86947918
          ],
          [
            106.55075073,
            10.86947918
          ],
          [
            106.55073547,
            10.86944294
          ],
          [
            106.54878235,
            10.86969566
          ],
          [
            106.54673767,
            10.86995888
          ],
          [
            106.54673004,
            10.87000561
          ],
          [
            106.54673004,
            10.87000561
          ],
          [
            106.54673004,
            10.87000561
          ],
          [
            106.54673004,
            10.87000561
          ],
          [
            106.54673004,
            10.87000561
          ],
          [
            106.54673004,
            10.87000561
          ],
          [
            106.54673004,
            10.87000561
          ],
          [
            106.54673004,
            10.86996937
          ],
          [
            106.54414368,
            10.87034893
          ],
          [
            106.54167938,
            10.87070179
          ],
          [
            106.54167938,
            10.87070179
          ],
          [
            106.54167938,
            10.87070179
          ],
          [
            106.54167938,
            10.87070179
          ],
          [
            106.54167938,
            10.87070179
          ],
          [
            106.54006958,
            10.87092781
          ],
          [
            106.53857422,
            10.87122345
          ],
          [
            106.53857422,
            10.87122345
          ],
          [
            106.53857422,
            10.87122345
          ],
          [
            106.53722382,
            10.87148094
          ],
          [
            106.53588104,
            10.87173462
          ],
          [
            106.53596497,
            10.87326241
          ],
          [
            106.53551483,
            10.87257195
          ],
          [
            106.53536224,
            10.87205601
          ],
          [
            106.53560638,
            10.87202358
          ],
          [
            106.53556061,
            10.87184525
          ],
          [
            106.53556061,
            10.87184525
          ]
        ]
      },
      "properties": {
        "feature_type": "route_path",
        "stt": 19,
        "route_id": 118,
        "route_no": "78",
        "display_code": "B 78",
        "route_name": "Bến xe buýt Thới An - Ngã ba Giồng - Cầu Lớn",
        "direction": "Lượt đi",
        "outbound": true,
        "start_point": "Bến xe buýt Thới An",
        "end_point": "Cầu Lớn",
        "start_stop": "Bến xe buýt Thới An",
        "end_stop": "Bến xe buýt Cầu Lớn",
        "distance_km": 19.67,
        "listed_length_km": 18,
        "running_time_min": 60,
        "operating_hours": "5:00 - 20:00",
        "stroke": "#78909C",
        "stroke_width": 4,
        "stroke_opacity": 0.85
      }
    },
    {
      "type": "Feature",
      "geometry": {
        "type": "LineString",
        "coordinates": [
          [
            106.53556061,
            10.87184525
          ],
          [
            106.53556061,
            10.87184525
          ],
          [
            106.53559113,
            10.87203979
          ],
          [
            106.53586578,
            10.8720026
          ],
          [
            106.53582001,
            10.87170219
          ],
          [
            106.53817749,
            10.87125969
          ],
          [
            106.53817749,
            10.87117577
          ],
          [
            106.53817749,
            10.87117577
          ],
          [
            106.53817749,
            10.87117577
          ],
          [
            106.53822327,
            10.87123394
          ],
          [
            106.54003906,
            10.87089634
          ],
          [
            106.54209137,
            10.87058544
          ],
          [
            106.54210663,
            10.87050056
          ],
          [
            106.54210663,
            10.87050056
          ],
          [
            106.54216003,
            10.87058544
          ],
          [
            106.54615784,
            10.87003231
          ],
          [
            106.54620361,
            10.86991119
          ],
          [
            106.54620361,
            10.86991119
          ],
          [
            106.54620361,
            10.86991119
          ],
          [
            106.54627991,
            10.87001705
          ],
          [
            106.55099487,
            10.86933708
          ],
          [
            106.55101013,
            10.86919498
          ],
          [
            106.55101013,
            10.86919498
          ],
          [
            106.55101013,
            10.86919498
          ],
          [
            106.55101013,
            10.86919498
          ],
          [
            106.55105591,
            10.86936378
          ],
          [
            106.55278778,
            10.86908627
          ],
          [
            106.55451202,
            10.86880779
          ],
          [
            106.5562439,
            10.86853027
          ],
          [
            106.55796814,
            10.8682518
          ],
          [
            106.55857849,
            10.86848354
          ],
          [
            106.55918884,
            10.86871529
          ],
          [
            106.55924225,
            10.86864662
          ],
          [
            106.55924225,
            10.86864662
          ],
          [
            106.55924225,
            10.86864662
          ],
          [
            106.55924225,
            10.86864662
          ],
          [
            106.55924225,
            10.86864662
          ],
          [
            106.55922699,
            10.86874199
          ],
          [
            106.56016541,
            10.86912155
          ],
          [
            106.56109619,
            10.86950111
          ],
          [
            106.56203461,
            10.86987972
          ],
          [
            106.56297302,
            10.87025928
          ],
          [
            106.56321716,
            10.87105751
          ],
          [
            106.56345367,
            10.87185574
          ],
          [
            106.56383514,
            10.87261486
          ],
          [
            106.56420898,
            10.87337303
          ],
          [
            106.56427765,
            10.87335682
          ],
          [
            106.56427765,
            10.87335682
          ],
          [
            106.56427765,
            10.87335682
          ],
          [
            106.56422424,
            10.87337303
          ],
          [
            106.56498718,
            10.87484741
          ],
          [
            106.56524658,
            10.87546921
          ],
          [
            106.56563568,
            10.87723923
          ],
          [
            106.56609344,
            10.87901497
          ],
          [
            106.56616211,
            10.87899876
          ],
          [
            106.56616211,
            10.87899876
          ],
          [
            106.56609344,
            10.87901497
          ],
          [
            106.56693268,
            10.88213825
          ],
          [
            106.56699371,
            10.88212299
          ],
          [
            106.56699371,
            10.88212299
          ],
          [
            106.56693268,
            10.88213348
          ],
          [
            106.56745911,
            10.88411427
          ],
          [
            106.56800842,
            10.88610554
          ],
          [
            106.56807709,
            10.88609028
          ],
          [
            106.56807709,
            10.88609028
          ],
          [
            106.56800842,
            10.8861208
          ],
          [
            106.56867218,
            10.88790703
          ],
          [
            106.56959534,
            10.89010334
          ],
          [
            106.56967926,
            10.89008808
          ],
          [
            106.56967926,
            10.89008808
          ],
          [
            106.56967926,
            10.89008808
          ],
          [
            106.5696106,
            10.89013004
          ],
          [
            106.56999207,
            10.89091492
          ],
          [
            106.57036591,
            10.89169979
          ],
          [
            106.57073975,
            10.89248466
          ],
          [
            106.57111359,
            10.89326954
          ],
          [
            106.57173157,
            10.89441776
          ],
          [
            106.5723877,
            10.895298
          ],
          [
            106.57304382,
            10.89617729
          ],
          [
            106.57310486,
            10.89614582
          ],
          [
            106.57310486,
            10.89614582
          ],
          [
            106.57310486,
            10.89614582
          ],
          [
            106.57310486,
            10.89614582
          ],
          [
            106.57304382,
            10.89617729
          ],
          [
            106.57333374,
            10.89651966
          ],
          [
            106.57355499,
            10.89686775
          ],
          [
            106.5739975,
            10.89761543
          ],
          [
            106.57440948,
            10.89836121
          ],
          [
            106.57482147,
            10.89910603
          ],
          [
            106.57489014,
            10.89908504
          ],
          [
            106.57489014,
            10.89908504
          ],
          [
            106.57489014,
            10.89908504
          ],
          [
            106.57482147,
            10.89911652
          ],
          [
            106.5752182,
            10.89981174
          ],
          [
            106.57556152,
            10.90019131
          ],
          [
            106.57590485,
            10.90021229
          ],
          [
            106.5769577,
            10.89958572
          ],
          [
            106.57691193,
            10.89949131
          ],
          [
            106.57691193,
            10.89949131
          ],
          [
            106.57691193,
            10.89949131
          ],
          [
            106.5769577,
            10.89957523
          ],
          [
            106.57817078,
            10.89884567
          ],
          [
            106.57939148,
            10.89811611
          ],
          [
            106.58060455,
            10.89738655
          ],
          [
            106.58182526,
            10.89665699
          ],
          [
            106.58177948,
            10.89655685
          ],
          [
            106.58177948,
            10.89655685
          ],
          [
            106.58177948,
            10.89655685
          ],
          [
            106.58177948,
            10.89655685
          ],
          [
            106.58184052,
            10.89664078
          ],
          [
            106.58316803,
            10.89583492
          ],
          [
            106.58449554,
            10.89502907
          ],
          [
            106.58443451,
            10.89490318
          ],
          [
            106.58443451,
            10.89490318
          ],
          [
            106.58443451,
            10.89490318
          ],
          [
            106.58443451,
            10.89490318
          ],
          [
            106.58451843,
            10.89500237
          ],
          [
            106.5852356,
            10.89455891
          ],
          [
            106.58595276,
            10.89411545
          ],
          [
            106.58666992,
            10.89367104
          ],
          [
            106.58738708,
            10.89322758
          ],
          [
            106.58734131,
            10.89305973
          ],
          [
            106.58734131,
            10.89305973
          ],
          [
            106.58734131,
            10.89305973
          ],
          [
            106.58734131,
            10.89305973
          ],
          [
            106.58748627,
            10.89320087
          ],
          [
            106.58840942,
            10.89261818
          ],
          [
            106.58934021,
            10.89203453
          ],
          [
            106.59027863,
            10.89147758
          ],
          [
            106.59121704,
            10.89092064
          ],
          [
            106.59118652,
            10.89086819
          ],
          [
            106.59118652,
            10.89086819
          ],
          [
            106.59118652,
            10.89086819
          ],
          [
            106.59209442,
            10.89041424
          ],
          [
            106.59288788,
            10.89023018
          ],
          [
            106.59342194,
            10.88985062
          ],
          [
            106.59442902,
            10.8890295
          ],
          [
            106.59444427,
            10.88894463
          ],
          [
            106.59444427,
            10.88894463
          ],
          [
            106.59444427,
            10.88894463
          ],
          [
            106.59494019,
            10.88863945
          ],
          [
            106.59494781,
            10.88848686
          ],
          [
            106.595047,
            10.88845444
          ],
          [
            106.59514618,
            10.88849163
          ],
          [
            106.59628296,
            10.88834953
          ],
          [
            106.59830475,
            10.88823318
          ],
          [
            106.59898376,
            10.88807583
          ],
          [
            106.59898376,
            10.88807583
          ],
          [
            106.59898376,
            10.88807583
          ],
          [
            106.59898376,
            10.88807583
          ],
          [
            106.6000824,
            10.88798618
          ],
          [
            106.60102081,
            10.88794899
          ],
          [
            106.60112762,
            10.88792801
          ],
          [
            106.60112762,
            10.88792801
          ],
          [
            106.60134888,
            10.88796997
          ],
          [
            106.60160828,
            10.88794041
          ],
          [
            106.60192871,
            10.8878603
          ],
          [
            106.60227966,
            10.88772964
          ],
          [
            106.60317993,
            10.88813972
          ],
          [
            106.60332489,
            10.8881073
          ],
          [
            106.60332489,
            10.8881073
          ],
          [
            106.6034317,
            10.88822269
          ],
          [
            106.60381317,
            10.88840008
          ],
          [
            106.60411835,
            10.88848019
          ],
          [
            106.60542297,
            10.88861275
          ],
          [
            106.60554504,
            10.88853931
          ],
          [
            106.60554504,
            10.88853931
          ],
          [
            106.60554504,
            10.88853931
          ],
          [
            106.60555267,
            10.88863945
          ],
          [
            106.60679626,
            10.88874435
          ],
          [
            106.60819244,
            10.88871861
          ],
          [
            106.60932159,
            10.88893414
          ],
          [
            106.60936737,
            10.88888168
          ],
          [
            106.60936737,
            10.88888168
          ],
          [
            106.60935211,
            10.8890028
          ],
          [
            106.60977173,
            10.88907623
          ],
          [
            106.61018372,
            10.88923454
          ],
          [
            106.61097717,
            10.88966656
          ],
          [
            106.61175537,
            10.89008808
          ],
          [
            106.61213684,
            10.89032459
          ],
          [
            106.61254883,
            10.89047813
          ],
          [
            106.61254883,
            10.89047813
          ],
          [
            106.61254883,
            10.89047813
          ],
          [
            106.61248779,
            10.89052963
          ],
          [
            106.61338806,
            10.89081001
          ],
          [
            106.61389923,
            10.89090443
          ],
          [
            106.61389923,
            10.89090443
          ],
          [
            106.61401367,
            10.89096832
          ],
          [
            106.61399841,
            10.89096928
          ],
          [
            106.61398315,
            10.89097023
          ],
          [
            106.61540221999999,
            10.89133644
          ],
          [
            106.61663055,
            10.89167309
          ],
          [
            106.61715698,
            10.89196301
          ],
          [
            106.61795807,
            10.89259529
          ],
          [
            106.62267303,
            10.8958559
          ],
          [
            106.62267303,
            10.8958559
          ],
          [
            106.62433624,
            10.89702034
          ],
          [
            106.62602997,
            10.89815807
          ],
          [
            106.62604523,
            10.89818478
          ],
          [
            106.62723541,
            10.89910603
          ],
          [
            106.62757874,
            10.89927959
          ],
          [
            106.62757874,
            10.89927959
          ],
          [
            106.63033295,
            10.90089703
          ],
          [
            106.63040161,
            10.90086555
          ],
          [
            106.63040161,
            10.90086555
          ],
          [
            106.63040161,
            10.9009285
          ],
          [
            106.63039398,
            10.90090752
          ],
          [
            106.63298035,
            10.90234089
          ],
          [
            106.63298035,
            10.90234089
          ],
          [
            106.63298035,
            10.90234089
          ],
          [
            106.63681793,
            10.9045105
          ],
          [
            106.63687134,
            10.90443707
          ],
          [
            106.63687134,
            10.90443707
          ],
          [
            106.63690186,
            10.90451622
          ],
          [
            106.6368866,
            10.90451622
          ],
          [
            106.64051056,
            10.90653419
          ],
          [
            106.64051056,
            10.90653419
          ],
          [
            106.64051056,
            10.90653419
          ],
          [
            106.64051056,
            10.90653419
          ],
          [
            106.64177704,
            10.90732384
          ],
          [
            106.64259338,
            10.90777111
          ],
          [
            106.64300537,
            10.90798187
          ],
          [
            106.64334106,
            10.90819263
          ],
          [
            106.64341736,
            10.90821934
          ],
          [
            106.64341736,
            10.90821934
          ],
          [
            106.64341736,
            10.90821934
          ],
          [
            106.64414215,
            10.90873528
          ],
          [
            106.64413452,
            10.90832424
          ],
          [
            106.64408112,
            10.90795612
          ],
          [
            106.64408112,
            10.90795612
          ],
          [
            106.64400482,
            10.90739155
          ],
          [
            106.6439209,
            10.90659142
          ],
          [
            106.64382935,
            10.90563774
          ],
          [
            106.64376831,
            10.90560627
          ],
          [
            106.64382935,
            10.90565872
          ],
          [
            106.64387512,
            10.90528011
          ],
          [
            106.64458466,
            10.90348339
          ],
          [
            106.64470673,
            10.90295124
          ],
          [
            106.6448822,
            10.90246677
          ],
          [
            106.64525604,
            10.90072918
          ],
          [
            106.64525604,
            10.90072918
          ],
          [
            106.6459198,
            10.89807415
          ],
          [
            106.6459198,
            10.89807415
          ],
          [
            106.64652252,
            10.89577675
          ],
          [
            106.64680481,
            10.89491272
          ],
          [
            106.64693451,
            10.89299583
          ],
          [
            106.64682007,
            10.89300632
          ],
          [
            106.64682007,
            10.89300632
          ],
          [
            106.64682007,
            10.89300632
          ],
          [
            106.64682007,
            10.89300632
          ],
          [
            106.64694977,
            10.89301682
          ],
          [
            106.64701843,
            10.89232635
          ],
          [
            106.64704132,
            10.89084625
          ],
          [
            106.64710999,
            10.89010334
          ],
          [
            106.64726257,
            10.88935566
          ],
          [
            106.64719391,
            10.88934994
          ],
          [
            106.64719391,
            10.88934994
          ],
          [
            106.64719391,
            10.88934994
          ],
          [
            106.64719391,
            10.88934994
          ],
          [
            106.64719391,
            10.88934994
          ],
          [
            106.64719391,
            10.88934994
          ],
          [
            106.64725494,
            10.88936138
          ],
          [
            106.6476059,
            10.88743782
          ],
          [
            106.647789,
            10.8864975
          ],
          [
            106.64797211,
            10.88555717
          ],
          [
            106.64785004,
            10.88554668
          ],
          [
            106.64785004,
            10.88554668
          ],
          [
            106.64785004,
            10.88554668
          ],
          [
            106.64785004,
            10.88554668
          ],
          [
            106.64785004,
            10.88554668
          ],
          [
            106.64797211,
            10.88556767
          ],
          [
            106.64845276,
            10.88284969
          ],
          [
            106.64857483,
            10.88203812
          ],
          [
            106.64870453,
            10.881217
          ],
          [
            106.64866638,
            10.88120556
          ],
          [
            106.64866638,
            10.88120556
          ],
          [
            106.64866638,
            10.88120556
          ],
          [
            106.64866638,
            10.88120556
          ],
          [
            106.64871216,
            10.88120651
          ],
          [
            106.64878082,
            10.88078976
          ],
          [
            106.64884186,
            10.87978935
          ],
          [
            106.64891052,
            10.87851048
          ],
          [
            106.64797974,
            10.87846661
          ],
          [
            106.64797974,
            10.87846661
          ],
          [
            106.64797974,
            10.87846661
          ]
        ]
      },
      "properties": {
        "feature_type": "route_path",
        "stt": 19,
        "route_id": 118,
        "route_no": "78",
        "display_code": "B 78",
        "route_name": "Bến xe buýt Thới An - Ngã ba Giồng - Cầu Lớn",
        "direction": "Lượt về",
        "outbound": false,
        "start_point": "Bến xe buýt Thới An",
        "end_point": "Cầu Lớn",
        "start_stop": "Bến xe buýt Cầu Lớn",
        "end_stop": "Bến xe buýt Thới An",
        "distance_km": 19.33,
        "listed_length_km": 18,
        "running_time_min": 60,
        "operating_hours": "5:00 - 20:00",
        "stroke": "#78909C",
        "stroke_width": 4,
        "stroke_opacity": 0.85
      }
    },
    {
      "type": "Feature",
      "geometry": {
        "type": "Point",
        "coordinates": [
          106.64798,
          10.878467
        ]
      },
      "properties": {
        "feature_type": "bus_stop",
        "stop_id": 2745,
        "stop_code": "BX35",
        "stop_name": "Bến xe buýt Thới An",
        "stop_type": "Bến xe",
        "route_no": "78",
        "display_code": "B 78",
        "direction": "Lượt đi",
        "address": "BẾN XE BUÝT THỚI AN Lê Văn Khương",
        "street": "Lê Văn Khương",
        "zone": "Quận 12",
        "ward": null,
        "all_routes": "36, 62, 78",
        "marker_color": "#78909C"
      }
    },
    {
      "type": "Feature",
      "geometry": {
        "type": "Point",
        "coordinates": [
          106.649002,
          10.878841
        ]
      },
      "properties": {
        "feature_type": "bus_stop",
        "stop_id": 3426,
        "stop_code": "Q12 005",
        "stop_name": "Bến xe buýt Thới An",
        "stop_type": "Trụ dừng",
        "route_no": "78",
        "display_code": "B 78",
        "direction": "Lượt đi",
        "address": "390 Lê Văn Khương",
        "street": "Lê Văn Khương",
        "zone": "Quận 12",
        "ward": null,
        "all_routes": "78",
        "marker_color": "#78909C"
      }
    },
    {
      "type": "Feature",
      "geometry": {
        "type": "Point",
        "coordinates": [
          106.648723,
          10.881801
        ]
      },
      "properties": {
        "feature_type": "bus_stop",
        "stop_id": 3804,
        "stop_code": "Q12 006",
        "stop_name": "Thới An 13",
        "stop_type": "Trụ dừng",
        "route_no": "78",
        "display_code": "B 78",
        "direction": "Lượt đi",
        "address": "458 Lê Văn Khương",
        "street": "Lê Văn Khương",
        "zone": "Quận 12",
        "ward": null,
        "all_routes": "78",
        "marker_color": "#78909C"
      }
    },
    {
      "type": "Feature",
      "geometry": {
        "type": "Point",
        "coordinates": [
          106.648176,
          10.88522
        ]
      },
      "properties": {
        "feature_type": "bus_stop",
        "stop_id": 3805,
        "stop_code": "Q12 007",
        "stop_name": "Võ Thị Phải",
        "stop_type": "Trụ dừng",
        "route_no": "78",
        "display_code": "B 78",
        "direction": "Lượt đi",
        "address": "552 (654) Lê Văn Khương",
        "street": "Lê Văn Khương",
        "zone": "Quận 12",
        "ward": null,
        "all_routes": "78",
        "marker_color": "#78909C"
      }
    },
    {
      "type": "Feature",
      "geometry": {
        "type": "Point",
        "coordinates": [
          106.647318,
          10.889556
        ]
      },
      "properties": {
        "feature_type": "bus_stop",
        "stop_id": 3806,
        "stop_code": "Q12 008",
        "stop_name": "Chùa Pháp Thạnh",
        "stop_type": "Trụ dừng",
        "route_no": "78",
        "display_code": "B 78",
        "direction": "Lượt đi",
        "address": "646 (31/1) Lê Văn Khương",
        "street": "Lê Văn Khương",
        "zone": "Quận 12",
        "ward": null,
        "all_routes": "78",
        "marker_color": "#78909C"
      }
    },
    {
      "type": "Feature",
      "geometry": {
        "type": "Point",
        "coordinates": [
          106.647098,
          10.892643
        ]
      },
      "properties": {
        "feature_type": "bus_stop",
        "stop_id": 3852,
        "stop_code": "Q12 009",
        "stop_name": "Cầu dừa",
        "stop_type": "Trụ dừng",
        "route_no": "78",
        "display_code": "B 78",
        "direction": "Lượt đi",
        "address": "952 (730) Lê Văn Khương",
        "street": "Lê Văn Khương",
        "zone": "Quận 12",
        "ward": null,
        "all_routes": "78",
        "marker_color": "#78909C"
      }
    },
    {
      "type": "Feature",
      "geometry": {
        "type": "Point",
        "coordinates": [
          106.646068,
          10.898253
        ]
      },
      "properties": {
        "feature_type": "bus_stop",
        "stop_id": 3847,
        "stop_code": "HHM 101",
        "stop_name": "Công ty Huy Phát",
        "stop_type": "Nhà chờ",
        "route_no": "78",
        "display_code": "B 78",
        "direction": "Lượt đi",
        "address": "22 Lê Văn Khương",
        "street": "Lê Văn Khương",
        "zone": "Huyện Hóc Môn",
        "ward": "Xã Đông Thạnh",
        "all_routes": "78",
        "marker_color": "#78909C"
      }
    },
    {
      "type": "Feature",
      "geometry": {
        "type": "Point",
        "coordinates": [
          106.645274,
          10.90135
        ]
      },
      "properties": {
        "feature_type": "bus_stop",
        "stop_id": 3849,
        "stop_code": "HHM 102",
        "stop_name": "Hương lộ 80",
        "stop_type": "Trụ dừng",
        "route_no": "78",
        "display_code": "B 78",
        "direction": "Lượt đi",
        "address": "46 Lê Văn Khương",
        "street": "Lê Văn Khương",
        "zone": "Huyện Hóc Môn",
        "ward": "Xã Đông Thạnh",
        "all_routes": "78",
        "marker_color": "#78909C"
      }
    },
    {
      "type": "Feature",
      "geometry": {
        "type": "Point",
        "coordinates": [
          106.644008,
          10.905585
        ]
      },
      "properties": {
        "feature_type": "bus_stop",
        "stop_id": 3851,
        "stop_code": "HHM 103",
        "stop_name": "Đông Thạnh 9",
        "stop_type": "Trụ dừng",
        "route_no": "78",
        "display_code": "B 78",
        "direction": "Lượt đi",
        "address": "78 Lê Văn Khương",
        "street": "Lê Văn Khương",
        "zone": "Huyện Hóc Môn",
        "ward": "Xã Đông Thạnh",
        "all_routes": "78",
        "marker_color": "#78909C"
      }
    },
    {
      "type": "Feature",
      "geometry": {
        "type": "Point",
        "coordinates": [
          106.64426,
          10.908219
        ]
      },
      "properties": {
        "feature_type": "bus_stop",
        "stop_id": 3850,
        "stop_code": "HHM 104",
        "stop_name": "Ngã tư Đông Thạnh",
        "stop_type": "Trụ dừng",
        "route_no": "78",
        "display_code": "B 78",
        "direction": "Lượt đi",
        "address": "156 Lê Văn Khương",
        "street": "Lê Văn Khương",
        "zone": "Huyện Hóc Môn",
        "ward": "Xã Đông Thạnh",
        "all_routes": "78",
        "marker_color": "#78909C"
      }
    },
    {
      "type": "Feature",
      "geometry": {
        "type": "Point",
        "coordinates": [
          106.643472,
          10.90843
        ]
      },
      "properties": {
        "feature_type": "bus_stop",
        "stop_id": 3221,
        "stop_code": "HHM 125",
        "stop_name": "Ngã tư Đông Thạnh",
        "stop_type": "Trụ dừng",
        "route_no": "78",
        "display_code": "B 78",
        "direction": "Lượt đi",
        "address": "32 Đặng Thúc Vinh",
        "street": "Đặng Thúc Vinh",
        "zone": "Huyện Hóc Môn",
        "ward": "Xã Đông Thạnh",
        "all_routes": "78",
        "marker_color": "#78909C"
      }
    },
    {
      "type": "Feature",
      "geometry": {
        "type": "Point",
        "coordinates": [
          106.640806,
          10.906892
        ]
      },
      "properties": {
        "feature_type": "bus_stop",
        "stop_id": 3222,
        "stop_code": "HHM 126",
        "stop_name": "tạp hóa Nguyễn Hiền",
        "stop_type": "Trụ dừng",
        "route_no": "78",
        "display_code": "B 78",
        "direction": "Lượt đi",
        "address": "49-49B Đặng Thúc Vinh",
        "street": "Đặng Thúc Vinh",
        "zone": "Huyện Hóc Môn",
        "ward": "Xã Đông Thạnh",
        "all_routes": "78",
        "marker_color": "#78909C"
      }
    },
    {
      "type": "Feature",
      "geometry": {
        "type": "Point",
        "coordinates": [
          106.637346,
          10.904974
        ]
      },
      "properties": {
        "feature_type": "bus_stop",
        "stop_id": 3223,
        "stop_code": "HHM 127",
        "stop_name": "Chợ Đông Thạnh",
        "stop_type": "Trụ dừng",
        "route_no": "78",
        "display_code": "B 78",
        "direction": "Lượt đi",
        "address": "70 (69C) Đặng Thúc Vinh",
        "street": "Đặng Thúc Vinh",
        "zone": "Huyện Hóc Môn",
        "ward": "Xã Đông Thạnh",
        "all_routes": "78",
        "marker_color": "#78909C"
      }
    },
    {
      "type": "Feature",
      "geometry": {
        "type": "Point",
        "coordinates": [
          106.633408,
          10.902825
        ]
      },
      "properties": {
        "feature_type": "bus_stop",
        "stop_id": 3244,
        "stop_code": "HHM 129",
        "stop_name": "Thép Tùng Liên",
        "stop_type": "Trụ dừng",
        "route_no": "78",
        "display_code": "B 78",
        "direction": "Lượt đi",
        "address": "270 (82B) Đặng Thúc Vịnh",
        "street": "Đặng Thúc Vịnh",
        "zone": "Huyện Hóc Môn",
        "ward": "Xã Đông Thạnh",
        "all_routes": "78",
        "marker_color": "#78909C"
      }
    },
    {
      "type": "Feature",
      "geometry": {
        "type": "Point",
        "coordinates": [
          106.630683,
          10.901245
        ]
      },
      "properties": {
        "feature_type": "bus_stop",
        "stop_id": 3812,
        "stop_code": "HHM 131",
        "stop_name": "Mầm non Dễ Thương",
        "stop_type": "Trụ dừng",
        "route_no": "78",
        "display_code": "B 78",
        "direction": "Lượt đi",
        "address": "286 (286/1A) Đặng Thúc Vịnh",
        "street": "Đặng Thúc Vịnh",
        "zone": "Huyện Hóc Môn",
        "ward": "Xã Đông Thạnh",
        "all_routes": "78",
        "marker_color": "#78909C"
      }
    },
    {
      "type": "Feature",
      "geometry": {
        "type": "Point",
        "coordinates": [
          106.627893,
          10.899665
        ]
      },
      "properties": {
        "feature_type": "bus_stop",
        "stop_id": 3818,
        "stop_code": "HHM 146",
        "stop_name": "Cây xăng Đông Thạnh",
        "stop_type": "Trụ dừng",
        "route_no": "78",
        "display_code": "B 78",
        "direction": "Lượt đi",
        "address": "324 (đối diện 4/6) Đặng Thúc Vịnh",
        "street": "Đặng Thúc Vịnh",
        "zone": "Huyện Hóc Môn",
        "ward": "Xã Đông Thạnh",
        "all_routes": "78",
        "marker_color": "#78909C"
      }
    },
    {
      "type": "Feature",
      "geometry": {
        "type": "Point",
        "coordinates": [
          106.625233,
          10.89781
        ]
      },
      "properties": {
        "feature_type": "bus_stop",
        "stop_id": 3841,
        "stop_code": "QHMT059",
        "stop_name": "Trường Thới Thạnh",
        "stop_type": "Ô sơn",
        "route_no": "78",
        "display_code": "B 78",
        "direction": "Lượt đi",
        "address": "đối diện 363 Đặng Thúc Vịnh",
        "street": "Đặng Thúc Vịnh",
        "zone": "Huyện Hóc Môn",
        "ward": "Xã Đông Thạnh",
        "all_routes": "78",
        "marker_color": "#78909C"
      }
    },
    {
      "type": "Feature",
      "geometry": {
        "type": "Point",
        "coordinates": [
          106.622856,
          10.896151
        ]
      },
      "properties": {
        "feature_type": "bus_stop",
        "stop_id": 3815,
        "stop_code": "HHM 134",
        "stop_name": "Trạm biến áp Đông Thạnh",
        "stop_type": "Trụ dừng",
        "route_no": "78",
        "display_code": "B 78",
        "direction": "Lượt đi",
        "address": "4/2B (đối diện 34) Đặng Thúc Vịnh",
        "street": "Đặng Thúc Vịnh",
        "zone": "Huyện Hóc Môn",
        "ward": "Xã Đông Thạnh",
        "all_routes": "78",
        "marker_color": "#78909C"
      }
    },
    {
      "type": "Feature",
      "geometry": {
        "type": "Point",
        "coordinates": [
          106.617776,
          10.892622
        ]
      },
      "properties": {
        "feature_type": "bus_stop",
        "stop_id": 3839,
        "stop_code": "QHMT056",
        "stop_name": "Chùa Từ Ân",
        "stop_type": "Trụ dừng",
        "route_no": "78",
        "display_code": "B 78",
        "direction": "Lượt đi",
        "address": "10/1 (dd 117A) Đặng Thúc Vịnh",
        "street": "Đặng Thúc Vịnh",
        "zone": "Huyện Hóc Môn",
        "ward": "Xã Đông Thạnh",
        "all_routes": "78",
        "marker_color": "#78909C"
      }
    },
    {
      "type": "Feature",
      "geometry": {
        "type": "Point",
        "coordinates": [
          106.614954,
          10.891336
        ]
      },
      "properties": {
        "feature_type": "bus_stop",
        "stop_id": 3816,
        "stop_code": "HHM 135",
        "stop_name": "Trịnh Thị Miếng",
        "stop_type": "Trụ dừng",
        "route_no": "78",
        "display_code": "B 78",
        "direction": "Lượt đi",
        "address": "15/7A (15/4F) Đặng Thúc Vịnh",
        "street": "Đặng Thúc Vịnh",
        "zone": "Huyện Hóc Môn",
        "ward": "Xã Thới Tam Thôn",
        "all_routes": "78",
        "marker_color": "#78909C"
      }
    },
    {
      "type": "Feature",
      "geometry": {
        "type": "Point",
        "coordinates": [
          106.61216,
          10.890467
        ]
      },
      "properties": {
        "feature_type": "bus_stop",
        "stop_id": 3814,
        "stop_code": "HHM 136",
        "stop_name": "Đài liệt sỹ Thới Tam Thôn",
        "stop_type": "Trụ dừng",
        "route_no": "78",
        "display_code": "B 78",
        "direction": "Lượt đi",
        "address": "24/1A (23/12) Đặng Thúc Vịnh",
        "street": "Đặng Thúc Vịnh",
        "zone": "Huyện Hóc Môn",
        "ward": "Xã Thới Tam Thôn",
        "all_routes": "78",
        "marker_color": "#78909C"
      }
    },
    {
      "type": "Feature",
      "geometry": {
        "type": "Point",
        "coordinates": [
          106.609097,
          10.889013
        ]
      },
      "properties": {
        "feature_type": "bus_stop",
        "stop_id": 3821,
        "stop_code": "HHM 137",
        "stop_name": "Siêu thị coopmax",
        "stop_type": "Trụ dừng",
        "route_no": "78",
        "display_code": "B 78",
        "direction": "Lượt đi",
        "address": "298 (292) Đặng Thúc Vịnh",
        "street": "Đặng Thúc Vịnh",
        "zone": "Huyện Hóc Môn",
        "ward": "Xã Thới Tam Thôn",
        "all_routes": "78",
        "marker_color": "#78909C"
      }
    },
    {
      "type": "Feature",
      "geometry": {
        "type": "Point",
        "coordinates": [
          106.605717,
          10.888734
        ]
      },
      "properties": {
        "feature_type": "bus_stop",
        "stop_id": 3822,
        "stop_code": "HHM 148",
        "stop_name": "Chùa Minh Hòa",
        "stop_type": "Trụ dừng",
        "route_no": "78",
        "display_code": "B 78",
        "direction": "Lượt đi",
        "address": "40/7 (chùa Minh Hòa) Đặng Thúc Vịnh",
        "street": "Đặng Thúc Vịnh",
        "zone": "Huyện Hóc Môn",
        "ward": "Xã Thới Tam Thôn",
        "all_routes": "78",
        "marker_color": "#78909C"
      }
    },
    {
      "type": "Feature",
      "geometry": {
        "type": "Point",
        "coordinates": [
          106.603051,
          10.88816
        ]
      },
      "properties": {
        "feature_type": "bus_stop",
        "stop_id": 3824,
        "stop_code": "HHM 138",
        "stop_name": "Chùa Thiền Lâm",
        "stop_type": "Trụ dừng",
        "route_no": "78",
        "display_code": "B 78",
        "direction": "Lượt đi",
        "address": "4/107 Đặng Thúc Vịnh",
        "street": "Đặng Thúc Vịnh",
        "zone": "Huyện Hóc Môn",
        "ward": "Xã Thới Tam Thôn",
        "all_routes": "78",
        "marker_color": "#78909C"
      }
    },
    {
      "type": "Feature",
      "geometry": {
        "type": "Point",
        "coordinates": [
          106.60156,
          10.888002
        ]
      },
      "properties": {
        "feature_type": "bus_stop",
        "stop_id": 2266,
        "stop_code": "HHM 083",
        "stop_name": "Ngã 3 Chùa",
        "stop_type": "Trụ dừng",
        "route_no": "78",
        "display_code": "B 78",
        "direction": "Lượt đi",
        "address": "4/36 Quang Trung",
        "street": "Quang Trung",
        "zone": "Huyện Hóc Môn",
        "ward": "Thị trấn Hóc Môn",
        "all_routes": "24, 78",
        "marker_color": "#78909C"
      }
    },
    {
      "type": "Feature",
      "geometry": {
        "type": "Point",
        "coordinates": [
          106.598416,
          10.888323
        ]
      },
      "properties": {
        "feature_type": "bus_stop",
        "stop_id": 2257,
        "stop_code": "HHM 084",
        "stop_name": "Chợ Hóc Môn",
        "stop_type": "Trụ dừng",
        "route_no": "78",
        "display_code": "B 78",
        "direction": "Lượt đi",
        "address": "1/17 Quang Trung",
        "street": "Quang Trung",
        "zone": "Huyện Hóc Môn",
        "ward": "Thị trấn Hóc Môn",
        "all_routes": "24, 78",
        "marker_color": "#78909C"
      }
    },
    {
      "type": "Feature",
      "geometry": {
        "type": "Point",
        "coordinates": [
          106.594666,
          10.889009
        ]
      },
      "properties": {
        "feature_type": "bus_stop",
        "stop_id": 3825,
        "stop_code": "HHM 226",
        "stop_name": "Ngã ba Hóc Môn",
        "stop_type": "Trụ dừng",
        "route_no": "78",
        "display_code": "B 78",
        "direction": "Lượt đi",
        "address": "Đối diện 19/2 Lê Lợi",
        "street": "Lê Lợi",
        "zone": "Huyện Hóc Môn",
        "ward": "Thị trấn Hóc Môn",
        "all_routes": "78",
        "marker_color": "#78909C"
      }
    },
    {
      "type": "Feature",
      "geometry": {
        "type": "Point",
        "coordinates": [
          106.59185,
          10.890641
        ]
      },
      "properties": {
        "feature_type": "bus_stop",
        "stop_id": 3826,
        "stop_code": "HHM 229",
        "stop_name": "Trường trung học cơ sở Nguyễn Thị Minh Khai",
        "stop_type": "Trụ dừng",
        "route_no": "78",
        "display_code": "B 78",
        "direction": "Lượt đi",
        "address": "đối diên Trường trung học cơ sở Nguyễn Thị Minh Khai (12/3A) Lê Lợi",
        "street": "Lê Lợi",
        "zone": "Huyện Hóc Môn",
        "ward": "Xã Tân Hiệp",
        "all_routes": "78",
        "marker_color": "#78909C"
      }
    },
    {
      "type": "Feature",
      "geometry": {
        "type": "Point",
        "coordinates": [
          106.58802,
          10.893007
        ]
      },
      "properties": {
        "feature_type": "bus_stop",
        "stop_id": 3827,
        "stop_code": "HHM 230",
        "stop_name": "Đường sông hành QL22",
        "stop_type": "Trụ dừng",
        "route_no": "78",
        "display_code": "B 78",
        "direction": "Lượt đi",
        "address": "131/3 Lê Lợi",
        "street": "Lê Lợi",
        "zone": "Huyện Hóc Môn",
        "ward": "Xã Tân Hiệp",
        "all_routes": "78",
        "marker_color": "#78909C"
      }
    },
    {
      "type": "Feature",
      "geometry": {
        "type": "Point",
        "coordinates": [
          106.584849,
          10.894887
        ]
      },
      "properties": {
        "feature_type": "bus_stop",
        "stop_id": 3828,
        "stop_code": "HHM 233",
        "stop_name": "Bến xe buýt 19/5",
        "stop_type": "Trụ dừng",
        "route_no": "78",
        "display_code": "B 78",
        "direction": "Lượt đi",
        "address": "12/2 (cây xăng Lý Quý) Lê Lợi",
        "street": "Lê Lợi",
        "zone": "Huyện Hóc Môn",
        "ward": "Xã Tân Hiệp",
        "all_routes": "78",
        "marker_color": "#78909C"
      }
    },
    {
      "type": "Feature",
      "geometry": {
        "type": "Point",
        "coordinates": [
          106.582081,
          10.896594
        ]
      },
      "properties": {
        "feature_type": "bus_stop",
        "stop_id": 7610,
        "stop_code": "HHM 238",
        "stop_name": "Chùa Hoàng Pháp",
        "stop_type": "Trụ dừng",
        "route_no": "78",
        "display_code": "B 78",
        "direction": "Lượt đi",
        "address": "9B Lê Lợi",
        "street": "Lê Lợi",
        "zone": "Huyện Hóc Môn",
        "ward": "Xã Tân Hiệp",
        "all_routes": "78",
        "marker_color": "#78909C"
      }
    },
    {
      "type": "Feature",
      "geometry": {
        "type": "Point",
        "coordinates": [
          106.577049,
          10.899565
        ]
      },
      "properties": {
        "feature_type": "bus_stop",
        "stop_id": 7613,
        "stop_code": "HHM 241",
        "stop_name": "Hương lộ 65",
        "stop_type": "Trụ dừng",
        "route_no": "78",
        "display_code": "B 78",
        "direction": "Lượt đi",
        "address": "1/4B Lê Lợi",
        "street": "Lê Lợi",
        "zone": "Huyện Hóc Môn",
        "ward": "Xã Tân Hiệp",
        "all_routes": "78",
        "marker_color": "#78909C"
      }
    },
    {
      "type": "Feature",
      "geometry": {
        "type": "Point",
        "coordinates": [
          106.5747,
          10.899006
        ]
      },
      "properties": {
        "feature_type": "bus_stop",
        "stop_id": 7671,
        "stop_code": "HHM 0174",
        "stop_name": "Tân Thới Nhì 12",
        "stop_type": "Trụ dừng",
        "route_no": "78",
        "display_code": "B 78",
        "direction": "Lượt đi",
        "address": "4 (2/4) Dương Công Khi",
        "street": "Dương Công Khi",
        "zone": "Huyện Hóc Môn",
        "ward": "Xã Tân Thới Nhì",
        "all_routes": "78",
        "marker_color": "#78909C"
      }
    },
    {
      "type": "Feature",
      "geometry": {
        "type": "Point",
        "coordinates": [
          106.573021,
          10.896262
        ]
      },
      "properties": {
        "feature_type": "bus_stop",
        "stop_id": 7669,
        "stop_code": "HHM 0172",
        "stop_name": "Trường Nhị Tân",
        "stop_type": "Trụ dừng",
        "route_no": "78",
        "display_code": "B 78",
        "direction": "Lượt đi",
        "address": "kế 2/51 (đối diện trường Nhị Tân) Dương Công Khi",
        "street": "Dương Công Khi",
        "zone": "Huyện Hóc Môn",
        "ward": "Xã Tân Thới Nhì",
        "all_routes": "78",
        "marker_color": "#78909C"
      }
    },
    {
      "type": "Feature",
      "geometry": {
        "type": "Point",
        "coordinates": [
          106.569561,
          10.890193
        ]
      },
      "properties": {
        "feature_type": "bus_stop",
        "stop_id": 7667,
        "stop_code": "HHM 0170",
        "stop_name": "Tân Thới Nhì 8",
        "stop_type": "Trụ dừng",
        "route_no": "78",
        "display_code": "B 78",
        "direction": "Lượt đi",
        "address": "2/201C (kế nhà thuốc tây 64) Dương Công Khi",
        "street": "Dương Công Khi",
        "zone": "Huyện Hóc Môn",
        "ward": "Xã Tân Thới Nhì",
        "all_routes": "78",
        "marker_color": "#78909C"
      }
    },
    {
      "type": "Feature",
      "geometry": {
        "type": "Point",
        "coordinates": [
          106.567962,
          10.886163
        ]
      },
      "properties": {
        "feature_type": "bus_stop",
        "stop_id": 7665,
        "stop_code": "HHM 0168",
        "stop_name": "Nguyễn Thị Đành",
        "stop_type": "Trụ dừng",
        "route_no": "78",
        "display_code": "B 78",
        "direction": "Lượt đi",
        "address": "90D1 (đối diện 97C) Dương Công Khi",
        "street": "Dương Công Khi",
        "zone": "Huyện Hóc Môn",
        "ward": "Xã Xuân Thới Sơn",
        "all_routes": "78",
        "marker_color": "#78909C"
      }
    },
    {
      "type": "Feature",
      "geometry": {
        "type": "Point",
        "coordinates": [
          106.566879,
          10.882223
        ]
      },
      "properties": {
        "feature_type": "bus_stop",
        "stop_id": 7663,
        "stop_code": "HHM 0166",
        "stop_name": "Lê Thị Kim",
        "stop_type": "Trụ dừng",
        "route_no": "78",
        "display_code": "B 78",
        "direction": "Lượt đi",
        "address": "54D (cty Dong Lin) Dương Công Khi",
        "street": "Dương Công Khi",
        "zone": "Huyện Hóc Môn",
        "ward": "Xã Xuân Thới Sơn",
        "all_routes": "78",
        "marker_color": "#78909C"
      }
    },
    {
      "type": "Feature",
      "geometry": {
        "type": "Point",
        "coordinates": [
          106.566031,
          10.878994
        ]
      },
      "properties": {
        "feature_type": "bus_stop",
        "stop_id": 7660,
        "stop_code": "HHM 0163",
        "stop_name": "Trương Thị Như",
        "stop_type": "Trụ dừng",
        "route_no": "78",
        "display_code": "B 78",
        "direction": "Lượt đi",
        "address": "31/13 Dương Công Khi",
        "street": "Dương Công Khi",
        "zone": "Huyện Hóc Môn",
        "ward": "Xã Xuân Thới Sơn",
        "all_routes": "78",
        "marker_color": "#78909C"
      }
    },
    {
      "type": "Feature",
      "geometry": {
        "type": "Point",
        "coordinates": [
          106.564271,
          10.873589
        ]
      },
      "properties": {
        "feature_type": "bus_stop",
        "stop_id": 7659,
        "stop_code": "HHM 0162",
        "stop_name": "Nguyễn Thị Ly",
        "stop_type": "Trụ dừng",
        "route_no": "78",
        "display_code": "B 78",
        "direction": "Lượt đi",
        "address": "kế 15D9 Dương Công Khi",
        "street": "Dương Công Khi",
        "zone": "Huyện Hóc Môn",
        "ward": "Xã Xuân Thới Sơn",
        "all_routes": "78",
        "marker_color": "#78909C"
      }
    },
    {
      "type": "Feature",
      "geometry": {
        "type": "Point",
        "coordinates": [
          106.559878,
          10.869047
        ]
      },
      "properties": {
        "feature_type": "bus_stop",
        "stop_id": 3945,
        "stop_code": "HHM 065",
        "stop_name": "Ngã Ba Giồng",
        "stop_type": "Trụ dừng",
        "route_no": "78",
        "display_code": "B 78",
        "direction": "Lượt đi",
        "address": "Đối diện Ngã ba giòng Nguyễn Văn Bứa",
        "street": "Nguyễn Văn Bứa",
        "zone": "Huyện Hóc Môn",
        "ward": "Xã Xuân Thới Sơn",
        "all_routes": "62-5, 78, 85",
        "marker_color": "#78909C"
      }
    },
    {
      "type": "Feature",
      "geometry": {
        "type": "Point",
        "coordinates": [
          106.550753,
          10.869479
        ]
      },
      "properties": {
        "feature_type": "bus_stop",
        "stop_id": 2222,
        "stop_code": "HHM 066",
        "stop_name": "Trường PTTH Nguyễn Văn Cừ",
        "stop_type": "Trụ dừng",
        "route_no": "78",
        "display_code": "B 78",
        "direction": "Lượt đi",
        "address": "Đối diện trường Nguyễn Văn Cừ Nguyễn Văn Bứa",
        "street": "Nguyễn Văn Bứa",
        "zone": "Huyện Hóc Môn",
        "ward": "Xã Xuân Thới Sơn",
        "all_routes": "23, 62-5, 78, 85",
        "marker_color": "#78909C"
      }
    },
    {
      "type": "Feature",
      "geometry": {
        "type": "Point",
        "coordinates": [
          106.54673,
          10.870006
        ]
      },
      "properties": {
        "feature_type": "bus_stop",
        "stop_id": 3949,
        "stop_code": "HHM 067",
        "stop_name": "Thái Sơn",
        "stop_type": "Trụ dừng",
        "route_no": "78",
        "display_code": "B 78",
        "direction": "Lượt đi",
        "address": "48B Nguyễn Văn Bứa",
        "street": "Nguyễn Văn Bứa",
        "zone": "Huyện Hóc Môn",
        "ward": "Xã Xuân Thới Sơn",
        "all_routes": "23, 62-5, 78, 85",
        "marker_color": "#78909C"
      }
    },
    {
      "type": "Feature",
      "geometry": {
        "type": "Point",
        "coordinates": [
          106.541677,
          10.870702
        ]
      },
      "properties": {
        "feature_type": "bus_stop",
        "stop_id": 3939,
        "stop_code": "HHM 068",
        "stop_name": "Lò Muối",
        "stop_type": "Trụ dừng",
        "route_no": "78",
        "display_code": "B 78",
        "direction": "Lượt đi",
        "address": "24B1 (23B) Nguyễn Văn Bứa",
        "street": "Nguyễn Văn Bứa",
        "zone": "Huyện Hóc Môn",
        "ward": "Xã Xuân Thới Sơn",
        "all_routes": "23, 62-5, 78, 85",
        "marker_color": "#78909C"
      }
    },
    {
      "type": "Feature",
      "geometry": {
        "type": "Point",
        "coordinates": [
          106.538576,
          10.871223
        ]
      },
      "properties": {
        "feature_type": "bus_stop",
        "stop_id": 2265,
        "stop_code": "HHM 069",
        "stop_name": "trường tiểu học Nhị Xuân",
        "stop_type": "Trụ dừng",
        "route_no": "78",
        "display_code": "B 78",
        "direction": "Lượt đi",
        "address": "8B Nguyễn Văn Bứa",
        "street": "Nguyễn Văn Bứa",
        "zone": "Huyện Hóc Môn",
        "ward": "Xã Xuân Thới Sơn",
        "all_routes": "23, 62-5, 78, 85",
        "marker_color": "#78909C"
      }
    },
    {
      "type": "Feature",
      "geometry": {
        "type": "Point",
        "coordinates": [
          106.535561,
          10.871845
        ]
      },
      "properties": {
        "feature_type": "bus_stop",
        "stop_id": 2227,
        "stop_code": "BX 39",
        "stop_name": "Bến xe buýt Cầu Lớn",
        "stop_type": "Bến xe",
        "route_no": "78",
        "display_code": "B 78",
        "direction": "Lượt đi",
        "address": "BẾN XE BUÝT CẦU LỚN Nguyễn Văn Bứa",
        "street": "Nguyễn Văn Bứa",
        "zone": "Huyện Hóc Môn",
        "ward": "Xã Xuân Thới Sơn",
        "all_routes": "23, 62-5, 78, 85",
        "marker_color": "#78909C"
      }
    },
    {
      "type": "Feature",
      "geometry": {
        "type": "Point",
        "coordinates": [
          106.538174,
          10.871176
        ]
      },
      "properties": {
        "feature_type": "bus_stop",
        "stop_id": 3967,
        "stop_code": "HHM 072",
        "stop_name": "Trường Nhị Xuân",
        "stop_type": "Trụ dừng",
        "route_no": "78",
        "display_code": "B 78",
        "direction": "Lượt về",
        "address": "Đối diện trường Nhị Xuân (9B) Nguyễn Văn Bứa",
        "street": "Nguyễn Văn Bứa",
        "zone": "Huyện Hóc Môn",
        "ward": "Xã Xuân Thới Thượng",
        "all_routes": "23, 62-5, 78, 85",
        "marker_color": "#78909C"
      }
    },
    {
      "type": "Feature",
      "geometry": {
        "type": "Point",
        "coordinates": [
          106.542106,
          10.870501
        ]
      },
      "properties": {
        "feature_type": "bus_stop",
        "stop_id": 2225,
        "stop_code": "HHM 073",
        "stop_name": "Trạm lò muối",
        "stop_type": "Trụ dừng",
        "route_no": "78",
        "display_code": "B 78",
        "direction": "Lượt về",
        "address": "23 - 25 Nguyễn Văn Bứa",
        "street": "Nguyễn Văn Bứa",
        "zone": "Huyện Hóc Môn",
        "ward": "Xã Xuân Thới Thượng",
        "all_routes": "23, 62-5, 78, 85",
        "marker_color": "#78909C"
      }
    },
    {
      "type": "Feature",
      "geometry": {
        "type": "Point",
        "coordinates": [
          106.546204,
          10.869911
        ]
      },
      "properties": {
        "feature_type": "bus_stop",
        "stop_id": 2223,
        "stop_code": "HHM 074",
        "stop_name": "Thái Sơn",
        "stop_type": "Trụ dừng",
        "route_no": "78",
        "display_code": "B 78",
        "direction": "Lượt về",
        "address": "43A Nguyễn Văn Bứa",
        "street": "Nguyễn Văn Bứa",
        "zone": "Huyện Hóc Môn",
        "ward": "Xã Xuân Thới Thượng",
        "all_routes": "23, 62-5, 78, 85",
        "marker_color": "#78909C"
      }
    },
    {
      "type": "Feature",
      "geometry": {
        "type": "Point",
        "coordinates": [
          106.551011,
          10.869195
        ]
      },
      "properties": {
        "feature_type": "bus_stop",
        "stop_id": 2267,
        "stop_code": "HHM 075",
        "stop_name": "Trường Nguyễn Văn Cừ",
        "stop_type": "Nhà chờ",
        "route_no": "78",
        "display_code": "B 78",
        "direction": "Lượt về",
        "address": "100A Nguyễn Văn Bứa",
        "street": "Nguyễn Văn Bứa",
        "zone": "Huyện Hóc Môn",
        "ward": "Xã Xuân Thới Thượng",
        "all_routes": "23, 62-5, 78, 85",
        "marker_color": "#78909C"
      }
    },
    {
      "type": "Feature",
      "geometry": {
        "type": "Point",
        "coordinates": [
          106.55924,
          10.868647
        ]
      },
      "properties": {
        "feature_type": "bus_stop",
        "stop_id": 3964,
        "stop_code": "HHM 076",
        "stop_name": "Ngã 3 Giồng",
        "stop_type": "Trụ dừng",
        "route_no": "78",
        "display_code": "B 78",
        "direction": "Lượt về",
        "address": "Ngã ba Giồng Nguyễn Văn Bứa",
        "street": "Nguyễn Văn Bứa",
        "zone": "Huyện Hóc Môn",
        "ward": "Xã Xuân Thới Thượng",
        "all_routes": "62-5, 78, 85",
        "marker_color": "#78909C"
      }
    },
    {
      "type": "Feature",
      "geometry": {
        "type": "Point",
        "coordinates": [
          106.564277,
          10.873357
        ]
      },
      "properties": {
        "feature_type": "bus_stop",
        "stop_id": 7658,
        "stop_code": "HHM 0161",
        "stop_name": "Nguyễn Thị Ly",
        "stop_type": "Trụ dừng",
        "route_no": "78",
        "display_code": "B 78",
        "direction": "Lượt về",
        "address": "Đối diện 15D9 Dương Công Khi",
        "street": "Dương Công Khi",
        "zone": "Huyện Hóc Môn",
        "ward": "Xã Xuân Thới Sơn",
        "all_routes": "78",
        "marker_color": "#78909C"
      }
    },
    {
      "type": "Feature",
      "geometry": {
        "type": "Point",
        "coordinates": [
          106.56616,
          10.878999
        ]
      },
      "properties": {
        "feature_type": "bus_stop",
        "stop_id": 7661,
        "stop_code": "HHM 0164",
        "stop_name": "Trương Thị Như",
        "stop_type": "Trụ dừng",
        "route_no": "78",
        "display_code": "B 78",
        "direction": "Lượt về",
        "address": "Đối diện 31/13 Dương Công Khi",
        "street": "Dương Công Khi",
        "zone": "Huyện Hóc Môn",
        "ward": "Xã Xuân Thới Sơn",
        "all_routes": "78",
        "marker_color": "#78909C"
      }
    },
    {
      "type": "Feature",
      "geometry": {
        "type": "Point",
        "coordinates": [
          106.566997,
          10.882123
        ]
      },
      "properties": {
        "feature_type": "bus_stop",
        "stop_id": 7662,
        "stop_code": "HHM 0165",
        "stop_name": "Lê Thị Kim",
        "stop_type": "Trụ dừng",
        "route_no": "78",
        "display_code": "B 78",
        "direction": "Lượt về",
        "address": "79C (Cty Bình Minh) Dương Công Khi",
        "street": "Dương Công Khi",
        "zone": "Huyện Hóc Môn",
        "ward": "Xã Xuân Thới Sơn",
        "all_routes": "78",
        "marker_color": "#78909C"
      }
    },
    {
      "type": "Feature",
      "geometry": {
        "type": "Point",
        "coordinates": [
          106.56808,
          10.88609
        ]
      },
      "properties": {
        "feature_type": "bus_stop",
        "stop_id": 7664,
        "stop_code": "HHM 0167",
        "stop_name": "Nguyễn Thị Đành",
        "stop_type": "Trụ dừng",
        "route_no": "78",
        "display_code": "B 78",
        "direction": "Lượt về",
        "address": "97C (cty Vinh Cơ) Dương Công Khi",
        "street": "Dương Công Khi",
        "zone": "Huyện Hóc Môn",
        "ward": "Xã Xuân Thới Sơn",
        "all_routes": "78",
        "marker_color": "#78909C"
      }
    },
    {
      "type": "Feature",
      "geometry": {
        "type": "Point",
        "coordinates": [
          106.569679,
          10.890088
        ]
      },
      "properties": {
        "feature_type": "bus_stop",
        "stop_id": 7666,
        "stop_code": "HHM 0169",
        "stop_name": "Tân Thới Nhì 8",
        "stop_type": "Trụ dừng",
        "route_no": "78",
        "display_code": "B 78",
        "direction": "Lượt về",
        "address": "3/547 Dương Công Khi",
        "street": "Dương Công Khi",
        "zone": "Huyện Hóc Môn",
        "ward": "Xã Tân Thới Nhì",
        "all_routes": "78",
        "marker_color": "#78909C"
      }
    },
    {
      "type": "Feature",
      "geometry": {
        "type": "Point",
        "coordinates": [
          106.573107,
          10.896146
        ]
      },
      "properties": {
        "feature_type": "bus_stop",
        "stop_id": 7668,
        "stop_code": "HHM 0171",
        "stop_name": "Trường Nhị Tân",
        "stop_type": "Trụ dừng",
        "route_no": "78",
        "display_code": "B 78",
        "direction": "Lượt về",
        "address": "1/1 (VP ấp Nhị Tân 1) Dương Công Khi",
        "street": "Dương Công Khi",
        "zone": "Huyện Hóc Môn",
        "ward": "Xã Tân Thới Nhì",
        "all_routes": "78",
        "marker_color": "#78909C"
      }
    },
    {
      "type": "Feature",
      "geometry": {
        "type": "Point",
        "coordinates": [
          106.574888,
          10.899085
        ]
      },
      "properties": {
        "feature_type": "bus_stop",
        "stop_id": 7670,
        "stop_code": "HHM 0173",
        "stop_name": "Tân Thới Nhì 12",
        "stop_type": "Trụ dừng",
        "route_no": "78",
        "display_code": "B 78",
        "direction": "Lượt về",
        "address": "1/178 Dương Công Khi",
        "street": "Dương Công Khi",
        "zone": "Huyện Hóc Môn",
        "ward": "Xã Tân Thới Nhì",
        "all_routes": "78",
        "marker_color": "#78909C"
      }
    },
    {
      "type": "Feature",
      "geometry": {
        "type": "Point",
        "coordinates": [
          106.576915,
          10.899491
        ]
      },
      "properties": {
        "feature_type": "bus_stop",
        "stop_id": 7612,
        "stop_code": "HHM 240",
        "stop_name": "Hương lộ 65",
        "stop_type": "Trụ dừng",
        "route_no": "78",
        "display_code": "B 78",
        "direction": "Lượt về",
        "address": "đd 1/2B Lê Lợi",
        "street": "Lê Lợi",
        "zone": "Huyện Hóc Môn",
        "ward": "Xã Tân Hiệp",
        "all_routes": "78",
        "marker_color": "#78909C"
      }
    },
    {
      "type": "Feature",
      "geometry": {
        "type": "Point",
        "coordinates": [
          106.581781,
          10.896557
        ]
      },
      "properties": {
        "feature_type": "bus_stop",
        "stop_id": 7611,
        "stop_code": "HHM 239",
        "stop_name": "Chùa Hoàng Pháp",
        "stop_type": "Trụ dừng",
        "route_no": "78",
        "display_code": "B 78",
        "direction": "Lượt về",
        "address": "16/5 Lê Lợi",
        "street": "Lê Lợi",
        "zone": "Huyện Hóc Môn",
        "ward": "Xã Tân Hiệp",
        "all_routes": "78",
        "marker_color": "#78909C"
      }
    },
    {
      "type": "Feature",
      "geometry": {
        "type": "Point",
        "coordinates": [
          106.584431,
          10.894903
        ]
      },
      "properties": {
        "feature_type": "bus_stop",
        "stop_id": 3829,
        "stop_code": "HHM 232",
        "stop_name": "Bãi xe buýt 19/5",
        "stop_type": "Trụ dừng",
        "route_no": "78",
        "display_code": "B 78",
        "direction": "Lượt về",
        "address": "đối diện Cây xăng Lý Quý Lê Lợi",
        "street": "Lê Lợi",
        "zone": "Huyện Hóc Môn",
        "ward": "Xã Tân Hiệp",
        "all_routes": "78",
        "marker_color": "#78909C"
      }
    },
    {
      "type": "Feature",
      "geometry": {
        "type": "Point",
        "coordinates": [
          106.587341,
          10.89306
        ]
      },
      "properties": {
        "feature_type": "bus_stop",
        "stop_id": 3830,
        "stop_code": "HHM 231",
        "stop_name": "Đường song hành QL22",
        "stop_type": "Trụ dừng",
        "route_no": "78",
        "display_code": "B 78",
        "direction": "Lượt về",
        "address": "201 (91/14) Lê Lợi",
        "street": "Lê Lợi",
        "zone": "Huyện Hóc Môn",
        "ward": "Xã Tân Thới Nhì",
        "all_routes": "78",
        "marker_color": "#78909C"
      }
    },
    {
      "type": "Feature",
      "geometry": {
        "type": "Point",
        "coordinates": [
          106.591185,
          10.890868
        ]
      },
      "properties": {
        "feature_type": "bus_stop",
        "stop_id": 3832,
        "stop_code": "HHM 228",
        "stop_name": "Trường trung học cơ sở Nguyễn Thị Minh Khai",
        "stop_type": "Nhà chờ",
        "route_no": "78",
        "display_code": "B 78",
        "direction": "Lượt về",
        "address": "Trường trung học cơ sở Nguyễn Thị Minh Khai (số 79) Lê Lợi",
        "street": "Lê Lợi",
        "zone": "Huyện Hóc Môn",
        "ward": "Thị trấn Hóc Môn",
        "all_routes": "78",
        "marker_color": "#78909C"
      }
    },
    {
      "type": "Feature",
      "geometry": {
        "type": "Point",
        "coordinates": [
          106.594441,
          10.888945
        ]
      },
      "properties": {
        "feature_type": "bus_stop",
        "stop_id": 3831,
        "stop_code": "HHM 227",
        "stop_name": "Ngã ba Hóc Môn",
        "stop_type": "Trụ dừng",
        "route_no": "78",
        "display_code": "B 78",
        "direction": "Lượt về",
        "address": "19/2 (10/5) Lê Lợi",
        "street": "Lê Lợi",
        "zone": "Huyện Hóc Môn",
        "ward": "Thị trấn Hóc Môn",
        "all_routes": "78",
        "marker_color": "#78909C"
      }
    },
    {
      "type": "Feature",
      "geometry": {
        "type": "Point",
        "coordinates": [
          106.598985,
          10.888076
        ]
      },
      "properties": {
        "feature_type": "bus_stop",
        "stop_id": 2332,
        "stop_code": "HHM 085",
        "stop_name": "Công An Hóc Môn",
        "stop_type": "Trụ dừng",
        "route_no": "78",
        "display_code": "B 78",
        "direction": "Lượt về",
        "address": "Công An Hóc Môn (số 31) Quang Trung",
        "street": "Quang Trung",
        "zone": "Huyện Hóc Môn",
        "ward": "Thị trấn Hóc Môn",
        "all_routes": "24, 78",
        "marker_color": "#78909C"
      }
    },
    {
      "type": "Feature",
      "geometry": {
        "type": "Point",
        "coordinates": [
          106.60113,
          10.887928
        ]
      },
      "properties": {
        "feature_type": "bus_stop",
        "stop_id": 2333,
        "stop_code": "HHM 086",
        "stop_name": "Ngã 3 chùa",
        "stop_type": "Trụ dừng",
        "route_no": "78",
        "display_code": "B 78",
        "direction": "Lượt về",
        "address": "1/18 (kế 6/11A) Quang Trung",
        "street": "Quang Trung",
        "zone": "Huyện Hóc Môn",
        "ward": "Thị trấn Hóc Môn",
        "all_routes": "24, 78",
        "marker_color": "#78909C"
      }
    },
    {
      "type": "Feature",
      "geometry": {
        "type": "Point",
        "coordinates": [
          106.603324,
          10.888107
        ]
      },
      "properties": {
        "feature_type": "bus_stop",
        "stop_id": 3833,
        "stop_code": "HHM 139",
        "stop_name": "Chùa Thiền Lâm",
        "stop_type": "Trụ dừng",
        "route_no": "78",
        "display_code": "B 78",
        "direction": "Lượt về",
        "address": "58/1 (92/1) Đặng Thúc Vịnh",
        "street": "Đặng Thúc Vịnh",
        "zone": "Huyện Hóc Môn",
        "ward": "Xã Thới Tam Thôn",
        "all_routes": "78",
        "marker_color": "#78909C"
      }
    },
    {
      "type": "Feature",
      "geometry": {
        "type": "Point",
        "coordinates": [
          106.605545,
          10.888539
        ]
      },
      "properties": {
        "feature_type": "bus_stop",
        "stop_id": 3834,
        "stop_code": "HHM 140",
        "stop_name": "Chùa Minh Hòa",
        "stop_type": "Trụ dừng",
        "route_no": "78",
        "display_code": "B 78",
        "direction": "Lượt về",
        "address": "67/1 Đặng Thúc Vịnh",
        "street": "Đặng Thúc Vịnh",
        "zone": "Huyện Hóc Môn",
        "ward": "Xã Thới Tam Thôn",
        "all_routes": "78",
        "marker_color": "#78909C"
      }
    },
    {
      "type": "Feature",
      "geometry": {
        "type": "Point",
        "coordinates": [
          106.609365,
          10.888882
        ]
      },
      "properties": {
        "feature_type": "bus_stop",
        "stop_id": 3823,
        "stop_code": "HHM 141",
        "stop_name": "Siêu thị coopmax",
        "stop_type": "Trụ dừng",
        "route_no": "78",
        "display_code": "B 78",
        "direction": "Lượt về",
        "address": "11/2 (đối diện 286) Đặng Thúc Vịnh",
        "street": "Đặng Thúc Vịnh",
        "zone": "Huyện Hóc Môn",
        "ward": "Xã Thới Tam Thôn",
        "all_routes": "78",
        "marker_color": "#78909C"
      }
    },
    {
      "type": "Feature",
      "geometry": {
        "type": "Point",
        "coordinates": [
          106.612546,
          10.890478
        ]
      },
      "properties": {
        "feature_type": "bus_stop",
        "stop_id": 3836,
        "stop_code": "HHM 142",
        "stop_name": "Đài liệt sỹ Thới Tam Thôn",
        "stop_type": "Trụ dừng",
        "route_no": "78",
        "display_code": "B 78",
        "direction": "Lượt về",
        "address": "14/4B (kế 187) (doi dien UBND xa Thoi Tam Thon) Đặng Thúc Vịnh",
        "street": "Đặng Thúc Vịnh",
        "zone": "Huyện Hóc Môn",
        "ward": "Xã Thới Tam Thôn",
        "all_routes": "78",
        "marker_color": "#78909C"
      }
    },
    {
      "type": "Feature",
      "geometry": {
        "type": "Point",
        "coordinates": [
          106.613903,
          10.890904
        ]
      },
      "properties": {
        "feature_type": "bus_stop",
        "stop_id": 3837,
        "stop_code": "HHM 143",
        "stop_name": "Trịnh Thị Miếng",
        "stop_type": "Trụ dừng",
        "route_no": "78",
        "display_code": "B 78",
        "direction": "Lượt về",
        "address": "Đối diện 3/2B (171) Đặng Thúc Vịnh",
        "street": "Đặng Thúc Vịnh",
        "zone": "Huyện Hóc Môn",
        "ward": "Xã Thới Tam Thôn",
        "all_routes": "78",
        "marker_color": "#78909C"
      }
    },
    {
      "type": "Feature",
      "geometry": {
        "type": "Point",
        "coordinates": [
          106.617959,
          10.892595
        ]
      },
      "properties": {
        "feature_type": "bus_stop",
        "stop_id": 3838,
        "stop_code": "HHM 144",
        "stop_name": "Chùa Từ Ân",
        "stop_type": "Trụ dừng",
        "route_no": "78",
        "display_code": "B 78",
        "direction": "Lượt về",
        "address": "29/5D Đặng Thúc Vịnh",
        "street": "Đặng Thúc Vịnh",
        "zone": "Huyện Hóc Môn",
        "ward": "Xã Thới Tam Thôn",
        "all_routes": "78",
        "marker_color": "#78909C"
      }
    },
    {
      "type": "Feature",
      "geometry": {
        "type": "Point",
        "coordinates": [
          106.622674,
          10.895856
        ]
      },
      "properties": {
        "feature_type": "bus_stop",
        "stop_id": 3817,
        "stop_code": "HHM 145",
        "stop_name": "Trạm biến Áp Đông Thạnh",
        "stop_type": "Trụ dừng",
        "route_no": "78",
        "display_code": "B 78",
        "direction": "Lượt về",
        "address": "44/2 (34) Đặng Thúc Vịnh",
        "street": "Đặng Thúc Vịnh",
        "zone": "Huyện Hóc Môn",
        "ward": null,
        "all_routes": "78",
        "marker_color": "#78909C"
      }
    },
    {
      "type": "Feature",
      "geometry": {
        "type": "Point",
        "coordinates": [
          106.626048,
          10.898126
        ]
      },
      "properties": {
        "feature_type": "bus_stop",
        "stop_id": 3842,
        "stop_code": "QHMT058",
        "stop_name": "Trường Thới Thạnh",
        "stop_type": "Trụ dừng",
        "route_no": "78",
        "display_code": "B 78",
        "direction": "Lượt về",
        "address": "357 (2/44A) Đặng Thúc Vịnh",
        "street": "Đặng Thúc Vịnh",
        "zone": "Huyện Hóc Môn",
        "ward": null,
        "all_routes": "78",
        "marker_color": "#78909C"
      }
    },
    {
      "type": "Feature",
      "geometry": {
        "type": "Point",
        "coordinates": [
          106.627577,
          10.89928
        ]
      },
      "properties": {
        "feature_type": "bus_stop",
        "stop_id": 3845,
        "stop_code": "QHMT060",
        "stop_name": "Cây xăng Đông Thạnh",
        "stop_type": "Trụ dừng",
        "route_no": "78",
        "display_code": "B 78",
        "direction": "Lượt về",
        "address": "337 (327) Đặng Thúc Vịnh",
        "street": "Đặng Thúc Vịnh",
        "zone": "Huyện Hóc Môn",
        "ward": "Xã Đông Thạnh",
        "all_routes": "78",
        "marker_color": "#78909C"
      }
    },
    {
      "type": "Feature",
      "geometry": {
        "type": "Point",
        "coordinates": [
          106.630404,
          10.900866
        ]
      },
      "properties": {
        "feature_type": "bus_stop",
        "stop_id": 3820,
        "stop_code": "HHM 147",
        "stop_name": "Mầm non Dễ Thương",
        "stop_type": "Trụ dừng",
        "route_no": "78",
        "display_code": "B 78",
        "direction": "Lượt về",
        "address": "3/7C (3/70) Đặng Thúc Vịnh",
        "street": "Đặng Thúc Vịnh",
        "zone": "Huyện Hóc Môn",
        "ward": "Xã Đông Thạnh",
        "all_routes": "78",
        "marker_color": "#78909C"
      }
    },
    {
      "type": "Feature",
      "geometry": {
        "type": "Point",
        "coordinates": [
          106.632984,
          10.902341
        ]
      },
      "properties": {
        "feature_type": "bus_stop",
        "stop_id": 3819,
        "stop_code": "HHM 149",
        "stop_name": "Thép Tùng Liên",
        "stop_type": "Trụ dừng",
        "route_no": "78",
        "display_code": "B 78",
        "direction": "Lượt về",
        "address": "7/17 (đối diện 5/2M) Đặng Thúc Vịnh",
        "street": "Đặng Thúc Vịnh",
        "zone": "Huyện Hóc Môn",
        "ward": "Xã Đông Thạnh",
        "all_routes": "78",
        "marker_color": "#78909C"
      }
    },
    {
      "type": "Feature",
      "geometry": {
        "type": "Point",
        "coordinates": [
          106.636873,
          10.904437
        ]
      },
      "properties": {
        "feature_type": "bus_stop",
        "stop_id": 3846,
        "stop_code": "HHM 151",
        "stop_name": "Chợ Đông Thạnh",
        "stop_type": "Trụ dừng",
        "route_no": "78",
        "display_code": "B 78",
        "direction": "Lượt về",
        "address": "209 Đặng Thúc Vịnh",
        "street": "Đặng Thúc Vịnh",
        "zone": "Huyện Hóc Môn",
        "ward": "Xã Đông Thạnh",
        "all_routes": "78",
        "marker_color": "#78909C"
      }
    },
    {
      "type": "Feature",
      "geometry": {
        "type": "Point",
        "coordinates": [
          106.640511,
          10.906534
        ]
      },
      "properties": {
        "feature_type": "bus_stop",
        "stop_id": 3848,
        "stop_code": "QHMT064",
        "stop_name": "Áo cưới Nhất Linh",
        "stop_type": "Trụ dừng",
        "route_no": "78",
        "display_code": "B 78",
        "direction": "Lượt về",
        "address": "211 Đặng Thúc Vịnh",
        "street": "Đặng Thúc Vịnh",
        "zone": "Huyện Hóc Môn",
        "ward": "Xã Đông Thạnh",
        "all_routes": "78",
        "marker_color": "#78909C"
      }
    },
    {
      "type": "Feature",
      "geometry": {
        "type": "Point",
        "coordinates": [
          106.643418,
          10.908219
        ]
      },
      "properties": {
        "feature_type": "bus_stop",
        "stop_id": 3835,
        "stop_code": "HHM 152",
        "stop_name": "Ngã tư Đông Thạnh",
        "stop_type": "Trụ dừng",
        "route_no": "78",
        "display_code": "B 78",
        "direction": "Lượt về",
        "address": "169-169A (7/5B) Đặng Thúc Vịnh",
        "street": "Đặng Thúc Vịnh",
        "zone": "Huyện Hóc Môn",
        "ward": "Xã Đông Thạnh",
        "all_routes": "78",
        "marker_color": "#78909C"
      }
    },
    {
      "type": "Feature",
      "geometry": {
        "type": "Point",
        "coordinates": [
          106.644083,
          10.907956
        ]
      },
      "properties": {
        "feature_type": "bus_stop",
        "stop_id": 3808,
        "stop_code": "HHM 105",
        "stop_name": "Ngã tư Đông Thạnh",
        "stop_type": "Trụ dừng",
        "route_no": "78",
        "display_code": "B 78",
        "direction": "Lượt về",
        "address": "147A Lê Văn Khương",
        "street": "Lê Văn Khương",
        "zone": "Huyện Hóc Môn",
        "ward": "Xã Đông Thạnh",
        "all_routes": "78",
        "marker_color": "#78909C"
      }
    },
    {
      "type": "Feature",
      "geometry": {
        "type": "Point",
        "coordinates": [
          106.643772,
          10.905606
        ]
      },
      "properties": {
        "feature_type": "bus_stop",
        "stop_id": 3810,
        "stop_code": "HHM 106",
        "stop_name": "Đông Thạnh 9",
        "stop_type": "Trụ dừng",
        "route_no": "78",
        "display_code": "B 78",
        "direction": "Lượt về",
        "address": "85 Lê Văn Khương",
        "street": "Lê Văn Khương",
        "zone": "Huyện Hóc Môn",
        "ward": "Xã Đông Thạnh",
        "all_routes": "78",
        "marker_color": "#78909C"
      }
    },
    {
      "type": "Feature",
      "geometry": {
        "type": "Point",
        "coordinates": [
          106.645258,
          10.900729
        ]
      },
      "properties": {
        "feature_type": "bus_stop",
        "stop_id": 3809,
        "stop_code": "HHM 107",
        "stop_name": "Hương lộ 80",
        "stop_type": "Trụ dừng",
        "route_no": "78",
        "display_code": "B 78",
        "direction": "Lượt về",
        "address": "39 Lê Văn Khương",
        "street": "Lê Văn Khương",
        "zone": "Huyện Hóc Môn",
        "ward": "Xã Đông Thạnh",
        "all_routes": "78",
        "marker_color": "#78909C"
      }
    },
    {
      "type": "Feature",
      "geometry": {
        "type": "Point",
        "coordinates": [
          106.645918,
          10.898074
        ]
      },
      "properties": {
        "feature_type": "bus_stop",
        "stop_id": 3813,
        "stop_code": "HHM 108",
        "stop_name": "Công ty Huy Phát",
        "stop_type": "Trụ dừng",
        "route_no": "78",
        "display_code": "B 78",
        "direction": "Lượt về",
        "address": "27 Lê Văn Khương",
        "street": "Lê Văn Khương",
        "zone": "Huyện Hóc Môn",
        "ward": "Xã Đông Thạnh",
        "all_routes": "78",
        "marker_color": "#78909C"
      }
    },
    {
      "type": "Feature",
      "geometry": {
        "type": "Point",
        "coordinates": [
          106.646819,
          10.893006
        ]
      },
      "properties": {
        "feature_type": "bus_stop",
        "stop_id": 3807,
        "stop_code": "Q12 010",
        "stop_name": "Cầu Dừa",
        "stop_type": "Trụ dừng",
        "route_no": "78",
        "display_code": "B 78",
        "direction": "Lượt về",
        "address": "1 (772) Lê Văn Khương",
        "street": "Lê Văn Khương",
        "zone": "Quận 12",
        "ward": null,
        "all_routes": "78",
        "marker_color": "#78909C"
      }
    },
    {
      "type": "Feature",
      "geometry": {
        "type": "Point",
        "coordinates": [
          106.647195,
          10.88935
        ]
      },
      "properties": {
        "feature_type": "bus_stop",
        "stop_id": 3853,
        "stop_code": "Q12 011",
        "stop_name": "Chùa Pháp Thạnh",
        "stop_type": "Trụ dừng",
        "route_no": "78",
        "display_code": "B 78",
        "direction": "Lượt về",
        "address": "125 Lê Văn Khương",
        "street": "Lê Văn Khương",
        "zone": "Quận 12",
        "ward": null,
        "all_routes": "78",
        "marker_color": "#78909C"
      }
    },
    {
      "type": "Feature",
      "geometry": {
        "type": "Point",
        "coordinates": [
          106.647849,
          10.885547
        ]
      },
      "properties": {
        "feature_type": "bus_stop",
        "stop_id": 3854,
        "stop_code": "Q12 012",
        "stop_name": "Võ Thị Phải",
        "stop_type": "Trụ dừng",
        "route_no": "78",
        "display_code": "B 78",
        "direction": "Lượt về",
        "address": "473 Lê Văn Khương",
        "street": "Lê Văn Khương",
        "zone": "Quận 12",
        "ward": null,
        "all_routes": "78",
        "marker_color": "#78909C"
      }
    },
    {
      "type": "Feature",
      "geometry": {
        "type": "Point",
        "coordinates": [
          106.64867,
          10.881206
        ]
      },
      "properties": {
        "feature_type": "bus_stop",
        "stop_id": 3855,
        "stop_code": "Q12 013",
        "stop_name": "Thới An 13",
        "stop_type": "Trụ dừng",
        "route_no": "78",
        "display_code": "B 78",
        "direction": "Lượt về",
        "address": "381 Lê Văn Khương",
        "street": "Lê Văn Khương",
        "zone": "Quận 12",
        "ward": null,
        "all_routes": "78",
        "marker_color": "#78909C"
      }
    }
  ]
}