{
  "type": "FeatureCollection",
  "properties": {
    "stt": 29,
    "route_no": "145",
    "display_code": "B 145",
    "route_name": "Bến xe buýt Chợ Lớn - Chợ Hiệp Thành",
    "start_point": "Bến xe buýt Chợ Lớn",
    "end_point": "Chợ Hiệp Thành",
    "listed_length_km": 23,
    "operating_hours": "4:30 - 20:30",
    "color": "#FF9800",
    "num_variants": 2,
    "total_stops": 120,
    "total_points": 908
  },
  "features": [
    {
      "type": "Feature",
      "geometry": {
        "type": "LineString",
        "coordinates": [
          [
            106.65106964,
            10.75118542
          ],
          [
            106.65106964,
            10.75118542
          ],
          [
            106.65080261,
            10.75099087
          ],
          [
            106.65049744,
            10.75101185
          ],
          [
            106.65079498,
            10.75347805
          ],
          [
            106.64977264,
            10.75357819
          ],
          [
            106.64924622,
            10.75363636
          ],
          [
            106.64926147,
            10.75368881
          ],
          [
            106.64926147,
            10.75368881
          ],
          [
            106.64926147,
            10.75368881
          ],
          [
            106.64926147,
            10.75368881
          ],
          [
            106.64926147,
            10.75363636
          ],
          [
            106.64801788,
            10.75376797
          ],
          [
            106.64677429,
            10.75389957
          ],
          [
            106.64678955,
            10.75395203
          ],
          [
            106.64678955,
            10.75395203
          ],
          [
            106.64678955,
            10.75395203
          ],
          [
            106.64678955,
            10.75389481
          ],
          [
            106.6443634,
            10.754179
          ],
          [
            106.64437103,
            10.75423241
          ],
          [
            106.64437103,
            10.75423241
          ],
          [
            106.6443634,
            10.75416851
          ],
          [
            106.64317322,
            10.75428486
          ],
          [
            106.64339447,
            10.75534344
          ],
          [
            106.64348602,
            10.75532818
          ],
          [
            106.64348602,
            10.75532818
          ],
          [
            106.64339447,
            10.75534344
          ],
          [
            106.64357758,
            10.75645065
          ],
          [
            106.64376831,
            10.75754166
          ],
          [
            106.64387512,
            10.75753593
          ],
          [
            106.64387512,
            10.75753593
          ],
          [
            106.64387512,
            10.75753593
          ],
          [
            106.64377594,
            10.75755215
          ],
          [
            106.64418793,
            10.75973892
          ],
          [
            106.64425659,
            10.75972939
          ],
          [
            106.64425659,
            10.75972939
          ],
          [
            106.64425659,
            10.75972939
          ],
          [
            106.64425659,
            10.75972939
          ],
          [
            106.6441803,
            10.75973892
          ],
          [
            106.64453125,
            10.76185226
          ],
          [
            106.64459229,
            10.7618494
          ],
          [
            106.64459229,
            10.7618494
          ],
          [
            106.64459229,
            10.7618494
          ],
          [
            106.64459229,
            10.7618494
          ],
          [
            106.64459229,
            10.7618494
          ],
          [
            106.64459229,
            10.7618494
          ],
          [
            106.64454651,
            10.76185226
          ],
          [
            106.6448822,
            10.76387119
          ],
          [
            106.64492798,
            10.76386547
          ],
          [
            106.64492798,
            10.76386547
          ],
          [
            106.64492798,
            10.76386547
          ],
          [
            106.64492798,
            10.76386547
          ],
          [
            106.64492798,
            10.76386547
          ],
          [
            106.64492798,
            10.76386547
          ],
          [
            106.64492798,
            10.76386547
          ],
          [
            106.64492798,
            10.76386547
          ],
          [
            106.64488983,
            10.76386547
          ],
          [
            106.64496613,
            10.76433468
          ],
          [
            106.64363098,
            10.76351738
          ],
          [
            106.64315796,
            10.76323318
          ],
          [
            106.64247131,
            10.76293278
          ],
          [
            106.64215851,
            10.76312256
          ],
          [
            106.64218903,
            10.76451874
          ],
          [
            106.64226532,
            10.76451874
          ],
          [
            106.64226532,
            10.76451874
          ],
          [
            106.64226532,
            10.76451874
          ],
          [
            106.64226532,
            10.76451874
          ],
          [
            106.64226532,
            10.76451874
          ],
          [
            106.64219666,
            10.76452446
          ],
          [
            106.6422348,
            10.76573658
          ],
          [
            106.64225006,
            10.76620007
          ],
          [
            106.64228821,
            10.76659012
          ],
          [
            106.6424408,
            10.76663208
          ],
          [
            106.64253998,
            10.7667532
          ],
          [
            106.64252472,
            10.76696968
          ],
          [
            106.64289856,
            10.7675333
          ],
          [
            106.64295959,
            10.76750755
          ],
          [
            106.64295959,
            10.76750755
          ],
          [
            106.64295959,
            10.76750755
          ],
          [
            106.64295959,
            10.76750755
          ],
          [
            106.64295959,
            10.76750755
          ],
          [
            106.64295959,
            10.76750755
          ],
          [
            106.64295959,
            10.76750755
          ],
          [
            106.64295959,
            10.76750755
          ],
          [
            106.64290619,
            10.76756001
          ],
          [
            106.64395142,
            10.76901436
          ],
          [
            106.64499664,
            10.77046871
          ],
          [
            106.64507294,
            10.77043724
          ],
          [
            106.64507294,
            10.77043724
          ],
          [
            106.64507294,
            10.77043724
          ],
          [
            106.64507294,
            10.77043724
          ],
          [
            106.64507294,
            10.77043724
          ],
          [
            106.64507294,
            10.77043724
          ],
          [
            106.64507294,
            10.77043724
          ],
          [
            106.64507294,
            10.77043724
          ],
          [
            106.64498901,
            10.77046871
          ],
          [
            106.64740753,
            10.77384663
          ],
          [
            106.64746094,
            10.77383137
          ],
          [
            106.64746094,
            10.77383137
          ],
          [
            106.64746094,
            10.77383137
          ],
          [
            106.64746094,
            10.77383137
          ],
          [
            106.64741516,
            10.77386284
          ],
          [
            106.64791107,
            10.77455044
          ],
          [
            106.64840698,
            10.77523804
          ],
          [
            106.64846802,
            10.77520561
          ],
          [
            106.64846802,
            10.77520561
          ],
          [
            106.64841461,
            10.77526951
          ],
          [
            106.64858246,
            10.77560711
          ],
          [
            106.6497345,
            10.77704048
          ],
          [
            106.64984131,
            10.77739334
          ],
          [
            106.6498642,
            10.77821064
          ],
          [
            106.6499176,
            10.77820969
          ],
          [
            106.6499176,
            10.77820969
          ],
          [
            106.6499176,
            10.77820969
          ],
          [
            106.6499176,
            10.77820969
          ],
          [
            106.64985657,
            10.77822113
          ],
          [
            106.64989471,
            10.77964401
          ],
          [
            106.65003204,
            10.78107166
          ],
          [
            106.65009308,
            10.78106594
          ],
          [
            106.65009308,
            10.78106594
          ],
          [
            106.65009308,
            10.78106594
          ],
          [
            106.65009308,
            10.78106594
          ],
          [
            106.65009308,
            10.78106594
          ],
          [
            106.65002441,
            10.78107166
          ],
          [
            106.6501236,
            10.7820673
          ],
          [
            106.65020752,
            10.78230476
          ],
          [
            106.65046692,
            10.78275299
          ],
          [
            106.65067291,
            10.78322697
          ],
          [
            106.65093994,
            10.78430748
          ],
          [
            106.65100861,
            10.78429127
          ],
          [
            106.65100861,
            10.78429127
          ],
          [
            106.65100861,
            10.78429127
          ],
          [
            106.65100861,
            10.78429127
          ],
          [
            106.65093231,
            10.78431225
          ],
          [
            106.65110016,
            10.78553486
          ],
          [
            106.65118408,
            10.78617764
          ],
          [
            106.6513443,
            10.78687382
          ],
          [
            106.65180206,
            10.78842831
          ],
          [
            106.65184784,
            10.78841209
          ],
          [
            106.65184784,
            10.78841209
          ],
          [
            106.65184784,
            10.78841209
          ],
          [
            106.65184784,
            10.78841209
          ],
          [
            106.65180969,
            10.78841782
          ],
          [
            106.6521759,
            10.78964043
          ],
          [
            106.65246582,
            10.79009819
          ],
          [
            106.65258789,
            10.79016209
          ],
          [
            106.65253448,
            10.79062557
          ],
          [
            106.65255737,
            10.79103661
          ],
          [
            106.65265656,
            10.79140568
          ],
          [
            106.65301514,
            10.79211712
          ],
          [
            106.65307617,
            10.79210091
          ],
          [
            106.65307617,
            10.79210091
          ],
          [
            106.65307617,
            10.79210091
          ],
          [
            106.65307617,
            10.79210091
          ],
          [
            106.65307617,
            10.79210091
          ],
          [
            106.6530304,
            10.7921381
          ],
          [
            106.65341949,
            10.79286003
          ],
          [
            106.65415955,
            10.79375553
          ],
          [
            106.65460968,
            10.79425144
          ],
          [
            106.65513611,
            10.79474068
          ],
          [
            106.65519714,
            10.7947197
          ],
          [
            106.65519714,
            10.7947197
          ],
          [
            106.65519714,
            10.7947197
          ],
          [
            106.65514374,
            10.79477787
          ],
          [
            106.65914917,
            10.79860401
          ],
          [
            106.65921783,
            10.79855633
          ],
          [
            106.65921783,
            10.79855633
          ],
          [
            106.65914917,
            10.79861927
          ],
          [
            106.65978241,
            10.79920959
          ],
          [
            106.66082764,
            10.80025768
          ],
          [
            106.66109467,
            10.80031586
          ],
          [
            106.66117096,
            10.80055332
          ],
          [
            106.66091156,
            10.80075836
          ],
          [
            106.66047668,
            10.80087948
          ],
          [
            106.65916443,
            10.80098534
          ],
          [
            106.65916443,
            10.80103779
          ],
          [
            106.65916443,
            10.80103779
          ],
          [
            106.65916443,
            10.80099106
          ],
          [
            106.65795898,
            10.80108833
          ],
          [
            106.65675354,
            10.80118561
          ],
          [
            106.65675354,
            10.80123806
          ],
          [
            106.65675354,
            10.80123806
          ],
          [
            106.65675354,
            10.80123806
          ],
          [
            106.65675354,
            10.80123806
          ],
          [
            106.65674591,
            10.80117989
          ],
          [
            106.65578461,
            10.80126476
          ],
          [
            106.65481567,
            10.80134869
          ],
          [
            106.65481567,
            10.80141163
          ],
          [
            106.65481567,
            10.80141163
          ],
          [
            106.65481567,
            10.80141163
          ],
          [
            106.65481567,
            10.80141163
          ],
          [
            106.65481567,
            10.80141163
          ],
          [
            106.65481567,
            10.80134869
          ],
          [
            106.65298462,
            10.80149651
          ],
          [
            106.65112305,
            10.80167007
          ],
          [
            106.65113068,
            10.80172825
          ],
          [
            106.65113068,
            10.80172825
          ],
          [
            106.65113068,
            10.80172825
          ],
          [
            106.65113068,
            10.80172825
          ],
          [
            106.65113068,
            10.80165958
          ],
          [
            106.65008545,
            10.80175495
          ],
          [
            106.64904022,
            10.80184937
          ],
          [
            106.647995,
            10.80194759
          ],
          [
            106.64694977,
            10.80204487
          ],
          [
            106.64694977,
            10.80210209
          ],
          [
            106.64694977,
            10.80210209
          ],
          [
            106.64694977,
            10.80210209
          ],
          [
            106.64694977,
            10.80210209
          ],
          [
            106.64694214,
            10.80203915
          ],
          [
            106.64572906,
            10.80213165
          ],
          [
            106.64451599,
            10.80222321
          ],
          [
            106.64450836,
            10.80227566
          ],
          [
            106.64450836,
            10.80227566
          ],
          [
            106.64450836,
            10.80227566
          ],
          [
            106.64450836,
            10.80227566
          ],
          [
            106.64450836,
            10.80227566
          ],
          [
            106.64451599,
            10.80222321
          ],
          [
            106.64363098,
            10.80229568
          ],
          [
            106.64273834,
            10.80236816
          ],
          [
            106.6418457,
            10.80244064
          ],
          [
            106.64095306,
            10.80251312
          ],
          [
            106.64096832,
            10.8025713
          ],
          [
            106.64096832,
            10.8025713
          ],
          [
            106.64096832,
            10.8025713
          ],
          [
            106.64096832,
            10.8025713
          ],
          [
            106.64096832,
            10.80249214
          ],
          [
            106.63981628,
            10.80259228
          ],
          [
            106.6390152,
            10.80281925
          ],
          [
            106.63853455,
            10.80309868
          ],
          [
            106.63800812,
            10.80362988
          ],
          [
            106.63800812,
            10.80362988
          ],
          [
            106.6375885,
            10.80430984
          ],
          [
            106.63712311,
            10.80496883
          ],
          [
            106.63668823,
            10.8056488
          ],
          [
            106.63615417,
            10.80628586
          ],
          [
            106.63619232,
            10.80631256
          ],
          [
            106.63619232,
            10.80631256
          ],
          [
            106.63619232,
            10.80631256
          ],
          [
            106.63619232,
            10.80631256
          ],
          [
            106.63619232,
            10.80631256
          ],
          [
            106.63614655,
            10.80628109
          ],
          [
            106.63527679,
            10.80707169
          ],
          [
            106.63488007,
            10.80753517
          ],
          [
            106.6346817,
            10.80786133
          ],
          [
            106.63454437,
            10.8082943
          ],
          [
            106.63463593,
            10.80831432
          ],
          [
            106.63463593,
            10.80831432
          ],
          [
            106.63463593,
            10.80831432
          ],
          [
            106.63453674,
            10.80828857
          ],
          [
            106.63423157,
            10.80925274
          ],
          [
            106.63395691,
            10.81023788
          ],
          [
            106.63365173,
            10.81122112
          ],
          [
            106.63334656,
            10.81220436
          ],
          [
            106.63334656,
            10.81220436
          ],
          [
            106.63334656,
            10.81220436
          ],
          [
            106.63334656,
            10.81220436
          ],
          [
            106.63284302,
            10.81374741
          ],
          [
            106.63240051,
            10.81526852
          ],
          [
            106.63193512,
            10.81680012
          ],
          [
            106.6314621,
            10.81833172
          ],
          [
            106.6314621,
            10.81833172
          ],
          [
            106.6314621,
            10.81833172
          ],
          [
            106.6314621,
            10.81833172
          ],
          [
            106.63121033,
            10.81916523
          ],
          [
            106.63095856,
            10.81999969
          ],
          [
            106.63070679,
            10.82083321
          ],
          [
            106.63045502,
            10.82166672
          ],
          [
            106.6301651,
            10.82242012
          ],
          [
            106.63025665,
            10.82245159
          ],
          [
            106.63025665,
            10.82245159
          ],
          [
            106.63025665,
            10.82245159
          ],
          [
            106.63025665,
            10.82245159
          ],
          [
            106.63014984,
            10.82243061
          ],
          [
            106.62980652,
            10.82309532
          ],
          [
            106.6292572,
            10.82365322
          ],
          [
            106.62804413,
            10.82470703
          ],
          [
            106.62689209,
            10.82580853
          ],
          [
            106.62576294,
            10.82689381
          ],
          [
            106.6258316,
            10.82695675
          ],
          [
            106.6258316,
            10.82695675
          ],
          [
            106.6258316,
            10.82695675
          ],
          [
            106.62575531,
            10.82691002
          ],
          [
            106.62539673,
            10.82731533
          ],
          [
            106.62508392,
            10.82772064
          ],
          [
            106.62480164,
            10.82815266
          ],
          [
            106.62451935,
            10.82858467
          ],
          [
            106.62459564,
            10.82862663
          ],
          [
            106.62459564,
            10.82862663
          ],
          [
            106.62448883,
            10.8285799
          ],
          [
            106.62399292,
            10.82936001
          ],
          [
            106.62349701,
            10.83013916
          ],
          [
            106.6230011,
            10.83090878
          ],
          [
            106.62250519,
            10.83167839
          ],
          [
            106.62201691,
            10.83244228
          ],
          [
            106.621521,
            10.83320618
          ],
          [
            106.62102509,
            10.83397007
          ],
          [
            106.62052917,
            10.83473396
          ],
          [
            106.6206131,
            10.83478069
          ],
          [
            106.6206131,
            10.83478069
          ],
          [
            106.62052155,
            10.83473873
          ],
          [
            106.61995697,
            10.83561897
          ],
          [
            106.61940002,
            10.83649921
          ],
          [
            106.61885071,
            10.83733177
          ],
          [
            106.61830139,
            10.8381691
          ],
          [
            106.61840057,
            10.83822155
          ],
          [
            106.61840057,
            10.83822155
          ],
          [
            106.61840057,
            10.83822155
          ],
          [
            106.61840057,
            10.83822155
          ],
          [
            106.61840057,
            10.83822155
          ],
          [
            106.61840057,
            10.83822155
          ],
          [
            106.61840057,
            10.83822155
          ],
          [
            106.61840057,
            10.83822155
          ],
          [
            106.61830902,
            10.83818531
          ],
          [
            106.61750793,
            10.83943081
          ],
          [
            106.61670685,
            10.84067726
          ],
          [
            106.61611938,
            10.84155941
          ],
          [
            106.61553955,
            10.84244156
          ],
          [
            106.61521149,
            10.84300613
          ],
          [
            106.61458588,
            10.84398365
          ],
          [
            106.61395264,
            10.84496021
          ],
          [
            106.6134491,
            10.84577656
          ],
          [
            106.61351776,
            10.84580326
          ],
          [
            106.61351776,
            10.84580326
          ],
          [
            106.61351776,
            10.84580326
          ],
          [
            106.61351776,
            10.84580326
          ],
          [
            106.61351776,
            10.84580326
          ],
          [
            106.61351776,
            10.84580326
          ],
          [
            106.61351776,
            10.84580326
          ],
          [
            106.61351776,
            10.84580326
          ],
          [
            106.61351776,
            10.84580326
          ],
          [
            106.61351776,
            10.84580326
          ],
          [
            106.61344147,
            10.84577656
          ],
          [
            106.61287689,
            10.84666061
          ],
          [
            106.61231995,
            10.84754467
          ],
          [
            106.61175537,
            10.84842777
          ],
          [
            106.6111908,
            10.84931183
          ],
          [
            106.61127472,
            10.84936047
          ],
          [
            106.61127472,
            10.84936047
          ],
          [
            106.61127472,
            10.84936047
          ],
          [
            106.61127472,
            10.84936047
          ],
          [
            106.61127472,
            10.84936047
          ],
          [
            106.61127472,
            10.84936047
          ],
          [
            106.61127472,
            10.84936047
          ],
          [
            106.61118317,
            10.84931755
          ],
          [
            106.61030579,
            10.85063457
          ],
          [
            106.60943604,
            10.8519516
          ],
          [
            106.6085968,
            10.85328484
          ],
          [
            106.60775757,
            10.85461712
          ],
          [
            106.60786438,
            10.85466003
          ],
          [
            106.60786438,
            10.85466003
          ],
          [
            106.60786438,
            10.85466003
          ],
          [
            106.60786438,
            10.85466003
          ],
          [
            106.60786438,
            10.85466003
          ],
          [
            106.60779572,
            10.85460663
          ],
          [
            106.6072998,
            10.85535526
          ],
          [
            106.60761261,
            10.85585022
          ],
          [
            106.60768127,
            10.85582447
          ],
          [
            106.60768127,
            10.85582447
          ],
          [
            106.60761261,
            10.85585594
          ],
          [
            106.60843658,
            10.85710907
          ],
          [
            106.60926056,
            10.8583107
          ],
          [
            106.60930634,
            10.858284
          ],
          [
            106.60930634,
            10.858284
          ],
          [
            106.60925293,
            10.85830021
          ],
          [
            106.61022949,
            10.85980701
          ],
          [
            106.61118317,
            10.86127663
          ],
          [
            106.61122894,
            10.86126137
          ],
          [
            106.61122894,
            10.86126137
          ],
          [
            106.61118317,
            10.86129284
          ],
          [
            106.61227417,
            10.86278915
          ],
          [
            106.61330414,
            10.86429596
          ],
          [
            106.61338043,
            10.86425304
          ],
          [
            106.61338043,
            10.86425304
          ],
          [
            106.61331177,
            10.86429024
          ],
          [
            106.61418915,
            10.86546993
          ],
          [
            106.61503601,
            10.86665535
          ],
          [
            106.61508942,
            10.86663532
          ],
          [
            106.61508942,
            10.86663532
          ],
          [
            106.61508942,
            10.86663532
          ],
          [
            106.61502075,
            10.86666584
          ],
          [
            106.61547089,
            10.86730385
          ],
          [
            106.61601257,
            10.86781979
          ],
          [
            106.6166153,
            10.86829948
          ],
          [
            106.61663818,
            10.86828423
          ],
          [
            106.61663818,
            10.86828423
          ],
          [
            106.61663818,
            10.86828423
          ],
          [
            106.61663818,
            10.86828423
          ],
          [
            106.61756134,
            10.8691473
          ],
          [
            106.6184082,
            10.87003803
          ],
          [
            106.6184082,
            10.87003803
          ],
          [
            106.6184082,
            10.87003803
          ],
          [
            106.6184082,
            10.87003803
          ],
          [
            106.61940765,
            10.87119675
          ],
          [
            106.61991119,
            10.87167645
          ],
          [
            106.62107849,
            10.87298775
          ],
          [
            106.62114716,
            10.87294579
          ],
          [
            106.62114716,
            10.87294579
          ],
          [
            106.62114716,
            10.87294579
          ],
          [
            106.62107849,
            10.87299347
          ],
          [
            106.62215424,
            10.87418938
          ],
          [
            106.62324524,
            10.87535858
          ],
          [
            106.62330627,
            10.87532234
          ],
          [
            106.62330627,
            10.87532234
          ],
          [
            106.62324524,
            10.87536907
          ],
          [
            106.62414551,
            10.87638092
          ],
          [
            106.62500763,
            10.87734509
          ],
          [
            106.62508392,
            10.87730789
          ],
          [
            106.62508392,
            10.87730789
          ],
          [
            106.62508392,
            10.87730789
          ],
          [
            106.62498474,
            10.87734985
          ],
          [
            106.62567902,
            10.87809849
          ],
          [
            106.626297,
            10.87888336
          ],
          [
            106.6263504,
            10.87884617
          ],
          [
            106.6263504,
            10.87884617
          ],
          [
            106.6263504,
            10.87884617
          ],
          [
            106.6263504,
            10.87884617
          ],
          [
            106.626297,
            10.87887764
          ],
          [
            106.62749481,
            10.8805685
          ],
          [
            106.62866974,
            10.88230228
          ],
          [
            106.6287384,
            10.88226032
          ],
          [
            106.6287384,
            10.88226032
          ],
          [
            106.6287384,
            10.88226032
          ],
          [
            106.62866211,
            10.88229656
          ],
          [
            106.62939453,
            10.88331318
          ],
          [
            106.63024139,
            10.8828392
          ],
          [
            106.63024139,
            10.8828392
          ],
          [
            106.63024139,
            10.8828392
          ],
          [
            106.63153839,
            10.88210201
          ],
          [
            106.63282013,
            10.88140678
          ],
          [
            106.63279724,
            10.88133335
          ],
          [
            106.63279724,
            10.88133335
          ],
          [
            106.63279724,
            10.88133335
          ],
          [
            106.63284302,
            10.88139629
          ],
          [
            106.63453674,
            10.88046837
          ],
          [
            106.63451385,
            10.8804369
          ],
          [
            106.63451385,
            10.8804369
          ],
          [
            106.63454437,
            10.88046837
          ],
          [
            106.63659668,
            10.87935162
          ],
          [
            106.63861084,
            10.87821388
          ],
          [
            106.63858032,
            10.87814045
          ],
          [
            106.63858032,
            10.87814045
          ],
          [
            106.6386261,
            10.87820911
          ],
          [
            106.63961029,
            10.87766647
          ],
          [
            106.64016724,
            10.87733936
          ],
          [
            106.64066315,
            10.87722874
          ],
          [
            106.64064789,
            10.87719154
          ],
          [
            106.64064789,
            10.87719154
          ],
          [
            106.64065552,
            10.87724495
          ],
          [
            106.64183044,
            10.87706566
          ],
          [
            106.64219666,
            10.87759209
          ],
          [
            106.64173889,
            10.87775612
          ]
        ]
      },
      "properties": {
        "feature_type": "route_path",
        "stt": 29,
        "route_id": 30,
        "route_no": "145",
        "display_code": "B 145",
        "route_name": "Bến xe buýt Chợ Lớn - Chợ Hiệp Thành",
        "direction": "Lượt đi",
        "outbound": true,
        "start_point": "Bến xe buýt Chợ Lớn",
        "end_point": "Chợ Hiệp Thành",
        "start_stop": "Bến xe buýt Chợ Lớn - B",
        "end_stop": "Bến xe buýt Hiệp Thành",
        "distance_km": 23.3,
        "listed_length_km": 23,
        "running_time_min": 70,
        "operating_hours": "4:30 - 20:30",
        "stroke": "#FF9800",
        "stroke_width": 4,
        "stroke_opacity": 0.85
      }
    },
    {
      "type": "Feature",
      "geometry": {
        "type": "LineString",
        "coordinates": [
          [
            106.64173889,
            10.87775612
          ],
          [
            106.64217377,
            10.87758732
          ],
          [
            106.64182281,
            10.87709236
          ],
          [
            106.64073944,
            10.87723923
          ],
          [
            106.64076996,
            10.87730789
          ],
          [
            106.64076996,
            10.87730789
          ],
          [
            106.64076233,
            10.87723446
          ],
          [
            106.64015961,
            10.87737083
          ],
          [
            106.63885498,
            10.87810326
          ],
          [
            106.63887787,
            10.87814522
          ],
          [
            106.63887787,
            10.87814522
          ],
          [
            106.63884735,
            10.87810898
          ],
          [
            106.63674164,
            10.87928295
          ],
          [
            106.63464355,
            10.88045311
          ],
          [
            106.6346817,
            10.88049507
          ],
          [
            106.6346817,
            10.88049507
          ],
          [
            106.63465118,
            10.88044262
          ],
          [
            106.63306427,
            10.88130093
          ],
          [
            106.63311005,
            10.88137531
          ],
          [
            106.63311005,
            10.88137531
          ],
          [
            106.63306427,
            10.88130665
          ],
          [
            106.63153839,
            10.88214874
          ],
          [
            106.63004303,
            10.88300228
          ],
          [
            106.63007355,
            10.88304996
          ],
          [
            106.63007355,
            10.88304996
          ],
          [
            106.63002777,
            10.883008
          ],
          [
            106.62940216,
            10.88333988
          ],
          [
            106.62838745,
            10.88192272
          ],
          [
            106.6283493,
            10.88194942
          ],
          [
            106.6283493,
            10.88194942
          ],
          [
            106.62839508,
            10.881917
          ],
          [
            106.62728882,
            10.88033199
          ],
          [
            106.62617493,
            10.87875175
          ],
          [
            106.62609863,
            10.87879944
          ],
          [
            106.62609863,
            10.87879944
          ],
          [
            106.62617493,
            10.87874603
          ],
          [
            106.62534332,
            10.87778187
          ],
          [
            106.62448883,
            10.8768177
          ],
          [
            106.62442017,
            10.87688637
          ],
          [
            106.62442017,
            10.87688637
          ],
          [
            106.62448883,
            10.87681293
          ],
          [
            106.62295532,
            10.87507439
          ],
          [
            106.62291718,
            10.87514019
          ],
          [
            106.62291718,
            10.87514019
          ],
          [
            106.62295532,
            10.87507915
          ],
          [
            106.62167358,
            10.87366199
          ],
          [
            106.62039948,
            10.87225056
          ],
          [
            106.62030792,
            10.87233543
          ],
          [
            106.62030792,
            10.87233543
          ],
          [
            106.62030792,
            10.87233543
          ],
          [
            106.62030792,
            10.87233543
          ],
          [
            106.62039185,
            10.87225056
          ],
          [
            106.61875153,
            10.87049103
          ],
          [
            106.6186676,
            10.87057495
          ],
          [
            106.6186676,
            10.87057495
          ],
          [
            106.6186676,
            10.87057495
          ],
          [
            106.6186676,
            10.87057495
          ],
          [
            106.6186676,
            10.87057495
          ],
          [
            106.6186676,
            10.87057495
          ],
          [
            106.61875916,
            10.87048531
          ],
          [
            106.61739349,
            10.86897945
          ],
          [
            106.6161499,
            10.8679409
          ],
          [
            106.61611938,
            10.86799431
          ],
          [
            106.61611938,
            10.86799431
          ],
          [
            106.61611938,
            10.86799431
          ],
          [
            106.61611938,
            10.86799431
          ],
          [
            106.61611938,
            10.86799431
          ],
          [
            106.61615753,
            10.86795139
          ],
          [
            106.61551666,
            10.86735153
          ],
          [
            106.61484528,
            10.86643982
          ],
          [
            106.61480713,
            10.86646557
          ],
          [
            106.61480713,
            10.86646557
          ],
          [
            106.61480713,
            10.86646557
          ],
          [
            106.61484528,
            10.86642933
          ],
          [
            106.61402893,
            10.86526489
          ],
          [
            106.61315918,
            10.86410618
          ],
          [
            106.61312866,
            10.86413193
          ],
          [
            106.61312866,
            10.86413193
          ],
          [
            106.61314392,
            10.86411095
          ],
          [
            106.61205292,
            10.86249924
          ],
          [
            106.61090088,
            10.8608923
          ],
          [
            106.61084747,
            10.86090755
          ],
          [
            106.61084747,
            10.86090755
          ],
          [
            106.61089325,
            10.86087608
          ],
          [
            106.6099472,
            10.85941696
          ],
          [
            106.60896301,
            10.85792065
          ],
          [
            106.6089325,
            10.85794735
          ],
          [
            106.6089325,
            10.85794735
          ],
          [
            106.60896301,
            10.85791016
          ],
          [
            106.60803223,
            10.85653019
          ],
          [
            106.60799408,
            10.85655594
          ],
          [
            106.60799408,
            10.85655594
          ],
          [
            106.60803986,
            10.85654068
          ],
          [
            106.60719299,
            10.85520744
          ],
          [
            106.6082077,
            10.85363197
          ],
          [
            106.6081543,
            10.85359478
          ],
          [
            106.6081543,
            10.85359478
          ],
          [
            106.6081543,
            10.85359478
          ],
          [
            106.6081543,
            10.85359478
          ],
          [
            106.6082077,
            10.85364246
          ],
          [
            106.61071777,
            10.84973907
          ],
          [
            106.61064148,
            10.84971333
          ],
          [
            106.61064148,
            10.84971333
          ],
          [
            106.61064148,
            10.84971333
          ],
          [
            106.61064148,
            10.84971333
          ],
          [
            106.61064148,
            10.84971333
          ],
          [
            106.61064148,
            10.84971333
          ],
          [
            106.61070251,
            10.84975433
          ],
          [
            106.61360168,
            10.84521866
          ],
          [
            106.61352539,
            10.84518719
          ],
          [
            106.61352539,
            10.84518719
          ],
          [
            106.61352539,
            10.84518719
          ],
          [
            106.61352539,
            10.84518719
          ],
          [
            106.61352539,
            10.84518719
          ],
          [
            106.61352539,
            10.84518719
          ],
          [
            106.6135788,
            10.84520817
          ],
          [
            106.61483765,
            10.8433218
          ],
          [
            106.6151123,
            10.84258461
          ],
          [
            106.61537933,
            10.84222031
          ],
          [
            106.61643982,
            10.84055614
          ],
          [
            106.61655426,
            10.84026623
          ],
          [
            106.61742401,
            10.83894348
          ],
          [
            106.61734772,
            10.83889103
          ],
          [
            106.61734772,
            10.83889103
          ],
          [
            106.61734772,
            10.83889103
          ],
          [
            106.61734772,
            10.83889103
          ],
          [
            106.61734772,
            10.83889103
          ],
          [
            106.61742401,
            10.83894348
          ],
          [
            106.6202774,
            10.83453846
          ],
          [
            106.62020874,
            10.83449745
          ],
          [
            106.62020874,
            10.83449745
          ],
          [
            106.62020874,
            10.83449745
          ],
          [
            106.62028503,
            10.83452797
          ],
          [
            106.62185669,
            10.83206272
          ],
          [
            106.62179565,
            10.83201981
          ],
          [
            106.62179565,
            10.83201981
          ],
          [
            106.62179565,
            10.83201981
          ],
          [
            106.62179565,
            10.83201981
          ],
          [
            106.62184906,
            10.83206749
          ],
          [
            106.62343597,
            10.82962799
          ],
          [
            106.62452698,
            10.82798481
          ],
          [
            106.6247406,
            10.82784748
          ],
          [
            106.62523651,
            10.82710457
          ],
          [
            106.62568665,
            10.82659912
          ],
          [
            106.62568665,
            10.82648849
          ],
          [
            106.62590027,
            10.82628822
          ],
          [
            106.62586212,
            10.82623959
          ],
          [
            106.62586212,
            10.82623959
          ],
          [
            106.62586212,
            10.82623959
          ],
          [
            106.62586212,
            10.82623959
          ],
          [
            106.6259079,
            10.82627773
          ],
          [
            106.62795258,
            10.82441711
          ],
          [
            106.62901306,
            10.82345295
          ],
          [
            106.62953186,
            10.82291603
          ],
          [
            106.62989807,
            10.82234669
          ],
          [
            106.62982178,
            10.82231522
          ],
          [
            106.62982178,
            10.82231522
          ],
          [
            106.62989807,
            10.82233047
          ],
          [
            106.63036346,
            10.82091904
          ],
          [
            106.6308136,
            10.81942749
          ],
          [
            106.63061523,
            10.81938553
          ],
          [
            106.63061523,
            10.81938553
          ],
          [
            106.6308136,
            10.81942749
          ],
          [
            106.63153839,
            10.81711483
          ],
          [
            106.63146973,
            10.81711388
          ],
          [
            106.63237762,
            10.81445503
          ],
          [
            106.63259888,
            10.81373405
          ],
          [
            106.63282013,
            10.81301308
          ],
          [
            106.63304138,
            10.8122921
          ],
          [
            106.633255,
            10.81157112
          ],
          [
            106.63346863,
            10.81084919
          ],
          [
            106.63368988,
            10.81012726
          ],
          [
            106.63394165,
            10.80940533
          ],
          [
            106.63414001,
            10.80870533
          ],
          [
            106.63401794,
            10.80868912
          ],
          [
            106.63401794,
            10.80868912
          ],
          [
            106.63414001,
            10.8087101
          ],
          [
            106.63439178,
            10.80796719
          ],
          [
            106.63488007,
            10.80729294
          ],
          [
            106.63546753,
            10.80671883
          ],
          [
            106.63608551,
            10.80617523
          ],
          [
            106.63605499,
            10.80614376
          ],
          [
            106.63605499,
            10.80614376
          ],
          [
            106.63609314,
            10.80617523
          ],
          [
            106.63664246,
            10.80552769
          ],
          [
            106.63707733,
            10.80487919
          ],
          [
            106.63750458,
            10.80420971
          ],
          [
            106.63795471,
            10.80358887
          ],
          [
            106.63788605,
            10.80354118
          ],
          [
            106.63788605,
            10.80354118
          ],
          [
            106.63796997,
            10.80359364
          ],
          [
            106.63813782,
            10.80335617
          ],
          [
            106.63833618,
            10.80311966
          ],
          [
            106.63861847,
            10.80292988
          ],
          [
            106.63893127,
            10.8027668
          ],
          [
            106.63925171,
            10.80262947
          ],
          [
            106.63957214,
            10.80254459
          ],
          [
            106.63990784,
            10.80249786
          ],
          [
            106.64025116,
            10.80248737
          ],
          [
            106.64025116,
            10.80237103
          ],
          [
            106.64025116,
            10.80237103
          ],
          [
            106.64025116,
            10.80248165
          ],
          [
            106.64074707,
            10.80244255
          ],
          [
            106.64125061,
            10.8024025
          ],
          [
            106.64175415,
            10.8023634
          ],
          [
            106.64225769,
            10.80232334
          ],
          [
            106.64276123,
            10.80228138
          ],
          [
            106.64326477,
            10.80223942
          ],
          [
            106.64376831,
            10.80219746
          ],
          [
            106.64427948,
            10.80215549
          ],
          [
            106.64429474,
            10.80205536
          ],
          [
            106.64429474,
            10.80205536
          ],
          [
            106.64431,
            10.802145
          ],
          [
            106.64506531,
            10.8020525
          ],
          [
            106.64582062,
            10.80195999
          ],
          [
            106.64658356,
            10.80191231
          ],
          [
            106.6473465,
            10.80186558
          ],
          [
            106.64810944,
            10.80179119
          ],
          [
            106.64888,
            10.80171776
          ],
          [
            106.64964294,
            10.80167294
          ],
          [
            106.65041351,
            10.80162811
          ],
          [
            106.65041351,
            10.80154419
          ],
          [
            106.65041351,
            10.80154419
          ],
          [
            106.65040588,
            10.80162811
          ],
          [
            106.65120697,
            10.80155945
          ],
          [
            106.65200806,
            10.80149078
          ],
          [
            106.6528244,
            10.80143356
          ],
          [
            106.65363312,
            10.80137539
          ],
          [
            106.65364075,
            10.80125427
          ],
          [
            106.65364075,
            10.80125427
          ],
          [
            106.65363312,
            10.8013649
          ],
          [
            106.65439606,
            10.80129719
          ],
          [
            106.655159,
            10.80123043
          ],
          [
            106.65592194,
            10.80116272
          ],
          [
            106.65668488,
            10.80109596
          ],
          [
            106.65667725,
            10.80098534
          ],
          [
            106.65667725,
            10.80098534
          ],
          [
            106.6566925,
            10.80109119
          ],
          [
            106.65721893,
            10.80105209
          ],
          [
            106.65774536,
            10.80101395
          ],
          [
            106.65827179,
            10.8009758
          ],
          [
            106.65879822,
            10.80093765
          ],
          [
            106.65882111,
            10.80083275
          ],
          [
            106.65882111,
            10.80083275
          ],
          [
            106.65882111,
            10.80083275
          ],
          [
            106.65882874,
            10.80087948
          ],
          [
            106.65971375,
            10.80078506
          ],
          [
            106.66061401,
            10.80072212
          ],
          [
            106.66080475,
            10.80052662
          ],
          [
            106.66079712,
            10.80025768
          ],
          [
            106.66031647,
            10.79981518
          ],
          [
            106.65971375,
            10.79924107
          ],
          [
            106.65911102,
            10.79866695
          ],
          [
            106.65907288,
            10.79872513
          ],
          [
            106.65907288,
            10.79872513
          ],
          [
            106.65907288,
            10.79872513
          ],
          [
            106.65907288,
            10.79872513
          ],
          [
            106.65911102,
            10.79868221
          ],
          [
            106.65830231,
            10.79790306
          ],
          [
            106.65748596,
            10.79712296
          ],
          [
            106.65742493,
            10.79716969
          ],
          [
            106.65742493,
            10.79716969
          ],
          [
            106.65742493,
            10.79716969
          ],
          [
            106.65742493,
            10.79716969
          ],
          [
            106.65742493,
            10.79716969
          ],
          [
            106.65748596,
            10.79711723
          ],
          [
            106.65663147,
            10.79627228
          ],
          [
            106.65576935,
            10.79542637
          ],
          [
            106.65510559,
            10.79609489
          ],
          [
            106.65514374,
            10.7961216
          ],
          [
            106.65514374,
            10.7961216
          ],
          [
            106.65514374,
            10.7961216
          ],
          [
            106.65514374,
            10.7961216
          ],
          [
            106.65511322,
            10.79607964
          ],
          [
            106.65464783,
            10.7965498
          ],
          [
            106.65410614,
            10.79600048
          ],
          [
            106.65406799,
            10.79603195
          ],
          [
            106.65406799,
            10.79603195
          ],
          [
            106.65406799,
            10.79603195
          ],
          [
            106.65410614,
            10.79598999
          ],
          [
            106.65316772,
            10.79510975
          ],
          [
            106.65221405,
            10.79421902
          ],
          [
            106.65218353,
            10.79425621
          ],
          [
            106.65218353,
            10.79425621
          ],
          [
            106.65218353,
            10.79425621
          ],
          [
            106.65222931,
            10.79419804
          ],
          [
            106.6517334,
            10.79373455
          ],
          [
            106.65311432,
            10.79302311
          ],
          [
            106.6531601,
            10.79277039
          ],
          [
            106.65305328,
            10.79252243
          ],
          [
            106.65286255,
            10.79209042
          ],
          [
            106.65280151,
            10.79212189
          ],
          [
            106.65280151,
            10.79212189
          ],
          [
            106.65280151,
            10.79212189
          ],
          [
            106.65280151,
            10.79212189
          ],
          [
            106.65285492,
            10.79210663
          ],
          [
            106.65257263,
            10.79137421
          ],
          [
            106.65232086,
            10.79023075
          ],
          [
            106.65182495,
            10.7886076
          ],
          [
            106.65177917,
            10.78862762
          ],
          [
            106.65177917,
            10.78862762
          ],
          [
            106.65181732,
            10.78861237
          ],
          [
            106.65124512,
            10.78649426
          ],
          [
            106.65104675,
            10.78554058
          ],
          [
            106.65092468,
            10.78423309
          ],
          [
            106.65084839,
            10.78423309
          ],
          [
            106.65084839,
            10.78423309
          ],
          [
            106.65084839,
            10.78423309
          ],
          [
            106.65090942,
            10.78421783
          ],
          [
            106.65080261,
            10.78367996
          ],
          [
            106.65063477,
            10.78318977
          ],
          [
            106.65045166,
            10.78275299
          ],
          [
            106.65018463,
            10.78223133
          ],
          [
            106.65010071,
            10.78203583
          ],
          [
            106.65006256,
            10.7815094
          ],
          [
            106.6499939,
            10.78151131
          ],
          [
            106.6499939,
            10.78151131
          ],
          [
            106.6499939,
            10.78151131
          ],
          [
            106.65006256,
            10.78150368
          ],
          [
            106.64995575,
            10.78050804
          ],
          [
            106.64989471,
            10.77951717
          ],
          [
            106.6498642,
            10.77873707
          ],
          [
            106.64985657,
            10.7779417
          ],
          [
            106.6497879,
            10.77794075
          ],
          [
            106.6497879,
            10.77794075
          ],
          [
            106.6497879,
            10.77794075
          ],
          [
            106.6497879,
            10.77794075
          ],
          [
            106.64984894,
            10.77792549
          ],
          [
            106.64979553,
            10.77721405
          ],
          [
            106.64970398,
            10.77702999
          ],
          [
            106.64906311,
            10.77623367
          ],
          [
            106.64845276,
            10.77543831
          ],
          [
            106.64839935,
            10.77546978
          ],
          [
            106.64839935,
            10.77546978
          ],
          [
            106.64839935,
            10.77546978
          ],
          [
            106.64839935,
            10.77546978
          ],
          [
            106.6484375,
            10.77543831
          ],
          [
            106.64796448,
            10.77477741
          ],
          [
            106.64748383,
            10.77411556
          ],
          [
            106.64748383,
            10.77411556
          ],
          [
            106.64748383,
            10.77411556
          ],
          [
            106.64748383,
            10.77411556
          ],
          [
            106.64680481,
            10.77313519
          ],
          [
            106.64612579,
            10.77215481
          ],
          [
            106.64541626,
            10.77119637
          ],
          [
            106.64471436,
            10.77023697
          ],
          [
            106.64471436,
            10.77023697
          ],
          [
            106.64471436,
            10.77023697
          ],
          [
            106.64471436,
            10.77023697
          ],
          [
            106.64427948,
            10.76963234
          ],
          [
            106.64385223,
            10.76902771
          ],
          [
            106.64342499,
            10.76842308
          ],
          [
            106.64299011,
            10.76781845
          ],
          [
            106.64299011,
            10.76781845
          ],
          [
            106.64299011,
            10.76781845
          ],
          [
            106.64299011,
            10.76781845
          ],
          [
            106.64299011,
            10.76781845
          ],
          [
            106.64289093,
            10.76766491
          ],
          [
            106.64243317,
            10.76702785
          ],
          [
            106.64227295,
            10.76696396
          ],
          [
            106.64217377,
            10.76686954
          ],
          [
            106.64225769,
            10.76669025
          ],
          [
            106.6422348,
            10.76657963
          ],
          [
            106.64221191,
            10.76588917
          ],
          [
            106.64218903,
            10.76519871
          ],
          [
            106.64212799,
            10.76519871
          ],
          [
            106.64212799,
            10.76519871
          ],
          [
            106.64212799,
            10.76519871
          ],
          [
            106.64212799,
            10.76519871
          ],
          [
            106.64212799,
            10.76519871
          ],
          [
            106.64212799,
            10.76519871
          ],
          [
            106.64212799,
            10.76519871
          ],
          [
            106.64212799,
            10.76519871
          ],
          [
            106.64212799,
            10.76519871
          ],
          [
            106.64212799,
            10.76519871
          ],
          [
            106.64219666,
            10.76519394
          ],
          [
            106.6421814,
            10.76461411
          ],
          [
            106.64216614,
            10.76403427
          ],
          [
            106.64216614,
            10.76344681
          ],
          [
            106.64216614,
            10.76285934
          ],
          [
            106.64237213,
            10.76285362
          ],
          [
            106.64334106,
            10.76325989
          ],
          [
            106.64469147,
            10.7641716
          ],
          [
            106.64483643,
            10.76411819
          ],
          [
            106.64476776,
            10.76363373
          ],
          [
            106.64470673,
            10.76364899
          ],
          [
            106.64470673,
            10.76364899
          ],
          [
            106.64470673,
            10.76364899
          ],
          [
            106.64470673,
            10.76364899
          ],
          [
            106.64470673,
            10.76364899
          ],
          [
            106.64470673,
            10.76364899
          ],
          [
            106.64470673,
            10.76364899
          ],
          [
            106.64470673,
            10.76364899
          ],
          [
            106.64470673,
            10.76364899
          ],
          [
            106.64470673,
            10.76364899
          ],
          [
            106.64470673,
            10.76364899
          ],
          [
            106.64476776,
            10.76364422
          ],
          [
            106.64463043,
            10.76280308
          ],
          [
            106.64450073,
            10.76196289
          ],
          [
            106.64446259,
            10.76196766
          ],
          [
            106.64446259,
            10.76196766
          ],
          [
            106.64446259,
            10.76196766
          ],
          [
            106.64446259,
            10.76196766
          ],
          [
            106.64446259,
            10.76196766
          ],
          [
            106.64446259,
            10.76196766
          ],
          [
            106.64446259,
            10.76196766
          ],
          [
            106.64446259,
            10.76196766
          ],
          [
            106.64451599,
            10.76195812
          ],
          [
            106.64440155,
            10.7613306
          ],
          [
            106.64428711,
            10.76070309
          ],
          [
            106.64417267,
            10.76007652
          ],
          [
            106.6440506,
            10.75944901
          ],
          [
            106.6440506,
            10.75944901
          ],
          [
            106.6440506,
            10.75944901
          ],
          [
            106.6440506,
            10.75944901
          ],
          [
            106.6440506,
            10.75944901
          ],
          [
            106.64395142,
            10.75892735
          ],
          [
            106.64385223,
            10.75840473
          ],
          [
            106.64375305,
            10.75788307
          ],
          [
            106.64365387,
            10.75736046
          ],
          [
            106.64365387,
            10.75736046
          ],
          [
            106.64365387,
            10.75736046
          ],
          [
            106.64365387,
            10.75736046
          ],
          [
            106.64365387,
            10.75736046
          ],
          [
            106.64365387,
            10.75736046
          ],
          [
            106.64356232,
            10.75682735
          ],
          [
            106.64347076,
            10.75629425
          ],
          [
            106.64337921,
            10.75576115
          ],
          [
            106.6432724,
            10.75521755
          ],
          [
            106.64320374,
            10.75524426
          ],
          [
            106.64320374,
            10.75524426
          ],
          [
            106.64320374,
            10.75524426
          ],
          [
            106.64320374,
            10.75524426
          ],
          [
            106.64325714,
            10.75523281
          ],
          [
            106.64315796,
            10.75468731
          ],
          [
            106.64307404,
            10.7541523
          ],
          [
            106.64341736,
            10.75411606
          ],
          [
            106.64376831,
            10.75407887
          ],
          [
            106.64376068,
            10.75402069
          ],
          [
            106.64376068,
            10.75402069
          ],
          [
            106.64376831,
            10.75407887
          ],
          [
            106.64493561,
            10.75395203
          ],
          [
            106.64611053,
            10.75382614
          ],
          [
            106.64611816,
            10.75374222
          ],
          [
            106.64611816,
            10.75374222
          ],
          [
            106.64611053,
            10.75382042
          ],
          [
            106.64718628,
            10.75369644
          ],
          [
            106.64825439,
            10.75357342
          ],
          [
            106.64823914,
            10.7535038
          ],
          [
            106.64823914,
            10.7535038
          ],
          [
            106.64825439,
            10.7535944
          ],
          [
            106.64952087,
            10.75345707
          ],
          [
            106.65078735,
            10.75331974
          ],
          [
            106.65180206,
            10.75301933
          ],
          [
            106.65180206,
            10.75224495
          ],
          [
            106.65174103,
            10.75147533
          ],
          [
            106.65106964,
            10.75118542
          ]
        ]
      },
      "properties": {
        "feature_type": "route_path",
        "stt": 29,
        "route_id": 30,
        "route_no": "145",
        "display_code": "B 145",
        "route_name": "Bến xe buýt Chợ Lớn - Chợ Hiệp Thành",
        "direction": "Lượt về",
        "outbound": false,
        "start_point": "Bến xe buýt Chợ Lớn",
        "end_point": "Chợ Hiệp Thành",
        "start_stop": "Bến xe buýt Hiệp Thành",
        "end_stop": "Bến xe buýt Chợ Lớn - B",
        "distance_km": 23.46,
        "listed_length_km": 23,
        "running_time_min": 70,
        "operating_hours": "4:30 - 20:30",
        "stroke": "#FF9800",
        "stroke_width": 4,
        "stroke_opacity": 0.85
      }
    },
    {
      "type": "Feature",
      "geometry": {
        "type": "Point",
        "coordinates": [
          106.65107,
          10.751185
        ]
      },
      "properties": {
        "feature_type": "bus_stop",
        "stop_id": 278,
        "stop_code": "BX84",
        "stop_name": "Bến xe buýt Chợ Lớn - B",
        "stop_type": "Bến xe",
        "route_no": "145",
        "display_code": "B 145",
        "direction": "Lượt đi",
        "address": "BẾN XE BUÝT CHỢ LỚN B Lê Quang Sung",
        "street": "Lê Quang Sung",
        "zone": "Quận 6",
        "ward": null,
        "all_routes": "101, 145, 23, 61, 62-2, 68, 84",
        "marker_color": "#FF9800"
      }
    },
    {
      "type": "Feature",
      "geometry": {
        "type": "Point",
        "coordinates": [
          106.64926,
          10.753689
        ]
      },
      "properties": {
        "feature_type": "bus_stop",
        "stop_id": 620,
        "stop_code": "Q11 094",
        "stop_name": "Cây Mai",
        "stop_type": "Biển treo",
        "route_no": "145",
        "display_code": "B 145",
        "direction": "Lượt đi",
        "address": "384 Hồng Bàng",
        "street": "Hồng Bàng",
        "zone": "Quận 11",
        "ward": null,
        "all_routes": "09, 139, 145, 16, 62-1, 62-10, 62-2, 62-7, 62-8, 63-1, 81",
        "marker_color": "#FF9800"
      }
    },
    {
      "type": "Feature",
      "geometry": {
        "type": "Point",
        "coordinates": [
          106.646787,
          10.753952
        ]
      },
      "properties": {
        "feature_type": "bus_stop",
        "stop_id": 622,
        "stop_code": "Q11 095",
        "stop_name": "Lò Siêu",
        "stop_type": "Trụ dừng",
        "route_no": "145",
        "display_code": "B 145",
        "direction": "Lượt đi",
        "address": "508 Hồng Bàng",
        "street": "Hồng Bàng",
        "zone": "Quận 11",
        "ward": null,
        "all_routes": "09, 139, 145, 16, 62-1, 62-10, 62-2, 62-7, 62-8, 63-1, 81, 84",
        "marker_color": "#FF9800"
      }
    },
    {
      "type": "Feature",
      "geometry": {
        "type": "Point",
        "coordinates": [
          106.64403,
          10.754269
        ]
      },
      "properties": {
        "feature_type": "bus_stop",
        "stop_id": 624,
        "stop_code": "Q11 096",
        "stop_name": "Cây Gõ",
        "stop_type": "Biển treo",
        "route_no": "145",
        "display_code": "B 145",
        "direction": "Lượt đi",
        "address": "638-640 Hồng Bàng",
        "street": "Hồng Bàng",
        "zone": "Quận 11",
        "ward": null,
        "all_routes": "09, 139, 145, 16, 62-1, 62-10, 62-2, 62-7, 62-8, 63-1, 81, 84",
        "marker_color": "#FF9800"
      }
    },
    {
      "type": "Feature",
      "geometry": {
        "type": "Point",
        "coordinates": [
          106.643486,
          10.755328
        ]
      },
      "properties": {
        "feature_type": "bus_stop",
        "stop_id": 1675,
        "stop_code": "Q11 059",
        "stop_name": "Cây Gõ",
        "stop_type": "Nhà chờ",
        "route_no": "145",
        "display_code": "B 145",
        "direction": "Lượt đi",
        "address": "248-250 Minh Phụng",
        "street": "Minh Phụng",
        "zone": "Quận 11",
        "ward": null,
        "all_routes": "145, 148",
        "marker_color": "#FF9800"
      }
    },
    {
      "type": "Feature",
      "geometry": {
        "type": "Point",
        "coordinates": [
          106.643874,
          10.757536
        ]
      },
      "properties": {
        "feature_type": "bus_stop",
        "stop_id": 1678,
        "stop_code": "Q11 060",
        "stop_name": "UBND phường 2",
        "stop_type": "Trụ dừng",
        "route_no": "145",
        "display_code": "B 145",
        "direction": "Lượt đi",
        "address": "328 Minh Phụng",
        "street": "Minh Phụng",
        "zone": "Quận 11",
        "ward": null,
        "all_routes": "145, 148",
        "marker_color": "#FF9800"
      }
    },
    {
      "type": "Feature",
      "geometry": {
        "type": "Point",
        "coordinates": [
          106.64426,
          10.759729
        ]
      },
      "properties": {
        "feature_type": "bus_stop",
        "stop_id": 1677,
        "stop_code": "Q11 061",
        "stop_name": "Trường Tiểu học Thái Phiên",
        "stop_type": "Trụ dừng",
        "route_no": "145",
        "display_code": "B 145",
        "direction": "Lượt đi",
        "address": "382 Minh Phụng",
        "street": "Minh Phụng",
        "zone": "Quận 11",
        "ward": null,
        "all_routes": "145, 148",
        "marker_color": "#FF9800"
      }
    },
    {
      "type": "Feature",
      "geometry": {
        "type": "Point",
        "coordinates": [
          106.644592,
          10.761849
        ]
      },
      "properties": {
        "feature_type": "bus_stop",
        "stop_id": 1680,
        "stop_code": "Q11 062",
        "stop_name": "Đội Cung",
        "stop_type": "Trụ dừng",
        "route_no": "145",
        "display_code": "B 145",
        "direction": "Lượt đi",
        "address": "470 Minh Phụng",
        "street": "Minh Phụng",
        "zone": "Quận 11",
        "ward": null,
        "all_routes": "145, 148",
        "marker_color": "#FF9800"
      }
    },
    {
      "type": "Feature",
      "geometry": {
        "type": "Point",
        "coordinates": [
          106.644928,
          10.763865
        ]
      },
      "properties": {
        "feature_type": "bus_stop",
        "stop_id": 1679,
        "stop_code": "Q11 063",
        "stop_name": "Công an Phường 10",
        "stop_type": "Trụ dừng",
        "route_no": "145",
        "display_code": "B 145",
        "direction": "Lượt đi",
        "address": "618 Minh Phụng",
        "street": "Minh Phụng",
        "zone": "Quận 11",
        "ward": null,
        "all_routes": "145, 148",
        "marker_color": "#FF9800"
      }
    },
    {
      "type": "Feature",
      "geometry": {
        "type": "Point",
        "coordinates": [
          106.642265,
          10.764519
        ]
      },
      "properties": {
        "feature_type": "bus_stop",
        "stop_id": 1603,
        "stop_code": "Q11 070",
        "stop_name": "Trường Phùng Hưng",
        "stop_type": "Trụ dừng",
        "route_no": "145",
        "display_code": "B 145",
        "direction": "Lượt đi",
        "address": "240 Lạc Long Quân",
        "street": "Lạc Long Quân",
        "zone": "Quận 11",
        "ward": null,
        "all_routes": "145, 148",
        "marker_color": "#FF9800"
      }
    },
    {
      "type": "Feature",
      "geometry": {
        "type": "Point",
        "coordinates": [
          106.64296,
          10.767508
        ]
      },
      "properties": {
        "feature_type": "bus_stop",
        "stop_id": 1682,
        "stop_code": "Q11 071",
        "stop_name": "Trường Lê Quý Đôn",
        "stop_type": "Nhà chờ",
        "route_no": "145",
        "display_code": "B 145",
        "direction": "Lượt đi",
        "address": "310 Lạc Long Quân",
        "street": "Lạc Long Quân",
        "zone": "Quận 11",
        "ward": null,
        "all_routes": "145, 148, 38",
        "marker_color": "#FF9800"
      }
    },
    {
      "type": "Feature",
      "geometry": {
        "type": "Point",
        "coordinates": [
          106.645073,
          10.770437
        ]
      },
      "properties": {
        "feature_type": "bus_stop",
        "stop_id": 1681,
        "stop_code": "Q11 072",
        "stop_name": "Trạm Đăng Kiểm",
        "stop_type": "Trụ dừng",
        "route_no": "145",
        "display_code": "B 145",
        "direction": "Lượt đi",
        "address": "432 Lạc Long Quân",
        "street": "Lạc Long Quân",
        "zone": "Quận 11",
        "ward": null,
        "all_routes": "145, 148, 38",
        "marker_color": "#FF9800"
      }
    },
    {
      "type": "Feature",
      "geometry": {
        "type": "Point",
        "coordinates": [
          106.647461,
          10.773831
        ]
      },
      "properties": {
        "feature_type": "bus_stop",
        "stop_id": 1684,
        "stop_code": "Q11 073",
        "stop_name": "Âu Cơ",
        "stop_type": "Nhà chờ",
        "route_no": "145",
        "display_code": "B 145",
        "direction": "Lượt đi",
        "address": "612 Lạc Long Quân",
        "street": "Lạc Long Quân",
        "zone": "Quận 11",
        "ward": null,
        "all_routes": "145, 148, 38",
        "marker_color": "#FF9800"
      }
    },
    {
      "type": "Feature",
      "geometry": {
        "type": "Point",
        "coordinates": [
          106.648471,
          10.775206
        ]
      },
      "properties": {
        "feature_type": "bus_stop",
        "stop_id": 1683,
        "stop_code": "QTB 126",
        "stop_name": "Ngã Tư Âu Cơ",
        "stop_type": "Trụ dừng",
        "route_no": "145",
        "display_code": "B 145",
        "direction": "Lượt đi",
        "address": "632 Lạc Long Quân",
        "street": "Lạc Long Quân",
        "zone": "Quận Tân Bình",
        "ward": null,
        "all_routes": "145, 148",
        "marker_color": "#FF9800"
      }
    },
    {
      "type": "Feature",
      "geometry": {
        "type": "Point",
        "coordinates": [
          106.64992,
          10.77821
        ]
      },
      "properties": {
        "feature_type": "bus_stop",
        "stop_id": 1686,
        "stop_code": "QTB 127",
        "stop_name": "Chùa Giác Lâm",
        "stop_type": "Biển treo",
        "route_no": "145",
        "display_code": "B 145",
        "direction": "Lượt đi",
        "address": "794 Lạc Long Quân",
        "street": "Lạc Long Quân",
        "zone": "Quận Tân Bình",
        "ward": null,
        "all_routes": "145, 148",
        "marker_color": "#FF9800"
      }
    },
    {
      "type": "Feature",
      "geometry": {
        "type": "Point",
        "coordinates": [
          106.650093,
          10.781066
        ]
      },
      "properties": {
        "feature_type": "bus_stop",
        "stop_id": 1685,
        "stop_code": "QTB 128",
        "stop_name": "Ni sư Huỳnh Liên",
        "stop_type": "Biển treo",
        "route_no": "145",
        "display_code": "B 145",
        "direction": "Lượt đi",
        "address": "930 Lạc Long Quân",
        "street": "Lạc Long Quân",
        "zone": "Quận Tân Bình",
        "ward": null,
        "all_routes": "145, 148",
        "marker_color": "#FF9800"
      }
    },
    {
      "type": "Feature",
      "geometry": {
        "type": "Point",
        "coordinates": [
          106.651009,
          10.784291
        ]
      },
      "properties": {
        "feature_type": "bus_stop",
        "stop_id": 1688,
        "stop_code": "QTB 129",
        "stop_name": "Công Thọ",
        "stop_type": "Biển treo",
        "route_no": "145",
        "display_code": "B 145",
        "direction": "Lượt đi",
        "address": "1100 Lạc Long Quân",
        "street": "Lạc Long Quân",
        "zone": "Quận Tân Bình",
        "ward": null,
        "all_routes": "145, 148",
        "marker_color": "#FF9800"
      }
    },
    {
      "type": "Feature",
      "geometry": {
        "type": "Point",
        "coordinates": [
          106.651851,
          10.788412
        ]
      },
      "properties": {
        "feature_type": "bus_stop",
        "stop_id": 1687,
        "stop_code": "QTB 130",
        "stop_name": "Cây xăng Lạc Long Quân",
        "stop_type": "Biển treo",
        "route_no": "145",
        "display_code": "B 145",
        "direction": "Lượt đi",
        "address": "1274 Lạc Long Quân",
        "street": "Lạc Long Quân",
        "zone": "Quận Tân Bình",
        "ward": null,
        "all_routes": "145, 148",
        "marker_color": "#FF9800"
      }
    },
    {
      "type": "Feature",
      "geometry": {
        "type": "Point",
        "coordinates": [
          106.653074,
          10.792101
        ]
      },
      "properties": {
        "feature_type": "bus_stop",
        "stop_id": 553,
        "stop_code": "QTB 028",
        "stop_name": "Bệnh viện Thống Nhất",
        "stop_type": "Nhà chờ",
        "route_no": "145",
        "display_code": "B 145",
        "direction": "Lượt đi",
        "address": "Bệnh viện Thống Nhất Lý Thường Kiệt",
        "street": "Lý Thường Kiệt",
        "zone": "Quận Tân Bình",
        "ward": null,
        "all_routes": "08, 145, 148, 50, 59, 63-1, 94",
        "marker_color": "#FF9800"
      }
    },
    {
      "type": "Feature",
      "geometry": {
        "type": "Point",
        "coordinates": [
          106.655198,
          10.79472
        ]
      },
      "properties": {
        "feature_type": "bus_stop",
        "stop_id": 510,
        "stop_code": "QTB 034",
        "stop_name": "Bệnh viện Quận Tân Bình",
        "stop_type": "Nhà chờ",
        "route_no": "145",
        "display_code": "B 145",
        "direction": "Lượt đi",
        "address": "605 Hoàng Văn Thụ",
        "street": "Hoàng Văn Thụ",
        "zone": "Quận Tân Bình",
        "ward": null,
        "all_routes": "08, 103, 13, 145, 148, 30, 50, 59, 63-1, 64, 65, 94",
        "marker_color": "#FF9800"
      }
    },
    {
      "type": "Feature",
      "geometry": {
        "type": "Point",
        "coordinates": [
          106.659216,
          10.798556
        ]
      },
      "properties": {
        "feature_type": "bus_stop",
        "stop_id": 555,
        "stop_code": "QTB 035",
        "stop_name": "Nhà hàng Đông Phương",
        "stop_type": "Nhà chờ",
        "route_no": "145",
        "display_code": "B 145",
        "direction": "Lượt đi",
        "address": "429 Hoàng Văn Thụ",
        "street": "Hoàng Văn Thụ",
        "zone": "Quận Tân Bình",
        "ward": null,
        "all_routes": "08, 103, 145, 148, 50, 59, 63-1, 64",
        "marker_color": "#FF9800"
      }
    },
    {
      "type": "Feature",
      "geometry": {
        "type": "Point",
        "coordinates": [
          106.659168,
          10.801038
        ]
      },
      "properties": {
        "feature_type": "bus_stop",
        "stop_id": 259,
        "stop_code": "QTB 110",
        "stop_name": "Siêu thị Maximark Cộng Hòa",
        "stop_type": "Ô sơn",
        "route_no": "145",
        "display_code": "B 145",
        "direction": "Lượt đi",
        "address": "60 Cộng Hòa",
        "street": "Cộng Hòa",
        "zone": "Quận Tân Bình",
        "ward": null,
        "all_routes": "04, 104, 145, 28, 63-1",
        "marker_color": "#FF9800"
      }
    },
    {
      "type": "Feature",
      "geometry": {
        "type": "Point",
        "coordinates": [
          106.656754,
          10.801238
        ]
      },
      "properties": {
        "feature_type": "bus_stop",
        "stop_id": 260,
        "stop_code": "QTB 111",
        "stop_name": "Nhà hát Quân Đội",
        "stop_type": "Trụ dừng",
        "route_no": "145",
        "display_code": "B 145",
        "direction": "Lượt đi",
        "address": "138 (Kế nhà hát Quân đội) Cộng Hòa",
        "street": "Cộng Hòa",
        "zone": "Quận Tân Bình",
        "ward": null,
        "all_routes": "04, 104, 145, 28, 63-1",
        "marker_color": "#FF9800"
      }
    },
    {
      "type": "Feature",
      "geometry": {
        "type": "Point",
        "coordinates": [
          106.654817,
          10.801412
        ]
      },
      "properties": {
        "feature_type": "bus_stop",
        "stop_id": 261,
        "stop_code": "QTB 112",
        "stop_name": "Đường 18E",
        "stop_type": "Ô sơn",
        "route_no": "145",
        "display_code": "B 145",
        "direction": "Lượt đi",
        "address": "18E Cộng Hòa",
        "street": "Cộng Hòa",
        "zone": "Quận Tân Bình",
        "ward": null,
        "all_routes": "04, 104, 145, 28, 63-1",
        "marker_color": "#FF9800"
      }
    },
    {
      "type": "Feature",
      "geometry": {
        "type": "Point",
        "coordinates": [
          106.651127,
          10.801728
        ]
      },
      "properties": {
        "feature_type": "bus_stop",
        "stop_id": 262,
        "stop_code": "QTB 113",
        "stop_name": "Công ty Lô Hội",
        "stop_type": "Trụ dừng",
        "route_no": "145",
        "display_code": "B 145",
        "direction": "Lượt đi",
        "address": "184 Cộng Hòa",
        "street": "Cộng Hòa",
        "zone": "Quận Tân Bình",
        "ward": null,
        "all_routes": "04, 104, 145, 28, 63-1",
        "marker_color": "#FF9800"
      }
    },
    {
      "type": "Feature",
      "geometry": {
        "type": "Point",
        "coordinates": [
          106.646953,
          10.802102
        ]
      },
      "properties": {
        "feature_type": "bus_stop",
        "stop_id": 263,
        "stop_code": "QTB 114",
        "stop_name": "Ngã tư Hoàng Hoa Thám",
        "stop_type": "Trụ dừng",
        "route_no": "145",
        "display_code": "B 145",
        "direction": "Lượt đi",
        "address": "304 Cộng Hòa",
        "street": "Cộng Hòa",
        "zone": "Quận Tân Bình",
        "ward": null,
        "all_routes": "04, 104, 145, 28, 63-1",
        "marker_color": "#FF9800"
      }
    },
    {
      "type": "Feature",
      "geometry": {
        "type": "Point",
        "coordinates": [
          106.644512,
          10.802276
        ]
      },
      "properties": {
        "feature_type": "bus_stop",
        "stop_id": 264,
        "stop_code": "QTB 115",
        "stop_name": "Ngã ba Bình Giã",
        "stop_type": "Trụ dừng",
        "route_no": "145",
        "display_code": "B 145",
        "direction": "Lượt đi",
        "address": "394-396 Cộng Hòa",
        "street": "Cộng Hòa",
        "zone": "Quận Tân Bình",
        "ward": null,
        "all_routes": "04, 104, 145, 28, 63-1",
        "marker_color": "#FF9800"
      }
    },
    {
      "type": "Feature",
      "geometry": {
        "type": "Point",
        "coordinates": [
          106.640967,
          10.802571
        ]
      },
      "properties": {
        "feature_type": "bus_stop",
        "stop_id": 265,
        "stop_code": "QTB 116",
        "stop_name": "ETown",
        "stop_type": "Trụ dừng",
        "route_no": "145",
        "display_code": "B 145",
        "direction": "Lượt đi",
        "address": "496 Cộng Hòa",
        "street": "Cộng Hòa",
        "zone": "Quận Tân Bình",
        "ward": null,
        "all_routes": "04, 104, 145, 28, 63-1",
        "marker_color": "#FF9800"
      }
    },
    {
      "type": "Feature",
      "geometry": {
        "type": "Point",
        "coordinates": [
          106.63801,
          10.80363
        ]
      },
      "properties": {
        "feature_type": "bus_stop",
        "stop_id": 9945,
        "stop_code": "QTB  BHC2",
        "stop_name": "Bãi Hậu Cần 2",
        "stop_type": "Ô sơn",
        "route_no": "145",
        "display_code": "B 145",
        "direction": "Lượt đi",
        "address": "592A Cộng Hòa",
        "street": "Cộng Hòa",
        "zone": "Quận Tân Bình",
        "ward": "Phường 01",
        "all_routes": "04, 104, 145, 28, 63-1",
        "marker_color": "#FF9800"
      }
    },
    {
      "type": "Feature",
      "geometry": {
        "type": "Point",
        "coordinates": [
          106.636192,
          10.806313
        ]
      },
      "properties": {
        "feature_type": "bus_stop",
        "stop_id": 266,
        "stop_code": "QTB 117",
        "stop_name": "Thượng Uyển",
        "stop_type": "Nhà chờ",
        "route_no": "145",
        "display_code": "B 145",
        "direction": "Lượt đi",
        "address": "660 (kế 592) Cộng Hòa",
        "street": "Cộng Hòa",
        "zone": "Quận Tân Bình",
        "ward": null,
        "all_routes": "04, 104, 145, 28, 63-1",
        "marker_color": "#FF9800"
      }
    },
    {
      "type": "Feature",
      "geometry": {
        "type": "Point",
        "coordinates": [
          106.634638,
          10.808314
        ]
      },
      "properties": {
        "feature_type": "bus_stop",
        "stop_id": 268,
        "stop_code": "QTB 075",
        "stop_name": "Mũi tàu Cộng Hòa",
        "stop_type": "Trụ dừng",
        "route_no": "145",
        "display_code": "B 145",
        "direction": "Lượt đi",
        "address": "19B1 Trường Chinh",
        "street": "Trường Chinh",
        "zone": "Quận Tân Bình",
        "ward": null,
        "all_routes": "04, 104, 13, 145, 16, 23, 27, 28, 62, 63-1, 65, 94",
        "marker_color": "#FF9800"
      }
    },
    {
      "type": "Feature",
      "geometry": {
        "type": "Point",
        "coordinates": [
          106.633349,
          10.812204
        ]
      },
      "properties": {
        "feature_type": "bus_stop",
        "stop_id": 267,
        "stop_code": "QTB 076",
        "stop_name": "Ngã ba Chế Lan Viên",
        "stop_type": "Nhà chờ",
        "route_no": "145",
        "display_code": "B 145",
        "direction": "Lượt đi",
        "address": "Đối diện đường Chế Lan Viên Trường Chinh",
        "street": "Trường Chinh",
        "zone": "Quận Tân Bình",
        "ward": null,
        "all_routes": "04, 104, 13, 145, 23, 27, 28, 62, 65, 94",
        "marker_color": "#FF9800"
      }
    },
    {
      "type": "Feature",
      "geometry": {
        "type": "Point",
        "coordinates": [
          106.631461,
          10.818332
        ]
      },
      "properties": {
        "feature_type": "bus_stop",
        "stop_id": 270,
        "stop_code": "QTB 078",
        "stop_name": "UBND Phường 15",
        "stop_type": "Nhà chờ",
        "route_no": "145",
        "display_code": "B 145",
        "direction": "Lượt đi",
        "address": "850 Trường Chinh",
        "street": "Trường Chinh",
        "zone": "Quận Tân Bình",
        "ward": null,
        "all_routes": "04, 104, 13, 145, 23, 27, 62, 65, 94",
        "marker_color": "#FF9800"
      }
    },
    {
      "type": "Feature",
      "geometry": {
        "type": "Point",
        "coordinates": [
          106.630254,
          10.822452
        ]
      },
      "properties": {
        "feature_type": "bus_stop",
        "stop_id": 271,
        "stop_code": "QTB 079",
        "stop_name": "Khu Công Nghiệp Tân Bình",
        "stop_type": "Nhà chờ",
        "route_no": "145",
        "display_code": "B 145",
        "direction": "Lượt đi",
        "address": "932 Trường Chinh",
        "street": "Trường Chinh",
        "zone": "Quận Tân Bình",
        "ward": null,
        "all_routes": "04, 104, 13, 145, 23, 27, 32, 41, 62, 65, 94",
        "marker_color": "#FF9800"
      }
    },
    {
      "type": "Feature",
      "geometry": {
        "type": "Point",
        "coordinates": [
          106.625828,
          10.826957
        ]
      },
      "properties": {
        "feature_type": "bus_stop",
        "stop_id": 272,
        "stop_code": "Q12 128",
        "stop_name": "Cầu Tham Lương - Siêu thị Thiên Hòa",
        "stop_type": "Nhà chờ",
        "route_no": "145",
        "display_code": "B 145",
        "direction": "Lượt đi",
        "address": "60A-B (1/17A) Trường Chinh",
        "street": "Trường Chinh",
        "zone": "Quận 12",
        "ward": null,
        "all_routes": "04, 104, 13, 145, 23, 27, 41, 62, 65, 94",
        "marker_color": "#FF9800"
      }
    },
    {
      "type": "Feature",
      "geometry": {
        "type": "Point",
        "coordinates": [
          106.624594,
          10.828627
        ]
      },
      "properties": {
        "feature_type": "bus_stop",
        "stop_id": 273,
        "stop_code": "Q12 129",
        "stop_name": "Chùa Vĩnh Phước",
        "stop_type": "Nhà chờ",
        "route_no": "145",
        "display_code": "B 145",
        "direction": "Lượt đi",
        "address": "110 (189/4) Trường Chinh",
        "street": "Trường Chinh",
        "zone": "Quận 12",
        "ward": null,
        "all_routes": "04, 104, 13, 145, 27, 41, 65, 94",
        "marker_color": "#FF9800"
      }
    },
    {
      "type": "Feature",
      "geometry": {
        "type": "Point",
        "coordinates": [
          106.620614,
          10.834781
        ]
      },
      "properties": {
        "feature_type": "bus_stop",
        "stop_id": 275,
        "stop_code": "Q12 132",
        "stop_name": "Chùa Lạc Quang",
        "stop_type": "Nhà chờ",
        "route_no": "145",
        "display_code": "B 145",
        "direction": "Lượt đi",
        "address": "408 Trường Chinh",
        "street": "Trường Chinh",
        "zone": "Quận 12",
        "ward": null,
        "all_routes": "04, 104, 13, 145, 27, 41, 65, 94",
        "marker_color": "#FF9800"
      }
    },
    {
      "type": "Feature",
      "geometry": {
        "type": "Point",
        "coordinates": [
          106.618398,
          10.838222
        ]
      },
      "properties": {
        "feature_type": "bus_stop",
        "stop_id": 277,
        "stop_code": "Q12 131",
        "stop_name": "Bitis",
        "stop_type": "Nhà chờ",
        "route_no": "145",
        "display_code": "B 145",
        "direction": "Lượt đi",
        "address": "590 (640) Trường Chinh",
        "street": "Trường Chinh",
        "zone": "Quận 12",
        "ward": null,
        "all_routes": "04, 104, 13, 145, 27, 41, 65, 94",
        "marker_color": "#FF9800"
      }
    },
    {
      "type": "Feature",
      "geometry": {
        "type": "Point",
        "coordinates": [
          106.613517,
          10.845803
        ]
      },
      "properties": {
        "feature_type": "bus_stop",
        "stop_id": 1115,
        "stop_code": "Q12 122",
        "stop_name": "Bến xe An Sương",
        "stop_type": "Trụ dừng",
        "route_no": "145",
        "display_code": "B 145",
        "direction": "Lượt đi",
        "address": "F42 Quốc lộ 22",
        "street": "Quốc lộ 22",
        "zone": "Quận 12",
        "ward": null,
        "all_routes": "04, 104, 122, 145, 33, 61-3",
        "marker_color": "#FF9800"
      }
    },
    {
      "type": "Feature",
      "geometry": {
        "type": "Point",
        "coordinates": [
          106.611274,
          10.84936
        ]
      },
      "properties": {
        "feature_type": "bus_stop",
        "stop_id": 1151,
        "stop_code": "Q12 125",
        "stop_name": "Cây xăng Quân Đội",
        "stop_type": "Trụ dừng",
        "route_no": "145",
        "display_code": "B 145",
        "direction": "Lượt đi",
        "address": "2 Quốc lộ 22",
        "street": "Quốc lộ 22",
        "zone": "Quận 12",
        "ward": null,
        "all_routes": "122, 13, 145, 62-5, 71, 74, 85, 94",
        "marker_color": "#FF9800"
      }
    },
    {
      "type": "Feature",
      "geometry": {
        "type": "Point",
        "coordinates": [
          106.607863,
          10.85466
        ]
      },
      "properties": {
        "feature_type": "bus_stop",
        "stop_id": 1152,
        "stop_code": "Q12 127",
        "stop_name": "Trung tâm Văn hóa Quận 12",
        "stop_type": "Nhà chờ",
        "route_no": "145",
        "display_code": "B 145",
        "direction": "Lượt đi",
        "address": "Trung tâm văn hóa Quận 12 Quốc lộ 22",
        "street": "Quốc lộ 22",
        "zone": "Quận 12",
        "ward": null,
        "all_routes": "122, 13, 145, 62-5, 71, 74, 85, 94",
        "marker_color": "#FF9800"
      }
    },
    {
      "type": "Feature",
      "geometry": {
        "type": "Point",
        "coordinates": [
          106.60768,
          10.855824
        ]
      },
      "properties": {
        "feature_type": "bus_stop",
        "stop_id": 1690,
        "stop_code": "Q12 156",
        "stop_name": "Trung tâm Văn hóa Quận 12",
        "stop_type": "Nhà chờ",
        "route_no": "145",
        "display_code": "B 145",
        "direction": "Lượt đi",
        "address": "Hông Trung tâm văn hóa Quận 12 Nguyễn Ảnh Thủ",
        "street": "Nguyễn Ảnh Thủ",
        "zone": "Quận 12",
        "ward": null,
        "all_routes": "145, 48",
        "marker_color": "#FF9800"
      }
    },
    {
      "type": "Feature",
      "geometry": {
        "type": "Point",
        "coordinates": [
          106.609306,
          10.858284
        ]
      },
      "properties": {
        "feature_type": "bus_stop",
        "stop_id": 1691,
        "stop_code": "Q12 157",
        "stop_name": "Trường CĐ Giao thông vận tải",
        "stop_type": "Trụ dừng",
        "route_no": "145",
        "display_code": "B 145",
        "direction": "Lượt đi",
        "address": "8 Nguyễn Ảnh Thủ",
        "street": "Nguyễn Ảnh Thủ",
        "zone": "Quận 12",
        "ward": null,
        "all_routes": "145, 48",
        "marker_color": "#FF9800"
      }
    },
    {
      "type": "Feature",
      "geometry": {
        "type": "Point",
        "coordinates": [
          106.611232,
          10.861261
        ]
      },
      "properties": {
        "feature_type": "bus_stop",
        "stop_id": 1692,
        "stop_code": "Q12 158",
        "stop_name": "Giáo xứ Trung Chánh",
        "stop_type": "Trụ dừng",
        "route_no": "145",
        "display_code": "B 145",
        "direction": "Lượt đi",
        "address": "1387 (349) Nguyễn Ảnh Thủ",
        "street": "Nguyễn Ảnh Thủ",
        "zone": "Quận 12",
        "ward": null,
        "all_routes": "145, 48",
        "marker_color": "#FF9800"
      }
    },
    {
      "type": "Feature",
      "geometry": {
        "type": "Point",
        "coordinates": [
          106.613383,
          10.864253
        ]
      },
      "properties": {
        "feature_type": "bus_stop",
        "stop_id": 1693,
        "stop_code": "Q12 159",
        "stop_name": "Trung Mỹ - Tân Xuân",
        "stop_type": "Trụ dừng",
        "route_no": "145",
        "display_code": "B 145",
        "direction": "Lượt đi",
        "address": "85/3B (7) Nguyễn Ảnh Thủ",
        "street": "Nguyễn Ảnh Thủ",
        "zone": "Quận 12",
        "ward": null,
        "all_routes": "145, 48",
        "marker_color": "#FF9800"
      }
    },
    {
      "type": "Feature",
      "geometry": {
        "type": "Point",
        "coordinates": [
          106.615089,
          10.866635
        ]
      },
      "properties": {
        "feature_type": "bus_stop",
        "stop_id": 1694,
        "stop_code": "Q12 160",
        "stop_name": "Trường Nguyễn Hữu Cầu",
        "stop_type": "Trụ dừng",
        "route_no": "145",
        "display_code": "B 145",
        "direction": "Lượt đi",
        "address": "1C Nguyễn Ảnh Thủ",
        "street": "Nguyễn Ảnh Thủ",
        "zone": "Quận 12",
        "ward": null,
        "all_routes": "145, 48",
        "marker_color": "#FF9800"
      }
    },
    {
      "type": "Feature",
      "geometry": {
        "type": "Point",
        "coordinates": [
          106.616639,
          10.868284
        ]
      },
      "properties": {
        "feature_type": "bus_stop",
        "stop_id": 1695,
        "stop_code": "Q12 161",
        "stop_name": "Tô Ký",
        "stop_type": "Trụ dừng",
        "route_no": "145",
        "display_code": "B 145",
        "direction": "Lượt đi",
        "address": "Lô A4D Nguyễn Ảnh Thủ",
        "street": "Nguyễn Ảnh Thủ",
        "zone": "Quận 12",
        "ward": null,
        "all_routes": "145, 18",
        "marker_color": "#FF9800"
      }
    },
    {
      "type": "Feature",
      "geometry": {
        "type": "Point",
        "coordinates": [
          106.618409,
          10.870038
        ]
      },
      "properties": {
        "feature_type": "bus_stop",
        "stop_id": 1696,
        "stop_code": "Q12 162",
        "stop_name": "Bùi Văn Ngữ",
        "stop_type": "Trụ dừng",
        "route_no": "145",
        "display_code": "B 145",
        "direction": "Lượt đi",
        "address": "1045 (cũ 772) Nguyễn Ảnh Thủ",
        "street": "Nguyễn Ảnh Thủ",
        "zone": "Quận 12",
        "ward": null,
        "all_routes": "145, 18",
        "marker_color": "#FF9800"
      }
    },
    {
      "type": "Feature",
      "geometry": {
        "type": "Point",
        "coordinates": [
          106.621145,
          10.872946
        ]
      },
      "properties": {
        "feature_type": "bus_stop",
        "stop_id": 1698,
        "stop_code": "Q12 163",
        "stop_name": "Tân Chánh Hiệp 10",
        "stop_type": "Trụ dừng",
        "route_no": "145",
        "display_code": "B 145",
        "direction": "Lượt đi",
        "address": "933 Nguyễn Ảnh Thủ",
        "street": "Nguyễn Ảnh Thủ",
        "zone": "Quận 12",
        "ward": null,
        "all_routes": "145, 18",
        "marker_color": "#FF9800"
      }
    },
    {
      "type": "Feature",
      "geometry": {
        "type": "Point",
        "coordinates": [
          106.623307,
          10.875322
        ]
      },
      "properties": {
        "feature_type": "bus_stop",
        "stop_id": 1697,
        "stop_code": "Q12 164",
        "stop_name": "Tân Chánh Hiệp 07",
        "stop_type": "Trụ dừng",
        "route_no": "145",
        "display_code": "B 145",
        "direction": "Lượt đi",
        "address": "785 Nguyễn Ảnh Thủ",
        "street": "Nguyễn Ảnh Thủ",
        "zone": "Quận 12",
        "ward": null,
        "all_routes": "145, 18",
        "marker_color": "#FF9800"
      }
    },
    {
      "type": "Feature",
      "geometry": {
        "type": "Point",
        "coordinates": [
          106.625082,
          10.877308
        ]
      },
      "properties": {
        "feature_type": "bus_stop",
        "stop_id": 6839,
        "stop_code": "Q12 165",
        "stop_name": "Tân Chánh Hiệp 39",
        "stop_type": "Trụ dừng",
        "route_no": "145",
        "display_code": "B 145",
        "direction": "Lượt đi",
        "address": "727 Nguyễn Ảnh Thủ",
        "street": "Nguyễn Ảnh Thủ",
        "zone": "Quận 12",
        "ward": "Phường Hiệp Thành",
        "all_routes": "145, 18",
        "marker_color": "#FF9800"
      }
    },
    {
      "type": "Feature",
      "geometry": {
        "type": "Point",
        "coordinates": [
          106.626348,
          10.878846
        ]
      },
      "properties": {
        "feature_type": "bus_stop",
        "stop_id": 1700,
        "stop_code": "Q12 166",
        "stop_name": "Trường Tiểu học Nguyễn Trãi",
        "stop_type": "Trụ dừng",
        "route_no": "145",
        "display_code": "B 145",
        "direction": "Lượt đi",
        "address": "Trường Nguyễn Trãi Nguyễn Ảnh Thủ",
        "street": "Nguyễn Ảnh Thủ",
        "zone": "Quận 12",
        "ward": null,
        "all_routes": "145, 18",
        "marker_color": "#FF9800"
      }
    },
    {
      "type": "Feature",
      "geometry": {
        "type": "Point",
        "coordinates": [
          106.628741,
          10.88226
        ]
      },
      "properties": {
        "feature_type": "bus_stop",
        "stop_id": 1699,
        "stop_code": "Q12 1660",
        "stop_name": "Cây xăng Sài Gòn Petro",
        "stop_type": "Trụ dừng",
        "route_no": "145",
        "display_code": "B 145",
        "direction": "Lượt đi",
        "address": "581 Nguyễn Ảnh Thủ",
        "street": "Nguyễn Ảnh Thủ",
        "zone": "Quận 12",
        "ward": null,
        "all_routes": "145, 18",
        "marker_color": "#FF9800"
      }
    },
    {
      "type": "Feature",
      "geometry": {
        "type": "Point",
        "coordinates": [
          106.630243,
          10.882839
        ]
      },
      "properties": {
        "feature_type": "bus_stop",
        "stop_id": 1703,
        "stop_code": "Q12 167",
        "stop_name": "Ngã ba Đông Quang",
        "stop_type": "Trụ dừng",
        "route_no": "145",
        "display_code": "B 145",
        "direction": "Lượt đi",
        "address": "529 Nguyễn Ảnh Thủ",
        "street": "Nguyễn Ảnh Thủ",
        "zone": "Quận 12",
        "ward": null,
        "all_routes": "145, 18",
        "marker_color": "#FF9800"
      }
    },
    {
      "type": "Feature",
      "geometry": {
        "type": "Point",
        "coordinates": [
          106.632797,
          10.881333
        ]
      },
      "properties": {
        "feature_type": "bus_stop",
        "stop_id": 1624,
        "stop_code": "Q12 1670",
        "stop_name": "KCN Tân Thới Hiệp",
        "stop_type": "Trụ dừng",
        "route_no": "145",
        "display_code": "B 145",
        "direction": "Lượt đi",
        "address": "86H Nguyễn Ảnh Thủ",
        "street": "Nguyễn Ảnh Thủ",
        "zone": "Quận 12",
        "ward": null,
        "all_routes": "145, 18",
        "marker_color": "#FF9800"
      }
    },
    {
      "type": "Feature",
      "geometry": {
        "type": "Point",
        "coordinates": [
          106.634513,
          10.880437
        ]
      },
      "properties": {
        "feature_type": "bus_stop",
        "stop_id": 1701,
        "stop_code": "Q12 168",
        "stop_name": "Hiệp Thành 11",
        "stop_type": "Trụ dừng",
        "route_no": "145",
        "display_code": "B 145",
        "direction": "Lượt đi",
        "address": "64H Nguyễn Ảnh Thủ",
        "street": "Nguyễn Ảnh Thủ",
        "zone": "Quận 12",
        "ward": null,
        "all_routes": "145, 18",
        "marker_color": "#FF9800"
      }
    },
    {
      "type": "Feature",
      "geometry": {
        "type": "Point",
        "coordinates": [
          106.638579,
          10.87814
        ]
      },
      "properties": {
        "feature_type": "bus_stop",
        "stop_id": 1704,
        "stop_code": "Q12 169",
        "stop_name": "Nhà Văn hóa Lao động Quận 12",
        "stop_type": "Trụ dừng",
        "route_no": "145",
        "display_code": "B 145",
        "direction": "Lượt đi",
        "address": "Đối diện nhà văn hóa lao động Quận 12 Nguyễn Ảnh Thủ",
        "street": "Nguyễn Ảnh Thủ",
        "zone": "Quận 12",
        "ward": null,
        "all_routes": "145, 18",
        "marker_color": "#FF9800"
      }
    },
    {
      "type": "Feature",
      "geometry": {
        "type": "Point",
        "coordinates": [
          106.640645,
          10.877192
        ]
      },
      "properties": {
        "feature_type": "bus_stop",
        "stop_id": 1706,
        "stop_code": "Q12 171",
        "stop_name": "Trường Mầm non Họa Mi 2",
        "stop_type": "Trụ dừng",
        "route_no": "145",
        "display_code": "B 145",
        "direction": "Lượt đi",
        "address": "88A Nguyễn Ảnh Thủ",
        "street": "Nguyễn Ảnh Thủ",
        "zone": "Quận 12",
        "ward": null,
        "all_routes": "145, 18",
        "marker_color": "#FF9800"
      }
    },
    {
      "type": "Feature",
      "geometry": {
        "type": "Point",
        "coordinates": [
          106.641739,
          10.877756
        ]
      },
      "properties": {
        "feature_type": "bus_stop",
        "stop_id": 1615,
        "stop_code": "BX34",
        "stop_name": "Bến xe buýt Hiệp Thành",
        "stop_type": "Bến xe",
        "route_no": "145",
        "display_code": "B 145",
        "direction": "Lượt đi",
        "address": "BẾN XE BUÝT HIỆP THÀNH Hiệp Thành 17",
        "street": "Hiệp Thành 17",
        "zone": "Quận 12",
        "ward": null,
        "all_routes": "145, 146, 18, 48",
        "marker_color": "#FF9800"
      }
    },
    {
      "type": "Feature",
      "geometry": {
        "type": "Point",
        "coordinates": [
          106.640773,
          10.877308
        ]
      },
      "properties": {
        "feature_type": "bus_stop",
        "stop_id": 1618,
        "stop_code": "Q12 176",
        "stop_name": "Trường Mầm non Họa Mi 2",
        "stop_type": "Trụ dừng",
        "route_no": "145",
        "display_code": "B 145",
        "direction": "Lượt về",
        "address": "272 Nguyễn Ảnh Thủ",
        "street": "Nguyễn Ảnh Thủ",
        "zone": "Quận 12",
        "ward": null,
        "all_routes": "145, 18",
        "marker_color": "#FF9800"
      }
    },
    {
      "type": "Feature",
      "geometry": {
        "type": "Point",
        "coordinates": [
          106.63888,
          10.878145
        ]
      },
      "properties": {
        "feature_type": "bus_stop",
        "stop_id": 1620,
        "stop_code": "Q12 177",
        "stop_name": "Nhà Văn hóa Lao động Quận 12",
        "stop_type": "Trụ dừng",
        "route_no": "145",
        "display_code": "B 145",
        "direction": "Lượt về",
        "address": "NVH Lao động Q.12 Nguyễn Ảnh Thủ",
        "street": "Nguyễn Ảnh Thủ",
        "zone": "Quận 12",
        "ward": null,
        "all_routes": "145, 18",
        "marker_color": "#FF9800"
      }
    },
    {
      "type": "Feature",
      "geometry": {
        "type": "Point",
        "coordinates": [
          106.634685,
          10.880495
        ]
      },
      "properties": {
        "feature_type": "bus_stop",
        "stop_id": 1622,
        "stop_code": "Q12 178",
        "stop_name": "Hiệp Thành 11",
        "stop_type": "Trụ dừng",
        "route_no": "145",
        "display_code": "B 145",
        "direction": "Lượt về",
        "address": "61H Nguyễn Ảnh Thủ",
        "street": "Nguyễn Ảnh Thủ",
        "zone": "Quận 12",
        "ward": null,
        "all_routes": "145, 18",
        "marker_color": "#FF9800"
      }
    },
    {
      "type": "Feature",
      "geometry": {
        "type": "Point",
        "coordinates": [
          106.633108,
          10.881375
        ]
      },
      "properties": {
        "feature_type": "bus_stop",
        "stop_id": 6836,
        "stop_code": "Q12 179",
        "stop_name": "KCN Tân Thới Hiệp",
        "stop_type": "Ô sơn",
        "route_no": "145",
        "display_code": "B 145",
        "direction": "Lượt về",
        "address": "77H (434C) Nguyễn Ảnh Thủ",
        "street": "Nguyễn Ảnh Thủ",
        "zone": "Quận 12",
        "ward": "Phường Hiệp Thành",
        "all_routes": "145, 18",
        "marker_color": "#FF9800"
      }
    },
    {
      "type": "Feature",
      "geometry": {
        "type": "Point",
        "coordinates": [
          106.630077,
          10.88305
        ]
      },
      "properties": {
        "feature_type": "bus_stop",
        "stop_id": 1625,
        "stop_code": "Q12 180",
        "stop_name": "Ngã ba Đông Quang",
        "stop_type": "Trụ dừng",
        "route_no": "145",
        "display_code": "B 145",
        "direction": "Lượt về",
        "address": "544 Nguyễn Ảnh Thủ",
        "street": "Nguyễn Ảnh Thủ",
        "zone": "Quận 12",
        "ward": null,
        "all_routes": "145, 18",
        "marker_color": "#FF9800"
      }
    },
    {
      "type": "Feature",
      "geometry": {
        "type": "Point",
        "coordinates": [
          106.628349,
          10.881949
        ]
      },
      "properties": {
        "feature_type": "bus_stop",
        "stop_id": 1627,
        "stop_code": "Q12 181",
        "stop_name": "Cây xăng Sài Gòn Petro",
        "stop_type": "Trụ dừng",
        "route_no": "145",
        "display_code": "B 145",
        "direction": "Lượt về",
        "address": "38/7 (38/4C) Nguyễn Ảnh Thủ",
        "street": "Nguyễn Ảnh Thủ",
        "zone": "Quận 12",
        "ward": null,
        "all_routes": "145, 18",
        "marker_color": "#FF9800"
      }
    },
    {
      "type": "Feature",
      "geometry": {
        "type": "Point",
        "coordinates": [
          106.626102,
          10.878799
        ]
      },
      "properties": {
        "feature_type": "bus_stop",
        "stop_id": 6837,
        "stop_code": "Q12 182",
        "stop_name": "Trường Tiểu học Nguyễn Trãi",
        "stop_type": "Trụ dừng",
        "route_no": "145",
        "display_code": "B 145",
        "direction": "Lượt về",
        "address": "50 (360) Nguyễn Ảnh Thủ",
        "street": "Nguyễn Ảnh Thủ",
        "zone": "Quận 12",
        "ward": "Phường Hiệp Thành",
        "all_routes": "145, 18",
        "marker_color": "#FF9800"
      }
    },
    {
      "type": "Feature",
      "geometry": {
        "type": "Point",
        "coordinates": [
          106.624417,
          10.876886
        ]
      },
      "properties": {
        "feature_type": "bus_stop",
        "stop_id": 1631,
        "stop_code": "QHMT112",
        "stop_name": "Tân Chánh Hiệp 39",
        "stop_type": "Trụ dừng",
        "route_no": "145",
        "display_code": "B 145",
        "direction": "Lượt về",
        "address": "100 Nguyễn Ánh Thủ",
        "street": "Nguyễn Ánh Thủ",
        "zone": "Huyện Hóc Môn",
        "ward": "Xã Thới Tam Thôn",
        "all_routes": "145, 18",
        "marker_color": "#FF9800"
      }
    },
    {
      "type": "Feature",
      "geometry": {
        "type": "Point",
        "coordinates": [
          106.622914,
          10.87514
        ]
      },
      "properties": {
        "feature_type": "bus_stop",
        "stop_id": 1628,
        "stop_code": "QHMT111",
        "stop_name": "Tân Chánh Hiệp 07",
        "stop_type": "Trụ dừng",
        "route_no": "145",
        "display_code": "B 145",
        "direction": "Lượt về",
        "address": "139 Nguyễn Ánh Thủ",
        "street": "Nguyễn Ánh Thủ",
        "zone": "Huyện Hóc Môn",
        "ward": "Xã Thới Tam Thôn",
        "all_routes": "145, 18",
        "marker_color": "#FF9800"
      }
    },
    {
      "type": "Feature",
      "geometry": {
        "type": "Point",
        "coordinates": [
          106.620308,
          10.872335
        ]
      },
      "properties": {
        "feature_type": "bus_stop",
        "stop_id": 1632,
        "stop_code": "QHMT113",
        "stop_name": "Cây xăng Hiệp Thành",
        "stop_type": "Trụ dừng",
        "route_no": "145",
        "display_code": "B 145",
        "direction": "Lượt về",
        "address": "180 Nguyễn Ánh Thủ",
        "street": "Nguyễn Ánh Thủ",
        "zone": "Huyện Hóc Môn",
        "ward": "Xã Thới Tam Thôn",
        "all_routes": "145, 18",
        "marker_color": "#FF9800"
      }
    },
    {
      "type": "Feature",
      "geometry": {
        "type": "Point",
        "coordinates": [
          106.618667,
          10.870575
        ]
      },
      "properties": {
        "feature_type": "bus_stop",
        "stop_id": 6840,
        "stop_code": "Q12 185",
        "stop_name": "Bùi Văn Ngữ",
        "stop_type": "Trụ dừng",
        "route_no": "145",
        "display_code": "B 145",
        "direction": "Lượt về",
        "address": "160 Nguyễn Ảnh Thủ",
        "street": "Nguyễn Ảnh Thủ",
        "zone": "Quận 12",
        "ward": "Phường Hiệp Thành",
        "all_routes": "145, 18",
        "marker_color": "#FF9800"
      }
    },
    {
      "type": "Feature",
      "geometry": {
        "type": "Point",
        "coordinates": [
          106.616119,
          10.867994
        ]
      },
      "properties": {
        "feature_type": "bus_stop",
        "stop_id": 2256,
        "stop_code": "Q12 236",
        "stop_name": "Tô Ký",
        "stop_type": "Trụ dừng",
        "route_no": "145",
        "display_code": "B 145",
        "direction": "Lượt về",
        "address": "Ct dệt Sài Gòn (kế 652) Nguyễn Ảnh Thủ",
        "street": "Nguyễn Ảnh Thủ",
        "zone": "Quận 12",
        "ward": null,
        "all_routes": "145, 18",
        "marker_color": "#FF9800"
      }
    },
    {
      "type": "Feature",
      "geometry": {
        "type": "Point",
        "coordinates": [
          106.61481,
          10.866466
        ]
      },
      "properties": {
        "feature_type": "bus_stop",
        "stop_id": 1635,
        "stop_code": "QHMT250",
        "stop_name": "Trường THCS Trung Mỹ Tây 1",
        "stop_type": "Nhà chờ",
        "route_no": "145",
        "display_code": "B 145",
        "direction": "Lượt về",
        "address": "Trường THCS Trung Mỹ Tây 1 Nguyễn Ánh Thủ",
        "street": "Nguyễn Ánh Thủ",
        "zone": "Huyện Hóc Môn",
        "ward": "Xã Trung Chánh",
        "all_routes": "145, 48",
        "marker_color": "#FF9800"
      }
    },
    {
      "type": "Feature",
      "geometry": {
        "type": "Point",
        "coordinates": [
          106.613125,
          10.864132
        ]
      },
      "properties": {
        "feature_type": "bus_stop",
        "stop_id": 1634,
        "stop_code": "QHMT116",
        "stop_name": "Trung Mỹ - Tân Xuân",
        "stop_type": "Trụ dừng",
        "route_no": "145",
        "display_code": "B 145",
        "direction": "Lượt về",
        "address": "75/3 Nguyễn Ánh Thủ",
        "street": "Nguyễn Ánh Thủ",
        "zone": "Huyện Hóc Môn",
        "ward": "Xã Trung Chánh",
        "all_routes": "145, 48",
        "marker_color": "#FF9800"
      }
    },
    {
      "type": "Feature",
      "geometry": {
        "type": "Point",
        "coordinates": [
          106.610851,
          10.860908
        ]
      },
      "properties": {
        "feature_type": "bus_stop",
        "stop_id": 1636,
        "stop_code": "QHMT117",
        "stop_name": "Giáo xứ Trung Chánh",
        "stop_type": "Trụ dừng",
        "route_no": "145",
        "display_code": "B 145",
        "direction": "Lượt về",
        "address": "127/1 Nguyễn Ánh Thủ",
        "street": "Nguyễn Ánh Thủ",
        "zone": "Huyện Hóc Môn",
        "ward": "Xã Trung Chánh",
        "all_routes": "145, 48",
        "marker_color": "#FF9800"
      }
    },
    {
      "type": "Feature",
      "geometry": {
        "type": "Point",
        "coordinates": [
          106.60893,
          10.857947
        ]
      },
      "properties": {
        "feature_type": "bus_stop",
        "stop_id": 1637,
        "stop_code": "QHMT118",
        "stop_name": "Trường CĐ GTVT",
        "stop_type": "Trụ dừng",
        "route_no": "145",
        "display_code": "B 145",
        "direction": "Lượt về",
        "address": "150A/1 Nguyễn Ánh Thủ",
        "street": "Nguyễn Ánh Thủ",
        "zone": "Huyện Hóc Môn",
        "ward": "Xã Trung Chánh",
        "all_routes": "145, 48",
        "marker_color": "#FF9800"
      }
    },
    {
      "type": "Feature",
      "geometry": {
        "type": "Point",
        "coordinates": [
          106.607997,
          10.856556
        ]
      },
      "properties": {
        "feature_type": "bus_stop",
        "stop_id": 1638,
        "stop_code": "QHMT119",
        "stop_name": "Trung tâm văn hóa Quận 12",
        "stop_type": "Trụ dừng",
        "route_no": "145",
        "display_code": "B 145",
        "direction": "Lượt về",
        "address": "155/4 Nguyễn Ánh Thủ",
        "street": "Nguyễn Ánh Thủ",
        "zone": "Huyện Hóc Môn",
        "ward": "Xã Trung Chánh",
        "all_routes": "145, 48",
        "marker_color": "#FF9800"
      }
    },
    {
      "type": "Feature",
      "geometry": {
        "type": "Point",
        "coordinates": [
          106.608152,
          10.853595
        ]
      },
      "properties": {
        "feature_type": "bus_stop",
        "stop_id": 1393,
        "stop_code": "HHM 056",
        "stop_name": "Ngã tư Trung Chánh",
        "stop_type": "Nhà chờ",
        "route_no": "145",
        "display_code": "B 145",
        "direction": "Lượt về",
        "address": "30/10B (kế 30) Quốc lộ 22",
        "street": "Quốc lộ 22",
        "zone": "Huyện Hóc Môn",
        "ward": "Xã Trung Chánh",
        "all_routes": "122, 13, 145, 62-5, 71, 74, 85, 94",
        "marker_color": "#FF9800"
      }
    },
    {
      "type": "Feature",
      "geometry": {
        "type": "Point",
        "coordinates": [
          106.610641,
          10.849713
        ]
      },
      "properties": {
        "feature_type": "bus_stop",
        "stop_id": 1238,
        "stop_code": "HHM 057",
        "stop_name": "Cư xá Bà Điểm",
        "stop_type": "Nhà chờ",
        "route_no": "145",
        "display_code": "B 145",
        "direction": "Lượt về",
        "address": "3A Quốc lộ 22",
        "street": "Quốc lộ 22",
        "zone": "Huyện Hóc Môn",
        "ward": "Xã Bà Điểm",
        "all_routes": "122, 13, 145, 62-5, 71, 74, 85, 94",
        "marker_color": "#FF9800"
      }
    },
    {
      "type": "Feature",
      "geometry": {
        "type": "Point",
        "coordinates": [
          106.613522,
          10.845187
        ]
      },
      "properties": {
        "feature_type": "bus_stop",
        "stop_id": 1239,
        "stop_code": "HHM 058",
        "stop_name": "Bến xe An Sương",
        "stop_type": "Trụ dừng",
        "route_no": "145",
        "display_code": "B 145",
        "direction": "Lượt về",
        "address": "1B Quốc lộ 22",
        "street": "Quốc lộ 22",
        "zone": "Huyện Hóc Môn",
        "ward": "Xã Bà Điểm",
        "all_routes": "04, 104, 122, 13, 145, 151, 33, 41, 61-3, 62-5, 65, 71, 74, 85, 94",
        "marker_color": "#FF9800"
      }
    },
    {
      "type": "Feature",
      "geometry": {
        "type": "Point",
        "coordinates": [
          106.617347,
          10.838891
        ]
      },
      "properties": {
        "feature_type": "bus_stop",
        "stop_id": 167,
        "stop_code": "Q12 135",
        "stop_name": "Bitis",
        "stop_type": "Nhà chờ",
        "route_no": "145",
        "display_code": "B 145",
        "direction": "Lượt về",
        "address": "487 Trường Chinh",
        "street": "Trường Chinh",
        "zone": "Quận 12",
        "ward": null,
        "all_routes": "04, 104, 13, 145, 27, 41, 65, 94",
        "marker_color": "#FF9800"
      }
    },
    {
      "type": "Feature",
      "geometry": {
        "type": "Point",
        "coordinates": [
          106.620212,
          10.834497
        ]
      },
      "properties": {
        "feature_type": "bus_stop",
        "stop_id": 172,
        "stop_code": "Q12 136",
        "stop_name": "Chùa Lạc Quang",
        "stop_type": "Nhà chờ",
        "route_no": "145",
        "display_code": "B 145",
        "direction": "Lượt về",
        "address": "257 Trường Chinh",
        "street": "Trường Chinh",
        "zone": "Quận 12",
        "ward": null,
        "all_routes": "04, 104, 13, 145, 27, 41, 65, 94",
        "marker_color": "#FF9800"
      }
    },
    {
      "type": "Feature",
      "geometry": {
        "type": "Point",
        "coordinates": [
          106.621794,
          10.83202
        ]
      },
      "properties": {
        "feature_type": "bus_stop",
        "stop_id": 168,
        "stop_code": "Q12 137",
        "stop_name": "Chùa Vĩnh Phước",
        "stop_type": "Nhà chờ",
        "route_no": "145",
        "display_code": "B 145",
        "direction": "Lượt về",
        "address": "Chùa Vĩnh Phước Trường Chinh",
        "street": "Trường Chinh",
        "zone": "Quận 12",
        "ward": null,
        "all_routes": "04, 104, 13, 145, 27, 41, 65, 94",
        "marker_color": "#FF9800"
      }
    },
    {
      "type": "Feature",
      "geometry": {
        "type": "Point",
        "coordinates": [
          106.62586,
          10.82624
        ]
      },
      "properties": {
        "feature_type": "bus_stop",
        "stop_id": 169,
        "stop_code": "Q12 139",
        "stop_name": "Cầu Tham Lương - Siêu thị Thiên Hòa",
        "stop_type": "Nhà chờ",
        "route_no": "145",
        "display_code": "B 145",
        "direction": "Lượt về",
        "address": "21 (Kế 2/6B) Trường Chinh",
        "street": "Trường Chinh",
        "zone": "Quận 12",
        "ward": null,
        "all_routes": "04, 104, 13, 145, 23, 27, 41, 62, 65, 94",
        "marker_color": "#FF9800"
      }
    },
    {
      "type": "Feature",
      "geometry": {
        "type": "Point",
        "coordinates": [
          106.629825,
          10.822315
        ]
      },
      "properties": {
        "feature_type": "bus_stop",
        "stop_id": 174,
        "stop_code": "QTP 010",
        "stop_name": "Trạm Dệt Thành Công",
        "stop_type": "Nhà chờ",
        "route_no": "145",
        "display_code": "B 145",
        "direction": "Lượt về",
        "address": "8 Trường Chinh",
        "street": "Trường Chinh",
        "zone": "Quận Tân Phú",
        "ward": "Phường Tây Thạnh",
        "all_routes": "04, 104, 13, 145, 23, 27, 32, 41, 62, 65, 94",
        "marker_color": "#FF9800"
      }
    },
    {
      "type": "Feature",
      "geometry": {
        "type": "Point",
        "coordinates": [
          106.630615,
          10.819386
        ]
      },
      "properties": {
        "feature_type": "bus_stop",
        "stop_id": 173,
        "stop_code": "QTP 011",
        "stop_name": "Trạm KCN Tân Bình",
        "stop_type": "Nhà chờ",
        "route_no": "145",
        "display_code": "B 145",
        "direction": "Lượt về",
        "address": "881 Trường Chinh",
        "street": "Trường Chinh",
        "zone": "Quận Tân Phú",
        "ward": "Phường Tây Thạnh",
        "all_routes": "04, 104, 13, 145, 23, 27, 28, 62, 65, 94",
        "marker_color": "#FF9800"
      }
    },
    {
      "type": "Feature",
      "geometry": {
        "type": "Point",
        "coordinates": [
          106.632377,
          10.814455
        ]
      },
      "properties": {
        "feature_type": "bus_stop",
        "stop_id": 176,
        "stop_code": "QTP 012",
        "stop_name": "Ngã 3 Chế Lan Viên",
        "stop_type": "Nhà chờ",
        "route_no": "145",
        "display_code": "B 145",
        "direction": "Lượt về",
        "address": "831 (trước showroom o tô) Trường Chinh",
        "street": "Trường Chinh",
        "zone": "Quận Tân Phú",
        "ward": "Phường Tây Thạnh",
        "all_routes": "04, 104, 13, 145, 23, 27, 28, 62, 65, 94",
        "marker_color": "#FF9800"
      }
    },
    {
      "type": "Feature",
      "geometry": {
        "type": "Point",
        "coordinates": [
          106.634019,
          10.808689
        ]
      },
      "properties": {
        "feature_type": "bus_stop",
        "stop_id": 177,
        "stop_code": "QTP 014",
        "stop_name": "Trạm Đài Liệt Sỹ",
        "stop_type": "Nhà chờ",
        "route_no": "145",
        "display_code": "B 145",
        "direction": "Lượt về",
        "address": "1/3 Trường Chinh",
        "street": "Trường Chinh",
        "zone": "Quận Tân Phú",
        "ward": "Phường Tây Thạnh",
        "all_routes": "04, 104, 13, 145, 16, 23, 27, 28, 48, 62, 63-1, 65, 94",
        "marker_color": "#FF9800"
      }
    },
    {
      "type": "Feature",
      "geometry": {
        "type": "Point",
        "coordinates": [
          106.636055,
          10.806144
        ]
      },
      "properties": {
        "feature_type": "bus_stop",
        "stop_id": 178,
        "stop_code": "QTB 118",
        "stop_name": "Thượng Uyển",
        "stop_type": "Nhà chờ",
        "route_no": "145",
        "display_code": "B 145",
        "direction": "Lượt về",
        "address": "680 (Thượng Uyển) Cộng Hòa",
        "street": "Cộng Hòa",
        "zone": "Quận Tân Bình",
        "ward": null,
        "all_routes": "04, 104, 145, 28, 63-1",
        "marker_color": "#FF9800"
      }
    },
    {
      "type": "Feature",
      "geometry": {
        "type": "Point",
        "coordinates": [
          106.637887,
          10.803541
        ]
      },
      "properties": {
        "feature_type": "bus_stop",
        "stop_id": 180,
        "stop_code": "QTB 119",
        "stop_name": "Ngã tư Tân Kỳ Tân Quý",
        "stop_type": "Trụ dừng",
        "route_no": "145",
        "display_code": "B 145",
        "direction": "Lượt về",
        "address": "401 Cộng Hòa",
        "street": "Cộng Hòa",
        "zone": "Quận Tân Bình",
        "ward": null,
        "all_routes": "04, 104, 145, 28, 63-1",
        "marker_color": "#FF9800"
      }
    },
    {
      "type": "Feature",
      "geometry": {
        "type": "Point",
        "coordinates": [
          106.640253,
          10.802371
        ]
      },
      "properties": {
        "feature_type": "bus_stop",
        "stop_id": 181,
        "stop_code": "QTB 120",
        "stop_name": "ETown",
        "stop_type": "Nhà chờ",
        "route_no": "145",
        "display_code": "B 145",
        "direction": "Lượt về",
        "address": "ETown Cộng Hòa",
        "street": "Cộng Hòa",
        "zone": "Quận Tân Bình",
        "ward": null,
        "all_routes": "04, 104, 145, 28, 63-1",
        "marker_color": "#FF9800"
      }
    },
    {
      "type": "Feature",
      "geometry": {
        "type": "Point",
        "coordinates": [
          106.644292,
          10.802055
        ]
      },
      "properties": {
        "feature_type": "bus_stop",
        "stop_id": 179,
        "stop_code": "QTB 121",
        "stop_name": "Ngã ba Bình Giã",
        "stop_type": "Trụ dừng",
        "route_no": "145",
        "display_code": "B 145",
        "direction": "Lượt về",
        "address": "303 Cộng Hòa",
        "street": "Cộng Hòa",
        "zone": "Quận Tân Bình",
        "ward": null,
        "all_routes": "04, 104, 145, 28, 63-1",
        "marker_color": "#FF9800"
      }
    },
    {
      "type": "Feature",
      "geometry": {
        "type": "Point",
        "coordinates": [
          106.650413,
          10.801544
        ]
      },
      "properties": {
        "feature_type": "bus_stop",
        "stop_id": 183,
        "stop_code": "QTB 122",
        "stop_name": "Công ty Lô Hội",
        "stop_type": "Nhà chờ",
        "route_no": "145",
        "display_code": "B 145",
        "direction": "Lượt về",
        "address": "19A (Công ty Lô Hội) Cộng Hòa",
        "street": "Cộng Hòa",
        "zone": "Quận Tân Bình",
        "ward": null,
        "all_routes": "04, 104, 109, 145, 28, 63-1",
        "marker_color": "#FF9800"
      }
    },
    {
      "type": "Feature",
      "geometry": {
        "type": "Point",
        "coordinates": [
          106.653637,
          10.801254
        ]
      },
      "properties": {
        "feature_type": "bus_stop",
        "stop_id": 182,
        "stop_code": "QTB 123",
        "stop_name": "Pico Plaza",
        "stop_type": "Nhà chờ",
        "route_no": "145",
        "display_code": "B 145",
        "direction": "Lượt về",
        "address": "20Bis Cộng Hòa",
        "street": "Cộng Hòa",
        "zone": "Quận Tân Bình",
        "ward": null,
        "all_routes": "04, 104, 109, 145, 28, 63-1",
        "marker_color": "#FF9800"
      }
    },
    {
      "type": "Feature",
      "geometry": {
        "type": "Point",
        "coordinates": [
          106.656679,
          10.800985
        ]
      },
      "properties": {
        "feature_type": "bus_stop",
        "stop_id": 185,
        "stop_code": "QTB 124",
        "stop_name": "Ngã ba Út tịch",
        "stop_type": "Trụ dừng",
        "route_no": "145",
        "display_code": "B 145",
        "direction": "Lượt về",
        "address": "35-37 Cộng Hòa",
        "street": "Cộng Hòa",
        "zone": "Quận Tân Bình",
        "ward": null,
        "all_routes": "04, 104, 109, 145, 28, 63-1",
        "marker_color": "#FF9800"
      }
    },
    {
      "type": "Feature",
      "geometry": {
        "type": "Point",
        "coordinates": [
          106.658819,
          10.800833
        ]
      },
      "properties": {
        "feature_type": "bus_stop",
        "stop_id": 184,
        "stop_code": "QTB 125",
        "stop_name": "Siêu thị Maximart Cộng Hòa",
        "stop_type": "Nhà chờ",
        "route_no": "145",
        "display_code": "B 145",
        "direction": "Lượt về",
        "address": "Đối diện 58 (Siêu thị Maximart) Cộng Hòa",
        "street": "Cộng Hòa",
        "zone": "Quận Tân Bình",
        "ward": null,
        "all_routes": "04, 104, 109, 145, 28, 63-1",
        "marker_color": "#FF9800"
      }
    },
    {
      "type": "Feature",
      "geometry": {
        "type": "Point",
        "coordinates": [
          106.659071,
          10.798725
        ]
      },
      "properties": {
        "feature_type": "bus_stop",
        "stop_id": 600,
        "stop_code": "QTB 038",
        "stop_name": "Vòng xoay Lăng Cha Cả",
        "stop_type": "Trụ dừng",
        "route_no": "145",
        "display_code": "B 145",
        "direction": "Lượt về",
        "address": "288-290 Hoàng Văn Thụ",
        "street": "Hoàng Văn Thụ",
        "zone": "Quận Tân Bình",
        "ward": null,
        "all_routes": "08, 103, 145, 148, 50, 59, 63-1, 64",
        "marker_color": "#FF9800"
      }
    },
    {
      "type": "Feature",
      "geometry": {
        "type": "Point",
        "coordinates": [
          106.657425,
          10.79717
        ]
      },
      "properties": {
        "feature_type": "bus_stop",
        "stop_id": 602,
        "stop_code": "QTB 039",
        "stop_name": "Công an Quận Tân Bình",
        "stop_type": "Trụ dừng",
        "route_no": "145",
        "display_code": "B 145",
        "direction": "Lượt về",
        "address": "340H Hoàng Văn Thụ",
        "street": "Hoàng Văn Thụ",
        "zone": "Quận Tân Bình",
        "ward": null,
        "all_routes": "08, 103, 145, 148, 50, 59, 63-1, 64",
        "marker_color": "#FF9800"
      }
    },
    {
      "type": "Feature",
      "geometry": {
        "type": "Point",
        "coordinates": [
          106.655145,
          10.796122
        ]
      },
      "properties": {
        "feature_type": "bus_stop",
        "stop_id": 604,
        "stop_code": "QTB 064",
        "stop_name": "Hội Chợ Triển lãm Tân Bình",
        "stop_type": "Trụ dừng",
        "route_no": "145",
        "display_code": "B 145",
        "direction": "Lượt về",
        "address": "20 (B9) Xuân Diệu",
        "street": "Xuân Diệu",
        "zone": "Quận Tân Bình",
        "ward": null,
        "all_routes": "08, 103, 13, 145, 148, 30, 50, 59, 64, 94",
        "marker_color": "#FF9800"
      }
    },
    {
      "type": "Feature",
      "geometry": {
        "type": "Point",
        "coordinates": [
          106.654066,
          10.796032
        ]
      },
      "properties": {
        "feature_type": "bus_stop",
        "stop_id": 603,
        "stop_code": "QTB 065",
        "stop_name": "Trường Phạm Ngũ Lão",
        "stop_type": "Trụ dừng",
        "route_no": "145",
        "display_code": "B 145",
        "direction": "Lượt về",
        "address": "149 (E62) Xuân Hồng",
        "street": "Xuân Hồng",
        "zone": "Quận Tân Bình",
        "ward": null,
        "all_routes": "08, 103, 13, 145, 148, 30, 50, 59, 64, 65, 94",
        "marker_color": "#FF9800"
      }
    },
    {
      "type": "Feature",
      "geometry": {
        "type": "Point",
        "coordinates": [
          106.652184,
          10.794256
        ]
      },
      "properties": {
        "feature_type": "bus_stop",
        "stop_id": 606,
        "stop_code": "QTB 066",
        "stop_name": "Cây xăng Đôi",
        "stop_type": "Trụ dừng",
        "route_no": "145",
        "display_code": "B 145",
        "direction": "Lượt về",
        "address": "23 Xuân Hồng",
        "street": "Xuân Hồng",
        "zone": "Quận Tân Bình",
        "ward": null,
        "all_routes": "08, 103, 13, 145, 148, 30, 50, 59, 64, 65, 94",
        "marker_color": "#FF9800"
      }
    },
    {
      "type": "Feature",
      "geometry": {
        "type": "Point",
        "coordinates": [
          106.6528,
          10.792122
        ]
      },
      "properties": {
        "feature_type": "bus_stop",
        "stop_id": 605,
        "stop_code": "QTB 029",
        "stop_name": "Bệnh viện Thống Nhất",
        "stop_type": "Trụ dừng",
        "route_no": "145",
        "display_code": "B 145",
        "direction": "Lượt về",
        "address": "733-739 Lý Thường Kiệt",
        "street": "Lý Thường Kiệt",
        "zone": "Quận Tân Bình",
        "ward": null,
        "all_routes": "08, 145, 148, 50, 59, 63-1, 94",
        "marker_color": "#FF9800"
      }
    },
    {
      "type": "Feature",
      "geometry": {
        "type": "Point",
        "coordinates": [
          106.651776,
          10.788628
        ]
      },
      "properties": {
        "feature_type": "bus_stop",
        "stop_id": 1639,
        "stop_code": "QTB 131",
        "stop_name": "Cây xăng Lạc Long Quân",
        "stop_type": "Biển treo",
        "route_no": "145",
        "display_code": "B 145",
        "direction": "Lượt về",
        "address": "1103 Lạc Long Quân",
        "street": "Lạc Long Quân",
        "zone": "Quận Tân Bình",
        "ward": null,
        "all_routes": "145, 148",
        "marker_color": "#FF9800"
      }
    },
    {
      "type": "Feature",
      "geometry": {
        "type": "Point",
        "coordinates": [
          106.650848,
          10.784233
        ]
      },
      "properties": {
        "feature_type": "bus_stop",
        "stop_id": 1640,
        "stop_code": "QTB 132",
        "stop_name": "Công Thọ",
        "stop_type": "Biển treo",
        "route_no": "145",
        "display_code": "B 145",
        "direction": "Lượt về",
        "address": "933 Lạc Long Quân",
        "street": "Lạc Long Quân",
        "zone": "Quận Tân Bình",
        "ward": null,
        "all_routes": "145, 148",
        "marker_color": "#FF9800"
      }
    },
    {
      "type": "Feature",
      "geometry": {
        "type": "Point",
        "coordinates": [
          106.649994,
          10.781511
        ]
      },
      "properties": {
        "feature_type": "bus_stop",
        "stop_id": 1641,
        "stop_code": "QTB 133",
        "stop_name": "Ni sư Huỳnh Liên",
        "stop_type": "Biển treo",
        "route_no": "145",
        "display_code": "B 145",
        "direction": "Lượt về",
        "address": "759 Lạc Long Quân",
        "street": "Lạc Long Quân",
        "zone": "Quận Tân Bình",
        "ward": null,
        "all_routes": "145, 148",
        "marker_color": "#FF9800"
      }
    },
    {
      "type": "Feature",
      "geometry": {
        "type": "Point",
        "coordinates": [
          106.649786,
          10.777941
        ]
      },
      "properties": {
        "feature_type": "bus_stop",
        "stop_id": 1642,
        "stop_code": "QTB 134",
        "stop_name": "Chùa Giác Lâm",
        "stop_type": "Trụ dừng",
        "route_no": "145",
        "display_code": "B 145",
        "direction": "Lượt về",
        "address": "656 (133) Lạc Long Quân",
        "street": "Lạc Long Quân",
        "zone": "Quận Tân Bình",
        "ward": null,
        "all_routes": "145, 148",
        "marker_color": "#FF9800"
      }
    },
    {
      "type": "Feature",
      "geometry": {
        "type": "Point",
        "coordinates": [
          106.648396,
          10.77547
        ]
      },
      "properties": {
        "feature_type": "bus_stop",
        "stop_id": 1643,
        "stop_code": "QTB 135",
        "stop_name": "Ngã tư Lạc Long Quân",
        "stop_type": "Trụ dừng",
        "route_no": "145",
        "display_code": "B 145",
        "direction": "Lượt về",
        "address": "523-525 (176A) Lạc Long Quân",
        "street": "Lạc Long Quân",
        "zone": "Quận Tân Bình",
        "ward": null,
        "all_routes": "145, 148",
        "marker_color": "#FF9800"
      }
    },
    {
      "type": "Feature",
      "geometry": {
        "type": "Point",
        "coordinates": [
          106.647484,
          10.774116
        ]
      },
      "properties": {
        "feature_type": "bus_stop",
        "stop_id": 1644,
        "stop_code": "Q11 074",
        "stop_name": "Âu Cơ",
        "stop_type": "Trụ dừng",
        "route_no": "145",
        "display_code": "B 145",
        "direction": "Lượt về",
        "address": "501 Lạc Long Quân",
        "street": "Lạc Long Quân",
        "zone": "Quận 11",
        "ward": null,
        "all_routes": "145, 148, 38",
        "marker_color": "#FF9800"
      }
    },
    {
      "type": "Feature",
      "geometry": {
        "type": "Point",
        "coordinates": [
          106.644716,
          10.770237
        ]
      },
      "properties": {
        "feature_type": "bus_stop",
        "stop_id": 1646,
        "stop_code": "Q11 075",
        "stop_name": "Trạm Đăng Kiểm",
        "stop_type": "Trụ dừng",
        "route_no": "145",
        "display_code": "B 145",
        "direction": "Lượt về",
        "address": "345F Lạc Long Quân",
        "street": "Lạc Long Quân",
        "zone": "Quận 11",
        "ward": null,
        "all_routes": "145, 148, 38",
        "marker_color": "#FF9800"
      }
    },
    {
      "type": "Feature",
      "geometry": {
        "type": "Point",
        "coordinates": [
          106.642989,
          10.767818
        ]
      },
      "properties": {
        "feature_type": "bus_stop",
        "stop_id": 1645,
        "stop_code": "Q11 076",
        "stop_name": "Trường Lê Quý Đôn",
        "stop_type": "Nhà chờ",
        "route_no": "145",
        "display_code": "B 145",
        "direction": "Lượt về",
        "address": "Trường Lạc Long Quân Lạc Long Quân",
        "street": "Lạc Long Quân",
        "zone": "Quận 11",
        "ward": null,
        "all_routes": "145, 148, 38",
        "marker_color": "#FF9800"
      }
    },
    {
      "type": "Feature",
      "geometry": {
        "type": "Point",
        "coordinates": [
          106.642128,
          10.765199
        ]
      },
      "properties": {
        "feature_type": "bus_stop",
        "stop_id": 1572,
        "stop_code": "Q11 077",
        "stop_name": "Cổng 1 Đầm Sen",
        "stop_type": "Trụ dừng",
        "route_no": "145",
        "display_code": "B 145",
        "direction": "Lượt về",
        "address": "281 Lạc Long Quân",
        "street": "Lạc Long Quân",
        "zone": "Quận 11",
        "ward": null,
        "all_routes": "145, 148",
        "marker_color": "#FF9800"
      }
    },
    {
      "type": "Feature",
      "geometry": {
        "type": "Point",
        "coordinates": [
          106.644706,
          10.763649
        ]
      },
      "properties": {
        "feature_type": "bus_stop",
        "stop_id": 1776,
        "stop_code": "Q11 064",
        "stop_name": "Công an Phường 10",
        "stop_type": "Trụ dừng",
        "route_no": "145",
        "display_code": "B 145",
        "direction": "Lượt về",
        "address": "569  Minh Phụng",
        "street": "Minh Phụng",
        "zone": "Quận 11",
        "ward": null,
        "all_routes": "145, 148",
        "marker_color": "#FF9800"
      }
    },
    {
      "type": "Feature",
      "geometry": {
        "type": "Point",
        "coordinates": [
          106.644459,
          10.761968
        ]
      },
      "properties": {
        "feature_type": "bus_stop",
        "stop_id": 1777,
        "stop_code": "Q11 065",
        "stop_name": "Đội Cung",
        "stop_type": "Trụ dừng",
        "route_no": "145",
        "display_code": "B 145",
        "direction": "Lượt về",
        "address": "461 Minh Phụng",
        "street": "Minh Phụng",
        "zone": "Quận 11",
        "ward": null,
        "all_routes": "145, 148",
        "marker_color": "#FF9800"
      }
    },
    {
      "type": "Feature",
      "geometry": {
        "type": "Point",
        "coordinates": [
          106.644051,
          10.759449
        ]
      },
      "properties": {
        "feature_type": "bus_stop",
        "stop_id": 1779,
        "stop_code": "Q11 066",
        "stop_name": "Trường Tiểu học Thái Phiên",
        "stop_type": "Trụ dừng",
        "route_no": "145",
        "display_code": "B 145",
        "direction": "Lượt về",
        "address": "385 Minh Phụng",
        "street": "Minh Phụng",
        "zone": "Quận 11",
        "ward": null,
        "all_routes": "145, 148",
        "marker_color": "#FF9800"
      }
    },
    {
      "type": "Feature",
      "geometry": {
        "type": "Point",
        "coordinates": [
          106.643654,
          10.75736
        ]
      },
      "properties": {
        "feature_type": "bus_stop",
        "stop_id": 1647,
        "stop_code": "Q11 067",
        "stop_name": "UBND phường 2",
        "stop_type": "Trụ dừng",
        "route_no": "145",
        "display_code": "B 145",
        "direction": "Lượt về",
        "address": "341A Minh Phụng",
        "street": "Minh Phụng",
        "zone": "Quận 11",
        "ward": null,
        "all_routes": "145, 148",
        "marker_color": "#FF9800"
      }
    },
    {
      "type": "Feature",
      "geometry": {
        "type": "Point",
        "coordinates": [
          106.643203,
          10.755244
        ]
      },
      "properties": {
        "feature_type": "bus_stop",
        "stop_id": 1649,
        "stop_code": "Q11 068",
        "stop_name": "Cây Gõ",
        "stop_type": "Ô sơn",
        "route_no": "145",
        "display_code": "B 145",
        "direction": "Lượt về",
        "address": "275 Minh Phụng",
        "street": "Minh Phụng",
        "zone": "Quận 11",
        "ward": null,
        "all_routes": "145, 148",
        "marker_color": "#FF9800"
      }
    },
    {
      "type": "Feature",
      "geometry": {
        "type": "Point",
        "coordinates": [
          106.643761,
          10.754021
        ]
      },
      "properties": {
        "feature_type": "bus_stop",
        "stop_id": 721,
        "stop_code": "Q6 041",
        "stop_name": "Trường Nguyễn Đức Cảnh",
        "stop_type": "Nhà chờ",
        "route_no": "145",
        "display_code": "B 145",
        "direction": "Lượt về",
        "address": "799 Hồng Bàng",
        "street": "Hồng Bàng",
        "zone": "Quận 6",
        "ward": null,
        "all_routes": "09, 139, 145, 16, 62-1, 62-10, 62-2, 62-7, 62-8, 63-1, 81, 84",
        "marker_color": "#FF9800"
      }
    },
    {
      "type": "Feature",
      "geometry": {
        "type": "Point",
        "coordinates": [
          106.646116,
          10.753742
        ]
      },
      "properties": {
        "feature_type": "bus_stop",
        "stop_id": 723,
        "stop_code": "Q6 042",
        "stop_name": "Chùa Nam Phổ Đà",
        "stop_type": "Trụ dừng",
        "route_no": "145",
        "display_code": "B 145",
        "direction": "Lượt về",
        "address": "733-735 Hồng Bàng",
        "street": "Hồng Bàng",
        "zone": "Quận 6",
        "ward": null,
        "all_routes": "09, 139, 145, 16, 62-1, 62-10, 62-2, 62-7, 62-8, 63-1, 81, 84",
        "marker_color": "#FF9800"
      }
    },
    {
      "type": "Feature",
      "geometry": {
        "type": "Point",
        "coordinates": [
          106.648241,
          10.753504
        ]
      },
      "properties": {
        "feature_type": "bus_stop",
        "stop_id": 722,
        "stop_code": "Q6 043",
        "stop_name": "Lò Siêu",
        "stop_type": "Trụ dừng",
        "route_no": "145",
        "display_code": "B 145",
        "direction": "Lượt về",
        "address": "647 Hồng Bàng",
        "street": "Hồng Bàng",
        "zone": "Quận 6",
        "ward": null,
        "all_routes": "09, 139, 145, 16, 62-1, 62-10, 62-2, 62-8, 63-1, 81, 84",
        "marker_color": "#FF9800"
      }
    }
  ]
}