{
  "type": "FeatureCollection",
  "properties": {
    "stt": 25,
    "route_no": "104",
    "display_code": "B 104",
    "route_name": "Bến xe An Sương - Bến xe buýt Văn Thánh",
    "start_point": "Bến xe An Sương",
    "end_point": "Bến xe buýt Văn Thánh",
    "listed_length_km": 16,
    "operating_hours": "4:30 - 22:00",
    "color": "#00BCD4",
    "num_variants": 2,
    "total_stops": 81,
    "total_points": 791
  },
  "features": [
    {
      "type": "Feature",
      "geometry": {
        "type": "LineString",
        "coordinates": [
          [
            106.6133728,
            10.8437376
          ],
          [
            106.61418152,
            10.84418106
          ],
          [
            106.61500549,
            10.84297943
          ],
          [
            106.61504364,
            10.84253693
          ],
          [
            106.61533356,
            10.8422842
          ],
          [
            106.61598206,
            10.84128857
          ],
          [
            106.61662292,
            10.84029198
          ],
          [
            106.61704254,
            10.83962631
          ],
          [
            106.61746216,
            10.83895969
          ],
          [
            106.61734772,
            10.83889103
          ],
          [
            106.61734772,
            10.83889103
          ],
          [
            106.61734772,
            10.83889103
          ],
          [
            106.61734772,
            10.83889103
          ],
          [
            106.61746216,
            10.83895397
          ],
          [
            106.61816406,
            10.83785248
          ],
          [
            106.6188736,
            10.83675194
          ],
          [
            106.61959076,
            10.83565044
          ],
          [
            106.62030792,
            10.83454895
          ],
          [
            106.62020874,
            10.83449745
          ],
          [
            106.62020874,
            10.83449745
          ],
          [
            106.62030029,
            10.83453846
          ],
          [
            106.62109375,
            10.83330059
          ],
          [
            106.62188721,
            10.83206749
          ],
          [
            106.62179565,
            10.83201981
          ],
          [
            106.62179565,
            10.83201981
          ],
          [
            106.62179565,
            10.83201981
          ],
          [
            106.62188721,
            10.83207321
          ],
          [
            106.62268829,
            10.83086681
          ],
          [
            106.62348175,
            10.82966518
          ],
          [
            106.62510681,
            10.82725239
          ],
          [
            106.62549591,
            10.82677746
          ],
          [
            106.62594604,
            10.8263092
          ],
          [
            106.62586212,
            10.82623959
          ],
          [
            106.62586212,
            10.82623959
          ],
          [
            106.62586212,
            10.82623959
          ],
          [
            106.62586212,
            10.82623959
          ],
          [
            106.62593842,
            10.8263092
          ],
          [
            106.62645721,
            10.82582378
          ],
          [
            106.62697601,
            10.82535553
          ],
          [
            106.62749481,
            10.8248806
          ],
          [
            106.62801361,
            10.82440662
          ],
          [
            106.62871552,
            10.82374573
          ],
          [
            106.62941742,
            10.82308388
          ],
          [
            106.62971497,
            10.82274723
          ],
          [
            106.62992096,
            10.82235718
          ],
          [
            106.62982178,
            10.82231522
          ],
          [
            106.62982178,
            10.82231522
          ],
          [
            106.62982178,
            10.82231522
          ],
          [
            106.62982178,
            10.82231522
          ],
          [
            106.62982178,
            10.82231522
          ],
          [
            106.62991333,
            10.82234097
          ],
          [
            106.63014984,
            10.82170868
          ],
          [
            106.63034821,
            10.82108212
          ],
          [
            106.63059235,
            10.82026005
          ],
          [
            106.63083649,
            10.8194437
          ],
          [
            106.63061523,
            10.81938553
          ],
          [
            106.63061523,
            10.81938553
          ],
          [
            106.63061523,
            10.81938553
          ],
          [
            106.63061523,
            10.81938553
          ],
          [
            106.63083649,
            10.8194437
          ],
          [
            106.63103485,
            10.81881905
          ],
          [
            106.63123322,
            10.81819439
          ],
          [
            106.63143158,
            10.81757069
          ],
          [
            106.63162994,
            10.81694603
          ],
          [
            106.63181305,
            10.81632328
          ],
          [
            106.63200378,
            10.81570053
          ],
          [
            106.63218689,
            10.81507778
          ],
          [
            106.63237762,
            10.81445503
          ],
          [
            106.63237762,
            10.81445503
          ],
          [
            106.63237762,
            10.81445503
          ],
          [
            106.63259888,
            10.81373405
          ],
          [
            106.63282013,
            10.81301308
          ],
          [
            106.63304138,
            10.8122921
          ],
          [
            106.633255,
            10.81157112
          ],
          [
            106.63346863,
            10.81084919
          ],
          [
            106.63368988,
            10.81012726
          ],
          [
            106.63394165,
            10.80940533
          ],
          [
            106.63414001,
            10.8087101
          ],
          [
            106.63401794,
            10.80868912
          ],
          [
            106.63401794,
            10.80868912
          ],
          [
            106.63401794,
            10.80868912
          ],
          [
            106.63415527,
            10.8087101
          ],
          [
            106.63441467,
            10.80794048
          ],
          [
            106.63485718,
            10.80732441
          ],
          [
            106.63545227,
            10.80673409
          ],
          [
            106.63609314,
            10.80618572
          ],
          [
            106.63605499,
            10.80614376
          ],
          [
            106.63605499,
            10.80614376
          ],
          [
            106.63609314,
            10.80617523
          ],
          [
            106.63664246,
            10.80552769
          ],
          [
            106.63707733,
            10.80487919
          ],
          [
            106.63750458,
            10.80420971
          ],
          [
            106.63795471,
            10.80358887
          ],
          [
            106.63788605,
            10.80354118
          ],
          [
            106.63788605,
            10.80354118
          ],
          [
            106.63796997,
            10.80359364
          ],
          [
            106.63813782,
            10.80335617
          ],
          [
            106.63833618,
            10.80311966
          ],
          [
            106.63861847,
            10.80292988
          ],
          [
            106.63893127,
            10.8027668
          ],
          [
            106.63925171,
            10.80262947
          ],
          [
            106.63957214,
            10.80254459
          ],
          [
            106.63990784,
            10.80249786
          ],
          [
            106.64025116,
            10.80248737
          ],
          [
            106.64025116,
            10.80237103
          ],
          [
            106.64025116,
            10.80237103
          ],
          [
            106.64025116,
            10.80248165
          ],
          [
            106.64074707,
            10.80244255
          ],
          [
            106.64125061,
            10.8024025
          ],
          [
            106.64175415,
            10.8023634
          ],
          [
            106.64225769,
            10.80232334
          ],
          [
            106.64276123,
            10.80228138
          ],
          [
            106.64326477,
            10.80223942
          ],
          [
            106.64376831,
            10.80219746
          ],
          [
            106.64427948,
            10.80215549
          ],
          [
            106.64429474,
            10.80205536
          ],
          [
            106.64429474,
            10.80205536
          ],
          [
            106.64431,
            10.802145
          ],
          [
            106.64506531,
            10.8020525
          ],
          [
            106.64582062,
            10.80195999
          ],
          [
            106.64658356,
            10.80191231
          ],
          [
            106.6473465,
            10.80186558
          ],
          [
            106.64810944,
            10.80179119
          ],
          [
            106.64888,
            10.80171776
          ],
          [
            106.64964294,
            10.80167294
          ],
          [
            106.65041351,
            10.80162811
          ],
          [
            106.65041351,
            10.80154419
          ],
          [
            106.65041351,
            10.80154419
          ],
          [
            106.65040588,
            10.80162811
          ],
          [
            106.65120697,
            10.80155945
          ],
          [
            106.65200806,
            10.80149078
          ],
          [
            106.6528244,
            10.80143356
          ],
          [
            106.65363312,
            10.80137539
          ],
          [
            106.65364075,
            10.80125427
          ],
          [
            106.65364075,
            10.80125427
          ],
          [
            106.65363312,
            10.8013649
          ],
          [
            106.65439606,
            10.80129719
          ],
          [
            106.655159,
            10.80123043
          ],
          [
            106.65592194,
            10.80116272
          ],
          [
            106.65668488,
            10.80109596
          ],
          [
            106.65667725,
            10.80098534
          ],
          [
            106.65667725,
            10.80098534
          ],
          [
            106.65667725,
            10.80109596
          ],
          [
            106.6572113,
            10.80104828
          ],
          [
            106.65775299,
            10.80100155
          ],
          [
            106.65812683,
            10.80097198
          ],
          [
            106.65850067,
            10.80094337
          ],
          [
            106.65882111,
            10.80083275
          ],
          [
            106.65882111,
            10.80083275
          ],
          [
            106.65882111,
            10.80083275
          ],
          [
            106.65882111,
            10.80083275
          ],
          [
            106.6607132,
            10.80066872
          ],
          [
            106.66080475,
            10.80048466
          ],
          [
            106.66085815,
            10.80029011
          ],
          [
            106.66094971,
            10.8002367
          ],
          [
            106.66107941,
            10.80025768
          ],
          [
            106.6614151,
            10.80050564
          ],
          [
            106.66160583,
            10.80064774
          ],
          [
            106.66259766,
            10.8005476
          ],
          [
            106.66348267,
            10.80047989
          ],
          [
            106.66381073,
            10.80052662
          ],
          [
            106.66639709,
            10.80029011
          ],
          [
            106.66637421,
            10.8002367
          ],
          [
            106.66637421,
            10.8002367
          ],
          [
            106.66637421,
            10.8002367
          ],
          [
            106.66637421,
            10.8002367
          ],
          [
            106.66637421,
            10.80030537
          ],
          [
            106.6679306,
            10.8001585
          ],
          [
            106.669487,
            10.80001068
          ],
          [
            106.66946411,
            10.79994202
          ],
          [
            106.66946411,
            10.79994202
          ],
          [
            106.66945648,
            10.80000496
          ],
          [
            106.67017365,
            10.79994202
          ],
          [
            106.67088318,
            10.79987907
          ],
          [
            106.67087555,
            10.79980469
          ],
          [
            106.67087555,
            10.79980469
          ],
          [
            106.67087555,
            10.79987335
          ],
          [
            106.67234802,
            10.79974747
          ],
          [
            106.6738205,
            10.79962063
          ],
          [
            106.6738205,
            10.79954243
          ],
          [
            106.6738205,
            10.79954243
          ],
          [
            106.6738205,
            10.79954243
          ],
          [
            106.6738205,
            10.79954243
          ],
          [
            106.67383575,
            10.79963684
          ],
          [
            106.67521667,
            10.79951859
          ],
          [
            106.67660522,
            10.79939938
          ],
          [
            106.67798615,
            10.79928112
          ],
          [
            106.67937469,
            10.79916191
          ],
          [
            106.67935181,
            10.79908752
          ],
          [
            106.67935181,
            10.79908752
          ],
          [
            106.67935181,
            10.79908752
          ],
          [
            106.67935181,
            10.79908752
          ],
          [
            106.67935181,
            10.79908752
          ],
          [
            106.67935181,
            10.79908752
          ],
          [
            106.67935181,
            10.79908752
          ],
          [
            106.67935181,
            10.7991991
          ],
          [
            106.67974091,
            10.79917049
          ],
          [
            106.68013,
            10.79914093
          ],
          [
            106.68045044,
            10.79926777
          ],
          [
            106.68075562,
            10.79957104
          ],
          [
            106.68105316,
            10.79987431
          ],
          [
            106.68135834,
            10.80017662
          ],
          [
            106.68166351,
            10.80047989
          ],
          [
            106.68173981,
            10.80041599
          ],
          [
            106.68173981,
            10.80041599
          ],
          [
            106.68173981,
            10.80041599
          ],
          [
            106.68173981,
            10.80041599
          ],
          [
            106.68173981,
            10.80041599
          ],
          [
            106.68173981,
            10.80041599
          ],
          [
            106.68173981,
            10.80041599
          ],
          [
            106.68173981,
            10.80041599
          ],
          [
            106.68173981,
            10.80041599
          ],
          [
            106.68169403,
            10.80049515
          ],
          [
            106.68203735,
            10.8007803
          ],
          [
            106.68230438,
            10.80103779
          ],
          [
            106.68287659,
            10.80158615
          ],
          [
            106.68348694,
            10.80217075
          ],
          [
            106.68401337,
            10.80272961
          ],
          [
            106.6840744,
            10.80268192
          ],
          [
            106.6840744,
            10.80268192
          ],
          [
            106.6840744,
            10.80268192
          ],
          [
            106.6840744,
            10.80268192
          ],
          [
            106.6840744,
            10.80268192
          ],
          [
            106.6840744,
            10.80268192
          ],
          [
            106.6840744,
            10.80268192
          ],
          [
            106.6840744,
            10.80268192
          ],
          [
            106.6840744,
            10.80268192
          ],
          [
            106.684021,
            10.80275631
          ],
          [
            106.68457031,
            10.80329132
          ],
          [
            106.68511963,
            10.80382538
          ],
          [
            106.68549347,
            10.80394173
          ],
          [
            106.68611145,
            10.8039465
          ],
          [
            106.68611145,
            10.80384731
          ],
          [
            106.68611145,
            10.80384731
          ],
          [
            106.68611145,
            10.80384731
          ],
          [
            106.68611145,
            10.80384731
          ],
          [
            106.68611145,
            10.80384731
          ],
          [
            106.68611145,
            10.80384731
          ],
          [
            106.68611145,
            10.80384731
          ],
          [
            106.68611145,
            10.80384731
          ],
          [
            106.68611908,
            10.80395699
          ],
          [
            106.68703461,
            10.80383396
          ],
          [
            106.68795013,
            10.80370998
          ],
          [
            106.68791962,
            10.80361462
          ],
          [
            106.68791962,
            10.80361462
          ],
          [
            106.68791962,
            10.80361462
          ],
          [
            106.68791962,
            10.80361462
          ],
          [
            106.68791962,
            10.80361462
          ],
          [
            106.68791962,
            10.80361462
          ],
          [
            106.68791962,
            10.80370998
          ],
          [
            106.68914795,
            10.80354691
          ],
          [
            106.69037628,
            10.80338287
          ],
          [
            106.69038391,
            10.80325127
          ],
          [
            106.69038391,
            10.80325127
          ],
          [
            106.69038391,
            10.80325127
          ],
          [
            106.69039154,
            10.80337715
          ],
          [
            106.6915741,
            10.80322742
          ],
          [
            106.69275665,
            10.8030777
          ],
          [
            106.6939621,
            10.80290318
          ],
          [
            106.69515991,
            10.80272961
          ],
          [
            106.69515228,
            10.80266571
          ],
          [
            106.69515228,
            10.80266571
          ],
          [
            106.69515991,
            10.80272961
          ],
          [
            106.69615936,
            10.80261326
          ],
          [
            106.69716644,
            10.80247116
          ],
          [
            106.69715881,
            10.80240822
          ],
          [
            106.69715881,
            10.80240822
          ],
          [
            106.69716644,
            10.80249214
          ],
          [
            106.69784546,
            10.8024025
          ],
          [
            106.69819641,
            10.80242348
          ],
          [
            106.69881439,
            10.80270004
          ],
          [
            106.69943237,
            10.80297756
          ],
          [
            106.69947052,
            10.80289268
          ],
          [
            106.69947052,
            10.80289268
          ],
          [
            106.69943237,
            10.80297756
          ],
          [
            106.70029449,
            10.80333042
          ],
          [
            106.70116425,
            10.80368328
          ],
          [
            106.70120239,
            10.80361462
          ],
          [
            106.70120239,
            10.80361462
          ],
          [
            106.70120239,
            10.80361462
          ],
          [
            106.70120239,
            10.80361462
          ],
          [
            106.70120239,
            10.80361462
          ],
          [
            106.70114899,
            10.80368328
          ],
          [
            106.70157623,
            10.80383587
          ],
          [
            106.70215607,
            10.80368328
          ],
          [
            106.7027359,
            10.80353069
          ],
          [
            106.70341492,
            10.80342007
          ],
          [
            106.70396423,
            10.80336666
          ],
          [
            106.70398712,
            10.80329323
          ],
          [
            106.70398712,
            10.80329323
          ],
          [
            106.70398712,
            10.80329323
          ],
          [
            106.70398712,
            10.80329323
          ],
          [
            106.70398712,
            10.80329323
          ],
          [
            106.70398712,
            10.80329323
          ],
          [
            106.70398712,
            10.80329323
          ],
          [
            106.70398712,
            10.80329323
          ],
          [
            106.70398712,
            10.80334568
          ],
          [
            106.70465851,
            10.80329704
          ],
          [
            106.70533752,
            10.80324841
          ],
          [
            106.70600891,
            10.80319977
          ],
          [
            106.7066803,
            10.80315113
          ],
          [
            106.70671082,
            10.80307674
          ],
          [
            106.70671082,
            10.80307674
          ],
          [
            106.70671082,
            10.80307674
          ],
          [
            106.70671082,
            10.80307674
          ],
          [
            106.70671082,
            10.80307674
          ],
          [
            106.70671082,
            10.80307674
          ],
          [
            106.70671082,
            10.80307674
          ],
          [
            106.70671082,
            10.80307674
          ],
          [
            106.70671844,
            10.80315113
          ],
          [
            106.70765686,
            10.80307865
          ],
          [
            106.70859528,
            10.80300617
          ],
          [
            106.70952606,
            10.80293369
          ],
          [
            106.71046448,
            10.80286121
          ],
          [
            106.71051025,
            10.80279255
          ],
          [
            106.71051025,
            10.80279255
          ],
          [
            106.71051025,
            10.80279255
          ],
          [
            106.71051025,
            10.80279255
          ],
          [
            106.71051025,
            10.80279255
          ],
          [
            106.71051025,
            10.80279255
          ],
          [
            106.71048737,
            10.80286694
          ],
          [
            106.71133423,
            10.80279255
          ],
          [
            106.71128082,
            10.80203438
          ],
          [
            106.71124268,
            10.80169106
          ],
          [
            106.71105957,
            10.80149651
          ],
          [
            106.71112823,
            10.80124855
          ],
          [
            106.71134949,
            10.80116463
          ],
          [
            106.71157074,
            10.80130196
          ],
          [
            106.71212769,
            10.80130196
          ],
          [
            106.71311188,
            10.80114841
          ],
          [
            106.71372223,
            10.801054
          ],
          [
            106.71427917,
            10.80093765
          ],
          [
            106.71425629,
            10.80082703
          ],
          [
            106.71425629,
            10.80082703
          ],
          [
            106.71425629,
            10.80082703
          ],
          [
            106.7142868,
            10.80092239
          ],
          [
            106.71557617,
            10.80049515
          ],
          [
            106.71601105,
            10.80044746
          ],
          [
            106.71657562,
            10.80020523
          ],
          [
            106.71681213,
            10.79993153
          ],
          [
            106.71744537,
            10.79961491
          ],
          [
            106.71740723,
            10.79953098
          ],
          [
            106.71740723,
            10.79953098
          ],
          [
            106.71743011,
            10.79961014
          ],
          [
            106.71794891,
            10.79932785
          ],
          [
            106.71846771,
            10.79904652
          ],
          [
            106.71914673,
            10.79866695
          ],
          [
            106.71949768,
            10.79852486
          ],
          [
            106.71949768,
            10.79852486
          ],
          [
            106.71949768,
            10.79852486
          ],
          [
            106.71949768,
            10.79852486
          ],
          [
            106.71987915,
            10.79820824
          ],
          [
            106.72103882,
            10.79763412
          ],
          [
            106.7215271,
            10.79748154
          ],
          [
            106.72279358,
            10.79742336
          ],
          [
            106.72363281,
            10.79743862
          ],
          [
            106.72431183,
            10.79774475
          ],
          [
            106.72452545,
            10.79799747
          ],
          [
            106.72454071,
            10.79826069
          ],
          [
            106.72451019,
            10.79858208
          ],
          [
            106.72438812,
            10.79889297
          ],
          [
            106.72413635,
            10.79906178
          ],
          [
            106.72387695,
            10.79913044
          ],
          [
            106.72303772,
            10.79910374
          ],
          [
            106.72264862,
            10.79908276
          ],
          [
            106.72241211,
            10.79906178
          ],
          [
            106.72219086,
            10.7990303
          ],
          [
            106.72221375,
            10.79905319
          ],
          [
            106.72221375,
            10.79905319
          ],
          [
            106.72221375,
            10.79905319
          ],
          [
            106.72221375,
            10.79905319
          ],
          [
            106.72221375,
            10.79905319
          ],
          [
            106.72221375,
            10.79905319
          ],
          [
            106.72221375,
            10.79905319
          ],
          [
            106.72221375,
            10.79905319
          ],
          [
            106.72221375,
            10.79905319
          ],
          [
            106.72221375,
            10.79905319
          ],
          [
            106.72221375,
            10.79905319
          ],
          [
            106.72221375,
            10.79905319
          ],
          [
            106.72221375,
            10.79905319
          ],
          [
            106.72222137,
            10.79903603
          ],
          [
            106.72169495,
            10.79894638
          ],
          [
            106.72104645,
            10.79863548
          ],
          [
            106.72055054,
            10.79850388
          ],
          [
            106.72009277,
            10.79859257
          ],
          [
            106.71957397,
            10.79889297
          ],
          [
            106.71957397,
            10.79889297
          ],
          [
            106.71957397,
            10.79889297
          ],
          [
            106.71957397,
            10.79889297
          ],
          [
            106.71957397,
            10.79889297
          ],
          [
            106.71957397,
            10.79889297
          ],
          [
            106.71957397,
            10.79889297
          ],
          [
            106.71957397,
            10.79889297
          ],
          [
            106.71957397,
            10.79889297
          ],
          [
            106.71957397,
            10.79889297
          ],
          [
            106.71957397,
            10.79889297
          ],
          [
            106.71957397,
            10.79889297
          ],
          [
            106.71957397,
            10.79889297
          ],
          [
            106.71957397,
            10.79889297
          ],
          [
            106.71957397,
            10.79889297
          ],
          [
            106.71920013,
            10.79916763
          ],
          [
            106.71879578,
            10.79939365
          ],
          [
            106.71797943,
            10.79985809
          ],
          [
            106.71826172,
            10.80035782
          ],
          [
            106.71850586,
            10.80086899
          ],
          [
            106.71800232,
            10.80109882
          ],
          [
            106.71749878,
            10.80131721
          ],
          [
            106.71749878,
            10.80131721
          ],
          [
            106.71749878,
            10.80131721
          ],
          [
            106.71749878,
            10.80131721
          ],
          [
            106.71749878,
            10.80131721
          ]
        ]
      },
      "properties": {
        "feature_type": "route_path",
        "stt": 25,
        "route_id": 15,
        "route_no": "104",
        "display_code": "B 104",
        "route_name": "Bến xe An Sương - Bến xe buýt Văn Thánh",
        "direction": "Lượt đi",
        "outbound": true,
        "start_point": "Bến xe An Sương",
        "end_point": "Bến xe buýt Văn Thánh",
        "start_stop": "Bến xe An Sương",
        "end_stop": "Bến xe Văn Thánh",
        "distance_km": 17.4,
        "listed_length_km": 16,
        "running_time_min": 45,
        "operating_hours": "4:30 - 22:00",
        "stroke": "#00BCD4",
        "stroke_width": 4,
        "stroke_opacity": 0.85
      }
    },
    {
      "type": "Feature",
      "geometry": {
        "type": "LineString",
        "coordinates": [
          [
            106.71749878,
            10.80131721
          ],
          [
            106.71749878,
            10.80131721
          ],
          [
            106.71749878,
            10.80131721
          ],
          [
            106.71749878,
            10.80131721
          ],
          [
            106.71846771,
            10.80090618
          ],
          [
            106.71820068,
            10.80039024
          ],
          [
            106.71793365,
            10.79985237
          ],
          [
            106.71718597,
            10.80022621
          ],
          [
            106.71722412,
            10.8002739
          ],
          [
            106.71722412,
            10.8002739
          ],
          [
            106.71722412,
            10.8002739
          ],
          [
            106.71722412,
            10.8002739
          ],
          [
            106.71722412,
            10.8002739
          ],
          [
            106.71722412,
            10.8002739
          ],
          [
            106.71722412,
            10.8002739
          ],
          [
            106.71722412,
            10.8002739
          ],
          [
            106.71722412,
            10.8002739
          ],
          [
            106.71686554,
            10.80035305
          ],
          [
            106.7165451,
            10.80042171
          ],
          [
            106.71604919,
            10.80069065
          ],
          [
            106.71582794,
            10.80087471
          ],
          [
            106.71485901,
            10.80122757
          ],
          [
            106.71485901,
            10.80122757
          ],
          [
            106.71485901,
            10.80122757
          ],
          [
            106.71485901,
            10.80122757
          ],
          [
            106.71485901,
            10.80122757
          ],
          [
            106.71485901,
            10.80122757
          ],
          [
            106.71485901,
            10.80122757
          ],
          [
            106.71485901,
            10.80122757
          ],
          [
            106.71485901,
            10.80122757
          ],
          [
            106.71485901,
            10.80122757
          ],
          [
            106.71392822,
            10.80148602
          ],
          [
            106.71337891,
            10.80161762
          ],
          [
            106.71283722,
            10.80169678
          ],
          [
            106.71283722,
            10.80169678
          ],
          [
            106.71283722,
            10.80169678
          ],
          [
            106.71283722,
            10.80169678
          ],
          [
            106.71283722,
            10.80169678
          ],
          [
            106.71283722,
            10.80169678
          ],
          [
            106.71283722,
            10.80158615
          ],
          [
            106.71229553,
            10.80159092
          ],
          [
            106.71192169,
            10.80169964
          ],
          [
            106.71166229,
            10.80185032
          ],
          [
            106.7115097,
            10.80206013
          ],
          [
            106.71140289,
            10.80236626
          ],
          [
            106.71141052,
            10.80284023
          ],
          [
            106.71043396,
            10.80292988
          ],
          [
            106.71044159,
            10.80299759
          ],
          [
            106.71044159,
            10.80299759
          ],
          [
            106.71044159,
            10.80299759
          ],
          [
            106.71044159,
            10.80299759
          ],
          [
            106.71044159,
            10.80293465
          ],
          [
            106.70922852,
            10.80302238
          ],
          [
            106.70802307,
            10.80310917
          ],
          [
            106.7080307,
            10.80317688
          ],
          [
            106.7080307,
            10.80317688
          ],
          [
            106.7080307,
            10.80317688
          ],
          [
            106.7080307,
            10.80310917
          ],
          [
            106.70703125,
            10.80318546
          ],
          [
            106.70602417,
            10.80326176
          ],
          [
            106.70501709,
            10.80333805
          ],
          [
            106.70401764,
            10.80341434
          ],
          [
            106.70401764,
            10.80348301
          ],
          [
            106.70401764,
            10.80348301
          ],
          [
            106.70401764,
            10.80348301
          ],
          [
            106.70401764,
            10.80348301
          ],
          [
            106.70402527,
            10.80340385
          ],
          [
            106.70278931,
            10.80359936
          ],
          [
            106.70159912,
            10.80389404
          ],
          [
            106.70122528,
            10.80379391
          ],
          [
            106.70118713,
            10.80387306
          ],
          [
            106.70118713,
            10.80387306
          ],
          [
            106.70118713,
            10.80387306
          ],
          [
            106.70118713,
            10.80387306
          ],
          [
            106.70121765,
            10.80381489
          ],
          [
            106.70030975,
            10.80344105
          ],
          [
            106.69939423,
            10.80306721
          ],
          [
            106.69937134,
            10.80312538
          ],
          [
            106.69937134,
            10.80312538
          ],
          [
            106.69937134,
            10.80312538
          ],
          [
            106.69937134,
            10.80312538
          ],
          [
            106.69937134,
            10.80312538
          ],
          [
            106.69937134,
            10.80312538
          ],
          [
            106.69940948,
            10.80305576
          ],
          [
            106.69857025,
            10.80270863
          ],
          [
            106.69801331,
            10.80248737
          ],
          [
            106.69689941,
            10.80260849
          ],
          [
            106.69577789,
            10.80275059
          ],
          [
            106.69578552,
            10.80281925
          ],
          [
            106.69578552,
            10.80281925
          ],
          [
            106.69578552,
            10.80281925
          ],
          [
            106.69578552,
            10.80281925
          ],
          [
            106.69578552,
            10.80281925
          ],
          [
            106.69578552,
            10.80281925
          ],
          [
            106.69579315,
            10.80272961
          ],
          [
            106.694664,
            10.80288219
          ],
          [
            106.69354248,
            10.80303478
          ],
          [
            106.69354248,
            10.80311871
          ],
          [
            106.69354248,
            10.80311871
          ],
          [
            106.69354248,
            10.80311871
          ],
          [
            106.69354248,
            10.80311871
          ],
          [
            106.69353485,
            10.80303478
          ],
          [
            106.69264221,
            10.80315399
          ],
          [
            106.69174194,
            10.80327225
          ],
          [
            106.69174194,
            10.80336189
          ],
          [
            106.69174194,
            10.80336189
          ],
          [
            106.69174194,
            10.80336189
          ],
          [
            106.69174194,
            10.80336189
          ],
          [
            106.69174194,
            10.80336189
          ],
          [
            106.69172668,
            10.80326176
          ],
          [
            106.69069672,
            10.80339146
          ],
          [
            106.68967438,
            10.8035202
          ],
          [
            106.68864441,
            10.80364895
          ],
          [
            106.68761444,
            10.80377769
          ],
          [
            106.68763733,
            10.80387783
          ],
          [
            106.68763733,
            10.80387783
          ],
          [
            106.68763733,
            10.80387783
          ],
          [
            106.68763733,
            10.80387783
          ],
          [
            106.6876297,
            10.80378342
          ],
          [
            106.68688202,
            10.80388641
          ],
          [
            106.68612671,
            10.80398846
          ],
          [
            106.68611908,
            10.8040781
          ],
          [
            106.68611908,
            10.8040781
          ],
          [
            106.68611908,
            10.8040781
          ],
          [
            106.68611145,
            10.80397797
          ],
          [
            106.68553162,
            10.80399418
          ],
          [
            106.685112,
            10.80384636
          ],
          [
            106.68470764,
            10.80344963
          ],
          [
            106.68418884,
            10.80295563
          ],
          [
            106.68366241,
            10.80246067
          ],
          [
            106.68360901,
            10.80252934
          ],
          [
            106.68360901,
            10.80252934
          ],
          [
            106.68360901,
            10.80252934
          ],
          [
            106.68360901,
            10.80252934
          ],
          [
            106.68367004,
            10.80246639
          ],
          [
            106.68282318,
            10.8016367
          ],
          [
            106.68195343,
            10.80080605
          ],
          [
            106.6818924,
            10.80088043
          ],
          [
            106.6818924,
            10.80088043
          ],
          [
            106.6818924,
            10.80088043
          ],
          [
            106.6818924,
            10.80088043
          ],
          [
            106.6818924,
            10.80088043
          ],
          [
            106.68195343,
            10.80080605
          ],
          [
            106.68131256,
            10.80018425
          ],
          [
            106.68083191,
            10.79972839
          ],
          [
            106.68034363,
            10.79927254
          ],
          [
            106.68000793,
            10.79918957
          ],
          [
            106.679245,
            10.7992363
          ],
          [
            106.67923737,
            10.79932499
          ],
          [
            106.67923737,
            10.79932499
          ],
          [
            106.67923737,
            10.79932499
          ],
          [
            106.67923737,
            10.79932499
          ],
          [
            106.67923737,
            10.79932499
          ],
          [
            106.67923737,
            10.79932499
          ],
          [
            106.67922211,
            10.79924679
          ],
          [
            106.67754364,
            10.79942036
          ],
          [
            106.6759491,
            10.79954147
          ],
          [
            106.67434692,
            10.79966259
          ],
          [
            106.67436218,
            10.79972076
          ],
          [
            106.67436218,
            10.79972076
          ],
          [
            106.67436218,
            10.79972076
          ],
          [
            106.67436218,
            10.79972076
          ],
          [
            106.67436218,
            10.79972076
          ],
          [
            106.67436218,
            10.79972076
          ],
          [
            106.67436218,
            10.79964733
          ],
          [
            106.67316437,
            10.79976559
          ],
          [
            106.67195892,
            10.7998724
          ],
          [
            106.67076111,
            10.79997921
          ],
          [
            106.66956329,
            10.80007362
          ],
          [
            106.66955566,
            10.80015278
          ],
          [
            106.66955566,
            10.80015278
          ],
          [
            106.66955566,
            10.80015278
          ],
          [
            106.66955566,
            10.80015278
          ],
          [
            106.66955566,
            10.80015278
          ],
          [
            106.66955566,
            10.80015278
          ],
          [
            106.66955566,
            10.80015278
          ],
          [
            106.66955566,
            10.80015278
          ],
          [
            106.66955566,
            10.80005836
          ],
          [
            106.6686554,
            10.8001318
          ],
          [
            106.6677475,
            10.80020523
          ],
          [
            106.66724396,
            10.80049515
          ],
          [
            106.66674042,
            10.80079556
          ],
          [
            106.66677856,
            10.80084801
          ],
          [
            106.66677856,
            10.80084801
          ],
          [
            106.66677856,
            10.80084801
          ],
          [
            106.66677856,
            10.80084801
          ],
          [
            106.66677856,
            10.80084801
          ],
          [
            106.66677856,
            10.80084801
          ],
          [
            106.66677856,
            10.80084801
          ],
          [
            106.66677856,
            10.80084801
          ],
          [
            106.66674805,
            10.80081177
          ],
          [
            106.66564941,
            10.80145168
          ],
          [
            106.66513062,
            10.80173874
          ],
          [
            106.66455078,
            10.8020916
          ],
          [
            106.66375732,
            10.80250263
          ],
          [
            106.66350555,
            10.80256081
          ],
          [
            106.66291046,
            10.80196285
          ],
          [
            106.66231537,
            10.8013649
          ],
          [
            106.66231537,
            10.8013649
          ],
          [
            106.66231537,
            10.8013649
          ],
          [
            106.66231537,
            10.8013649
          ],
          [
            106.66231537,
            10.8013649
          ],
          [
            106.66210175,
            10.80111217
          ],
          [
            106.66160583,
            10.80081654
          ],
          [
            106.66070557,
            10.8008585
          ],
          [
            106.65916443,
            10.80098534
          ],
          [
            106.65916443,
            10.80103779
          ],
          [
            106.65916443,
            10.80103779
          ],
          [
            106.65916443,
            10.80103779
          ],
          [
            106.65916443,
            10.80099106
          ],
          [
            106.65795898,
            10.80108833
          ],
          [
            106.65675354,
            10.80118561
          ],
          [
            106.65675354,
            10.80123806
          ],
          [
            106.65675354,
            10.80123806
          ],
          [
            106.65675354,
            10.80123806
          ],
          [
            106.65675354,
            10.80123806
          ],
          [
            106.65674591,
            10.80117989
          ],
          [
            106.65578461,
            10.80126476
          ],
          [
            106.65481567,
            10.80134869
          ],
          [
            106.65481567,
            10.80141163
          ],
          [
            106.65481567,
            10.80141163
          ],
          [
            106.65481567,
            10.80141163
          ],
          [
            106.65481567,
            10.80141163
          ],
          [
            106.65481567,
            10.80141163
          ],
          [
            106.65481567,
            10.80134869
          ],
          [
            106.65298462,
            10.80149651
          ],
          [
            106.65112305,
            10.80167007
          ],
          [
            106.65113068,
            10.80172825
          ],
          [
            106.65113068,
            10.80172825
          ],
          [
            106.65113068,
            10.80172825
          ],
          [
            106.65113068,
            10.80172825
          ],
          [
            106.65113068,
            10.80165958
          ],
          [
            106.65008545,
            10.80175495
          ],
          [
            106.64904022,
            10.80184937
          ],
          [
            106.647995,
            10.80194759
          ],
          [
            106.64694977,
            10.80204487
          ],
          [
            106.64694977,
            10.80210209
          ],
          [
            106.64694977,
            10.80210209
          ],
          [
            106.64694977,
            10.80210209
          ],
          [
            106.64694977,
            10.80210209
          ],
          [
            106.64694214,
            10.80203915
          ],
          [
            106.64572906,
            10.80213165
          ],
          [
            106.64451599,
            10.80222321
          ],
          [
            106.64450836,
            10.80227566
          ],
          [
            106.64450836,
            10.80227566
          ],
          [
            106.64450836,
            10.80227566
          ],
          [
            106.64450836,
            10.80227566
          ],
          [
            106.64450836,
            10.80227566
          ],
          [
            106.64451599,
            10.80222321
          ],
          [
            106.64363098,
            10.80229568
          ],
          [
            106.64273834,
            10.80236816
          ],
          [
            106.6418457,
            10.80244064
          ],
          [
            106.64095306,
            10.80251312
          ],
          [
            106.64096832,
            10.8025713
          ],
          [
            106.64096832,
            10.8025713
          ],
          [
            106.64096832,
            10.8025713
          ],
          [
            106.64096832,
            10.8025713
          ],
          [
            106.64096832,
            10.80249214
          ],
          [
            106.63981628,
            10.80259228
          ],
          [
            106.6390152,
            10.80281925
          ],
          [
            106.63853455,
            10.80309868
          ],
          [
            106.63800812,
            10.80362988
          ],
          [
            106.63800812,
            10.80362988
          ],
          [
            106.6375885,
            10.80430984
          ],
          [
            106.63712311,
            10.80496883
          ],
          [
            106.63668823,
            10.8056488
          ],
          [
            106.63615417,
            10.80628586
          ],
          [
            106.63619232,
            10.80631256
          ],
          [
            106.63619232,
            10.80631256
          ],
          [
            106.63619232,
            10.80631256
          ],
          [
            106.63619232,
            10.80631256
          ],
          [
            106.63619232,
            10.80631256
          ],
          [
            106.63614655,
            10.80628109
          ],
          [
            106.63527679,
            10.80707169
          ],
          [
            106.63488007,
            10.80753517
          ],
          [
            106.6346817,
            10.80786133
          ],
          [
            106.63454437,
            10.8082943
          ],
          [
            106.63463593,
            10.80831432
          ],
          [
            106.63463593,
            10.80831432
          ],
          [
            106.63463593,
            10.80831432
          ],
          [
            106.63453674,
            10.80828857
          ],
          [
            106.63423157,
            10.80925274
          ],
          [
            106.63395691,
            10.81023788
          ],
          [
            106.63365173,
            10.81122112
          ],
          [
            106.63334656,
            10.81220436
          ],
          [
            106.63334656,
            10.81220436
          ],
          [
            106.63334656,
            10.81220436
          ],
          [
            106.63334656,
            10.81220436
          ],
          [
            106.63284302,
            10.81374741
          ],
          [
            106.63240051,
            10.81526852
          ],
          [
            106.63193512,
            10.81680012
          ],
          [
            106.6314621,
            10.81833172
          ],
          [
            106.6314621,
            10.81833172
          ],
          [
            106.6314621,
            10.81833172
          ],
          [
            106.6314621,
            10.81833172
          ],
          [
            106.63121033,
            10.81916523
          ],
          [
            106.63095856,
            10.81999969
          ],
          [
            106.63070679,
            10.82083321
          ],
          [
            106.63045502,
            10.82166672
          ],
          [
            106.6301651,
            10.82242012
          ],
          [
            106.63025665,
            10.82245159
          ],
          [
            106.63025665,
            10.82245159
          ],
          [
            106.63025665,
            10.82245159
          ],
          [
            106.63025665,
            10.82245159
          ],
          [
            106.63014984,
            10.82243061
          ],
          [
            106.62980652,
            10.82309532
          ],
          [
            106.6292572,
            10.82365322
          ],
          [
            106.62804413,
            10.82470703
          ],
          [
            106.62689209,
            10.82580853
          ],
          [
            106.62576294,
            10.82689381
          ],
          [
            106.6258316,
            10.82695675
          ],
          [
            106.6258316,
            10.82695675
          ],
          [
            106.6258316,
            10.82695675
          ],
          [
            106.62575531,
            10.82691002
          ],
          [
            106.62539673,
            10.82731533
          ],
          [
            106.62508392,
            10.82772064
          ],
          [
            106.62480164,
            10.82815266
          ],
          [
            106.62451935,
            10.82858467
          ],
          [
            106.62459564,
            10.82862663
          ],
          [
            106.62459564,
            10.82862663
          ],
          [
            106.62448883,
            10.8285799
          ],
          [
            106.62399292,
            10.82936001
          ],
          [
            106.62349701,
            10.83013916
          ],
          [
            106.6230011,
            10.83090878
          ],
          [
            106.62250519,
            10.83167839
          ],
          [
            106.62201691,
            10.83244228
          ],
          [
            106.621521,
            10.83320618
          ],
          [
            106.62102509,
            10.83397007
          ],
          [
            106.62052917,
            10.83473396
          ],
          [
            106.6206131,
            10.83478069
          ],
          [
            106.6206131,
            10.83478069
          ],
          [
            106.62052155,
            10.83473873
          ],
          [
            106.61995697,
            10.83561897
          ],
          [
            106.61940002,
            10.83649921
          ],
          [
            106.61885071,
            10.83733177
          ],
          [
            106.61830139,
            10.8381691
          ],
          [
            106.61840057,
            10.83822155
          ],
          [
            106.61840057,
            10.83822155
          ],
          [
            106.61840057,
            10.83822155
          ],
          [
            106.61840057,
            10.83822155
          ],
          [
            106.61840057,
            10.83822155
          ],
          [
            106.61840057,
            10.83822155
          ],
          [
            106.61840057,
            10.83822155
          ],
          [
            106.61840057,
            10.83822155
          ],
          [
            106.61830902,
            10.83818531
          ],
          [
            106.61750793,
            10.83943081
          ],
          [
            106.61670685,
            10.84067726
          ],
          [
            106.61611938,
            10.84155941
          ],
          [
            106.61553955,
            10.84244156
          ],
          [
            106.61521149,
            10.84300613
          ],
          [
            106.61458588,
            10.84398365
          ],
          [
            106.61395264,
            10.84496021
          ],
          [
            106.6134491,
            10.84577656
          ],
          [
            106.61351776,
            10.84580326
          ],
          [
            106.61351776,
            10.84580326
          ],
          [
            106.61351776,
            10.84580326
          ],
          [
            106.61351776,
            10.84580326
          ],
          [
            106.61351776,
            10.84580326
          ],
          [
            106.61351776,
            10.84580326
          ],
          [
            106.61351776,
            10.84580326
          ],
          [
            106.61351776,
            10.84580326
          ],
          [
            106.61351776,
            10.84580326
          ],
          [
            106.61351776,
            10.84580326
          ],
          [
            106.61343384,
            10.8457613
          ],
          [
            106.61292267,
            10.84655094
          ],
          [
            106.61248016,
            10.8472681
          ],
          [
            106.61235809,
            10.84719372
          ],
          [
            106.61273193,
            10.84657288
          ],
          [
            106.61313629,
            10.84595203
          ],
          [
            106.61356354,
            10.84520817
          ],
          [
            106.61352539,
            10.84518719
          ],
          [
            106.61352539,
            10.84518719
          ],
          [
            106.61352539,
            10.84518719
          ],
          [
            106.61352539,
            10.84518719
          ],
          [
            106.61352539,
            10.84518719
          ],
          [
            106.61352539,
            10.84518719
          ],
          [
            106.61358643,
            10.84522343
          ],
          [
            106.61406708,
            10.84443855
          ],
          [
            106.61330414,
            10.84384346
          ],
          [
            106.6133728,
            10.8437376
          ]
        ]
      },
      "properties": {
        "feature_type": "route_path",
        "stt": 25,
        "route_id": 15,
        "route_no": "104",
        "display_code": "B 104",
        "route_name": "Bến xe An Sương - Bến xe buýt Văn Thánh",
        "direction": "Lượt về",
        "outbound": false,
        "start_point": "Bến xe An Sương",
        "end_point": "Bến xe buýt Văn Thánh",
        "start_stop": "Bến xe Văn Thánh",
        "end_stop": "Bến xe An Sương",
        "distance_km": 16.35,
        "listed_length_km": 16,
        "running_time_min": 45,
        "operating_hours": "4:30 - 22:00",
        "stroke": "#00BCD4",
        "stroke_width": 4,
        "stroke_opacity": 0.85
      }
    },
    {
      "type": "Feature",
      "geometry": {
        "type": "Point",
        "coordinates": [
          106.61337280273438,
          10.843737602233887
        ]
      },
      "properties": {
        "feature_type": "bus_stop",
        "stop_id": 166,
        "stop_code": "BX41",
        "stop_name": "Bến xe An Sương",
        "stop_type": "Bến xe",
        "route_no": "104",
        "display_code": "B 104",
        "direction": "Lượt đi",
        "address": "Bến xe An Sương Quốc lộ 22",
        "street": "Quốc lộ 22",
        "zone": "Quận 12",
        "ward": null,
        "all_routes": "04, 104, 122, 151, 27, 33, 41, 61-3, 62-5, 65, 71, 74, 85",
        "marker_color": "#00BCD4"
      }
    },
    {
      "type": "Feature",
      "geometry": {
        "type": "Point",
        "coordinates": [
          106.617347,
          10.838891
        ]
      },
      "properties": {
        "feature_type": "bus_stop",
        "stop_id": 167,
        "stop_code": "Q12 135",
        "stop_name": "Bitis",
        "stop_type": "Nhà chờ",
        "route_no": "104",
        "display_code": "B 104",
        "direction": "Lượt đi",
        "address": "487 Trường Chinh",
        "street": "Trường Chinh",
        "zone": "Quận 12",
        "ward": null,
        "all_routes": "04, 104, 13, 145, 27, 41, 65, 94",
        "marker_color": "#00BCD4"
      }
    },
    {
      "type": "Feature",
      "geometry": {
        "type": "Point",
        "coordinates": [
          106.620212,
          10.834497
        ]
      },
      "properties": {
        "feature_type": "bus_stop",
        "stop_id": 172,
        "stop_code": "Q12 136",
        "stop_name": "Chùa Lạc Quang",
        "stop_type": "Nhà chờ",
        "route_no": "104",
        "display_code": "B 104",
        "direction": "Lượt đi",
        "address": "257 Trường Chinh",
        "street": "Trường Chinh",
        "zone": "Quận 12",
        "ward": null,
        "all_routes": "04, 104, 13, 145, 27, 41, 65, 94",
        "marker_color": "#00BCD4"
      }
    },
    {
      "type": "Feature",
      "geometry": {
        "type": "Point",
        "coordinates": [
          106.621794,
          10.83202
        ]
      },
      "properties": {
        "feature_type": "bus_stop",
        "stop_id": 168,
        "stop_code": "Q12 137",
        "stop_name": "Chùa Vĩnh Phước",
        "stop_type": "Nhà chờ",
        "route_no": "104",
        "display_code": "B 104",
        "direction": "Lượt đi",
        "address": "Chùa Vĩnh Phước Trường Chinh",
        "street": "Trường Chinh",
        "zone": "Quận 12",
        "ward": null,
        "all_routes": "04, 104, 13, 145, 27, 41, 65, 94",
        "marker_color": "#00BCD4"
      }
    },
    {
      "type": "Feature",
      "geometry": {
        "type": "Point",
        "coordinates": [
          106.62586,
          10.82624
        ]
      },
      "properties": {
        "feature_type": "bus_stop",
        "stop_id": 169,
        "stop_code": "Q12 139",
        "stop_name": "Cầu Tham Lương - Siêu thị Thiên Hòa",
        "stop_type": "Nhà chờ",
        "route_no": "104",
        "display_code": "B 104",
        "direction": "Lượt đi",
        "address": "21 (Kế 2/6B) Trường Chinh",
        "street": "Trường Chinh",
        "zone": "Quận 12",
        "ward": null,
        "all_routes": "04, 104, 13, 145, 23, 27, 41, 62, 65, 94",
        "marker_color": "#00BCD4"
      }
    },
    {
      "type": "Feature",
      "geometry": {
        "type": "Point",
        "coordinates": [
          106.629825,
          10.822315
        ]
      },
      "properties": {
        "feature_type": "bus_stop",
        "stop_id": 174,
        "stop_code": "QTP 010",
        "stop_name": "Trạm Dệt Thành Công",
        "stop_type": "Nhà chờ",
        "route_no": "104",
        "display_code": "B 104",
        "direction": "Lượt đi",
        "address": "8 Trường Chinh",
        "street": "Trường Chinh",
        "zone": "Quận Tân Phú",
        "ward": "Phường Tây Thạnh",
        "all_routes": "04, 104, 13, 145, 23, 27, 32, 41, 62, 65, 94",
        "marker_color": "#00BCD4"
      }
    },
    {
      "type": "Feature",
      "geometry": {
        "type": "Point",
        "coordinates": [
          106.630615,
          10.819386
        ]
      },
      "properties": {
        "feature_type": "bus_stop",
        "stop_id": 173,
        "stop_code": "QTP 011",
        "stop_name": "Trạm KCN Tân Bình",
        "stop_type": "Nhà chờ",
        "route_no": "104",
        "display_code": "B 104",
        "direction": "Lượt đi",
        "address": "881 Trường Chinh",
        "street": "Trường Chinh",
        "zone": "Quận Tân Phú",
        "ward": "Phường Tây Thạnh",
        "all_routes": "04, 104, 13, 145, 23, 27, 28, 62, 65, 94",
        "marker_color": "#00BCD4"
      }
    },
    {
      "type": "Feature",
      "geometry": {
        "type": "Point",
        "coordinates": [
          106.632377,
          10.814455
        ]
      },
      "properties": {
        "feature_type": "bus_stop",
        "stop_id": 176,
        "stop_code": "QTP 012",
        "stop_name": "Ngã 3 Chế Lan Viên",
        "stop_type": "Nhà chờ",
        "route_no": "104",
        "display_code": "B 104",
        "direction": "Lượt đi",
        "address": "831 (trước showroom o tô) Trường Chinh",
        "street": "Trường Chinh",
        "zone": "Quận Tân Phú",
        "ward": "Phường Tây Thạnh",
        "all_routes": "04, 104, 13, 145, 23, 27, 28, 62, 65, 94",
        "marker_color": "#00BCD4"
      }
    },
    {
      "type": "Feature",
      "geometry": {
        "type": "Point",
        "coordinates": [
          106.634019,
          10.808689
        ]
      },
      "properties": {
        "feature_type": "bus_stop",
        "stop_id": 177,
        "stop_code": "QTP 014",
        "stop_name": "Trạm Đài Liệt Sỹ",
        "stop_type": "Nhà chờ",
        "route_no": "104",
        "display_code": "B 104",
        "direction": "Lượt đi",
        "address": "1/3 Trường Chinh",
        "street": "Trường Chinh",
        "zone": "Quận Tân Phú",
        "ward": "Phường Tây Thạnh",
        "all_routes": "04, 104, 13, 145, 16, 23, 27, 28, 48, 62, 63-1, 65, 94",
        "marker_color": "#00BCD4"
      }
    },
    {
      "type": "Feature",
      "geometry": {
        "type": "Point",
        "coordinates": [
          106.636055,
          10.806144
        ]
      },
      "properties": {
        "feature_type": "bus_stop",
        "stop_id": 178,
        "stop_code": "QTB 118",
        "stop_name": "Thượng Uyển",
        "stop_type": "Nhà chờ",
        "route_no": "104",
        "display_code": "B 104",
        "direction": "Lượt đi",
        "address": "680 (Thượng Uyển) Cộng Hòa",
        "street": "Cộng Hòa",
        "zone": "Quận Tân Bình",
        "ward": null,
        "all_routes": "04, 104, 145, 28, 63-1",
        "marker_color": "#00BCD4"
      }
    },
    {
      "type": "Feature",
      "geometry": {
        "type": "Point",
        "coordinates": [
          106.637887,
          10.803541
        ]
      },
      "properties": {
        "feature_type": "bus_stop",
        "stop_id": 180,
        "stop_code": "QTB 119",
        "stop_name": "Ngã tư Tân Kỳ Tân Quý",
        "stop_type": "Trụ dừng",
        "route_no": "104",
        "display_code": "B 104",
        "direction": "Lượt đi",
        "address": "401 Cộng Hòa",
        "street": "Cộng Hòa",
        "zone": "Quận Tân Bình",
        "ward": null,
        "all_routes": "04, 104, 145, 28, 63-1",
        "marker_color": "#00BCD4"
      }
    },
    {
      "type": "Feature",
      "geometry": {
        "type": "Point",
        "coordinates": [
          106.640253,
          10.802371
        ]
      },
      "properties": {
        "feature_type": "bus_stop",
        "stop_id": 181,
        "stop_code": "QTB 120",
        "stop_name": "ETown",
        "stop_type": "Nhà chờ",
        "route_no": "104",
        "display_code": "B 104",
        "direction": "Lượt đi",
        "address": "ETown Cộng Hòa",
        "street": "Cộng Hòa",
        "zone": "Quận Tân Bình",
        "ward": null,
        "all_routes": "04, 104, 145, 28, 63-1",
        "marker_color": "#00BCD4"
      }
    },
    {
      "type": "Feature",
      "geometry": {
        "type": "Point",
        "coordinates": [
          106.644292,
          10.802055
        ]
      },
      "properties": {
        "feature_type": "bus_stop",
        "stop_id": 179,
        "stop_code": "QTB 121",
        "stop_name": "Ngã ba Bình Giã",
        "stop_type": "Trụ dừng",
        "route_no": "104",
        "display_code": "B 104",
        "direction": "Lượt đi",
        "address": "303 Cộng Hòa",
        "street": "Cộng Hòa",
        "zone": "Quận Tân Bình",
        "ward": null,
        "all_routes": "04, 104, 145, 28, 63-1",
        "marker_color": "#00BCD4"
      }
    },
    {
      "type": "Feature",
      "geometry": {
        "type": "Point",
        "coordinates": [
          106.650413,
          10.801544
        ]
      },
      "properties": {
        "feature_type": "bus_stop",
        "stop_id": 183,
        "stop_code": "QTB 122",
        "stop_name": "Công ty Lô Hội",
        "stop_type": "Nhà chờ",
        "route_no": "104",
        "display_code": "B 104",
        "direction": "Lượt đi",
        "address": "19A (Công ty Lô Hội) Cộng Hòa",
        "street": "Cộng Hòa",
        "zone": "Quận Tân Bình",
        "ward": null,
        "all_routes": "04, 104, 109, 145, 28, 63-1",
        "marker_color": "#00BCD4"
      }
    },
    {
      "type": "Feature",
      "geometry": {
        "type": "Point",
        "coordinates": [
          106.653637,
          10.801254
        ]
      },
      "properties": {
        "feature_type": "bus_stop",
        "stop_id": 182,
        "stop_code": "QTB 123",
        "stop_name": "Pico Plaza",
        "stop_type": "Nhà chờ",
        "route_no": "104",
        "display_code": "B 104",
        "direction": "Lượt đi",
        "address": "20Bis Cộng Hòa",
        "street": "Cộng Hòa",
        "zone": "Quận Tân Bình",
        "ward": null,
        "all_routes": "04, 104, 109, 145, 28, 63-1",
        "marker_color": "#00BCD4"
      }
    },
    {
      "type": "Feature",
      "geometry": {
        "type": "Point",
        "coordinates": [
          106.656679,
          10.800985
        ]
      },
      "properties": {
        "feature_type": "bus_stop",
        "stop_id": 185,
        "stop_code": "QTB 124",
        "stop_name": "Ngã ba Út tịch",
        "stop_type": "Trụ dừng",
        "route_no": "104",
        "display_code": "B 104",
        "direction": "Lượt đi",
        "address": "35-37 Cộng Hòa",
        "street": "Cộng Hòa",
        "zone": "Quận Tân Bình",
        "ward": null,
        "all_routes": "04, 104, 109, 145, 28, 63-1",
        "marker_color": "#00BCD4"
      }
    },
    {
      "type": "Feature",
      "geometry": {
        "type": "Point",
        "coordinates": [
          106.658819,
          10.800833
        ]
      },
      "properties": {
        "feature_type": "bus_stop",
        "stop_id": 184,
        "stop_code": "QTB 125",
        "stop_name": "Siêu thị Maximart Cộng Hòa",
        "stop_type": "Nhà chờ",
        "route_no": "104",
        "display_code": "B 104",
        "direction": "Lượt đi",
        "address": "Đối diện 58 (Siêu thị Maximart) Cộng Hòa",
        "street": "Cộng Hòa",
        "zone": "Quận Tân Bình",
        "ward": null,
        "all_routes": "04, 104, 109, 145, 28, 63-1",
        "marker_color": "#00BCD4"
      }
    },
    {
      "type": "Feature",
      "geometry": {
        "type": "Point",
        "coordinates": [
          106.666372,
          10.800237
        ]
      },
      "properties": {
        "feature_type": "bus_stop",
        "stop_id": 186,
        "stop_code": "QTB 037",
        "stop_name": "Bảo Tàng Miền Đông",
        "stop_type": "Nhà chờ",
        "route_no": "104",
        "display_code": "B 104",
        "direction": "Lượt đi",
        "address": "247 Hoàng Văn Thụ",
        "street": "Hoàng Văn Thụ",
        "zone": "Quận Tân Bình",
        "ward": null,
        "all_routes": "04, 08, 104, 109, 152, 63-1, 64, 72-2B",
        "marker_color": "#00BCD4"
      }
    },
    {
      "type": "Feature",
      "geometry": {
        "type": "Point",
        "coordinates": [
          106.669462,
          10.799942
        ]
      },
      "properties": {
        "feature_type": "bus_stop",
        "stop_id": 511,
        "stop_code": "QPN 006",
        "stop_name": "Siêu Thị Big C",
        "stop_type": "Trụ dừng",
        "route_no": "104",
        "display_code": "B 104",
        "direction": "Lượt đi",
        "address": "241 Hoàng Văn Thụ",
        "street": "Hoàng Văn Thụ",
        "zone": "Quận Phú Nhuận",
        "ward": null,
        "all_routes": "08, 104, 64",
        "marker_color": "#00BCD4"
      }
    },
    {
      "type": "Feature",
      "geometry": {
        "type": "Point",
        "coordinates": [
          106.670873,
          10.799805
        ]
      },
      "properties": {
        "feature_type": "bus_stop",
        "stop_id": 556,
        "stop_code": "QPN 007",
        "stop_name": "Khách Sạn Tân Sơn Nhất",
        "stop_type": "Trụ dừng",
        "route_no": "104",
        "display_code": "B 104",
        "direction": "Lượt đi",
        "address": "217 Hoàng Văn Thụ",
        "street": "Hoàng Văn Thụ",
        "zone": "Quận Phú Nhuận",
        "ward": null,
        "all_routes": "08, 104, 64",
        "marker_color": "#00BCD4"
      }
    },
    {
      "type": "Feature",
      "geometry": {
        "type": "Point",
        "coordinates": [
          106.673818,
          10.799542
        ]
      },
      "properties": {
        "feature_type": "bus_stop",
        "stop_id": 512,
        "stop_code": "QPN 008",
        "stop_name": "Công an Phú Nhuận",
        "stop_type": "Trụ dừng",
        "route_no": "104",
        "display_code": "B 104",
        "direction": "Lượt đi",
        "address": "189 Hoàng Văn Thụ",
        "street": "Hoàng Văn Thụ",
        "zone": "Quận Phú Nhuận",
        "ward": null,
        "all_routes": "08, 104, 64",
        "marker_color": "#00BCD4"
      }
    },
    {
      "type": "Feature",
      "geometry": {
        "type": "Point",
        "coordinates": [
          106.679354,
          10.799088
        ]
      },
      "properties": {
        "feature_type": "bus_stop",
        "stop_id": 232,
        "stop_code": "QPN 009",
        "stop_name": "Ngã tư Phú Nhuận",
        "stop_type": "Trụ dừng",
        "route_no": "104",
        "display_code": "B 104",
        "direction": "Lượt đi",
        "address": "59 Hoàng Văn Thụ",
        "street": "Hoàng Văn Thụ",
        "zone": "Quận Phú Nhuận",
        "ward": null,
        "all_routes": "03, 08, 104, 55, 64",
        "marker_color": "#00BCD4"
      }
    },
    {
      "type": "Feature",
      "geometry": {
        "type": "Point",
        "coordinates": [
          106.681741,
          10.800416
        ]
      },
      "properties": {
        "feature_type": "bus_stop",
        "stop_id": 558,
        "stop_code": "QPN 015 ",
        "stop_name": "Ngã tư Phan Xích Long",
        "stop_type": "Trụ dừng",
        "route_no": "104",
        "display_code": "B 104",
        "direction": "Lượt đi",
        "address": "171 Phan Đăng Lưu",
        "street": "Phan Đăng Lưu",
        "zone": "Quận Phú Nhuận",
        "ward": null,
        "all_routes": "08, 104, 55, 64",
        "marker_color": "#00BCD4"
      }
    },
    {
      "type": "Feature",
      "geometry": {
        "type": "Point",
        "coordinates": [
          106.684075,
          10.802682
        ]
      },
      "properties": {
        "feature_type": "bus_stop",
        "stop_id": 513,
        "stop_code": "QPN 016",
        "stop_name": "Ngã Tư Thích Quảng Đức",
        "stop_type": "Trụ dừng",
        "route_no": "104",
        "display_code": "B 104",
        "direction": "Lượt đi",
        "address": "137-139B Phan Đăng Lưu",
        "street": "Phan Đăng Lưu",
        "zone": "Quận Phú Nhuận",
        "ward": null,
        "all_routes": "08, 104, 55, 64",
        "marker_color": "#00BCD4"
      }
    },
    {
      "type": "Feature",
      "geometry": {
        "type": "Point",
        "coordinates": [
          106.686108,
          10.803847
        ]
      },
      "properties": {
        "feature_type": "bus_stop",
        "stop_id": 514,
        "stop_code": "QPN 017",
        "stop_name": "Trường Đại học Văn Hiến",
        "stop_type": "Trụ dừng",
        "route_no": "104",
        "display_code": "B 104",
        "direction": "Lượt đi",
        "address": "109 Phan Đăng Lưu",
        "street": "Phan Đăng Lưu",
        "zone": "Quận Phú Nhuận",
        "ward": null,
        "all_routes": "08, 104, 55, 64",
        "marker_color": "#00BCD4"
      }
    },
    {
      "type": "Feature",
      "geometry": {
        "type": "Point",
        "coordinates": [
          106.687916,
          10.803615
        ]
      },
      "properties": {
        "feature_type": "bus_stop",
        "stop_id": 515,
        "stop_code": "QPN 018",
        "stop_name": "Bệnh Viện Phước An",
        "stop_type": "Trụ dừng",
        "route_no": "104",
        "display_code": "B 104",
        "direction": "Lượt đi",
        "address": "81 - 83 Phan Đăng Lưu",
        "street": "Phan Đăng Lưu",
        "zone": "Quận Phú Nhuận",
        "ward": null,
        "all_routes": "08, 104, 55, 64",
        "marker_color": "#00BCD4"
      }
    },
    {
      "type": "Feature",
      "geometry": {
        "type": "Point",
        "coordinates": [
          106.690384,
          10.803251
        ]
      },
      "properties": {
        "feature_type": "bus_stop",
        "stop_id": 7262,
        "stop_code": "QPN 060",
        "stop_name": "Công viên Văn hóa Phú Nhuận",
        "stop_type": "Nhà chờ",
        "route_no": "104",
        "display_code": "B 104",
        "direction": "Lượt đi",
        "address": "47 Phan Đăng Lưu",
        "street": "Phan Đăng Lưu",
        "zone": "Quận Phú Nhuận",
        "ward": "Phường 07",
        "all_routes": "08, 104, 55, 64",
        "marker_color": "#00BCD4"
      }
    },
    {
      "type": "Feature",
      "geometry": {
        "type": "Point",
        "coordinates": [
          106.695153,
          10.802666
        ]
      },
      "properties": {
        "feature_type": "bus_stop",
        "stop_id": 422,
        "stop_code": "QBTHT056",
        "stop_name": "UBND Quận Bình Thạnh",
        "stop_type": "Trụ dừng",
        "route_no": "104",
        "display_code": "B 104",
        "direction": "Lượt đi",
        "address": "3 Phan Đăng Lưu",
        "street": "Phan Đăng Lưu",
        "zone": "Quận Bình Thạnh",
        "ward": null,
        "all_routes": "08, 104, 55",
        "marker_color": "#00BCD4"
      }
    },
    {
      "type": "Feature",
      "geometry": {
        "type": "Point",
        "coordinates": [
          106.697159,
          10.802408
        ]
      },
      "properties": {
        "feature_type": "bus_stop",
        "stop_id": 517,
        "stop_code": "QBTH 114",
        "stop_name": "Lăng Ông Bà Chiểu",
        "stop_type": "Nhà chờ",
        "route_no": "104",
        "display_code": "B 104",
        "direction": "Lượt đi",
        "address": "1 Phan Đăng Lưu",
        "street": "Phan Đăng Lưu",
        "zone": "Quận Bình Thạnh",
        "ward": null,
        "all_routes": "08, 104, 55",
        "marker_color": "#00BCD4"
      }
    },
    {
      "type": "Feature",
      "geometry": {
        "type": "Point",
        "coordinates": [
          106.699471,
          10.802893
        ]
      },
      "properties": {
        "feature_type": "bus_stop",
        "stop_id": 518,
        "stop_code": "QBTH 006",
        "stop_name": "Chợ Bà Chiểu",
        "stop_type": "Trụ dừng",
        "route_no": "104",
        "display_code": "B 104",
        "direction": "Lượt đi",
        "address": "473C Bạch Đằng",
        "street": "Bạch Đằng",
        "zone": "Quận Bình Thạnh",
        "ward": null,
        "all_routes": "08, 104, 146, 24, 55, 91",
        "marker_color": "#00BCD4"
      }
    },
    {
      "type": "Feature",
      "geometry": {
        "type": "Point",
        "coordinates": [
          106.701204,
          10.803615
        ]
      },
      "properties": {
        "feature_type": "bus_stop",
        "stop_id": 519,
        "stop_code": "QBTH 007",
        "stop_name": "Tòa Án nhân dân Quận Bình Thạnh",
        "stop_type": "Trụ dừng",
        "route_no": "104",
        "display_code": "B 104",
        "direction": "Lượt đi",
        "address": "449 Bạch Đằng",
        "street": "Bạch Đằng",
        "zone": "Quận Bình Thạnh",
        "ward": null,
        "all_routes": "08, 104, 146, 24, 55, 91",
        "marker_color": "#00BCD4"
      }
    },
    {
      "type": "Feature",
      "geometry": {
        "type": "Point",
        "coordinates": [
          106.703988,
          10.803293
        ]
      },
      "properties": {
        "feature_type": "bus_stop",
        "stop_id": 520,
        "stop_code": "QBTH 008",
        "stop_name": "Chùa Bồ Đề",
        "stop_type": "Trụ dừng",
        "route_no": "104",
        "display_code": "B 104",
        "direction": "Lượt đi",
        "address": "375 Bạch Đằng",
        "street": "Bạch Đằng",
        "zone": "Quận Bình Thạnh",
        "ward": null,
        "all_routes": "08, 104, 146, 24, 55, 91",
        "marker_color": "#00BCD4"
      }
    },
    {
      "type": "Feature",
      "geometry": {
        "type": "Point",
        "coordinates": [
          106.706713,
          10.803077
        ]
      },
      "properties": {
        "feature_type": "bus_stop",
        "stop_id": 521,
        "stop_code": "QBTH 009",
        "stop_name": "Nhà thờ Hàng Xanh",
        "stop_type": "Trụ dừng",
        "route_no": "104",
        "display_code": "B 104",
        "direction": "Lượt đi",
        "address": "235 Bạch Đằng",
        "street": "Bạch Đằng",
        "zone": "Quận Bình Thạnh",
        "ward": null,
        "all_routes": "08, 104, 146, 24, 55, 91",
        "marker_color": "#00BCD4"
      }
    },
    {
      "type": "Feature",
      "geometry": {
        "type": "Point",
        "coordinates": [
          106.710511,
          10.802793
        ]
      },
      "properties": {
        "feature_type": "bus_stop",
        "stop_id": 366,
        "stop_code": "QBTH 010",
        "stop_name": "Chợ Hàng Xanh",
        "stop_type": "Trụ dừng",
        "route_no": "104",
        "display_code": "B 104",
        "direction": "Lượt đi",
        "address": "39 Bạch Đằng",
        "street": "Bạch Đằng",
        "zone": "Quận Bình Thạnh",
        "ward": null,
        "all_routes": "05, 08, 104, 146, 161, 24, 55, 60-3, 67, 91",
        "marker_color": "#00BCD4"
      }
    },
    {
      "type": "Feature",
      "geometry": {
        "type": "Point",
        "coordinates": [
          106.714255,
          10.800827
        ]
      },
      "properties": {
        "feature_type": "bus_stop",
        "stop_id": 476,
        "stop_code": "QBTH 059",
        "stop_name": "Đại học Hutech",
        "stop_type": "Ô sơn",
        "route_no": "104",
        "display_code": "B 104",
        "direction": "Lượt đi",
        "address": "510-512 Điện Biên Phủ",
        "street": "Điện Biên Phủ",
        "zone": "Quận Bình Thạnh",
        "ward": null,
        "all_routes": "06, 10, 104, 150, 157, 159, 161, 30, 43, 52, 55, 60-3, 67, 72-1",
        "marker_color": "#00BCD4"
      }
    },
    {
      "type": "Feature",
      "geometry": {
        "type": "Point",
        "coordinates": [
          106.717404,
          10.799531
        ]
      },
      "properties": {
        "feature_type": "bus_stop",
        "stop_id": 473,
        "stop_code": "QBTH 058",
        "stop_name": "Khu Du lịch Văn Thánh",
        "stop_type": "Nhà chờ",
        "route_no": "104",
        "display_code": "B 104",
        "direction": "Lượt đi",
        "address": "600 Điện Biên Phủ",
        "street": "Điện Biên Phủ",
        "zone": "Quận Bình Thạnh",
        "ward": null,
        "all_routes": "06, 10, 104, 150, 157, 159, 161, 30, 43, 52, 55, 60-3, 67",
        "marker_color": "#00BCD4"
      }
    },
    {
      "type": "Feature",
      "geometry": {
        "type": "Point",
        "coordinates": [
          106.719496,
          10.798525
        ]
      },
      "properties": {
        "feature_type": "bus_stop",
        "stop_id": 475,
        "stop_code": "QBTH 057",
        "stop_name": "Cầu Sài Gòn",
        "stop_type": "Trụ dừng",
        "route_no": "104",
        "display_code": "B 104",
        "direction": "Lượt đi",
        "address": "658 Điện Biên Phủ",
        "street": "Điện Biên Phủ",
        "zone": "Quận Bình Thạnh",
        "ward": null,
        "all_routes": "06, 10, 104, 150, 157, 159, 160, 161, 30, 43, 52, 55, 60-3, 67",
        "marker_color": "#00BCD4"
      }
    },
    {
      "type": "Feature",
      "geometry": {
        "type": "Point",
        "coordinates": [
          106.722217,
          10.799053
        ]
      },
      "properties": {
        "feature_type": "bus_stop",
        "stop_id": 8082,
        "stop_code": "QBTH 176",
        "stop_name": "Công viên Cầu Sài Gòn",
        "stop_type": "Trụ dừng",
        "route_no": "104",
        "display_code": "B 104",
        "direction": "Lượt đi",
        "address": "Phía trước 681 Điện Biên Phủ Nguyễn Hữu Cảnh",
        "street": "Nguyễn Hữu Cảnh",
        "zone": "Quận Bình Thạnh",
        "ward": "Phường 25",
        "all_routes": "104, 158, 159, 160, 161, 30, 55",
        "marker_color": "#00BCD4"
      }
    },
    {
      "type": "Feature",
      "geometry": {
        "type": "Point",
        "coordinates": [
          106.719571,
          10.798893
        ]
      },
      "properties": {
        "feature_type": "bus_stop",
        "stop_id": 419,
        "stop_code": "QBTH 056",
        "stop_name": "Cầu Sài Gòn",
        "stop_type": "Trụ dừng",
        "route_no": "104",
        "display_code": "B 104",
        "direction": "Lượt đi",
        "address": "24(597) Điện Biên Phủ",
        "street": "Điện Biên Phủ",
        "zone": "Quận Bình Thạnh",
        "ward": null,
        "all_routes": "06, 10, 104, 150, 157, 158, 159, 160, 161, 30, 43, 52, 55, 60-3, 67",
        "marker_color": "#00BCD4"
      }
    },
    {
      "type": "Feature",
      "geometry": {
        "type": "Point",
        "coordinates": [
          106.717501,
          10.801317
        ]
      },
      "properties": {
        "feature_type": "bus_stop",
        "stop_id": 6940,
        "stop_code": "QHBT_2",
        "stop_name": "Bến xe Văn Thánh",
        "stop_type": "Bến Bãi QH 568",
        "route_no": "104",
        "display_code": "B 104",
        "direction": "Lượt đi",
        "address": "BX Văn Thánh Điện Biên Phủ",
        "street": "Điện Biên Phủ",
        "zone": "Quận Bình Thạnh",
        "ward": "Phường 01",
        "all_routes": "104, 157, 158, 161, 30, 55",
        "marker_color": "#00BCD4"
      }
    },
    {
      "type": "Feature",
      "geometry": {
        "type": "Point",
        "coordinates": [
          106.717227,
          10.800274
        ]
      },
      "properties": {
        "feature_type": "bus_stop",
        "stop_id": 420,
        "stop_code": "QBTH 055",
        "stop_name": "Khu Du lịch Văn Thánh",
        "stop_type": "Nhà chờ",
        "route_no": "104",
        "display_code": "B 104",
        "direction": "Lượt về",
        "address": "152/72c(559) Điện Biên Phủ",
        "street": "Điện Biên Phủ",
        "zone": "Quận Bình Thạnh",
        "ward": null,
        "all_routes": "06, 10, 104, 150, 157, 158, 159, 161, 30, 43, 44, 52, 55, 60-3, 67",
        "marker_color": "#00BCD4"
      }
    },
    {
      "type": "Feature",
      "geometry": {
        "type": "Point",
        "coordinates": [
          106.714856,
          10.801228
        ]
      },
      "properties": {
        "feature_type": "bus_stop",
        "stop_id": 421,
        "stop_code": "QBTH 054",
        "stop_name": "Đại học Hutech",
        "stop_type": "Nhà chờ",
        "route_no": "104",
        "display_code": "B 104",
        "direction": "Lượt về",
        "address": "483 Điện Biên Phủ",
        "street": "Điện Biên Phủ",
        "zone": "Quận Bình Thạnh",
        "ward": null,
        "all_routes": "06, 10, 104, 14, 150, 157, 159, 161, 19, 30, 43, 44, 45, 52, 55, 60-3, 67, 72-1",
        "marker_color": "#00BCD4"
      }
    },
    {
      "type": "Feature",
      "geometry": {
        "type": "Point",
        "coordinates": [
          106.712834,
          10.801697
        ]
      },
      "properties": {
        "feature_type": "bus_stop",
        "stop_id": 423,
        "stop_code": "QBTH 053",
        "stop_name": "Cây xăng dầu",
        "stop_type": "Trụ dừng",
        "route_no": "104",
        "display_code": "B 104",
        "direction": "Lượt về",
        "address": "419 Điện Biên Phủ",
        "street": "Điện Biên Phủ",
        "zone": "Quận Bình Thạnh",
        "ward": null,
        "all_routes": "06, 10, 104, 14, 150, 157, 159, 161, 19, 30, 43, 44, 45, 52, 55, 67",
        "marker_color": "#00BCD4"
      }
    },
    {
      "type": "Feature",
      "geometry": {
        "type": "Point",
        "coordinates": [
          106.710441,
          10.802998
        ]
      },
      "properties": {
        "feature_type": "bus_stop",
        "stop_id": 1114,
        "stop_code": "QBTH 001",
        "stop_name": "Chợ Hàng Xanh",
        "stop_type": "Trụ dừng",
        "route_no": "104",
        "display_code": "B 104",
        "direction": "Lượt về",
        "address": "18 Bạch Đằng",
        "street": "Bạch Đằng",
        "zone": "Quận Bình Thạnh",
        "ward": null,
        "all_routes": "104, 55",
        "marker_color": "#00BCD4"
      }
    },
    {
      "type": "Feature",
      "geometry": {
        "type": "Point",
        "coordinates": [
          106.708032,
          10.803177
        ]
      },
      "properties": {
        "feature_type": "bus_stop",
        "stop_id": 588,
        "stop_code": "QBTH 002",
        "stop_name": "Nhà thờ Hàng Xanh",
        "stop_type": "Trụ dừng",
        "route_no": "104",
        "display_code": "B 104",
        "direction": "Lượt về",
        "address": "96 Bạch Đằng",
        "street": "Bạch Đằng",
        "zone": "Quận Bình Thạnh",
        "ward": null,
        "all_routes": "08, 104, 146, 24, 55, 91",
        "marker_color": "#00BCD4"
      }
    },
    {
      "type": "Feature",
      "geometry": {
        "type": "Point",
        "coordinates": [
          106.704015,
          10.803483
        ]
      },
      "properties": {
        "feature_type": "bus_stop",
        "stop_id": 589,
        "stop_code": "QBTH 003",
        "stop_name": "Chùa Bồ Đề",
        "stop_type": "Trụ dừng",
        "route_no": "104",
        "display_code": "B 104",
        "direction": "Lượt về",
        "address": "246 Bạch Đằng",
        "street": "Bạch Đằng",
        "zone": "Quận Bình Thạnh",
        "ward": null,
        "all_routes": "08, 104, 146, 24, 55, 91",
        "marker_color": "#00BCD4"
      }
    },
    {
      "type": "Feature",
      "geometry": {
        "type": "Point",
        "coordinates": [
          106.701187,
          10.803873
        ]
      },
      "properties": {
        "feature_type": "bus_stop",
        "stop_id": 590,
        "stop_code": "QBTH 004",
        "stop_name": "Tòa Án nhân dân Quận Bình Thạnh",
        "stop_type": "Trụ dừng",
        "route_no": "104",
        "display_code": "B 104",
        "direction": "Lượt về",
        "address": "288 Bạch Đằng",
        "street": "Bạch Đằng",
        "zone": "Quận Bình Thạnh",
        "ward": null,
        "all_routes": "08, 104, 146, 24, 55, 91",
        "marker_color": "#00BCD4"
      }
    },
    {
      "type": "Feature",
      "geometry": {
        "type": "Point",
        "coordinates": [
          106.699374,
          10.803125
        ]
      },
      "properties": {
        "feature_type": "bus_stop",
        "stop_id": 592,
        "stop_code": "QBTH 005",
        "stop_name": "Chợ Bà Chiểu",
        "stop_type": "Trụ dừng",
        "route_no": "104",
        "display_code": "B 104",
        "direction": "Lượt về",
        "address": "368 Bạch Đằng",
        "street": "Bạch Đằng",
        "zone": "Quận Bình Thạnh",
        "ward": null,
        "all_routes": "08, 104, 146, 24, 55, 91",
        "marker_color": "#00BCD4"
      }
    },
    {
      "type": "Feature",
      "geometry": {
        "type": "Point",
        "coordinates": [
          106.695786,
          10.802819
        ]
      },
      "properties": {
        "feature_type": "bus_stop",
        "stop_id": 591,
        "stop_code": "QBTH 115",
        "stop_name": "UBND Quận Bình Thạnh",
        "stop_type": "Trụ dừng",
        "route_no": "104",
        "display_code": "B 104",
        "direction": "Lượt về",
        "address": "6-8 Phan Đăng Lưu",
        "street": "Phan Đăng Lưu",
        "zone": "Quận Bình Thạnh",
        "ward": "Phường 14",
        "all_routes": "08, 104, 18, 31, 36, 55, 91",
        "marker_color": "#00BCD4"
      }
    },
    {
      "type": "Feature",
      "geometry": {
        "type": "Point",
        "coordinates": [
          106.693543,
          10.803119
        ]
      },
      "properties": {
        "feature_type": "bus_stop",
        "stop_id": 594,
        "stop_code": "QBTH 116",
        "stop_name": "Bệnh Viện Gia Định",
        "stop_type": "Nhà chờ",
        "route_no": "104",
        "display_code": "B 104",
        "direction": "Lượt về",
        "address": "10 Phan Đăng Lưu",
        "street": "Phan Đăng Lưu",
        "zone": "Quận Bình Thạnh",
        "ward": "Phường 12",
        "all_routes": "08, 104, 146, 55, 64",
        "marker_color": "#00BCD4"
      }
    },
    {
      "type": "Feature",
      "geometry": {
        "type": "Point",
        "coordinates": [
          106.691741,
          10.803362
        ]
      },
      "properties": {
        "feature_type": "bus_stop",
        "stop_id": 593,
        "stop_code": "QBTH 117",
        "stop_name": "PCCC quận Bình Thạnh",
        "stop_type": "Nhà chờ",
        "route_no": "104",
        "display_code": "B 104",
        "direction": "Lượt về",
        "address": "14-16 Phan Đăng Lưu",
        "street": "Phan Đăng Lưu",
        "zone": "Quận Bình Thạnh",
        "ward": null,
        "all_routes": "08, 104, 55, 64",
        "marker_color": "#00BCD4"
      }
    },
    {
      "type": "Feature",
      "geometry": {
        "type": "Point",
        "coordinates": [
          106.687637,
          10.803878
        ]
      },
      "properties": {
        "feature_type": "bus_stop",
        "stop_id": 595,
        "stop_code": "QPN 019",
        "stop_name": "Bệnh viện Phước An",
        "stop_type": "Trụ dừng",
        "route_no": "104",
        "display_code": "B 104",
        "direction": "Lượt về",
        "address": "36A Phan Đăng Lưu",
        "street": "Phan Đăng Lưu",
        "zone": "Quận Phú Nhuận",
        "ward": null,
        "all_routes": "08, 104, 55, 64",
        "marker_color": "#00BCD4"
      }
    },
    {
      "type": "Feature",
      "geometry": {
        "type": "Point",
        "coordinates": [
          106.686119,
          10.804078
        ]
      },
      "properties": {
        "feature_type": "bus_stop",
        "stop_id": 596,
        "stop_code": "QPN 020",
        "stop_name": "Đại học Văn Hiến",
        "stop_type": "Trụ dừng",
        "route_no": "104",
        "display_code": "B 104",
        "direction": "Lượt về",
        "address": "94 Phan Đăng Lưu",
        "street": "Phan Đăng Lưu",
        "zone": "Quận Phú Nhuận",
        "ward": null,
        "all_routes": "08, 104, 55, 64",
        "marker_color": "#00BCD4"
      }
    },
    {
      "type": "Feature",
      "geometry": {
        "type": "Point",
        "coordinates": [
          106.683608,
          10.802529
        ]
      },
      "properties": {
        "feature_type": "bus_stop",
        "stop_id": 597,
        "stop_code": "QPN 021",
        "stop_name": "Ngã Tư Thích Quảng Đức",
        "stop_type": "Trụ dừng",
        "route_no": "104",
        "display_code": "B 104",
        "direction": "Lượt về",
        "address": "124 Phan Đăng Lưu",
        "street": "Phan Đăng Lưu",
        "zone": "Quận Phú Nhuận",
        "ward": null,
        "all_routes": "08, 104, 55, 64",
        "marker_color": "#00BCD4"
      }
    },
    {
      "type": "Feature",
      "geometry": {
        "type": "Point",
        "coordinates": [
          106.681892,
          10.80088
        ]
      },
      "properties": {
        "feature_type": "bus_stop",
        "stop_id": 598,
        "stop_code": "QPN 022",
        "stop_name": "Ngã tư Phan Xích Long",
        "stop_type": "Trụ dừng",
        "route_no": "104",
        "display_code": "B 104",
        "direction": "Lượt về",
        "address": "172 Phan Đăng Lưu",
        "street": "Phan Đăng Lưu",
        "zone": "Quận Phú Nhuận",
        "ward": null,
        "all_routes": "08, 104, 55, 64",
        "marker_color": "#00BCD4"
      }
    },
    {
      "type": "Feature",
      "geometry": {
        "type": "Point",
        "coordinates": [
          106.679236,
          10.799325
        ]
      },
      "properties": {
        "feature_type": "bus_stop",
        "stop_id": 599,
        "stop_code": "QPN 010",
        "stop_name": "Ngã tư Phú Nhuận",
        "stop_type": "Trụ dừng",
        "route_no": "104",
        "display_code": "B 104",
        "direction": "Lượt về",
        "address": "24 Hoàng Văn Thụ",
        "street": "Hoàng Văn Thụ",
        "zone": "Quận Phú Nhuận",
        "ward": null,
        "all_routes": "08, 104, 64",
        "marker_color": "#00BCD4"
      }
    },
    {
      "type": "Feature",
      "geometry": {
        "type": "Point",
        "coordinates": [
          106.67436,
          10.799721
        ]
      },
      "properties": {
        "feature_type": "bus_stop",
        "stop_id": 7577,
        "stop_code": "QPN 061",
        "stop_name": "Công An Phú Nhuận",
        "stop_type": "Trụ dừng",
        "route_no": "104",
        "display_code": "B 104",
        "direction": "Lượt về",
        "address": "Đối diện 189 Hoàng Văn Thụ",
        "street": "Hoàng Văn Thụ",
        "zone": "Quận Phú Nhuận",
        "ward": null,
        "all_routes": "08, 104, 64",
        "marker_color": "#00BCD4"
      }
    },
    {
      "type": "Feature",
      "geometry": {
        "type": "Point",
        "coordinates": [
          106.669559,
          10.800153
        ]
      },
      "properties": {
        "feature_type": "bus_stop",
        "stop_id": 601,
        "stop_code": "QPN 011",
        "stop_name": "Siêu thị Big C",
        "stop_type": "Nhà chờ",
        "route_no": "104",
        "display_code": "B 104",
        "direction": "Lượt về",
        "address": "202 Hoàng Văn Thụ",
        "street": "Hoàng Văn Thụ",
        "zone": "Quận Phú Nhuận",
        "ward": null,
        "all_routes": "08, 104, 64",
        "marker_color": "#00BCD4"
      }
    },
    {
      "type": "Feature",
      "geometry": {
        "type": "Point",
        "coordinates": [
          106.66678,
          10.800848
        ]
      },
      "properties": {
        "feature_type": "bus_stop",
        "stop_id": 256,
        "stop_code": "QTB 099",
        "stop_name": "Cổng trước SVĐ Quân Khu 7",
        "stop_type": "Nhà chờ",
        "route_no": "104",
        "display_code": "B 104",
        "direction": "Lượt về",
        "address": "A2 (Sân vận động Quân khu 7) Phan Đình Giót",
        "street": "Phan Đình Giót",
        "zone": "Quận Tân Bình",
        "ward": null,
        "all_routes": "04, 07, 08, 104, 109, 152, 63-1, 64, 72-1, 72-2B",
        "marker_color": "#00BCD4"
      }
    },
    {
      "type": "Feature",
      "geometry": {
        "type": "Point",
        "coordinates": [
          106.662312,
          10.801365
        ]
      },
      "properties": {
        "feature_type": "bus_stop",
        "stop_id": 258,
        "stop_code": "QTB 107",
        "stop_name": "Vòng xoay Lăng Cha Cả",
        "stop_type": "Nhà chờ",
        "route_no": "104",
        "display_code": "B 104",
        "direction": "Lượt về",
        "address": "20 Trần Quốc Hoàn",
        "street": "Trần Quốc Hoàn",
        "zone": "Quận Tân Bình",
        "ward": null,
        "all_routes": "04, 08, 103, 104, 148, 152, 50, 59, 63-1, 64, 72-2B",
        "marker_color": "#00BCD4"
      }
    },
    {
      "type": "Feature",
      "geometry": {
        "type": "Point",
        "coordinates": [
          106.659168,
          10.801038
        ]
      },
      "properties": {
        "feature_type": "bus_stop",
        "stop_id": 259,
        "stop_code": "QTB 110",
        "stop_name": "Siêu thị Maximark Cộng Hòa",
        "stop_type": "Ô sơn",
        "route_no": "104",
        "display_code": "B 104",
        "direction": "Lượt về",
        "address": "60 Cộng Hòa",
        "street": "Cộng Hòa",
        "zone": "Quận Tân Bình",
        "ward": null,
        "all_routes": "04, 104, 145, 28, 63-1",
        "marker_color": "#00BCD4"
      }
    },
    {
      "type": "Feature",
      "geometry": {
        "type": "Point",
        "coordinates": [
          106.656754,
          10.801238
        ]
      },
      "properties": {
        "feature_type": "bus_stop",
        "stop_id": 260,
        "stop_code": "QTB 111",
        "stop_name": "Nhà hát Quân Đội",
        "stop_type": "Trụ dừng",
        "route_no": "104",
        "display_code": "B 104",
        "direction": "Lượt về",
        "address": "138 (Kế nhà hát Quân đội) Cộng Hòa",
        "street": "Cộng Hòa",
        "zone": "Quận Tân Bình",
        "ward": null,
        "all_routes": "04, 104, 145, 28, 63-1",
        "marker_color": "#00BCD4"
      }
    },
    {
      "type": "Feature",
      "geometry": {
        "type": "Point",
        "coordinates": [
          106.654817,
          10.801412
        ]
      },
      "properties": {
        "feature_type": "bus_stop",
        "stop_id": 261,
        "stop_code": "QTB 112",
        "stop_name": "Đường 18E",
        "stop_type": "Ô sơn",
        "route_no": "104",
        "display_code": "B 104",
        "direction": "Lượt về",
        "address": "18E Cộng Hòa",
        "street": "Cộng Hòa",
        "zone": "Quận Tân Bình",
        "ward": null,
        "all_routes": "04, 104, 145, 28, 63-1",
        "marker_color": "#00BCD4"
      }
    },
    {
      "type": "Feature",
      "geometry": {
        "type": "Point",
        "coordinates": [
          106.651127,
          10.801728
        ]
      },
      "properties": {
        "feature_type": "bus_stop",
        "stop_id": 262,
        "stop_code": "QTB 113",
        "stop_name": "Công ty Lô Hội",
        "stop_type": "Trụ dừng",
        "route_no": "104",
        "display_code": "B 104",
        "direction": "Lượt về",
        "address": "184 Cộng Hòa",
        "street": "Cộng Hòa",
        "zone": "Quận Tân Bình",
        "ward": null,
        "all_routes": "04, 104, 145, 28, 63-1",
        "marker_color": "#00BCD4"
      }
    },
    {
      "type": "Feature",
      "geometry": {
        "type": "Point",
        "coordinates": [
          106.646953,
          10.802102
        ]
      },
      "properties": {
        "feature_type": "bus_stop",
        "stop_id": 263,
        "stop_code": "QTB 114",
        "stop_name": "Ngã tư Hoàng Hoa Thám",
        "stop_type": "Trụ dừng",
        "route_no": "104",
        "display_code": "B 104",
        "direction": "Lượt về",
        "address": "304 Cộng Hòa",
        "street": "Cộng Hòa",
        "zone": "Quận Tân Bình",
        "ward": null,
        "all_routes": "04, 104, 145, 28, 63-1",
        "marker_color": "#00BCD4"
      }
    },
    {
      "type": "Feature",
      "geometry": {
        "type": "Point",
        "coordinates": [
          106.644512,
          10.802276
        ]
      },
      "properties": {
        "feature_type": "bus_stop",
        "stop_id": 264,
        "stop_code": "QTB 115",
        "stop_name": "Ngã ba Bình Giã",
        "stop_type": "Trụ dừng",
        "route_no": "104",
        "display_code": "B 104",
        "direction": "Lượt về",
        "address": "394-396 Cộng Hòa",
        "street": "Cộng Hòa",
        "zone": "Quận Tân Bình",
        "ward": null,
        "all_routes": "04, 104, 145, 28, 63-1",
        "marker_color": "#00BCD4"
      }
    },
    {
      "type": "Feature",
      "geometry": {
        "type": "Point",
        "coordinates": [
          106.640967,
          10.802571
        ]
      },
      "properties": {
        "feature_type": "bus_stop",
        "stop_id": 265,
        "stop_code": "QTB 116",
        "stop_name": "ETown",
        "stop_type": "Trụ dừng",
        "route_no": "104",
        "display_code": "B 104",
        "direction": "Lượt về",
        "address": "496 Cộng Hòa",
        "street": "Cộng Hòa",
        "zone": "Quận Tân Bình",
        "ward": null,
        "all_routes": "04, 104, 145, 28, 63-1",
        "marker_color": "#00BCD4"
      }
    },
    {
      "type": "Feature",
      "geometry": {
        "type": "Point",
        "coordinates": [
          106.63801,
          10.80363
        ]
      },
      "properties": {
        "feature_type": "bus_stop",
        "stop_id": 9945,
        "stop_code": "QTB  BHC2",
        "stop_name": "Bãi Hậu Cần 2",
        "stop_type": "Ô sơn",
        "route_no": "104",
        "display_code": "B 104",
        "direction": "Lượt về",
        "address": "592A Cộng Hòa",
        "street": "Cộng Hòa",
        "zone": "Quận Tân Bình",
        "ward": "Phường 01",
        "all_routes": "04, 104, 145, 28, 63-1",
        "marker_color": "#00BCD4"
      }
    },
    {
      "type": "Feature",
      "geometry": {
        "type": "Point",
        "coordinates": [
          106.636192,
          10.806313
        ]
      },
      "properties": {
        "feature_type": "bus_stop",
        "stop_id": 266,
        "stop_code": "QTB 117",
        "stop_name": "Thượng Uyển",
        "stop_type": "Nhà chờ",
        "route_no": "104",
        "display_code": "B 104",
        "direction": "Lượt về",
        "address": "660 (kế 592) Cộng Hòa",
        "street": "Cộng Hòa",
        "zone": "Quận Tân Bình",
        "ward": null,
        "all_routes": "04, 104, 145, 28, 63-1",
        "marker_color": "#00BCD4"
      }
    },
    {
      "type": "Feature",
      "geometry": {
        "type": "Point",
        "coordinates": [
          106.634638,
          10.808314
        ]
      },
      "properties": {
        "feature_type": "bus_stop",
        "stop_id": 268,
        "stop_code": "QTB 075",
        "stop_name": "Mũi tàu Cộng Hòa",
        "stop_type": "Trụ dừng",
        "route_no": "104",
        "display_code": "B 104",
        "direction": "Lượt về",
        "address": "19B1 Trường Chinh",
        "street": "Trường Chinh",
        "zone": "Quận Tân Bình",
        "ward": null,
        "all_routes": "04, 104, 13, 145, 16, 23, 27, 28, 62, 63-1, 65, 94",
        "marker_color": "#00BCD4"
      }
    },
    {
      "type": "Feature",
      "geometry": {
        "type": "Point",
        "coordinates": [
          106.633349,
          10.812204
        ]
      },
      "properties": {
        "feature_type": "bus_stop",
        "stop_id": 267,
        "stop_code": "QTB 076",
        "stop_name": "Ngã ba Chế Lan Viên",
        "stop_type": "Nhà chờ",
        "route_no": "104",
        "display_code": "B 104",
        "direction": "Lượt về",
        "address": "Đối diện đường Chế Lan Viên Trường Chinh",
        "street": "Trường Chinh",
        "zone": "Quận Tân Bình",
        "ward": null,
        "all_routes": "04, 104, 13, 145, 23, 27, 28, 62, 65, 94",
        "marker_color": "#00BCD4"
      }
    },
    {
      "type": "Feature",
      "geometry": {
        "type": "Point",
        "coordinates": [
          106.631461,
          10.818332
        ]
      },
      "properties": {
        "feature_type": "bus_stop",
        "stop_id": 270,
        "stop_code": "QTB 078",
        "stop_name": "UBND Phường 15",
        "stop_type": "Nhà chờ",
        "route_no": "104",
        "display_code": "B 104",
        "direction": "Lượt về",
        "address": "850 Trường Chinh",
        "street": "Trường Chinh",
        "zone": "Quận Tân Bình",
        "ward": null,
        "all_routes": "04, 104, 13, 145, 23, 27, 62, 65, 94",
        "marker_color": "#00BCD4"
      }
    },
    {
      "type": "Feature",
      "geometry": {
        "type": "Point",
        "coordinates": [
          106.630254,
          10.822452
        ]
      },
      "properties": {
        "feature_type": "bus_stop",
        "stop_id": 271,
        "stop_code": "QTB 079",
        "stop_name": "Khu Công Nghiệp Tân Bình",
        "stop_type": "Nhà chờ",
        "route_no": "104",
        "display_code": "B 104",
        "direction": "Lượt về",
        "address": "932 Trường Chinh",
        "street": "Trường Chinh",
        "zone": "Quận Tân Bình",
        "ward": null,
        "all_routes": "04, 104, 13, 145, 23, 27, 32, 41, 62, 65, 94",
        "marker_color": "#00BCD4"
      }
    },
    {
      "type": "Feature",
      "geometry": {
        "type": "Point",
        "coordinates": [
          106.625828,
          10.826957
        ]
      },
      "properties": {
        "feature_type": "bus_stop",
        "stop_id": 272,
        "stop_code": "Q12 128",
        "stop_name": "Cầu Tham Lương - Siêu thị Thiên Hòa",
        "stop_type": "Nhà chờ",
        "route_no": "104",
        "display_code": "B 104",
        "direction": "Lượt về",
        "address": "60A-B (1/17A) Trường Chinh",
        "street": "Trường Chinh",
        "zone": "Quận 12",
        "ward": null,
        "all_routes": "04, 104, 13, 145, 23, 27, 41, 62, 65, 94",
        "marker_color": "#00BCD4"
      }
    },
    {
      "type": "Feature",
      "geometry": {
        "type": "Point",
        "coordinates": [
          106.624594,
          10.828627
        ]
      },
      "properties": {
        "feature_type": "bus_stop",
        "stop_id": 273,
        "stop_code": "Q12 129",
        "stop_name": "Chùa Vĩnh Phước",
        "stop_type": "Nhà chờ",
        "route_no": "104",
        "display_code": "B 104",
        "direction": "Lượt về",
        "address": "110 (189/4) Trường Chinh",
        "street": "Trường Chinh",
        "zone": "Quận 12",
        "ward": null,
        "all_routes": "04, 104, 13, 145, 27, 41, 65, 94",
        "marker_color": "#00BCD4"
      }
    },
    {
      "type": "Feature",
      "geometry": {
        "type": "Point",
        "coordinates": [
          106.620614,
          10.834781
        ]
      },
      "properties": {
        "feature_type": "bus_stop",
        "stop_id": 275,
        "stop_code": "Q12 132",
        "stop_name": "Chùa Lạc Quang",
        "stop_type": "Nhà chờ",
        "route_no": "104",
        "display_code": "B 104",
        "direction": "Lượt về",
        "address": "408 Trường Chinh",
        "street": "Trường Chinh",
        "zone": "Quận 12",
        "ward": null,
        "all_routes": "04, 104, 13, 145, 27, 41, 65, 94",
        "marker_color": "#00BCD4"
      }
    },
    {
      "type": "Feature",
      "geometry": {
        "type": "Point",
        "coordinates": [
          106.618398,
          10.838222
        ]
      },
      "properties": {
        "feature_type": "bus_stop",
        "stop_id": 277,
        "stop_code": "Q12 131",
        "stop_name": "Bitis",
        "stop_type": "Nhà chờ",
        "route_no": "104",
        "display_code": "B 104",
        "direction": "Lượt về",
        "address": "590 (640) Trường Chinh",
        "street": "Trường Chinh",
        "zone": "Quận 12",
        "ward": null,
        "all_routes": "04, 104, 13, 145, 27, 41, 65, 94",
        "marker_color": "#00BCD4"
      }
    },
    {
      "type": "Feature",
      "geometry": {
        "type": "Point",
        "coordinates": [
          106.613517,
          10.845803
        ]
      },
      "properties": {
        "feature_type": "bus_stop",
        "stop_id": 1115,
        "stop_code": "Q12 122",
        "stop_name": "Bến xe An Sương",
        "stop_type": "Trụ dừng",
        "route_no": "104",
        "display_code": "B 104",
        "direction": "Lượt về",
        "address": "F42 Quốc lộ 22",
        "street": "Quốc lộ 22",
        "zone": "Quận 12",
        "ward": null,
        "all_routes": "04, 104, 122, 145, 33, 61-3",
        "marker_color": "#00BCD4"
      }
    },
    {
      "type": "Feature",
      "geometry": {
        "type": "Point",
        "coordinates": [
          106.613522,
          10.845187
        ]
      },
      "properties": {
        "feature_type": "bus_stop",
        "stop_id": 1239,
        "stop_code": "HHM 058",
        "stop_name": "Bến xe An Sương",
        "stop_type": "Trụ dừng",
        "route_no": "104",
        "display_code": "B 104",
        "direction": "Lượt về",
        "address": "1B Quốc lộ 22",
        "street": "Quốc lộ 22",
        "zone": "Huyện Hóc Môn",
        "ward": "Xã Bà Điểm",
        "all_routes": "04, 104, 122, 13, 145, 151, 33, 41, 61-3, 62-5, 65, 71, 74, 85, 94",
        "marker_color": "#00BCD4"
      }
    }
  ]
}