{
  "type": "FeatureCollection",
  "properties": {
    "stt": 28,
    "route_no": "126",
    "display_code": "B 126",
    "route_name": "Bến xe Củ Chi - Bình Mỹ",
    "start_point": "Bến xe Củ Chi",
    "end_point": "Bình Mỹ",
    "listed_length_km": 19,
    "operating_hours": "4:45 - 20:00",
    "color": "#8BC34A",
    "num_variants": 2,
    "total_stops": 78,
    "total_points": 673
  },
  "features": [
    {
      "type": "Feature",
      "geometry": {
        "type": "LineString",
        "coordinates": [
          [
            106.48210144,
            10.97161674
          ],
          [
            106.48188782,
            10.97178078
          ],
          [
            106.48249054,
            10.97271252
          ],
          [
            106.48316956,
            10.97370815
          ],
          [
            106.48303986,
            10.9737606
          ],
          [
            106.48152161,
            10.97139072
          ],
          [
            106.48188782,
            10.97103214
          ],
          [
            106.48246765,
            10.97056961
          ],
          [
            106.48245239,
            10.97049522
          ],
          [
            106.48245239,
            10.97049522
          ],
          [
            106.48249817,
            10.97054291
          ],
          [
            106.48352814,
            10.96979523
          ],
          [
            106.48458099,
            10.96905231
          ],
          [
            106.48529053,
            10.96859932
          ],
          [
            106.48578644,
            10.96829891
          ],
          [
            106.48607635,
            10.96812534
          ],
          [
            106.48629761,
            10.96828365
          ],
          [
            106.48632813,
            10.96845722
          ],
          [
            106.48645782,
            10.96859932
          ],
          [
            106.48736572,
            10.96894169
          ],
          [
            106.48741913,
            10.96889973
          ],
          [
            106.48741913,
            10.96889973
          ],
          [
            106.48741913,
            10.96889973
          ],
          [
            106.48741913,
            10.96889973
          ],
          [
            106.48738098,
            10.96894741
          ],
          [
            106.48777008,
            10.96910477
          ],
          [
            106.4890213,
            10.96984768
          ],
          [
            106.49057007,
            10.97073746
          ],
          [
            106.49061584,
            10.97068977
          ],
          [
            106.49061584,
            10.97068977
          ],
          [
            106.49061584,
            10.97068977
          ],
          [
            106.49056244,
            10.97074318
          ],
          [
            106.49154663,
            10.97129822
          ],
          [
            106.49253082,
            10.97185421
          ],
          [
            106.49352264,
            10.97241783
          ],
          [
            106.49451447,
            10.97298145
          ],
          [
            106.49455261,
            10.97292805
          ],
          [
            106.49455261,
            10.97292805
          ],
          [
            106.49455261,
            10.97292805
          ],
          [
            106.49451447,
            10.97299671
          ],
          [
            106.4956665,
            10.97364426
          ],
          [
            106.49681854,
            10.97429276
          ],
          [
            106.49797058,
            10.97495365
          ],
          [
            106.49912262,
            10.97561455
          ],
          [
            106.49915314,
            10.97559261
          ],
          [
            106.49915314,
            10.97559261
          ],
          [
            106.49915314,
            10.97559261
          ],
          [
            106.49915314,
            10.97559261
          ],
          [
            106.49913788,
            10.97562504
          ],
          [
            106.50057983,
            10.97644138
          ],
          [
            106.50180054,
            10.97712612
          ],
          [
            106.50301361,
            10.97780991
          ],
          [
            106.50301361,
            10.97780991
          ],
          [
            106.50301361,
            10.97780991
          ],
          [
            106.50301361,
            10.97780991
          ],
          [
            106.50441742,
            10.97862911
          ],
          [
            106.50582123,
            10.97944832
          ],
          [
            106.50728607,
            10.98031139
          ],
          [
            106.50871277,
            10.98110676
          ],
          [
            106.50875092,
            10.9810667
          ],
          [
            106.50875092,
            10.9810667
          ],
          [
            106.50875092,
            10.9810667
          ],
          [
            106.5087204,
            10.98112774
          ],
          [
            106.50955963,
            10.98160172
          ],
          [
            106.51040649,
            10.98207569
          ],
          [
            106.51087952,
            10.98231316
          ],
          [
            106.5118103,
            10.98254967
          ],
          [
            106.51273346,
            10.98278713
          ],
          [
            106.51274872,
            10.9827404
          ],
          [
            106.51274872,
            10.9827404
          ],
          [
            106.51274872,
            10.9827919
          ],
          [
            106.51378632,
            10.98305798
          ],
          [
            106.51483154,
            10.98332405
          ],
          [
            106.51584625,
            10.9835825
          ],
          [
            106.51686859,
            10.98383999
          ],
          [
            106.51687622,
            10.98377705
          ],
          [
            106.51687622,
            10.98377705
          ],
          [
            106.51687622,
            10.98384571
          ],
          [
            106.51849365,
            10.98426628
          ],
          [
            106.52011108,
            10.98467731
          ],
          [
            106.52011871,
            10.98462009
          ],
          [
            106.52011871,
            10.98462009
          ],
          [
            106.52011871,
            10.98462009
          ],
          [
            106.52013397,
            10.98467731
          ],
          [
            106.52148438,
            10.98502541
          ],
          [
            106.52283478,
            10.98532486
          ],
          [
            106.52398682,
            10.98506165
          ],
          [
            106.52514648,
            10.98475647
          ],
          [
            106.52514648,
            10.98469257
          ],
          [
            106.52514648,
            10.98469257
          ],
          [
            106.52514648,
            10.98469257
          ],
          [
            106.52514648,
            10.984725
          ],
          [
            106.52516174,
            10.98475647
          ],
          [
            106.52602386,
            10.98451424
          ],
          [
            106.52687836,
            10.98440933
          ],
          [
            106.52830505,
            10.98456192
          ],
          [
            106.52973175,
            10.98471451
          ],
          [
            106.52973175,
            10.98465061
          ],
          [
            106.52973175,
            10.98465061
          ],
          [
            106.52972412,
            10.98471928
          ],
          [
            106.53083038,
            10.98485947
          ],
          [
            106.53192902,
            10.9849987
          ],
          [
            106.53303528,
            10.9851141
          ],
          [
            106.53414154,
            10.98523045
          ],
          [
            106.53414917,
            10.98515701
          ],
          [
            106.53414917,
            10.98515701
          ],
          [
            106.53414917,
            10.98515701
          ],
          [
            106.53414917,
            10.98515701
          ],
          [
            106.5341568,
            10.98521996
          ],
          [
            106.5355835,
            10.98539352
          ],
          [
            106.53700256,
            10.98558807
          ],
          [
            106.53845215,
            10.9857254
          ],
          [
            106.53990173,
            10.98588371
          ],
          [
            106.53992462,
            10.98582458
          ],
          [
            106.53992462,
            10.98582458
          ],
          [
            106.53992462,
            10.98582458
          ],
          [
            106.53992462,
            10.98582458
          ],
          [
            106.53992462,
            10.98582458
          ],
          [
            106.53992462,
            10.98589897
          ],
          [
            106.54157257,
            10.98604107
          ],
          [
            106.5421524,
            10.98596764
          ],
          [
            106.54270172,
            10.98579407
          ],
          [
            106.54396057,
            10.98507214
          ],
          [
            106.54518127,
            10.98446655
          ],
          [
            106.54516602,
            10.98437691
          ],
          [
            106.54516602,
            10.98437691
          ],
          [
            106.54516602,
            10.98437691
          ],
          [
            106.54516602,
            10.98437691
          ],
          [
            106.54518127,
            10.98444557
          ],
          [
            106.54633331,
            10.98394585
          ],
          [
            106.54692078,
            10.98370361
          ],
          [
            106.54751587,
            10.98356628
          ],
          [
            106.54827118,
            10.98368168
          ],
          [
            106.54919434,
            10.98388767
          ],
          [
            106.55055237,
            10.98418236
          ],
          [
            106.55130768,
            10.98425102
          ],
          [
            106.5513382,
            10.98420238
          ],
          [
            106.5513382,
            10.98420238
          ],
          [
            106.5513382,
            10.98420238
          ],
          [
            106.55134583,
            10.98425579
          ],
          [
            106.55272675,
            10.98436642
          ],
          [
            106.55414581,
            10.98448753
          ],
          [
            106.5541687,
            10.98438835
          ],
          [
            106.5541687,
            10.98438835
          ],
          [
            106.55417633,
            10.98447227
          ],
          [
            106.55664825,
            10.9846983
          ],
          [
            106.55917358,
            10.98490906
          ],
          [
            106.55987549,
            10.9848938
          ],
          [
            106.56061554,
            10.98485088
          ],
          [
            106.56061554,
            10.98477173
          ],
          [
            106.56061554,
            10.98477173
          ],
          [
            106.56061554,
            10.9848299
          ],
          [
            106.56195068,
            10.98473549
          ],
          [
            106.56329346,
            10.98464012
          ],
          [
            106.56464386,
            10.98453522
          ],
          [
            106.56599426,
            10.98443031
          ],
          [
            106.565979,
            10.98431396
          ],
          [
            106.565979,
            10.98431396
          ],
          [
            106.565979,
            10.98431396
          ],
          [
            106.565979,
            10.98443031
          ],
          [
            106.56737518,
            10.98431969
          ],
          [
            106.56878662,
            10.98423481
          ],
          [
            106.5701828,
            10.98413754
          ],
          [
            106.57157898,
            10.98404026
          ],
          [
            106.57157135,
            10.98394489
          ],
          [
            106.57157135,
            10.98394489
          ],
          [
            106.57157135,
            10.98394489
          ],
          [
            106.57157898,
            10.98403454
          ],
          [
            106.57320404,
            10.98393536
          ],
          [
            106.57483673,
            10.9838028
          ],
          [
            106.57483673,
            10.98373508
          ],
          [
            106.57483673,
            10.98373508
          ],
          [
            106.57483673,
            10.98373508
          ],
          [
            106.5748291,
            10.98381901
          ],
          [
            106.57611847,
            10.98372459
          ],
          [
            106.57741547,
            10.98362923
          ],
          [
            106.57863617,
            10.98355103
          ],
          [
            106.58002472,
            10.98347187
          ],
          [
            106.58003998,
            10.9833498
          ],
          [
            106.58003998,
            10.9833498
          ],
          [
            106.58003998,
            10.9833498
          ],
          [
            106.58005524,
            10.98346138
          ],
          [
            106.58119965,
            10.98338699
          ],
          [
            106.5823822,
            10.98330307
          ],
          [
            106.5823822,
            10.9832449
          ],
          [
            106.5823822,
            10.9832449
          ],
          [
            106.5823822,
            10.9832449
          ],
          [
            106.58238983,
            10.98331833
          ],
          [
            106.58415221999999,
            10.9831953
          ],
          [
            106.58591461,
            10.98307133
          ],
          [
            106.58763123,
            10.98296642
          ],
          [
            106.58944702,
            10.98283958
          ],
          [
            106.58943939,
            10.98273373
          ],
          [
            106.58943939,
            10.98273373
          ],
          [
            106.58943939,
            10.98273373
          ],
          [
            106.58943939,
            10.98273373
          ],
          [
            106.58945465,
            10.98282909
          ],
          [
            106.59174347,
            10.98266602
          ],
          [
            106.59406281,
            10.98253918
          ],
          [
            106.59407806,
            10.98244953
          ],
          [
            106.59407806,
            10.98244953
          ],
          [
            106.59407806,
            10.98244953
          ],
          [
            106.59407806,
            10.98244953
          ],
          [
            106.59408569,
            10.9825449
          ],
          [
            106.59513855,
            10.982481
          ],
          [
            106.59635925,
            10.9824028
          ],
          [
            106.59868622,
            10.9822607
          ],
          [
            106.59870148,
            10.98217583
          ],
          [
            106.59870148,
            10.98217583
          ],
          [
            106.59870148,
            10.98217583
          ],
          [
            106.59870911,
            10.98225498
          ],
          [
            106.6004715,
            10.98211765
          ],
          [
            106.60186768,
            10.98186493
          ],
          [
            106.60330963,
            10.98161221
          ],
          [
            106.60331726,
            10.98152828
          ],
          [
            106.60331726,
            10.98152828
          ],
          [
            106.60333252,
            10.98161983
          ],
          [
            106.60456085,
            10.9814024
          ],
          [
            106.60578918,
            10.98120213
          ],
          [
            106.60702515,
            10.98096657
          ],
          [
            106.60825348,
            10.98074913
          ],
          [
            106.60825348,
            10.98069096
          ],
          [
            106.60825348,
            10.98069096
          ],
          [
            106.60825348,
            10.98069096
          ],
          [
            106.60826874,
            10.98076439
          ],
          [
            106.60918427,
            10.98060131
          ],
          [
            106.61011505,
            10.98042202
          ],
          [
            106.61106873,
            10.98025894
          ],
          [
            106.6120224,
            10.98007965
          ],
          [
            106.61203003,
            10.98001671
          ],
          [
            106.61203003,
            10.98001671
          ],
          [
            106.61203003,
            10.98001671
          ],
          [
            106.61203003,
            10.98001671
          ],
          [
            106.61206055,
            10.98008537
          ],
          [
            106.61291504,
            10.97991943
          ],
          [
            106.61376953,
            10.97973824
          ],
          [
            106.61474609,
            10.97956371
          ],
          [
            106.6157074,
            10.97937393
          ],
          [
            106.61569977,
            10.97931576
          ],
          [
            106.61569977,
            10.97931576
          ],
          [
            106.61569977,
            10.97931576
          ],
          [
            106.61569977,
            10.97931576
          ],
          [
            106.6157074,
            10.97939014
          ],
          [
            106.61660004,
            10.97921085
          ],
          [
            106.61758423,
            10.97898483
          ],
          [
            106.61851501,
            10.97864723
          ],
          [
            106.61991882,
            10.97785759
          ],
          [
            106.62097931,
            10.9771204
          ],
          [
            106.62094116,
            10.97707844
          ],
          [
            106.62094116,
            10.97707844
          ],
          [
            106.62094116,
            10.97707844
          ],
          [
            106.62097168,
            10.97711563
          ],
          [
            106.62162018,
            10.97666454
          ],
          [
            106.62226105,
            10.97621441
          ],
          [
            106.62364197,
            10.97548771
          ],
          [
            106.62362671,
            10.97544098
          ],
          [
            106.62362671,
            10.97544098
          ],
          [
            106.62366486,
            10.97548771
          ],
          [
            106.62491608,
            10.97490406
          ],
          [
            106.62621307,
            10.97436619
          ],
          [
            106.62664032,
            10.97421837
          ],
          [
            106.6279068,
            10.97400761
          ],
          [
            106.62789154,
            10.97395515
          ],
          [
            106.62789154,
            10.97395515
          ],
          [
            106.62791443,
            10.97401333
          ],
          [
            106.62991333,
            10.97366619
          ],
          [
            106.63195801,
            10.9733181
          ],
          [
            106.63231659,
            10.97325993
          ],
          [
            106.63383484,
            10.9731493
          ],
          [
            106.6338501,
            10.97309685
          ],
          [
            106.6338501,
            10.97309685
          ],
          [
            106.63387299,
            10.97314453
          ],
          [
            106.63553619,
            10.97312832
          ],
          [
            106.6371994,
            10.9732132
          ],
          [
            106.63894653,
            10.9733181
          ],
          [
            106.63896942,
            10.97326565
          ],
          [
            106.63896942,
            10.97326565
          ],
          [
            106.63898468,
            10.97332382
          ],
          [
            106.64041901,
            10.97342396
          ],
          [
            106.64096832,
            10.97352886
          ],
          [
            106.64269257,
            10.97420788
          ],
          [
            106.64273071,
            10.97415638
          ],
          [
            106.64273071,
            10.97415638
          ],
          [
            106.64269257,
            10.97421837
          ],
          [
            106.64360809,
            10.97453976
          ],
          [
            106.64382935,
            10.9746666
          ],
          [
            106.64389038,
            10.97492409
          ],
          [
            106.6438446,
            10.97546673
          ],
          [
            106.6438446,
            10.97616196
          ],
          [
            106.6437149,
            10.97752571
          ],
          [
            106.64378357,
            10.97753143
          ],
          [
            106.64378357,
            10.97753143
          ],
          [
            106.64378357,
            10.97753143
          ],
          [
            106.64370728,
            10.97752571
          ],
          [
            106.64356995,
            10.97834778
          ],
          [
            106.64344025,
            10.97914791
          ],
          [
            106.64325714,
            10.97915268
          ],
          [
            106.64325714,
            10.97915268
          ]
        ]
      },
      "properties": {
        "feature_type": "route_path",
        "stt": 28,
        "route_id": 23,
        "route_no": "126",
        "display_code": "B 126",
        "route_name": "Bến xe Củ Chi - Bình Mỹ",
        "direction": "Lượt đi",
        "outbound": true,
        "start_point": "Bến xe Củ Chi",
        "end_point": "Bình Mỹ",
        "start_stop": "Bến xe Củ Chi",
        "end_stop": "Bến xe Bình Mỹ",
        "distance_km": 20.31,
        "listed_length_km": 19,
        "running_time_min": 40,
        "operating_hours": "4:45 - 20:00",
        "stroke": "#8BC34A",
        "stroke_width": 4,
        "stroke_opacity": 0.85
      }
    },
    {
      "type": "Feature",
      "geometry": {
        "type": "LineString",
        "coordinates": [
          [
            106.64325714,
            10.97915268
          ],
          [
            106.64325714,
            10.97915268
          ],
          [
            106.64325714,
            10.97915268
          ],
          [
            106.64343262,
            10.9791584
          ],
          [
            106.64353943,
            10.97844219
          ],
          [
            106.64369202,
            10.97772598
          ],
          [
            106.64375305,
            10.97724152
          ],
          [
            106.64370728,
            10.97723579
          ],
          [
            106.64370728,
            10.97723579
          ],
          [
            106.64370728,
            10.97723579
          ],
          [
            106.64370728,
            10.97723579
          ],
          [
            106.64370728,
            10.97723579
          ],
          [
            106.64370728,
            10.97723579
          ],
          [
            106.64375305,
            10.97723675
          ],
          [
            106.64385986,
            10.97599888
          ],
          [
            106.64383698,
            10.97528267
          ],
          [
            106.64373016,
            10.97478199
          ],
          [
            106.64359283,
            10.97458744
          ],
          [
            106.64334869,
            10.9744606
          ],
          [
            106.64247131,
            10.97413445
          ],
          [
            106.64245605,
            10.97417068
          ],
          [
            106.64245605,
            10.97417068
          ],
          [
            106.64245605,
            10.97417068
          ],
          [
            106.64245605,
            10.97417068
          ],
          [
            106.64245605,
            10.97417068
          ],
          [
            106.64245605,
            10.97417068
          ],
          [
            106.64248657,
            10.97412872
          ],
          [
            106.64134216,
            10.97367668
          ],
          [
            106.64091492,
            10.97351265
          ],
          [
            106.6404953,
            10.97343445
          ],
          [
            106.639328,
            10.97335815
          ],
          [
            106.63816833,
            10.97328091
          ],
          [
            106.63815308,
            10.97334957
          ],
          [
            106.63815308,
            10.97334957
          ],
          [
            106.63815308,
            10.97334957
          ],
          [
            106.63815308,
            10.97334957
          ],
          [
            106.63815308,
            10.97334957
          ],
          [
            106.63815308,
            10.97334957
          ],
          [
            106.63815308,
            10.97334957
          ],
          [
            106.63815308,
            10.97334957
          ],
          [
            106.63816071,
            10.97328091
          ],
          [
            106.63677216,
            10.97319698
          ],
          [
            106.63581085,
            10.9731493
          ],
          [
            106.63477325,
            10.97312832
          ],
          [
            106.6335144,
            10.97317028
          ],
          [
            106.6335144,
            10.97323895
          ],
          [
            106.6335144,
            10.97323895
          ],
          [
            106.6335144,
            10.97323895
          ],
          [
            106.6335144,
            10.97323895
          ],
          [
            106.6335144,
            10.97323895
          ],
          [
            106.6335144,
            10.97323895
          ],
          [
            106.63352203,
            10.97316551
          ],
          [
            106.63270569,
            10.9732132
          ],
          [
            106.63189697,
            10.9733181
          ],
          [
            106.63102721999999,
            10.97347927
          ],
          [
            106.63015747,
            10.97361851
          ],
          [
            106.62844086,
            10.97391319
          ],
          [
            106.62844849,
            10.9739666
          ],
          [
            106.62844849,
            10.9739666
          ],
          [
            106.62844849,
            10.9739666
          ],
          [
            106.62844849,
            10.9739666
          ],
          [
            106.62844849,
            10.9739666
          ],
          [
            106.62844849,
            10.9739666
          ],
          [
            106.62844849,
            10.9739666
          ],
          [
            106.62844849,
            10.9739666
          ],
          [
            106.62844086,
            10.97391891
          ],
          [
            106.6264801,
            10.97427177
          ],
          [
            106.62505341,
            10.97482395
          ],
          [
            106.62394714,
            10.97534084
          ],
          [
            106.62398529,
            10.97540379
          ],
          [
            106.62398529,
            10.97540379
          ],
          [
            106.62398529,
            10.97540379
          ],
          [
            106.62398529,
            10.97540379
          ],
          [
            106.62398529,
            10.97540379
          ],
          [
            106.62398529,
            10.97540379
          ],
          [
            106.6239624,
            10.97535133
          ],
          [
            106.62286377,
            10.9759016
          ],
          [
            106.62201691,
            10.97636223
          ],
          [
            106.62110901,
            10.97704029
          ],
          [
            106.62017059,
            10.97768402
          ],
          [
            106.62020111,
            10.9777174
          ],
          [
            106.62020111,
            10.9777174
          ],
          [
            106.62020111,
            10.9777174
          ],
          [
            106.62020111,
            10.9777174
          ],
          [
            106.62020111,
            10.9777174
          ],
          [
            106.62020111,
            10.9777174
          ],
          [
            106.62020111,
            10.9777174
          ],
          [
            106.62017059,
            10.97768402
          ],
          [
            106.61927795,
            10.97824192
          ],
          [
            106.61830902,
            10.97873688
          ],
          [
            106.61833191,
            10.9787674
          ],
          [
            106.61833191,
            10.9787674
          ],
          [
            106.61833191,
            10.9787674
          ],
          [
            106.61833191,
            10.9787674
          ],
          [
            106.61833191,
            10.9787674
          ],
          [
            106.61833191,
            10.9787674
          ],
          [
            106.61830139,
            10.97872639
          ],
          [
            106.61758423,
            10.9789896
          ],
          [
            106.61681366,
            10.97917461
          ],
          [
            106.6155014,
            10.97942734
          ],
          [
            106.61550903,
            10.97947407
          ],
          [
            106.61550903,
            10.97947407
          ],
          [
            106.61550903,
            10.97947407
          ],
          [
            106.61550903,
            10.97947407
          ],
          [
            106.61550903,
            10.97947407
          ],
          [
            106.61550903,
            10.97947407
          ],
          [
            106.61549377,
            10.97943783
          ],
          [
            106.6138916,
            10.97973251
          ],
          [
            106.61231995,
            10.98003769
          ],
          [
            106.61233521,
            10.98012161
          ],
          [
            106.61233521,
            10.98012161
          ],
          [
            106.61233521,
            10.98012161
          ],
          [
            106.61233521,
            10.98012161
          ],
          [
            106.61233521,
            10.98012161
          ],
          [
            106.61234283,
            10.98004818
          ],
          [
            106.61048889,
            10.9803648
          ],
          [
            106.60868835,
            10.98068047
          ],
          [
            106.60871124,
            10.98073769
          ],
          [
            106.60871124,
            10.98073769
          ],
          [
            106.60871124,
            10.98073769
          ],
          [
            106.60869598,
            10.98069096
          ],
          [
            106.60749817,
            10.98089409
          ],
          [
            106.60630798,
            10.98109627
          ],
          [
            106.60513306,
            10.98130226
          ],
          [
            106.60396576,
            10.9815073
          ],
          [
            106.60396576,
            10.98155975
          ],
          [
            106.60396576,
            10.98155975
          ],
          [
            106.60395813,
            10.9815073
          ],
          [
            106.60284424,
            10.98170757
          ],
          [
            106.60173798,
            10.98190784
          ],
          [
            106.60049438,
            10.98211765
          ],
          [
            106.59950256,
            10.98221779
          ],
          [
            106.59950256,
            10.98225498
          ],
          [
            106.59950256,
            10.98225498
          ],
          [
            106.59950256,
            10.9822073
          ],
          [
            106.59844971,
            10.9822731
          ],
          [
            106.59738922,
            10.98233891
          ],
          [
            106.59632874,
            10.98241043
          ],
          [
            106.59527588,
            10.982481
          ],
          [
            106.59528351,
            10.9825182
          ],
          [
            106.59528351,
            10.9825182
          ],
          [
            106.59528351,
            10.9825182
          ],
          [
            106.59528351,
            10.98247623
          ],
          [
            106.59420776,
            10.98252773
          ],
          [
            106.59313202,
            10.98258018
          ],
          [
            106.5917511,
            10.98267841
          ],
          [
            106.59036255,
            10.98277664
          ],
          [
            106.59037781,
            10.98282433
          ],
          [
            106.59037781,
            10.98282433
          ],
          [
            106.59037781,
            10.98282433
          ],
          [
            106.59037781,
            10.98282433
          ],
          [
            106.59037781,
            10.98276615
          ],
          [
            106.58856964,
            10.9828949
          ],
          [
            106.5867691,
            10.98302364
          ],
          [
            106.58498383,
            10.98314762
          ],
          [
            106.58319855,
            10.9832716
          ],
          [
            106.58319855,
            10.98332405
          ],
          [
            106.58319855,
            10.98332405
          ],
          [
            106.58319855,
            10.98332405
          ],
          [
            106.58319855,
            10.98332405
          ],
          [
            106.58319092,
            10.98326588
          ],
          [
            106.58208466,
            10.98334503
          ],
          [
            106.58096313,
            10.98340321
          ],
          [
            106.57987213,
            10.98348999
          ],
          [
            106.57876587,
            10.98355579
          ],
          [
            106.5787735,
            10.98360825
          ],
          [
            106.5787735,
            10.98360825
          ],
          [
            106.5787735,
            10.98360825
          ],
          [
            106.5787735,
            10.98356628
          ],
          [
            106.57785034,
            10.98361874
          ],
          [
            106.57692719,
            10.98367977
          ],
          [
            106.57623291,
            10.98372555
          ],
          [
            106.57553864,
            10.98377132
          ],
          [
            106.57553864,
            10.98381424
          ],
          [
            106.57553864,
            10.98381424
          ],
          [
            106.57553864,
            10.98381424
          ],
          [
            106.57553864,
            10.98375607
          ],
          [
            106.57434845,
            10.98384762
          ],
          [
            106.57315826,
            10.98391914
          ],
          [
            106.57203674,
            10.98401928
          ],
          [
            106.57091522,
            10.98409843
          ],
          [
            106.57091522,
            10.98414612
          ],
          [
            106.57091522,
            10.98414612
          ],
          [
            106.57091522,
            10.98414612
          ],
          [
            106.57091522,
            10.98414612
          ],
          [
            106.57090759,
            10.98408222
          ],
          [
            106.56988525,
            10.98414803
          ],
          [
            106.56886292,
            10.98421383
          ],
          [
            106.56784058,
            10.98430347
          ],
          [
            106.56681824,
            10.98437691
          ],
          [
            106.56681824,
            10.98443031
          ],
          [
            106.56681824,
            10.98443031
          ],
          [
            106.56681824,
            10.98443031
          ],
          [
            106.56681824,
            10.98443031
          ],
          [
            106.56681824,
            10.9843874
          ],
          [
            106.56534576,
            10.98449612
          ],
          [
            106.56386566,
            10.98458767
          ],
          [
            106.56239319,
            10.98471165
          ],
          [
            106.56092072,
            10.98481941
          ],
          [
            106.56092072,
            10.98488331
          ],
          [
            106.56092072,
            10.98488331
          ],
          [
            106.56092072,
            10.98488331
          ],
          [
            106.56092072,
            10.98488331
          ],
          [
            106.56092072,
            10.9848299
          ],
          [
            106.56000519,
            10.9848938
          ],
          [
            106.55908966,
            10.98490429
          ],
          [
            106.55770111,
            10.98478031
          ],
          [
            106.55631256,
            10.98465633
          ],
          [
            106.5549469,
            10.98455334
          ],
          [
            106.55357361,
            10.9844408
          ],
          [
            106.55357361,
            10.98451424
          ],
          [
            106.55357361,
            10.98451424
          ],
          [
            106.55357361,
            10.98451424
          ],
          [
            106.55357361,
            10.98451424
          ],
          [
            106.55357361,
            10.98451424
          ],
          [
            106.55358887,
            10.9844408
          ],
          [
            106.55260468,
            10.98436451
          ],
          [
            106.55162048,
            10.98428822
          ],
          [
            106.55064392,
            10.98419857
          ],
          [
            106.54965973,
            10.98401356
          ],
          [
            106.54965973,
            10.98406124
          ],
          [
            106.54965973,
            10.98406124
          ],
          [
            106.54965973,
            10.98406124
          ],
          [
            106.54965973,
            10.98406124
          ],
          [
            106.54965973,
            10.98406124
          ],
          [
            106.54967499,
            10.98400307
          ],
          [
            106.54854584,
            10.98375034
          ],
          [
            106.54773712,
            10.98359776
          ],
          [
            106.5473175,
            10.98358727
          ],
          [
            106.54664612,
            10.98381424
          ],
          [
            106.5457077,
            10.9842329
          ],
          [
            106.54476929,
            10.98465157
          ],
          [
            106.54393768,
            10.98509884
          ],
          [
            106.5439682,
            10.9851408
          ],
          [
            106.5439682,
            10.9851408
          ],
          [
            106.5439682,
            10.9851408
          ],
          [
            106.5439682,
            10.9851408
          ],
          [
            106.54393005,
            10.98510933
          ],
          [
            106.54270172,
            10.98578358
          ],
          [
            106.54206848,
            10.98596191
          ],
          [
            106.54166412,
            10.98602581
          ],
          [
            106.54128265,
            10.98603058
          ],
          [
            106.54040527,
            10.98592567
          ],
          [
            106.54040527,
            10.98597813
          ],
          [
            106.54040527,
            10.98597813
          ],
          [
            106.54040527,
            10.98597813
          ],
          [
            106.54040527,
            10.98597813
          ],
          [
            106.54040527,
            10.98593044
          ],
          [
            106.53874969,
            10.98575687
          ],
          [
            106.53710175,
            10.9855938
          ],
          [
            106.53544617,
            10.98539352
          ],
          [
            106.53382874,
            10.98519897
          ],
          [
            106.53382874,
            10.9852457
          ],
          [
            106.53382874,
            10.9852457
          ],
          [
            106.53382874,
            10.9852457
          ],
          [
            106.53382874,
            10.98520947
          ],
          [
            106.53263092,
            10.98506165
          ],
          [
            106.53141785,
            10.98494053
          ],
          [
            106.53022003,
            10.98477745
          ],
          [
            106.52901459,
            10.98465157
          ],
          [
            106.52900696,
            10.98471355
          ],
          [
            106.52900696,
            10.98471355
          ],
          [
            106.52900696,
            10.98471355
          ],
          [
            106.52901459,
            10.98465157
          ],
          [
            106.52798462,
            10.984519
          ],
          [
            106.52696228,
            10.98443985
          ],
          [
            106.52651215,
            10.98445034
          ],
          [
            106.52563477,
            10.98462486
          ],
          [
            106.52487183,
            10.98485088
          ],
          [
            106.52489471,
            10.98489857
          ],
          [
            106.52489471,
            10.98489857
          ],
          [
            106.52489471,
            10.98489857
          ],
          [
            106.52489471,
            10.98489857
          ],
          [
            106.52487946,
            10.9848299
          ],
          [
            106.52410889,
            10.98503017
          ],
          [
            106.52301788,
            10.9853096
          ],
          [
            106.52258301,
            10.9853096
          ],
          [
            106.52226257,
            10.98523045
          ],
          [
            106.52130127,
            10.98496723
          ],
          [
            106.52128601,
            10.98502541
          ],
          [
            106.52128601,
            10.98502541
          ],
          [
            106.52128601,
            10.98502541
          ],
          [
            106.52128601,
            10.98502541
          ],
          [
            106.52128601,
            10.98502541
          ],
          [
            106.52129364,
            10.98496723
          ],
          [
            106.52054596,
            10.98478317
          ],
          [
            106.51980591,
            10.98457241
          ],
          [
            106.51902008,
            10.98441124
          ],
          [
            106.51824188,
            10.98422432
          ],
          [
            106.51822662,
            10.98428822
          ],
          [
            106.51822662,
            10.98428822
          ],
          [
            106.51822662,
            10.98428822
          ],
          [
            106.51822662,
            10.98428822
          ],
          [
            106.51822662,
            10.98428822
          ],
          [
            106.51822662,
            10.98428822
          ],
          [
            106.51822662,
            10.98428822
          ],
          [
            106.51824951,
            10.98421955
          ],
          [
            106.51681519,
            10.98382473
          ],
          [
            106.51529694,
            10.98341846
          ],
          [
            106.51389313,
            10.9831028
          ],
          [
            106.51249695,
            10.98273945
          ],
          [
            106.51247406,
            10.98280811
          ],
          [
            106.51247406,
            10.98280811
          ],
          [
            106.51247406,
            10.98280811
          ],
          [
            106.51247406,
            10.98280811
          ],
          [
            106.51247406,
            10.98280811
          ],
          [
            106.51247406,
            10.98280811
          ],
          [
            106.51247406,
            10.98280811
          ],
          [
            106.51247406,
            10.98280811
          ],
          [
            106.51248169,
            10.98274994
          ],
          [
            106.51091003,
            10.98232841
          ],
          [
            106.50988007,
            10.9818182
          ],
          [
            106.50884247,
            10.98120689
          ],
          [
            106.50879669,
            10.9812603
          ],
          [
            106.50879669,
            10.9812603
          ],
          [
            106.50879669,
            10.9812603
          ],
          [
            106.50879669,
            10.9812603
          ],
          [
            106.50879669,
            10.9812603
          ],
          [
            106.50879669,
            10.9812603
          ],
          [
            106.50882721,
            10.98120689
          ],
          [
            106.50746918,
            10.98043251
          ],
          [
            106.50614166,
            10.97966385
          ],
          [
            106.50479126,
            10.97891331
          ],
          [
            106.50346375,
            10.978158
          ],
          [
            106.50344086,
            10.97820473
          ],
          [
            106.50344086,
            10.97820473
          ],
          [
            106.50344086,
            10.97820473
          ],
          [
            106.50344086,
            10.97820473
          ],
          [
            106.50346375,
            10.978158
          ],
          [
            106.50262451,
            10.9776783
          ],
          [
            106.50177002,
            10.97723103
          ],
          [
            106.50086975,
            10.97669411
          ],
          [
            106.49994659,
            10.97618771
          ],
          [
            106.49994659,
            10.97618771
          ],
          [
            106.49994659,
            10.97618771
          ],
          [
            106.49994659,
            10.97618771
          ],
          [
            106.49994659,
            10.97618771
          ],
          [
            106.49856567,
            10.9753933
          ],
          [
            106.49720764,
            10.97455025
          ],
          [
            106.49584198,
            10.97380733
          ],
          [
            106.49449921,
            10.9730444
          ],
          [
            106.49446869,
            10.97311306
          ],
          [
            106.49446869,
            10.97311306
          ],
          [
            106.49446869,
            10.97311306
          ],
          [
            106.49446869,
            10.97311306
          ],
          [
            106.49450684,
            10.9730444
          ],
          [
            106.49365234,
            10.97254658
          ],
          [
            106.49278259,
            10.97206974
          ],
          [
            106.49198914,
            10.97160435
          ],
          [
            106.49117279,
            10.97115898
          ],
          [
            106.49117279,
            10.97115898
          ],
          [
            106.49117279,
            10.97115898
          ],
          [
            106.49117279,
            10.97115898
          ],
          [
            106.49117279,
            10.97115898
          ],
          [
            106.49030304,
            10.97067451
          ],
          [
            106.48951721,
            10.97016907
          ],
          [
            106.48864746,
            10.96971035
          ],
          [
            106.48781586,
            10.96919537
          ],
          [
            106.48781586,
            10.96919537
          ],
          [
            106.48781586,
            10.96919537
          ],
          [
            106.48781586,
            10.96919537
          ],
          [
            106.48781586,
            10.96919537
          ],
          [
            106.48690796,
            10.96879959
          ],
          [
            106.48641205,
            10.96867371
          ],
          [
            106.4862442,
            10.96865749
          ],
          [
            106.48600769,
            10.96869469
          ],
          [
            106.48577118,
            10.96862602
          ],
          [
            106.48482513,
            10.96916866
          ],
          [
            106.48387909,
            10.96971035
          ],
          [
            106.48317719,
            10.97019482
          ],
          [
            106.48245239,
            10.97066402
          ],
          [
            106.48179626,
            10.97121143
          ],
          [
            106.48210144,
            10.97161674
          ],
          [
            106.48210144,
            10.97161674
          ],
          [
            106.48210144,
            10.97161674
          ]
        ]
      },
      "properties": {
        "feature_type": "route_path",
        "stt": 28,
        "route_id": 23,
        "route_no": "126",
        "display_code": "B 126",
        "route_name": "Bến xe Củ Chi - Bình Mỹ",
        "direction": "Lượt về",
        "outbound": false,
        "start_point": "Bến xe Củ Chi",
        "end_point": "Bình Mỹ",
        "start_stop": "Bến xe Bình Mỹ",
        "end_stop": "Bến xe Củ Chi",
        "distance_km": 19.57,
        "listed_length_km": 19,
        "running_time_min": 40,
        "operating_hours": "4:45 - 20:00",
        "stroke": "#8BC34A",
        "stroke_width": 4,
        "stroke_opacity": 0.85
      }
    },
    {
      "type": "Feature",
      "geometry": {
        "type": "Point",
        "coordinates": [
          106.482099,
          10.971617
        ]
      },
      "properties": {
        "feature_type": "bus_stop",
        "stop_id": 732,
        "stop_code": "BX 63",
        "stop_name": "Bến xe Củ Chi",
        "stop_type": "Bến xe",
        "route_no": "126",
        "display_code": "B 126",
        "direction": "Lượt đi",
        "address": "Bến xe Củ Chi Quốc lộ 22",
        "street": "Quốc lộ 22",
        "zone": "Huyện Củ Chi",
        "ward": null,
        "all_routes": "100, 107, 126, 13, 70-1, 70-2, 74, 79, 87, 94",
        "marker_color": "#8BC34A"
      }
    },
    {
      "type": "Feature",
      "geometry": {
        "type": "Point",
        "coordinates": [
          106.482453,
          10.970495
        ]
      },
      "properties": {
        "feature_type": "bus_stop",
        "stop_id": 7617,
        "stop_code": "HCC 279",
        "stop_name": "chợ Củ Chi",
        "stop_type": "Nhà chờ",
        "route_no": "126",
        "display_code": "B 126",
        "direction": "Lượt đi",
        "address": "chợ Củ Chi Quốc lộ 22",
        "street": "Quốc lộ 22",
        "zone": "Huyện Củ Chi",
        "ward": "Thị trấn Củ Chi",
        "all_routes": "100, 107, 126, 13, 70-1, 70-2, 74, 79, 87, 94",
        "marker_color": "#8BC34A"
      }
    },
    {
      "type": "Feature",
      "geometry": {
        "type": "Point",
        "coordinates": [
          106.487421,
          10.9689
        ]
      },
      "properties": {
        "feature_type": "bus_stop",
        "stop_id": 1263,
        "stop_code": "HCC 211",
        "stop_name": "Trung tâm văn hóa Củ Chi",
        "stop_type": "Trụ dừng",
        "route_no": "126",
        "display_code": "B 126",
        "direction": "Lượt đi",
        "address": "12 Tỉnh lộ 8",
        "street": "Tỉnh lộ 8",
        "zone": "Huyện Củ Chi",
        "ward": "Thị trấn Củ Chi",
        "all_routes": "126",
        "marker_color": "#8BC34A"
      }
    },
    {
      "type": "Feature",
      "geometry": {
        "type": "Point",
        "coordinates": [
          106.490613,
          10.97069
        ]
      },
      "properties": {
        "feature_type": "bus_stop",
        "stop_id": 1265,
        "stop_code": "HCC 212",
        "stop_name": "Trường trung cấp nghề Củ Chi",
        "stop_type": "Trụ dừng",
        "route_no": "126",
        "display_code": "B 126",
        "direction": "Lượt đi",
        "address": "100 (110) Tỉnh lộ 8",
        "street": "Tỉnh lộ 8",
        "zone": "Huyện Củ Chi",
        "ward": "Thị trấn Củ Chi",
        "all_routes": "126",
        "marker_color": "#8BC34A"
      }
    },
    {
      "type": "Feature",
      "geometry": {
        "type": "Point",
        "coordinates": [
          106.49455,
          10.972928
        ]
      },
      "properties": {
        "feature_type": "bus_stop",
        "stop_id": 1259,
        "stop_code": "HCC 213",
        "stop_name": "Ủy Ban nhân dân Xã Tân An Hội",
        "stop_type": "Nhà chờ",
        "route_no": "126",
        "display_code": "B 126",
        "direction": "Lượt đi",
        "address": "Bưu điện Củ Chi Tỉnh lộ 8",
        "street": "Tỉnh lộ 8",
        "zone": "Huyện Củ Chi",
        "ward": "Xã Tân An Hội",
        "all_routes": "126",
        "marker_color": "#8BC34A"
      }
    },
    {
      "type": "Feature",
      "geometry": {
        "type": "Point",
        "coordinates": [
          106.499153,
          10.975593
        ]
      },
      "properties": {
        "feature_type": "bus_stop",
        "stop_id": 1262,
        "stop_code": "HCC 214",
        "stop_name": "Công an Xã Tân An Hội",
        "stop_type": "Trụ dừng",
        "route_no": "126",
        "display_code": "B 126",
        "direction": "Lượt đi",
        "address": "274 Tỉnh lộ 8",
        "street": "Tỉnh lộ 8",
        "zone": "Huyện Củ Chi",
        "ward": "Thị trấn Củ Chi",
        "all_routes": "126",
        "marker_color": "#8BC34A"
      }
    },
    {
      "type": "Feature",
      "geometry": {
        "type": "Point",
        "coordinates": [
          106.503015,
          10.97781
        ]
      },
      "properties": {
        "feature_type": "bus_stop",
        "stop_id": 1268,
        "stop_code": "HCC 215",
        "stop_name": "Can Trường",
        "stop_type": "Trụ dừng",
        "route_no": "126",
        "display_code": "B 126",
        "direction": "Lượt đi",
        "address": "410-412 Tỉnh lộ 8, Củ Chi",
        "street": "Tỉnh lộ 8, Củ Chi",
        "zone": "Huyện Củ Chi",
        "ward": "Thị trấn Củ Chi",
        "all_routes": "126",
        "marker_color": "#8BC34A"
      }
    },
    {
      "type": "Feature",
      "geometry": {
        "type": "Point",
        "coordinates": [
          106.508751,
          10.981067
        ]
      },
      "properties": {
        "feature_type": "bus_stop",
        "stop_id": 1264,
        "stop_code": "HCC 216",
        "stop_name": "Tỉnh lộ 2",
        "stop_type": "Trụ dừng",
        "route_no": "126",
        "display_code": "B 126",
        "direction": "Lượt đi",
        "address": "506 Tỉnh lộ 8",
        "street": "Tỉnh lộ 8",
        "zone": "Huyện Củ Chi",
        "ward": null,
        "all_routes": "126",
        "marker_color": "#8BC34A"
      }
    },
    {
      "type": "Feature",
      "geometry": {
        "type": "Point",
        "coordinates": [
          106.512752,
          10.98274
        ]
      },
      "properties": {
        "feature_type": "bus_stop",
        "stop_id": 1270,
        "stop_code": "HCC 217",
        "stop_name": "Cây xăng Hoàng Sơn",
        "stop_type": "Trụ dừng",
        "route_no": "126",
        "display_code": "B 126",
        "direction": "Lượt đi",
        "address": "552 Tỉnh lộ 8",
        "street": "Tỉnh lộ 8",
        "zone": "Huyện Củ Chi",
        "ward": "Xã Phước Vĩnh An",
        "all_routes": "126",
        "marker_color": "#8BC34A"
      }
    },
    {
      "type": "Feature",
      "geometry": {
        "type": "Point",
        "coordinates": [
          106.516877,
          10.983777
        ]
      },
      "properties": {
        "feature_type": "bus_stop",
        "stop_id": 1272,
        "stop_code": "HCC 218",
        "stop_name": "Trần Văn Chẩm",
        "stop_type": "Trụ dừng",
        "route_no": "126",
        "display_code": "B 126",
        "direction": "Lượt đi",
        "address": "606B Tỉnh lộ 8",
        "street": "Tỉnh lộ 8",
        "zone": "Huyện Củ Chi",
        "ward": "Xã Phước Vĩnh An",
        "all_routes": "126",
        "marker_color": "#8BC34A"
      }
    },
    {
      "type": "Feature",
      "geometry": {
        "type": "Point",
        "coordinates": [
          106.520122,
          10.98462
        ]
      },
      "properties": {
        "feature_type": "bus_stop",
        "stop_id": 1266,
        "stop_code": "QCCT320",
        "stop_name": "Trường tiểu học Phước Vĩnh An",
        "stop_type": "Nhà chờ",
        "route_no": "126",
        "display_code": "B 126",
        "direction": "Lượt đi",
        "address": "Đối diện 543A (660) Tỉnh lộ 8",
        "street": "Tỉnh lộ 8",
        "zone": "Huyện Củ Chi",
        "ward": "Xã Phước Vĩnh An",
        "all_routes": "126",
        "marker_color": "#8BC34A"
      }
    },
    {
      "type": "Feature",
      "geometry": {
        "type": "Point",
        "coordinates": [
          106.525143,
          10.984693
        ]
      },
      "properties": {
        "feature_type": "bus_stop",
        "stop_id": 1274,
        "stop_code": "HCC 220",
        "stop_name": "Cây Bài",
        "stop_type": "Trụ dừng",
        "route_no": "126",
        "display_code": "B 126",
        "direction": "Lượt đi",
        "address": "738 Tỉnh lộ 8",
        "street": "Tỉnh lộ 8",
        "zone": "Huyện Củ Chi",
        "ward": "Xã Phước Vĩnh An",
        "all_routes": "126",
        "marker_color": "#8BC34A"
      }
    },
    {
      "type": "Feature",
      "geometry": {
        "type": "Point",
        "coordinates": [
          106.529735,
          10.984651
        ]
      },
      "properties": {
        "feature_type": "bus_stop",
        "stop_id": 1267,
        "stop_code": "QCCT322",
        "stop_name": "Ấp 6",
        "stop_type": "Trụ dừng",
        "route_no": "126",
        "display_code": "B 126",
        "direction": "Lượt đi",
        "address": "Kế 768 Tỉnh lộ 8, Củ Chi",
        "street": "Tỉnh lộ 8, Củ Chi",
        "zone": "Huyện Củ Chi",
        "ward": null,
        "all_routes": "126",
        "marker_color": "#8BC34A"
      }
    },
    {
      "type": "Feature",
      "geometry": {
        "type": "Point",
        "coordinates": [
          106.53415,
          10.985157
        ]
      },
      "properties": {
        "feature_type": "bus_stop",
        "stop_id": 1276,
        "stop_code": "QCCT323",
        "stop_name": "Công viên Nước Củ Chi",
        "stop_type": "Trụ dừng",
        "route_no": "126",
        "display_code": "B 126",
        "direction": "Lượt đi",
        "address": "Cột điện TIL8 330C 9canhj đường 426) Tỉnh lộ 8",
        "street": "Tỉnh lộ 8",
        "zone": "Huyện Củ Chi",
        "ward": "Xã Phước Vĩnh An",
        "all_routes": "126",
        "marker_color": "#8BC34A"
      }
    },
    {
      "type": "Feature",
      "geometry": {
        "type": "Point",
        "coordinates": [
          106.539928,
          10.985825
        ]
      },
      "properties": {
        "feature_type": "bus_stop",
        "stop_id": 1269,
        "stop_code": "HCC 223",
        "stop_name": "Cây xăng petrolimet 58",
        "stop_type": "Trụ dừng",
        "route_no": "126",
        "display_code": "B 126",
        "direction": "Lượt đi",
        "address": "Đối diện 472 Tỉnh lộ 8",
        "street": "Tỉnh lộ 8",
        "zone": "Huyện Củ Chi",
        "ward": null,
        "all_routes": "126",
        "marker_color": "#8BC34A"
      }
    },
    {
      "type": "Feature",
      "geometry": {
        "type": "Point",
        "coordinates": [
          106.545163,
          10.984377
        ]
      },
      "properties": {
        "feature_type": "bus_stop",
        "stop_id": 1271,
        "stop_code": "HCC 224",
        "stop_name": "Ấp 5 (Thành Đạt)",
        "stop_type": "Trụ dừng",
        "route_no": "126",
        "display_code": "B 126",
        "direction": "Lượt đi",
        "address": "415 Tỉnh lộ 8",
        "street": "Tỉnh lộ 8",
        "zone": "Huyện Củ Chi",
        "ward": "Xã Tân Thạnh Tây",
        "all_routes": "126",
        "marker_color": "#8BC34A"
      }
    },
    {
      "type": "Feature",
      "geometry": {
        "type": "Point",
        "coordinates": [
          106.551338,
          10.984202
        ]
      },
      "properties": {
        "feature_type": "bus_stop",
        "stop_id": 1278,
        "stop_code": "HCC 225",
        "stop_name": "Đồng Mã Vôi",
        "stop_type": "Trụ dừng",
        "route_no": "126",
        "display_code": "B 126",
        "direction": "Lượt đi",
        "address": "đd 348 (369) Tỉnh lộ 8",
        "street": "Tỉnh lộ 8",
        "zone": "Huyện Củ Chi",
        "ward": "Xã Tân Thạnh Tây",
        "all_routes": "126",
        "marker_color": "#8BC34A"
      }
    },
    {
      "type": "Feature",
      "geometry": {
        "type": "Point",
        "coordinates": [
          106.554165,
          10.984388
        ]
      },
      "properties": {
        "feature_type": "bus_stop",
        "stop_id": 1273,
        "stop_code": "HCC 226",
        "stop_name": "Trường tiểu học Tân Thạnh Tây",
        "stop_type": "Trụ dừng",
        "route_no": "126",
        "display_code": "B 126",
        "direction": "Lượt đi",
        "address": "327 Tỉnh lộ 8",
        "street": "Tỉnh lộ 8",
        "zone": "Huyện Củ Chi",
        "ward": "Xã Tân Thạnh Tây",
        "all_routes": "126",
        "marker_color": "#8BC34A"
      }
    },
    {
      "type": "Feature",
      "geometry": {
        "type": "Point",
        "coordinates": [
          106.560618,
          10.984772
        ]
      },
      "properties": {
        "feature_type": "bus_stop",
        "stop_id": 1280,
        "stop_code": "HCC 227",
        "stop_name": "UBND xã Tân Thạnh Tây",
        "stop_type": "Nhà chờ",
        "route_no": "126",
        "display_code": "B 126",
        "direction": "Lượt đi",
        "address": "UBND xã Tân Thạnh Tây Tỉnh lộ 8",
        "street": "Tỉnh lộ 8",
        "zone": "Huyện Củ Chi",
        "ward": "Xã Tân Thạnh Tây",
        "all_routes": "126",
        "marker_color": "#8BC34A"
      }
    },
    {
      "type": "Feature",
      "geometry": {
        "type": "Point",
        "coordinates": [
          106.565977,
          10.984314
        ]
      },
      "properties": {
        "feature_type": "bus_stop",
        "stop_id": 1275,
        "stop_code": "HCC 228",
        "stop_name": "Công ty Thái Hà",
        "stop_type": "Trụ dừng",
        "route_no": "126",
        "display_code": "B 126",
        "direction": "Lượt đi",
        "address": "193 Tỉnh lộ 8, Củ Chi",
        "street": "Tỉnh lộ 8, Củ Chi",
        "zone": "Huyện Củ Chi",
        "ward": "Xã Tân Thạnh Tây",
        "all_routes": "126",
        "marker_color": "#8BC34A"
      }
    },
    {
      "type": "Feature",
      "geometry": {
        "type": "Point",
        "coordinates": [
          106.571572,
          10.983945
        ]
      },
      "properties": {
        "feature_type": "bus_stop",
        "stop_id": 1277,
        "stop_code": "HCC 229",
        "stop_name": "Nguyễn Kim Cương",
        "stop_type": "Trụ dừng",
        "route_no": "126",
        "display_code": "B 126",
        "direction": "Lượt đi",
        "address": "113 - 115 Tỉnh lộ 8",
        "street": "Tỉnh lộ 8",
        "zone": "Huyện Củ Chi",
        "ward": "Xã Tân Thạnh Tây",
        "all_routes": "126",
        "marker_color": "#8BC34A"
      }
    },
    {
      "type": "Feature",
      "geometry": {
        "type": "Point",
        "coordinates": [
          106.574834,
          10.983735
        ]
      },
      "properties": {
        "feature_type": "bus_stop",
        "stop_id": 1279,
        "stop_code": "HCC 230",
        "stop_name": "Ngã tư Tân Quy",
        "stop_type": "Trụ dừng",
        "route_no": "126",
        "display_code": "B 126",
        "direction": "Lượt đi",
        "address": "27 Tỉnh lộ 8",
        "street": "Tỉnh lộ 8",
        "zone": "Huyện Củ Chi",
        "ward": "Xã Tân Thạnh Tây",
        "all_routes": "126",
        "marker_color": "#8BC34A"
      }
    },
    {
      "type": "Feature",
      "geometry": {
        "type": "Point",
        "coordinates": [
          106.580037,
          10.98335
        ]
      },
      "properties": {
        "feature_type": "bus_stop",
        "stop_id": 1283,
        "stop_code": "HCC 232",
        "stop_name": "Trường PTTH Trung Phú",
        "stop_type": "Nhà chờ",
        "route_no": "126",
        "display_code": "B 126",
        "direction": "Lượt đi",
        "address": "1318 Tỉnh lộ 8",
        "street": "Tỉnh lộ 8",
        "zone": "Huyện Củ Chi",
        "ward": null,
        "all_routes": "126",
        "marker_color": "#8BC34A"
      }
    },
    {
      "type": "Feature",
      "geometry": {
        "type": "Point",
        "coordinates": [
          106.582382,
          10.983245
        ]
      },
      "properties": {
        "feature_type": "bus_stop",
        "stop_id": 1281,
        "stop_code": "HCC 231",
        "stop_name": "Công ty Samho",
        "stop_type": "Ô sơn",
        "route_no": "126",
        "display_code": "B 126",
        "direction": "Lượt đi",
        "address": "1370 Tỉnh lộ 8, Củ Chi",
        "street": "Tỉnh lộ 8, Củ Chi",
        "zone": "Huyện Củ Chi",
        "ward": "Xã Tân Thạnh Đông",
        "all_routes": "126",
        "marker_color": "#8BC34A"
      }
    },
    {
      "type": "Feature",
      "geometry": {
        "type": "Point",
        "coordinates": [
          106.589441,
          10.982734
        ]
      },
      "properties": {
        "feature_type": "bus_stop",
        "stop_id": 1284,
        "stop_code": "HCC 235",
        "stop_name": "Công ty SAEHWAVINA",
        "stop_type": "Nhà chờ",
        "route_no": "126",
        "display_code": "B 126",
        "direction": "Lượt đi",
        "address": "Công ty SAEHWAVINA (cạnh Thế giới di động) Tỉnh lộ 8",
        "street": "Tỉnh lộ 8",
        "zone": "Huyện Củ Chi",
        "ward": null,
        "all_routes": "126",
        "marker_color": "#8BC34A"
      }
    },
    {
      "type": "Feature",
      "geometry": {
        "type": "Point",
        "coordinates": [
          106.594076,
          10.98245
        ]
      },
      "properties": {
        "feature_type": "bus_stop",
        "stop_id": 1282,
        "stop_code": "QCCT334",
        "stop_name": "Ngã 3 Trung An",
        "stop_type": "Trụ dừng",
        "route_no": "126",
        "display_code": "B 126",
        "direction": "Lượt đi",
        "address": "1504 Tỉnh lộ 8, Củ Chi",
        "street": "Tỉnh lộ 8, Củ Chi",
        "zone": "Huyện Củ Chi",
        "ward": "Xã Trung An",
        "all_routes": "126",
        "marker_color": "#8BC34A"
      }
    },
    {
      "type": "Feature",
      "geometry": {
        "type": "Point",
        "coordinates": [
          106.5987,
          10.982176
        ]
      },
      "properties": {
        "feature_type": "bus_stop",
        "stop_id": 1285,
        "stop_code": "QCCT336",
        "stop_name": "Cây xăng Hoàng Phi",
        "stop_type": "Trụ dừng",
        "route_no": "126",
        "display_code": "B 126",
        "direction": "Lượt đi",
        "address": "đối diện 1437 (1560) Tỉnh lộ 8, Củ Chi",
        "street": "Tỉnh lộ 8, Củ Chi",
        "zone": "Huyện Củ Chi",
        "ward": "Xã Hòa Phú",
        "all_routes": "126",
        "marker_color": "#8BC34A"
      }
    },
    {
      "type": "Feature",
      "geometry": {
        "type": "Point",
        "coordinates": [
          106.603314,
          10.981528
        ]
      },
      "properties": {
        "feature_type": "bus_stop",
        "stop_id": 1286,
        "stop_code": "HCC 237",
        "stop_name": "Khu công nghiệp cơ khí Ô tô",
        "stop_type": "Trụ dừng",
        "route_no": "126",
        "display_code": "B 126",
        "direction": "Lượt đi",
        "address": "1604-1606 (1602) Tỉnh lộ 8",
        "street": "Tỉnh lộ 8",
        "zone": "Huyện Củ Chi",
        "ward": "Xã Hòa Phú",
        "all_routes": "126",
        "marker_color": "#8BC34A"
      }
    },
    {
      "type": "Feature",
      "geometry": {
        "type": "Point",
        "coordinates": [
          106.608254,
          10.980691
        ]
      },
      "properties": {
        "feature_type": "bus_stop",
        "stop_id": 1287,
        "stop_code": "QCCT338",
        "stop_name": "Trường Hòa Phú",
        "stop_type": "Ô sơn",
        "route_no": "126",
        "display_code": "B 126",
        "direction": "Lượt đi",
        "address": "Đối diện 1533 Tỉnh lộ 8, Củ Chi",
        "street": "Tỉnh lộ 8, Củ Chi",
        "zone": "Huyện Củ Chi",
        "ward": null,
        "all_routes": "126",
        "marker_color": "#8BC34A"
      }
    },
    {
      "type": "Feature",
      "geometry": {
        "type": "Point",
        "coordinates": [
          106.612031,
          10.980017
        ]
      },
      "properties": {
        "feature_type": "bus_stop",
        "stop_id": 1288,
        "stop_code": "QCCT339",
        "stop_name": "Chùa Phước Hòa",
        "stop_type": "Trụ dừng",
        "route_no": "126",
        "display_code": "B 126",
        "direction": "Lượt đi",
        "address": "Đối diện 1567 Tỉnh lộ 8, Củ Chi",
        "street": "Tỉnh lộ 8, Củ Chi",
        "zone": "Huyện Củ Chi",
        "ward": "Xã Hòa Phú",
        "all_routes": "126",
        "marker_color": "#8BC34A"
      }
    },
    {
      "type": "Feature",
      "geometry": {
        "type": "Point",
        "coordinates": [
          106.6157,
          10.979316
        ]
      },
      "properties": {
        "feature_type": "bus_stop",
        "stop_id": 1289,
        "stop_code": "HCC 240",
        "stop_name": "Ngã 3 Bù Na, chợ Hòa Phú",
        "stop_type": "Trụ dừng",
        "route_no": "126",
        "display_code": "B 126",
        "direction": "Lượt đi",
        "address": "1722 Tỉnh lộ 8",
        "street": "Tỉnh lộ 8",
        "zone": "Huyện Củ Chi",
        "ward": null,
        "all_routes": "126",
        "marker_color": "#8BC34A"
      }
    },
    {
      "type": "Feature",
      "geometry": {
        "type": "Point",
        "coordinates": [
          106.620941,
          10.977078
        ]
      },
      "properties": {
        "feature_type": "bus_stop",
        "stop_id": 1291,
        "stop_code": "HCC 241",
        "stop_name": "Ngã 3 Lò Chén",
        "stop_type": "Trụ dừng",
        "route_no": "126",
        "display_code": "B 126",
        "direction": "Lượt đi",
        "address": "1820 Tỉnh lộ 8",
        "street": "Tỉnh lộ 8",
        "zone": "Huyện Củ Chi",
        "ward": "Xã Hòa Phú",
        "all_routes": "126",
        "marker_color": "#8BC34A"
      }
    },
    {
      "type": "Feature",
      "geometry": {
        "type": "Point",
        "coordinates": [
          106.623623,
          10.975441
        ]
      },
      "properties": {
        "feature_type": "bus_stop",
        "stop_id": 1295,
        "stop_code": "HCC 242",
        "stop_name": "Công A Khu công nghiệp Đông Nam",
        "stop_type": "Nhà chờ",
        "route_no": "126",
        "display_code": "B 126",
        "direction": "Lượt đi",
        "address": "1884 Tỉnh lộ 8, Củ Chi",
        "street": "Tỉnh lộ 8, Củ Chi",
        "zone": "Huyện Củ Chi",
        "ward": null,
        "all_routes": "126",
        "marker_color": "#8BC34A"
      }
    },
    {
      "type": "Feature",
      "geometry": {
        "type": "Point",
        "coordinates": [
          106.627888,
          10.973955
        ]
      },
      "properties": {
        "feature_type": "bus_stop",
        "stop_id": 1290,
        "stop_code": "HCC 243",
        "stop_name": "Cầu Bà Bếp",
        "stop_type": "Trụ dừng",
        "route_no": "126",
        "display_code": "B 126",
        "direction": "Lượt đi",
        "address": "1882A (đối diện 1875) Tỉnh lộ 8",
        "street": "Tỉnh lộ 8",
        "zone": "Huyện Củ Chi",
        "ward": null,
        "all_routes": "126, 58",
        "marker_color": "#8BC34A"
      }
    },
    {
      "type": "Feature",
      "geometry": {
        "type": "Point",
        "coordinates": [
          106.633853,
          10.973097
        ]
      },
      "properties": {
        "feature_type": "bus_stop",
        "stop_id": 1293,
        "stop_code": "HCC 244",
        "stop_name": "Công ty Gum Gard",
        "stop_type": "Trụ dừng",
        "route_no": "126",
        "display_code": "B 126",
        "direction": "Lượt đi",
        "address": "1926C Tỉnh lộ 8, Củ Chi",
        "street": "Tỉnh lộ 8, Củ Chi",
        "zone": "Huyện Củ Chi",
        "ward": null,
        "all_routes": "126, 58",
        "marker_color": "#8BC34A"
      }
    },
    {
      "type": "Feature",
      "geometry": {
        "type": "Point",
        "coordinates": [
          106.638971,
          10.973266
        ]
      },
      "properties": {
        "feature_type": "bus_stop",
        "stop_id": 1292,
        "stop_code": "HCC 245",
        "stop_name": "Ngã 3 Bình Mỹ",
        "stop_type": "Trụ dừng",
        "route_no": "126",
        "display_code": "B 126",
        "direction": "Lượt đi",
        "address": "1960 Tỉnh lộ 8",
        "street": "Tỉnh lộ 8",
        "zone": "Huyện Củ Chi",
        "ward": "Xã Bình Mỹ",
        "all_routes": "126, 58",
        "marker_color": "#8BC34A"
      }
    },
    {
      "type": "Feature",
      "geometry": {
        "type": "Point",
        "coordinates": [
          106.642731,
          10.974156
        ]
      },
      "properties": {
        "feature_type": "bus_stop",
        "stop_id": 5824,
        "stop_code": "HCC 234",
        "stop_name": "Ngã 3 bến đò",
        "stop_type": "Trụ dừng",
        "route_no": "126",
        "display_code": "B 126",
        "direction": "Lượt đi",
        "address": "2010 Tỉnh lộ 8",
        "street": "Tỉnh lộ 8",
        "zone": "Huyện Củ Chi",
        "ward": "Thị trấn Củ Chi",
        "all_routes": "126",
        "marker_color": "#8BC34A"
      }
    },
    {
      "type": "Feature",
      "geometry": {
        "type": "Point",
        "coordinates": [
          106.643783,
          10.977531
        ]
      },
      "properties": {
        "feature_type": "bus_stop",
        "stop_id": 1310,
        "stop_code": "HCC 247",
        "stop_name": "Cầu Phú Cường",
        "stop_type": "Trụ dừng",
        "route_no": "126",
        "display_code": "B 126",
        "direction": "Lượt đi",
        "address": "2114 Tỉnh lộ 8, Củ Chi",
        "street": "Tỉnh lộ 8, Củ Chi",
        "zone": "Huyện Củ Chi",
        "ward": null,
        "all_routes": "126",
        "marker_color": "#8BC34A"
      }
    },
    {
      "type": "Feature",
      "geometry": {
        "type": "Point",
        "coordinates": [
          106.643794,
          10.977542
        ]
      },
      "properties": {
        "feature_type": "bus_stop",
        "stop_id": 1294,
        "stop_code": "BX 66",
        "stop_name": "Bến xe Bình Mỹ",
        "stop_type": "Bến xe",
        "route_no": "126",
        "display_code": "B 126",
        "direction": "Lượt đi",
        "address": "Cầu Phú Cường Tỉnh lộ 8, Củ Chi",
        "street": "Tỉnh lộ 8, Củ Chi",
        "zone": "Huyện Củ Chi",
        "ward": null,
        "all_routes": "126",
        "marker_color": "#8BC34A"
      }
    },
    {
      "type": "Feature",
      "geometry": {
        "type": "Point",
        "coordinates": [
          106.643708,
          10.977236
        ]
      },
      "properties": {
        "feature_type": "bus_stop",
        "stop_id": 1313,
        "stop_code": "HCC 248",
        "stop_name": "Cầu Phú Cường",
        "stop_type": "Trụ dừng",
        "route_no": "126",
        "display_code": "B 126",
        "direction": "Lượt về",
        "address": "1975 (1976) Tỉnh lộ 8, Củ Chi",
        "street": "Tỉnh lộ 8, Củ Chi",
        "zone": "Huyện Củ Chi",
        "ward": "Xã Bình Mỹ",
        "all_routes": "126",
        "marker_color": "#8BC34A"
      }
    },
    {
      "type": "Feature",
      "geometry": {
        "type": "Point",
        "coordinates": [
          106.642458,
          10.974171
        ]
      },
      "properties": {
        "feature_type": "bus_stop",
        "stop_id": 1312,
        "stop_code": "HCC 249",
        "stop_name": "Ngã 3 Bến đò",
        "stop_type": "Trụ dừng",
        "route_no": "126",
        "display_code": "B 126",
        "direction": "Lượt về",
        "address": "Đối diện 2006 Tỉnh lộ 8, Củ Chi",
        "street": "Tỉnh lộ 8, Củ Chi",
        "zone": "Huyện Củ Chi",
        "ward": "Xã Bình Mỹ",
        "all_routes": "126",
        "marker_color": "#8BC34A"
      }
    },
    {
      "type": "Feature",
      "geometry": {
        "type": "Point",
        "coordinates": [
          106.638153,
          10.97335
        ]
      },
      "properties": {
        "feature_type": "bus_stop",
        "stop_id": 1315,
        "stop_code": "QCCT350",
        "stop_name": "Ngã 3 Bình Mỹ",
        "stop_type": "Trụ dừng",
        "route_no": "126",
        "display_code": "B 126",
        "direction": "Lượt về",
        "address": "1875 (Đối diện 1930) Tỉnh lộ 8, Củ Chi",
        "street": "Tỉnh lộ 8, Củ Chi",
        "zone": "Huyện Củ Chi",
        "ward": "Xã Hòa Phú",
        "all_routes": "126, 58",
        "marker_color": "#8BC34A"
      }
    },
    {
      "type": "Feature",
      "geometry": {
        "type": "Point",
        "coordinates": [
          106.633515,
          10.973239
        ]
      },
      "properties": {
        "feature_type": "bus_stop",
        "stop_id": 1314,
        "stop_code": "QCCT351",
        "stop_name": "Công ty Gum Gard",
        "stop_type": "Trụ dừng",
        "route_no": "126",
        "display_code": "B 126",
        "direction": "Lượt về",
        "address": "1835 Tỉnh lộ 8",
        "street": "Tỉnh lộ 8",
        "zone": "Huyện Củ Chi",
        "ward": "Xã Hòa Phú",
        "all_routes": "126, 58",
        "marker_color": "#8BC34A"
      }
    },
    {
      "type": "Feature",
      "geometry": {
        "type": "Point",
        "coordinates": [
          106.628448,
          10.973967
        ]
      },
      "properties": {
        "feature_type": "bus_stop",
        "stop_id": 1316,
        "stop_code": "QCCT352",
        "stop_name": "Cầu Bà Bếp",
        "stop_type": "Trụ dừng",
        "route_no": "126",
        "display_code": "B 126",
        "direction": "Lượt về",
        "address": "1785 Tỉnh lộ 8",
        "street": "Tỉnh lộ 8",
        "zone": "Huyện Củ Chi",
        "ward": "Xã Hòa Phú",
        "all_routes": "126, 58",
        "marker_color": "#8BC34A"
      }
    },
    {
      "type": "Feature",
      "geometry": {
        "type": "Point",
        "coordinates": [
          106.623983,
          10.975404
        ]
      },
      "properties": {
        "feature_type": "bus_stop",
        "stop_id": 1317,
        "stop_code": "QCCT353",
        "stop_name": "Cổng A Khu công nghiệp Đông Nam",
        "stop_type": "Trụ dừng",
        "route_no": "126",
        "display_code": "B 126",
        "direction": "Lượt về",
        "address": "1725 Tỉnh lộ 8, Củ Chi",
        "street": "Tỉnh lộ 8, Củ Chi",
        "zone": "Huyện Củ Chi",
        "ward": null,
        "all_routes": "126, 58",
        "marker_color": "#8BC34A"
      }
    },
    {
      "type": "Feature",
      "geometry": {
        "type": "Point",
        "coordinates": [
          106.620201,
          10.977717
        ]
      },
      "properties": {
        "feature_type": "bus_stop",
        "stop_id": 1318,
        "stop_code": "QCCT354",
        "stop_name": "Ngã 3 Lò Chén",
        "stop_type": "Trụ dừng",
        "route_no": "126",
        "display_code": "B 126",
        "direction": "Lượt về",
        "address": "1687 Tỉnh lộ 8, Củ Chi",
        "street": "Tỉnh lộ 8, Củ Chi",
        "zone": "Huyện Củ Chi",
        "ward": "Xã Bình Mỹ",
        "all_routes": "126",
        "marker_color": "#8BC34A"
      }
    },
    {
      "type": "Feature",
      "geometry": {
        "type": "Point",
        "coordinates": [
          106.618332,
          10.978767
        ]
      },
      "properties": {
        "feature_type": "bus_stop",
        "stop_id": 1319,
        "stop_code": "QCCT355",
        "stop_name": "Ngã 3 Bù Na, chợ Hòa Phú",
        "stop_type": "Ô sơn",
        "route_no": "126",
        "display_code": "B 126",
        "direction": "Lượt về",
        "address": "1655 Tỉnh lộ 8, Củ Chi",
        "street": "Tỉnh lộ 8, Củ Chi",
        "zone": "Huyện Củ Chi",
        "ward": "Xã Hòa Phú",
        "all_routes": "126",
        "marker_color": "#8BC34A"
      }
    },
    {
      "type": "Feature",
      "geometry": {
        "type": "Point",
        "coordinates": [
          106.615512,
          10.979474
        ]
      },
      "properties": {
        "feature_type": "bus_stop",
        "stop_id": 7652,
        "stop_code": "HCC 356",
        "stop_name": "UBND xã Hòa Phú",
        "stop_type": "Nhà chờ",
        "route_no": "126",
        "display_code": "B 126",
        "direction": "Lượt về",
        "address": "Phim trường đài truyền hình TPHCM Tỉnh lộ 8",
        "street": "Tỉnh lộ 8",
        "zone": "Huyện Củ Chi",
        "ward": "Xã Hòa Phú",
        "all_routes": "126",
        "marker_color": "#8BC34A"
      }
    },
    {
      "type": "Feature",
      "geometry": {
        "type": "Point",
        "coordinates": [
          106.612337,
          10.980122
        ]
      },
      "properties": {
        "feature_type": "bus_stop",
        "stop_id": 5830,
        "stop_code": "HCC 252",
        "stop_name": "Chùa Phước Hòa",
        "stop_type": "Trụ dừng",
        "route_no": "126",
        "display_code": "B 126",
        "direction": "Lượt về",
        "address": "1569 (1573) Tỉnh lộ 8",
        "street": "Tỉnh lộ 8",
        "zone": "Huyện Củ Chi",
        "ward": "Xã Hòa Phú",
        "all_routes": "126",
        "marker_color": "#8BC34A"
      }
    },
    {
      "type": "Feature",
      "geometry": {
        "type": "Point",
        "coordinates": [
          106.60871,
          10.980738
        ]
      },
      "properties": {
        "feature_type": "bus_stop",
        "stop_id": 5829,
        "stop_code": "HCC 250",
        "stop_name": "Trường Hòa Phú",
        "stop_type": "Trụ dừng",
        "route_no": "126",
        "display_code": "B 126",
        "direction": "Lượt về",
        "address": "đd 1658 Tỉnh lộ 8",
        "street": "Tỉnh lộ 8",
        "zone": "Huyện Củ Chi",
        "ward": "Xã Hòa Phú",
        "all_routes": "126",
        "marker_color": "#8BC34A"
      }
    },
    {
      "type": "Feature",
      "geometry": {
        "type": "Point",
        "coordinates": [
          106.603968,
          10.98156
        ]
      },
      "properties": {
        "feature_type": "bus_stop",
        "stop_id": 1320,
        "stop_code": "QCCT356",
        "stop_name": "Khu công nghiệp Cơ Khí Ô tô",
        "stop_type": "Trụ dừng",
        "route_no": "126",
        "display_code": "B 126",
        "direction": "Lượt về",
        "address": "1479 Tỉnh lộ 8, Củ Chi",
        "street": "Tỉnh lộ 8, Củ Chi",
        "zone": "Huyện Củ Chi",
        "ward": "Xã Hòa Phú",
        "all_routes": "126",
        "marker_color": "#8BC34A"
      }
    },
    {
      "type": "Feature",
      "geometry": {
        "type": "Point",
        "coordinates": [
          106.599505,
          10.982255
        ]
      },
      "properties": {
        "feature_type": "bus_stop",
        "stop_id": 5828,
        "stop_code": "HCC 246",
        "stop_name": "Văn phòng Ấp 4",
        "stop_type": "Nhà chờ",
        "route_no": "126",
        "display_code": "B 126",
        "direction": "Lượt về",
        "address": "1441 (dd VP ấp 4) Tỉnh lộ 8",
        "street": "Tỉnh lộ 8",
        "zone": "Huyện Củ Chi",
        "ward": "Xã Hòa Phú",
        "all_routes": "126",
        "marker_color": "#8BC34A"
      }
    },
    {
      "type": "Feature",
      "geometry": {
        "type": "Point",
        "coordinates": [
          106.595283,
          10.982518
        ]
      },
      "properties": {
        "feature_type": "bus_stop",
        "stop_id": 1323,
        "stop_code": "QCCT357",
        "stop_name": "Ngã 3 Trung An",
        "stop_type": "Trụ dừng",
        "route_no": "126",
        "display_code": "B 126",
        "direction": "Lượt về",
        "address": "1405 Tỉnh lộ 8",
        "street": "Tỉnh lộ 8",
        "zone": "Huyện Củ Chi",
        "ward": "Xã Hòa Phú",
        "all_routes": "126",
        "marker_color": "#8BC34A"
      }
    },
    {
      "type": "Feature",
      "geometry": {
        "type": "Point",
        "coordinates": [
          106.590375,
          10.982824
        ]
      },
      "properties": {
        "feature_type": "bus_stop",
        "stop_id": 1321,
        "stop_code": "QCCT358",
        "stop_name": "Công ty SAEHWAVINA",
        "stop_type": "Trụ dừng",
        "route_no": "126",
        "display_code": "B 126",
        "direction": "Lượt về",
        "address": "1345B (1339) Tỉnh lộ 8",
        "street": "Tỉnh lộ 8",
        "zone": "Huyện Củ Chi",
        "ward": "Xã Trung An",
        "all_routes": "126",
        "marker_color": "#8BC34A"
      }
    },
    {
      "type": "Feature",
      "geometry": {
        "type": "Point",
        "coordinates": [
          106.583197,
          10.983324
        ]
      },
      "properties": {
        "feature_type": "bus_stop",
        "stop_id": 1324,
        "stop_code": "QCCT359",
        "stop_name": "Công ty Samho",
        "stop_type": "Nhà chờ",
        "route_no": "126",
        "display_code": "B 126",
        "direction": "Lượt về",
        "address": "1245 Tỉnh lộ 8, Củ Chi",
        "street": "Tỉnh lộ 8, Củ Chi",
        "zone": "Huyện Củ Chi",
        "ward": "Xã Trung An",
        "all_routes": "126",
        "marker_color": "#8BC34A"
      }
    },
    {
      "type": "Feature",
      "geometry": {
        "type": "Point",
        "coordinates": [
          106.578771,
          10.983608
        ]
      },
      "properties": {
        "feature_type": "bus_stop",
        "stop_id": 1322,
        "stop_code": "QCCT360",
        "stop_name": "Trung tâm thương mại Satra Mall",
        "stop_type": "Nhà chờ",
        "route_no": "126",
        "display_code": "B 126",
        "direction": "Lượt về",
        "address": "Satra Mall (đd 1318) Tỉnh lộ 8",
        "street": "Tỉnh lộ 8",
        "zone": "Huyện Củ Chi",
        "ward": "Xã Trung An",
        "all_routes": "126",
        "marker_color": "#8BC34A"
      }
    },
    {
      "type": "Feature",
      "geometry": {
        "type": "Point",
        "coordinates": [
          106.575542,
          10.983814
        ]
      },
      "properties": {
        "feature_type": "bus_stop",
        "stop_id": 1325,
        "stop_code": "QCCT361",
        "stop_name": "Ngã tư Tân Quy",
        "stop_type": "Trụ dừng",
        "route_no": "126",
        "display_code": "B 126",
        "direction": "Lượt về",
        "address": "30 Tỉnh lộ 8",
        "street": "Tỉnh lộ 8",
        "zone": "Huyện Củ Chi",
        "ward": "Xã Tân Thạnh Tây",
        "all_routes": "126",
        "marker_color": "#8BC34A"
      }
    },
    {
      "type": "Feature",
      "geometry": {
        "type": "Point",
        "coordinates": [
          106.570913,
          10.984146
        ]
      },
      "properties": {
        "feature_type": "bus_stop",
        "stop_id": 1326,
        "stop_code": "QCCT362",
        "stop_name": "Nguyễn Kim Cương",
        "stop_type": "Trụ dừng",
        "route_no": "126",
        "display_code": "B 126",
        "direction": "Lượt về",
        "address": "120 Tỉnh lộ 8",
        "street": "Tỉnh lộ 8",
        "zone": "Huyện Củ Chi",
        "ward": "Xã Tân Thạnh Tây",
        "all_routes": "126",
        "marker_color": "#8BC34A"
      }
    },
    {
      "type": "Feature",
      "geometry": {
        "type": "Point",
        "coordinates": [
          106.56682,
          10.98443
        ]
      },
      "properties": {
        "feature_type": "bus_stop",
        "stop_id": 1327,
        "stop_code": "QCCT363",
        "stop_name": "Công ty Thái Hà",
        "stop_type": "Trụ dừng",
        "route_no": "126",
        "display_code": "B 126",
        "direction": "Lượt về",
        "address": "178-180 Tỉnh lộ 8",
        "street": "Tỉnh lộ 8",
        "zone": "Huyện Củ Chi",
        "ward": "Xã Tân Thạnh Tây",
        "all_routes": "126",
        "marker_color": "#8BC34A"
      }
    },
    {
      "type": "Feature",
      "geometry": {
        "type": "Point",
        "coordinates": [
          106.560924,
          10.984883
        ]
      },
      "properties": {
        "feature_type": "bus_stop",
        "stop_id": 1328,
        "stop_code": "QCCT364",
        "stop_name": "Trạm y tế Tân Thạnh Tây",
        "stop_type": "Nhà chờ",
        "route_no": "126",
        "display_code": "B 126",
        "direction": "Lượt về",
        "address": "Trạm y tế Tân Thạnh Tây Tỉnh lộ 8",
        "street": "Tỉnh lộ 8",
        "zone": "Huyện Củ Chi",
        "ward": "Xã Tân Thạnh Tây",
        "all_routes": "126",
        "marker_color": "#8BC34A"
      }
    },
    {
      "type": "Feature",
      "geometry": {
        "type": "Point",
        "coordinates": [
          106.553575,
          10.984514
        ]
      },
      "properties": {
        "feature_type": "bus_stop",
        "stop_id": 1329,
        "stop_code": "QCCT365",
        "stop_name": "Trường tiểu học Tân Thạnh Tây",
        "stop_type": "Nhà chờ",
        "route_no": "126",
        "display_code": "B 126",
        "direction": "Lượt về",
        "address": "Trường tiểu học Tân Thạnh Tây (cạnh 320) Tỉnh lộ 8",
        "street": "Tỉnh lộ 8",
        "zone": "Huyện Củ Chi",
        "ward": "Xã Tân Thạnh Tây",
        "all_routes": "126",
        "marker_color": "#8BC34A"
      }
    },
    {
      "type": "Feature",
      "geometry": {
        "type": "Point",
        "coordinates": [
          106.549659,
          10.984061
        ]
      },
      "properties": {
        "feature_type": "bus_stop",
        "stop_id": 1330,
        "stop_code": "QCCT366",
        "stop_name": "Đồng Mã Vôi",
        "stop_type": "Trụ dừng",
        "route_no": "126",
        "display_code": "B 126",
        "direction": "Lượt về",
        "address": "368A Tỉnh lộ 8",
        "street": "Tỉnh lộ 8",
        "zone": "Huyện Củ Chi",
        "ward": "Xã Tân Thạnh Tây",
        "all_routes": "126",
        "marker_color": "#8BC34A"
      }
    },
    {
      "type": "Feature",
      "geometry": {
        "type": "Point",
        "coordinates": [
          106.543972,
          10.985141
        ]
      },
      "properties": {
        "feature_type": "bus_stop",
        "stop_id": 1331,
        "stop_code": "QCCT367",
        "stop_name": "Ấp 5",
        "stop_type": "Trụ dừng",
        "route_no": "126",
        "display_code": "B 126",
        "direction": "Lượt về",
        "address": "Kế 428A Tỉnh lộ 8",
        "street": "Tỉnh lộ 8",
        "zone": "Huyện Củ Chi",
        "ward": "Xã Tân Thạnh Tây",
        "all_routes": "126",
        "marker_color": "#8BC34A"
      }
    },
    {
      "type": "Feature",
      "geometry": {
        "type": "Point",
        "coordinates": [
          106.540405,
          10.985978
        ]
      },
      "properties": {
        "feature_type": "bus_stop",
        "stop_id": 1332,
        "stop_code": "QCCT368",
        "stop_name": "Cây xăng Petrolimet 58",
        "stop_type": "Trụ dừng",
        "route_no": "126",
        "display_code": "B 126",
        "direction": "Lượt về",
        "address": "470B Tỉnh lộ 8",
        "street": "Tỉnh lộ 8",
        "zone": "Huyện Củ Chi",
        "ward": "Xã Tân Thạnh Tây",
        "all_routes": "126",
        "marker_color": "#8BC34A"
      }
    },
    {
      "type": "Feature",
      "geometry": {
        "type": "Point",
        "coordinates": [
          106.533828,
          10.985246
        ]
      },
      "properties": {
        "feature_type": "bus_stop",
        "stop_id": 1334,
        "stop_code": "QCCT369",
        "stop_name": "Công viên nước Củ Chi",
        "stop_type": "Trụ dừng",
        "route_no": "126",
        "display_code": "B 126",
        "direction": "Lượt về",
        "address": "Đối diện cây xăng Tài Lộc 8 Tỉnh lộ 8",
        "street": "Tỉnh lộ 8",
        "zone": "Huyện Củ Chi",
        "ward": "Xã Tân Thạnh Tây",
        "all_routes": "126",
        "marker_color": "#8BC34A"
      }
    },
    {
      "type": "Feature",
      "geometry": {
        "type": "Point",
        "coordinates": [
          106.529006,
          10.984714
        ]
      },
      "properties": {
        "feature_type": "bus_stop",
        "stop_id": 1333,
        "stop_code": "QCCT370",
        "stop_name": "Ấp 6",
        "stop_type": "Trụ dừng",
        "route_no": "126",
        "display_code": "B 126",
        "direction": "Lượt về",
        "address": "637 Tỉnh lộ 8",
        "street": "Tỉnh lộ 8",
        "zone": "Huyện Củ Chi",
        "ward": "Xã Phước Vĩnh An",
        "all_routes": "126",
        "marker_color": "#8BC34A"
      }
    },
    {
      "type": "Feature",
      "geometry": {
        "type": "Point",
        "coordinates": [
          106.524891,
          10.984899
        ]
      },
      "properties": {
        "feature_type": "bus_stop",
        "stop_id": 1338,
        "stop_code": "QCCT371",
        "stop_name": "Cây Bài",
        "stop_type": "Trụ dừng",
        "route_no": "126",
        "display_code": "B 126",
        "direction": "Lượt về",
        "address": "Kế 597B Tỉnh lộ 8",
        "street": "Tỉnh lộ 8",
        "zone": "Huyện Củ Chi",
        "ward": "Xã Phước Vĩnh An",
        "all_routes": "126",
        "marker_color": "#8BC34A"
      }
    },
    {
      "type": "Feature",
      "geometry": {
        "type": "Point",
        "coordinates": [
          106.521286,
          10.985025
        ]
      },
      "properties": {
        "feature_type": "bus_stop",
        "stop_id": 1335,
        "stop_code": "QCCT372",
        "stop_name": "Trường tiểu học Phước Vĩnh An",
        "stop_type": "Nhà chờ",
        "route_no": "126",
        "display_code": "B 126",
        "direction": "Lượt về",
        "address": "Kế 549 Tỉnh lộ 8, Củ Chi",
        "street": "Tỉnh lộ 8, Củ Chi",
        "zone": "Huyện Củ Chi",
        "ward": "Xã Phước Vĩnh An",
        "all_routes": "126",
        "marker_color": "#8BC34A"
      }
    },
    {
      "type": "Feature",
      "geometry": {
        "type": "Point",
        "coordinates": [
          106.518223,
          10.984288
        ]
      },
      "properties": {
        "feature_type": "bus_stop",
        "stop_id": 1339,
        "stop_code": "QCCT373",
        "stop_name": "Trần Văn Chẩm",
        "stop_type": "Nhà chờ",
        "route_no": "126",
        "display_code": "B 126",
        "direction": "Lượt về",
        "address": "521 Tỉnh lộ 8",
        "street": "Tỉnh lộ 8",
        "zone": "Huyện Củ Chi",
        "ward": "Xã Phước Vĩnh An",
        "all_routes": "126",
        "marker_color": "#8BC34A"
      }
    },
    {
      "type": "Feature",
      "geometry": {
        "type": "Point",
        "coordinates": [
          106.512473,
          10.982808
        ]
      },
      "properties": {
        "feature_type": "bus_stop",
        "stop_id": 1336,
        "stop_code": "QCCT374",
        "stop_name": "Cây xăng Hoàng Sơn",
        "stop_type": "Trụ dừng",
        "route_no": "126",
        "display_code": "B 126",
        "direction": "Lượt về",
        "address": "441 (Đối diện 546) Tỉnh lộ 8",
        "street": "Tỉnh lộ 8",
        "zone": "Huyện Củ Chi",
        "ward": "Xã Phước Vĩnh An",
        "all_routes": "126",
        "marker_color": "#8BC34A"
      }
    },
    {
      "type": "Feature",
      "geometry": {
        "type": "Point",
        "coordinates": [
          106.508793,
          10.98126
        ]
      },
      "properties": {
        "feature_type": "bus_stop",
        "stop_id": 1341,
        "stop_code": "QCCT375",
        "stop_name": "Tỉnh lộ 2",
        "stop_type": "Trụ dừng",
        "route_no": "126",
        "display_code": "B 126",
        "direction": "Lượt về",
        "address": "399 Tỉnh lộ 8",
        "street": "Tỉnh lộ 8",
        "zone": "Huyện Củ Chi",
        "ward": "Xã Phước Vĩnh An",
        "all_routes": "126",
        "marker_color": "#8BC34A"
      }
    },
    {
      "type": "Feature",
      "geometry": {
        "type": "Point",
        "coordinates": [
          106.503439,
          10.978205
        ]
      },
      "properties": {
        "feature_type": "bus_stop",
        "stop_id": 1337,
        "stop_code": "QCCT376",
        "stop_name": "Can Trường",
        "stop_type": "Trụ dừng",
        "route_no": "126",
        "display_code": "B 126",
        "direction": "Lượt về",
        "address": "301 Tỉnh lộ 8",
        "street": "Tỉnh lộ 8",
        "zone": "Huyện Củ Chi",
        "ward": "Thị trấn Củ Chi",
        "all_routes": "126",
        "marker_color": "#8BC34A"
      }
    },
    {
      "type": "Feature",
      "geometry": {
        "type": "Point",
        "coordinates": [
          106.499947,
          10.976188
        ]
      },
      "properties": {
        "feature_type": "bus_stop",
        "stop_id": 1343,
        "stop_code": "QCCT380",
        "stop_name": "Công an Xã Tân An Hội",
        "stop_type": "Trụ dừng",
        "route_no": "126",
        "display_code": "B 126",
        "direction": "Lượt về",
        "address": "185 Tỉnh lộ 8",
        "street": "Tỉnh lộ 8",
        "zone": "Huyện Củ Chi",
        "ward": "Thị trấn Củ Chi",
        "all_routes": "126",
        "marker_color": "#8BC34A"
      }
    },
    {
      "type": "Feature",
      "geometry": {
        "type": "Point",
        "coordinates": [
          106.49447,
          10.973113
        ]
      },
      "properties": {
        "feature_type": "bus_stop",
        "stop_id": 1342,
        "stop_code": "QCCT378",
        "stop_name": "Ủy Ban nhân dân Xã Tân An Hội",
        "stop_type": "Nhà chờ",
        "route_no": "126",
        "display_code": "B 126",
        "direction": "Lượt về",
        "address": "Số 1174 (Ủy Ban nhân dân Xã Tân An ) Tỉnh lộ 8",
        "street": "Tỉnh lộ 8",
        "zone": "Huyện Củ Chi",
        "ward": "Xã Tân An Hội",
        "all_routes": "126",
        "marker_color": "#8BC34A"
      }
    },
    {
      "type": "Feature",
      "geometry": {
        "type": "Point",
        "coordinates": [
          106.491176,
          10.971159
        ]
      },
      "properties": {
        "feature_type": "bus_stop",
        "stop_id": 1340,
        "stop_code": "QCCT379",
        "stop_name": "Trường Mầm non Thị trấn 3",
        "stop_type": "Nhà chờ",
        "route_no": "126",
        "display_code": "B 126",
        "direction": "Lượt về",
        "address": "Đối diện 116  Tỉnh lộ 8",
        "street": "Tỉnh lộ 8",
        "zone": "Huyện Củ Chi",
        "ward": "Xã Tân An Hội",
        "all_routes": "126",
        "marker_color": "#8BC34A"
      }
    },
    {
      "type": "Feature",
      "geometry": {
        "type": "Point",
        "coordinates": [
          106.487818,
          10.969195
        ]
      },
      "properties": {
        "feature_type": "bus_stop",
        "stop_id": 1345,
        "stop_code": "QCCT377",
        "stop_name": "Trung tâm văn hóa Củ Chi",
        "stop_type": "Nhà chờ",
        "route_no": "126",
        "display_code": "B 126",
        "direction": "Lượt về",
        "address": "Trung tâm văn hóa Củ Chi Tỉnh lộ 8",
        "street": "Tỉnh lộ 8",
        "zone": "Huyện Củ Chi",
        "ward": "Thị trấn Củ Chi",
        "all_routes": "126",
        "marker_color": "#8BC34A"
      }
    }
  ]
}