{
  "type": "FeatureCollection",
  "properties": {
    "stt": 12,
    "route_no": "62",
    "display_code": "B 62",
    "route_name": "Bến xe buýt Quận 8 - Thới An",
    "start_point": "Bến xe buýt Quận 8",
    "end_point": "Thới An",
    "listed_length_km": 24,
    "operating_hours": "5:00 - 19:00",
    "color": "#C0CA33",
    "num_variants": 2,
    "total_stops": 127,
    "total_points": 1009
  },
  "features": [
    {
      "type": "Feature",
      "geometry": {
        "type": "LineString",
        "coordinates": [
          [
            106.65635681,
            10.7335453
          ],
          [
            106.65635681,
            10.7335453
          ],
          [
            106.65635681,
            10.7335453
          ],
          [
            106.6567688,
            10.73354053
          ],
          [
            106.65676117,
            10.73415661
          ],
          [
            106.65621948,
            10.73412037
          ],
          [
            106.65621948,
            10.7347002
          ],
          [
            106.65622711,
            10.73527908
          ],
          [
            106.65623474,
            10.7358675
          ],
          [
            106.65624237,
            10.73645496
          ],
          [
            106.65634918,
            10.73645973
          ],
          [
            106.65634918,
            10.73645973
          ],
          [
            106.65634918,
            10.73645973
          ],
          [
            106.65634918,
            10.73645973
          ],
          [
            106.65634918,
            10.73645973
          ],
          [
            106.65634918,
            10.73645973
          ],
          [
            106.65624237,
            10.73646545
          ],
          [
            106.65625763,
            10.73704433
          ],
          [
            106.65627289,
            10.73762226
          ],
          [
            106.65629578,
            10.73820114
          ],
          [
            106.65631104,
            10.73876858
          ],
          [
            106.65642548,
            10.73876858
          ],
          [
            106.65642548,
            10.73876858
          ],
          [
            106.65642548,
            10.73876858
          ],
          [
            106.65642548,
            10.73876858
          ],
          [
            106.65642548,
            10.73876858
          ],
          [
            106.65631866,
            10.73876858
          ],
          [
            106.65637207,
            10.73973083
          ],
          [
            106.65641785,
            10.74069214
          ],
          [
            106.65628052,
            10.74123478
          ],
          [
            106.65570831,
            10.74260998
          ],
          [
            106.65558624,
            10.74295044
          ],
          [
            106.6555481,
            10.74326038
          ],
          [
            106.65557861,
            10.74351978
          ],
          [
            106.6556778,
            10.74376965
          ],
          [
            106.65579987,
            10.74396992
          ],
          [
            106.65609741,
            10.74422359
          ],
          [
            106.65642548,
            10.74440002
          ],
          [
            106.65676117,
            10.74457645
          ],
          [
            106.65679932,
            10.74451256
          ],
          [
            106.65679932,
            10.74451256
          ],
          [
            106.65679932,
            10.74451256
          ],
          [
            106.65676117,
            10.74457645
          ],
          [
            106.65748596,
            10.744977
          ],
          [
            106.65821075,
            10.74537754
          ],
          [
            106.65895081,
            10.74577808
          ],
          [
            106.65970612,
            10.74616337
          ],
          [
            106.65975952,
            10.74607277
          ],
          [
            106.65975952,
            10.74607277
          ],
          [
            106.65970612,
            10.74617386
          ],
          [
            106.6603241,
            10.74646854
          ],
          [
            106.66041565,
            10.74661636
          ],
          [
            106.66053009,
            10.74738598
          ],
          [
            106.66062927,
            10.74812317
          ],
          [
            106.6605072,
            10.7488451
          ],
          [
            106.66004181,
            10.75017357
          ],
          [
            106.66052246,
            10.7505846
          ],
          [
            106.66099548,
            10.75086975
          ],
          [
            106.66148376,
            10.75104809
          ],
          [
            106.66148376,
            10.7512064
          ],
          [
            106.66099548,
            10.75105381
          ],
          [
            106.66030884,
            10.75064278
          ],
          [
            106.65995789,
            10.75052166
          ],
          [
            106.65950012,
            10.75072193
          ],
          [
            106.65920258,
            10.7508955
          ],
          [
            106.65911865,
            10.75135422
          ],
          [
            106.65920258,
            10.75136757
          ],
          [
            106.65920258,
            10.75136757
          ],
          [
            106.65912628,
            10.75135994
          ],
          [
            106.65893555,
            10.75256634
          ],
          [
            106.65893555,
            10.75256634
          ],
          [
            106.65840149,
            10.75444984
          ],
          [
            106.65921783,
            10.75459957
          ],
          [
            106.65923309,
            10.75455284
          ],
          [
            106.65923309,
            10.75455284
          ],
          [
            106.65921783,
            10.75459957
          ],
          [
            106.66153717,
            10.75502014
          ],
          [
            106.6624527,
            10.75520992
          ],
          [
            106.66236877,
            10.75539017
          ],
          [
            106.66223145,
            10.75598717
          ],
          [
            106.66233063,
            10.75601292
          ],
          [
            106.66233063,
            10.75601292
          ],
          [
            106.66223907,
            10.75598145
          ],
          [
            106.66156006,
            10.75843716
          ],
          [
            106.6608429,
            10.75829506
          ],
          [
            106.66082764,
            10.75836372
          ],
          [
            106.66082764,
            10.75836372
          ],
          [
            106.66082764,
            10.75836372
          ],
          [
            106.66082764,
            10.75836372
          ],
          [
            106.66082764,
            10.75836372
          ],
          [
            106.6608429,
            10.75830078
          ],
          [
            106.66020966,
            10.75813198
          ],
          [
            106.6595459,
            10.75802612
          ],
          [
            106.6588974,
            10.75785255
          ],
          [
            106.6582489,
            10.7577467
          ],
          [
            106.65843201,
            10.75830841
          ],
          [
            106.65862274,
            10.75886917
          ],
          [
            106.65884399,
            10.75966549
          ],
          [
            106.65853882,
            10.76007843
          ],
          [
            106.65823364,
            10.76049042
          ],
          [
            106.65792847,
            10.76094055
          ],
          [
            106.65762329,
            10.76138973
          ],
          [
            106.65732574,
            10.76183128
          ],
          [
            106.65732574,
            10.76183128
          ],
          [
            106.65732574,
            10.76183128
          ],
          [
            106.65732574,
            10.76183128
          ],
          [
            106.65703583,
            10.76231098
          ],
          [
            106.65672302,
            10.7621479
          ],
          [
            106.6558609,
            10.76228523
          ],
          [
            106.6558609,
            10.76228523
          ],
          [
            106.65483093,
            10.76240349
          ],
          [
            106.65380096,
            10.76252174
          ],
          [
            106.65380096,
            10.76252174
          ],
          [
            106.65301514,
            10.7626009
          ],
          [
            106.65222931,
            10.76267433
          ],
          [
            106.65125275,
            10.76278496
          ],
          [
            106.65094757,
            10.7629118
          ],
          [
            106.65074921,
            10.76307011
          ],
          [
            106.65074921,
            10.76307011
          ],
          [
            106.65003967,
            10.76341248
          ],
          [
            106.64939117,
            10.76381302
          ],
          [
            106.64939117,
            10.76381302
          ],
          [
            106.64875031,
            10.76412868
          ],
          [
            106.64812469,
            10.7644558
          ],
          [
            106.64751434,
            10.76477718
          ],
          [
            106.64692688,
            10.76511955
          ],
          [
            106.64692688,
            10.76511955
          ],
          [
            106.64692688,
            10.76511955
          ],
          [
            106.64633942,
            10.76543617
          ],
          [
            106.64582062,
            10.76560974
          ],
          [
            106.64530182,
            10.76578426
          ],
          [
            106.64417267,
            10.76616859
          ],
          [
            106.64362335,
            10.7663765
          ],
          [
            106.64308167,
            10.76659012
          ],
          [
            106.64308167,
            10.76659012
          ],
          [
            106.64308167,
            10.76659012
          ],
          [
            106.64260864,
            10.76674843
          ],
          [
            106.64239502,
            10.76697445
          ],
          [
            106.64202118,
            10.76693821
          ],
          [
            106.64117432,
            10.7671957
          ],
          [
            106.64117432,
            10.7671957
          ],
          [
            106.6410141,
            10.76724911
          ],
          [
            106.64019012,
            10.7677393
          ],
          [
            106.63970184,
            10.76804447
          ],
          [
            106.63925934,
            10.76836109
          ],
          [
            106.63925934,
            10.76836109
          ],
          [
            106.63869476,
            10.7685976
          ],
          [
            106.63813782,
            10.76883507
          ],
          [
            106.63758087,
            10.76902199
          ],
          [
            106.63703156,
            10.76920891
          ],
          [
            106.6370697,
            10.76936722
          ],
          [
            106.6370697,
            10.76936722
          ],
          [
            106.63703156,
            10.76920891
          ],
          [
            106.63645172,
            10.76943016
          ],
          [
            106.63584137,
            10.769557
          ],
          [
            106.63522339,
            10.76955223
          ],
          [
            106.63460541,
            10.76950932
          ],
          [
            106.63460541,
            10.76959896
          ],
          [
            106.63460541,
            10.76959896
          ],
          [
            106.63460541,
            10.76950455
          ],
          [
            106.63414764,
            10.76953602
          ],
          [
            106.63368988,
            10.76968861
          ],
          [
            106.63326263,
            10.76984692
          ],
          [
            106.63283539,
            10.77000999
          ],
          [
            106.63283539,
            10.77000999
          ],
          [
            106.63234711,
            10.77016354
          ],
          [
            106.63185883,
            10.77031612
          ],
          [
            106.63196564,
            10.77107239
          ],
          [
            106.63207245,
            10.7718277
          ],
          [
            106.63207245,
            10.7718277
          ],
          [
            106.63215637,
            10.77249813
          ],
          [
            106.63230133,
            10.77315617
          ],
          [
            106.63249969,
            10.77382565
          ],
          [
            106.63276672,
            10.77443695
          ],
          [
            106.63276672,
            10.77443695
          ],
          [
            106.63295746,
            10.77492714
          ],
          [
            106.63330078,
            10.77542782
          ],
          [
            106.6335907,
            10.77590179
          ],
          [
            106.63396454,
            10.77635479
          ],
          [
            106.63396454,
            10.77635479
          ],
          [
            106.63449097,
            10.77711391
          ],
          [
            106.63495636,
            10.77791023
          ],
          [
            106.63530731,
            10.7786684
          ],
          [
            106.63557434,
            10.77946377
          ],
          [
            106.63557434,
            10.77946377
          ],
          [
            106.63573456,
            10.78001213
          ],
          [
            106.63589478,
            10.78056049
          ],
          [
            106.6359787,
            10.78113461
          ],
          [
            106.63605499,
            10.78170967
          ],
          [
            106.63643646,
            10.78209972
          ],
          [
            106.63681793,
            10.78248882
          ],
          [
            106.63724518,
            10.78283215
          ],
          [
            106.63770294,
            10.78313732
          ],
          [
            106.63777161,
            10.78304291
          ],
          [
            106.63777161,
            10.78304291
          ],
          [
            106.63777161,
            10.78304291
          ],
          [
            106.63769531,
            10.78312206
          ],
          [
            106.63838959,
            10.78360939
          ],
          [
            106.63910675,
            10.78411198
          ],
          [
            106.63980865,
            10.78457642
          ],
          [
            106.64046478,
            10.78506088
          ],
          [
            106.64053345,
            10.78499794
          ],
          [
            106.64053345,
            10.78499794
          ],
          [
            106.64053345,
            10.78499794
          ],
          [
            106.64046478,
            10.7850771
          ],
          [
            106.64104462,
            10.78550339
          ],
          [
            106.64163971,
            10.78594589
          ],
          [
            106.64138794,
            10.78660965
          ],
          [
            106.64112091,
            10.78727913
          ],
          [
            106.64118195,
            10.78728962
          ],
          [
            106.64118195,
            10.78728962
          ],
          [
            106.64118195,
            10.78728962
          ],
          [
            106.64118195,
            10.78728962
          ],
          [
            106.64118195,
            10.78728962
          ],
          [
            106.64118195,
            10.78728962
          ],
          [
            106.64111328,
            10.78727436
          ],
          [
            106.64086914,
            10.78802299
          ],
          [
            106.64061737,
            10.78877068
          ],
          [
            106.6403656,
            10.78951931
          ],
          [
            106.64011383,
            10.79026699
          ],
          [
            106.64022064,
            10.79029369
          ],
          [
            106.64022064,
            10.79029369
          ],
          [
            106.64022064,
            10.79029369
          ],
          [
            106.64022064,
            10.79029369
          ],
          [
            106.64022064,
            10.79029369
          ],
          [
            106.64022064,
            10.79029369
          ],
          [
            106.64009857,
            10.79025173
          ],
          [
            106.6397934,
            10.79117107
          ],
          [
            106.63948059,
            10.79209042
          ],
          [
            106.63917542,
            10.79300976
          ],
          [
            106.63887024,
            10.7939291
          ],
          [
            106.63898468,
            10.79397202
          ],
          [
            106.63898468,
            10.79397202
          ],
          [
            106.63898468,
            10.79397202
          ],
          [
            106.63898468,
            10.79397202
          ],
          [
            106.63898468,
            10.79397202
          ],
          [
            106.63887024,
            10.7939291
          ],
          [
            106.6385498,
            10.79494381
          ],
          [
            106.63824463,
            10.79597378
          ],
          [
            106.63835144,
            10.79599953
          ],
          [
            106.63835144,
            10.79599953
          ],
          [
            106.63835144,
            10.79599953
          ],
          [
            106.63835144,
            10.79599953
          ],
          [
            106.63835144,
            10.79599953
          ],
          [
            106.63824463,
            10.7959795
          ],
          [
            106.63805389,
            10.79665661
          ],
          [
            106.63786316,
            10.79733372
          ],
          [
            106.63768005,
            10.79801369
          ],
          [
            106.63750458,
            10.7986927
          ],
          [
            106.63757324,
            10.79870892
          ],
          [
            106.63757324,
            10.79870892
          ],
          [
            106.63757324,
            10.79870892
          ],
          [
            106.63757324,
            10.79870892
          ],
          [
            106.63751221,
            10.79869843
          ],
          [
            106.63722992,
            10.79967594
          ],
          [
            106.63695526,
            10.80065346
          ],
          [
            106.63704681,
            10.80067444
          ],
          [
            106.63704681,
            10.80067444
          ],
          [
            106.63704681,
            10.80067444
          ],
          [
            106.63704681,
            10.80067444
          ],
          [
            106.63695526,
            10.80065823
          ],
          [
            106.63668823,
            10.80192375
          ],
          [
            106.6361084,
            10.80295563
          ],
          [
            106.63584137,
            10.80383587
          ],
          [
            106.63556671,
            10.80471611
          ],
          [
            106.63562775,
            10.80473232
          ],
          [
            106.63562775,
            10.80473232
          ],
          [
            106.63562775,
            10.80473232
          ],
          [
            106.63556671,
            10.80472088
          ],
          [
            106.63534546,
            10.8054533
          ],
          [
            106.63513184,
            10.80618572
          ],
          [
            106.63518524,
            10.80620193
          ],
          [
            106.63518524,
            10.80620193
          ],
          [
            106.63513184,
            10.80619144
          ],
          [
            106.63493346999999,
            10.80686092
          ],
          [
            106.63486481,
            10.80727196
          ],
          [
            106.63478851,
            10.80765629
          ],
          [
            106.63456726,
            10.80829906
          ],
          [
            106.63463593,
            10.80831432
          ],
          [
            106.63463593,
            10.80831432
          ],
          [
            106.63463593,
            10.80831432
          ],
          [
            106.63455963,
            10.80829906
          ],
          [
            106.63423157,
            10.80921078
          ],
          [
            106.6339035,
            10.81023312
          ],
          [
            106.63359833,
            10.81120777
          ],
          [
            106.63330078,
            10.81219292
          ],
          [
            106.63334656,
            10.81220436
          ],
          [
            106.63334656,
            10.81220436
          ],
          [
            106.63334656,
            10.81220436
          ],
          [
            106.63334656,
            10.81220436
          ],
          [
            106.63329315,
            10.81218815
          ],
          [
            106.63284302,
            10.81352615
          ],
          [
            106.63249207,
            10.81486988
          ],
          [
            106.63166809,
            10.81754112
          ],
          [
            106.63140869,
            10.81831551
          ],
          [
            106.6314621,
            10.81833172
          ],
          [
            106.6314621,
            10.81833172
          ],
          [
            106.6314621,
            10.81833172
          ],
          [
            106.6314621,
            10.81833172
          ],
          [
            106.63140106,
            10.818326
          ],
          [
            106.63090515,
            10.81998062
          ],
          [
            106.63041687,
            10.82164097
          ],
          [
            106.63014984,
            10.82241535
          ],
          [
            106.63025665,
            10.82245159
          ],
          [
            106.63025665,
            10.82245159
          ],
          [
            106.63025665,
            10.82245159
          ],
          [
            106.63025665,
            10.82245159
          ],
          [
            106.63014984,
            10.82239437
          ],
          [
            106.62976837,
            10.82297993
          ],
          [
            106.6295929,
            10.82320023
          ],
          [
            106.62840271,
            10.82431984
          ],
          [
            106.62654877,
            10.82602024
          ],
          [
            106.62669373,
            10.82703972
          ],
          [
            106.62670135,
            10.8273201
          ],
          [
            106.62676239,
            10.82732296
          ],
          [
            106.62676239,
            10.82732296
          ],
          [
            106.62676239,
            10.82732296
          ],
          [
            106.62676239,
            10.82732296
          ],
          [
            106.62676239,
            10.82732296
          ],
          [
            106.62679291,
            10.82793713
          ],
          [
            106.62685394,
            10.82865906
          ],
          [
            106.62696838,
            10.82938576
          ],
          [
            106.62715149,
            10.82990837
          ],
          [
            106.62715149,
            10.82990837
          ],
          [
            106.62715149,
            10.82990837
          ],
          [
            106.62715149,
            10.82990837
          ],
          [
            106.62731171,
            10.83046055
          ],
          [
            106.62749481,
            10.83100319
          ],
          [
            106.62767029,
            10.83154106
          ],
          [
            106.62789154,
            10.83206844
          ],
          [
            106.62789154,
            10.83206844
          ],
          [
            106.62812042,
            10.83303165
          ],
          [
            106.62841034,
            10.83399582
          ],
          [
            106.62875366,
            10.83511353
          ],
          [
            106.6289978,
            10.83590889
          ],
          [
            106.6289978,
            10.83590889
          ],
          [
            106.6289978,
            10.83590889
          ],
          [
            106.6289978,
            10.83590889
          ],
          [
            106.6291275,
            10.83644581
          ],
          [
            106.62926483,
            10.83698368
          ],
          [
            106.62941742,
            10.83750725
          ],
          [
            106.62957764,
            10.83803177
          ],
          [
            106.62957764,
            10.83803177
          ],
          [
            106.62957764,
            10.83803177
          ],
          [
            106.62957764,
            10.83803177
          ],
          [
            106.62976074,
            10.83891201
          ],
          [
            106.62998199,
            10.83978653
          ],
          [
            106.63015747,
            10.84066677
          ],
          [
            106.63027191,
            10.84110355
          ],
          [
            106.63045502,
            10.84152985
          ],
          [
            106.63045502,
            10.84152985
          ],
          [
            106.63072205,
            10.8422842
          ],
          [
            106.63101196,
            10.84304237
          ],
          [
            106.63134003,
            10.84374905
          ],
          [
            106.63161469,
            10.84408092
          ],
          [
            106.63194275,
            10.84436035
          ],
          [
            106.63194275,
            10.84436035
          ],
          [
            106.63240051,
            10.84489441
          ],
          [
            106.63285828,
            10.84542942
          ],
          [
            106.63332367,
            10.84596157
          ],
          [
            106.63388824,
            10.84641457
          ],
          [
            106.63388824,
            10.84641457
          ],
          [
            106.63455963,
            10.84700489
          ],
          [
            106.63496399,
            10.84728336
          ],
          [
            106.63516998,
            10.84759998
          ],
          [
            106.63475037,
            10.84791374
          ],
          [
            106.63432312,
            10.84822655
          ],
          [
            106.63436127,
            10.84825325
          ],
          [
            106.63436127,
            10.84825325
          ],
          [
            106.63433075,
            10.84821129
          ],
          [
            106.63320923,
            10.84899044
          ],
          [
            106.63214874,
            10.84977055
          ],
          [
            106.63218689,
            10.849823
          ],
          [
            106.63218689,
            10.849823
          ],
          [
            106.63214111,
            10.84976578
          ],
          [
            106.63162994,
            10.85021305
          ],
          [
            106.63108826,
            10.85066128
          ],
          [
            106.63098907,
            10.85092926
          ],
          [
            106.63124847,
            10.85124588
          ],
          [
            106.63150024,
            10.85156155
          ],
          [
            106.63166809,
            10.85202503
          ],
          [
            106.63186646,
            10.85238934
          ],
          [
            106.63230133,
            10.85264683
          ],
          [
            106.63234711,
            10.85258293
          ],
          [
            106.63234711,
            10.85258293
          ],
          [
            106.63233185,
            10.85264206
          ],
          [
            106.6346283,
            10.85387516
          ],
          [
            106.6346817,
            10.85380554
          ],
          [
            106.6346817,
            10.85380554
          ],
          [
            106.6346817,
            10.85380554
          ],
          [
            106.63462067,
            10.85388565
          ],
          [
            106.63593292,
            10.85459995
          ],
          [
            106.63724518,
            10.8553133
          ],
          [
            106.63852692,
            10.85600853
          ],
          [
            106.63980865,
            10.85670376
          ],
          [
            106.63983154,
            10.85666656
          ],
          [
            106.63983154,
            10.85666656
          ],
          [
            106.63983154,
            10.85666656
          ],
          [
            106.63980103,
            10.85671997
          ],
          [
            106.64185333,
            10.85785007
          ],
          [
            106.64417267,
            10.85910034
          ],
          [
            106.6442337,
            10.85895348
          ],
          [
            106.6442337,
            10.85895348
          ],
          [
            106.64417267,
            10.85908508
          ],
          [
            106.64594269,
            10.86004448
          ],
          [
            106.64775085,
            10.86104488
          ],
          [
            106.64778137,
            10.86096954
          ],
          [
            106.64778137,
            10.86096954
          ],
          [
            106.64772797,
            10.86101913
          ],
          [
            106.64880371,
            10.861619
          ],
          [
            106.64935303,
            10.86181927
          ],
          [
            106.64984131,
            10.86191463
          ],
          [
            106.64974976,
            10.8628149
          ],
          [
            106.64970398,
            10.86371136
          ],
          [
            106.64970398,
            10.86371136
          ],
          [
            106.64962006,
            10.86480141
          ],
          [
            106.64957428,
            10.86589718
          ],
          [
            106.64954376,
            10.86699295
          ],
          [
            106.64955139,
            10.86809444
          ],
          [
            106.64955139,
            10.86809444
          ],
          [
            106.64946747,
            10.86908722
          ],
          [
            106.64938354,
            10.87007999
          ],
          [
            106.64936066,
            10.87107277
          ],
          [
            106.64933777,
            10.87206554
          ],
          [
            106.64933777,
            10.87206554
          ],
          [
            106.64920044,
            10.87364101
          ],
          [
            106.64918518,
            10.87519455
          ],
          [
            106.64918518,
            10.87519455
          ],
          [
            106.64906311,
            10.8768568
          ],
          [
            106.64894104,
            10.87851906
          ],
          [
            106.64797974,
            10.87846661
          ]
        ]
      },
      "properties": {
        "feature_type": "route_path",
        "stt": 12,
        "route_id": 91,
        "route_no": "62",
        "display_code": "B 62",
        "route_name": "Bến xe buýt Quận 8 - Thới An",
        "direction": "Lượt đi",
        "outbound": true,
        "start_point": "Bến xe buýt Quận 8",
        "end_point": "Thới An",
        "start_stop": "Bến xe buýt Quận 8",
        "end_stop": "Bến xe buýt Thới An",
        "distance_km": 23.12,
        "listed_length_km": 24,
        "running_time_min": 85,
        "operating_hours": "5:00 - 19:00",
        "stroke": "#C0CA33",
        "stroke_width": 4,
        "stroke_opacity": 0.85
      }
    },
    {
      "type": "Feature",
      "geometry": {
        "type": "LineString",
        "coordinates": [
          [
            106.64797974,
            10.87846661
          ],
          [
            106.64884949,
            10.8785038
          ],
          [
            106.64884949,
            10.8785038
          ],
          [
            106.64892578,
            10.87850857
          ],
          [
            106.64896393,
            10.87775421
          ],
          [
            106.64900208,
            10.87699986
          ],
          [
            106.64904785,
            10.8762455
          ],
          [
            106.649086,
            10.87549019
          ],
          [
            106.64899445,
            10.87549591
          ],
          [
            106.64899445,
            10.87549591
          ],
          [
            106.64899445,
            10.87549591
          ],
          [
            106.64899445,
            10.87549591
          ],
          [
            106.64899445,
            10.87549591
          ],
          [
            106.649086,
            10.87549591
          ],
          [
            106.64916229,
            10.87403584
          ],
          [
            106.6492157,
            10.87249279
          ],
          [
            106.64915466,
            10.87248802
          ],
          [
            106.64915466,
            10.87248802
          ],
          [
            106.64915466,
            10.87248802
          ],
          [
            106.64915466,
            10.87248802
          ],
          [
            106.64915466,
            10.87248802
          ],
          [
            106.64915466,
            10.87248802
          ],
          [
            106.64920807,
            10.87248802
          ],
          [
            106.6492691,
            10.87148666
          ],
          [
            106.64932251,
            10.87048531
          ],
          [
            106.64936829,
            10.8694973
          ],
          [
            106.64942169,
            10.86851025
          ],
          [
            106.64935303,
            10.86850452
          ],
          [
            106.64935303,
            10.86850452
          ],
          [
            106.64935303,
            10.86850452
          ],
          [
            106.64935303,
            10.86850452
          ],
          [
            106.64935303,
            10.86850452
          ],
          [
            106.64935303,
            10.86850452
          ],
          [
            106.64942932,
            10.86851025
          ],
          [
            106.64955139,
            10.86596584
          ],
          [
            106.64966583,
            10.86338425
          ],
          [
            106.64962006,
            10.86337852
          ],
          [
            106.64962006,
            10.86337852
          ],
          [
            106.64962006,
            10.86337852
          ],
          [
            106.64962006,
            10.86337852
          ],
          [
            106.64962006,
            10.86337852
          ],
          [
            106.64962006,
            10.86337852
          ],
          [
            106.64962006,
            10.86337852
          ],
          [
            106.64966583,
            10.86337852
          ],
          [
            106.64968109,
            10.86275196
          ],
          [
            106.64970398,
            10.8621254
          ],
          [
            106.64912415,
            10.86194611
          ],
          [
            106.64857483,
            10.86169815
          ],
          [
            106.64853668,
            10.86176682
          ],
          [
            106.64853668,
            10.86176682
          ],
          [
            106.64853668,
            10.86176682
          ],
          [
            106.64853668,
            10.86176682
          ],
          [
            106.64853668,
            10.86176682
          ],
          [
            106.64853668,
            10.86176682
          ],
          [
            106.64853668,
            10.86176682
          ],
          [
            106.64859009,
            10.86170387
          ],
          [
            106.64789581,
            10.86130333
          ],
          [
            106.64719391,
            10.86093426
          ],
          [
            106.64648438,
            10.8605423
          ],
          [
            106.64575958,
            10.86015987
          ],
          [
            106.64568329,
            10.86030197
          ],
          [
            106.64568329,
            10.86030197
          ],
          [
            106.64568329,
            10.86030197
          ],
          [
            106.64568329,
            10.86030197
          ],
          [
            106.64568329,
            10.86030197
          ],
          [
            106.64568329,
            10.86030197
          ],
          [
            106.64568329,
            10.86030197
          ],
          [
            106.64576721,
            10.86015511
          ],
          [
            106.64382935,
            10.85907459
          ],
          [
            106.64100647,
            10.8575201
          ],
          [
            106.64091492,
            10.85766792
          ],
          [
            106.64091492,
            10.85766792
          ],
          [
            106.64091492,
            10.85766792
          ],
          [
            106.64091492,
            10.85766792
          ],
          [
            106.64091492,
            10.85766792
          ],
          [
            106.64091492,
            10.85766792
          ],
          [
            106.64091492,
            10.85766792
          ],
          [
            106.64099121,
            10.85755253
          ],
          [
            106.63964081,
            10.85681152
          ],
          [
            106.63829803,
            10.85607147
          ],
          [
            106.63816833,
            10.85625553
          ],
          [
            106.63816833,
            10.85625553
          ],
          [
            106.63816833,
            10.85625553
          ],
          [
            106.63816833,
            10.85625553
          ],
          [
            106.63816833,
            10.85625553
          ],
          [
            106.63831329,
            10.8560667
          ],
          [
            106.63687134,
            10.8552866
          ],
          [
            106.63542938,
            10.85450649
          ],
          [
            106.63398743,
            10.85371399
          ],
          [
            106.63254547,
            10.85292149
          ],
          [
            106.63246918,
            10.85304832
          ],
          [
            106.63246918,
            10.85304832
          ],
          [
            106.63246918,
            10.85304832
          ],
          [
            106.63246918,
            10.85304832
          ],
          [
            106.63246918,
            10.85304832
          ],
          [
            106.63253784,
            10.85294724
          ],
          [
            106.6309967,
            10.8521204
          ],
          [
            106.63093567,
            10.85224247
          ],
          [
            106.63093567,
            10.85224247
          ],
          [
            106.63093567,
            10.85224247
          ],
          [
            106.63093567,
            10.85224247
          ],
          [
            106.63093567,
            10.85224247
          ],
          [
            106.63093567,
            10.85224247
          ],
          [
            106.6309967,
            10.85212517
          ],
          [
            106.62882996,
            10.8510828
          ],
          [
            106.62810516,
            10.85116673
          ],
          [
            106.62761688,
            10.85132504
          ],
          [
            106.62724304,
            10.85151482
          ],
          [
            106.62696838,
            10.85185146
          ],
          [
            106.6264801,
            10.852705
          ],
          [
            106.62653351,
            10.85272598
          ],
          [
            106.62653351,
            10.85272598
          ],
          [
            106.62653351,
            10.85272598
          ],
          [
            106.62653351,
            10.85272598
          ],
          [
            106.62653351,
            10.85272598
          ],
          [
            106.6264801,
            10.85271549
          ],
          [
            106.62597656,
            10.8536005
          ],
          [
            106.62548828,
            10.8541851
          ],
          [
            106.62490845,
            10.85473347
          ],
          [
            106.62426758,
            10.8551712
          ],
          [
            106.62355804,
            10.85552883
          ],
          [
            106.62345886,
            10.85536003
          ],
          [
            106.62394714,
            10.85512829
          ],
          [
            106.62445831,
            10.85481262
          ],
          [
            106.62490845,
            10.85448551
          ],
          [
            106.62528992,
            10.85412216
          ],
          [
            106.62594604,
            10.85329533
          ],
          [
            106.62591553,
            10.85324764
          ],
          [
            106.62591553,
            10.85324764
          ],
          [
            106.62591553,
            10.85324764
          ],
          [
            106.62591553,
            10.85324764
          ],
          [
            106.62591553,
            10.85324764
          ],
          [
            106.62596893,
            10.85326862
          ],
          [
            106.62637329,
            10.85244179
          ],
          [
            106.62686157,
            10.85161495
          ],
          [
            106.62703705,
            10.85140419
          ],
          [
            106.62726593,
            10.85124588
          ],
          [
            106.62753296,
            10.85110378
          ],
          [
            106.62833405,
            10.85093975
          ],
          [
            106.63010406,
            10.85061359
          ],
          [
            106.63061523,
            10.8504715
          ],
          [
            106.63124084,
            10.85021305
          ],
          [
            106.63223267,
            10.84950733
          ],
          [
            106.63217163,
            10.84945965
          ],
          [
            106.63217163,
            10.84945965
          ],
          [
            106.63217163,
            10.84945965
          ],
          [
            106.63220978,
            10.84950161
          ],
          [
            106.63267517,
            10.84917259
          ],
          [
            106.63314819,
            10.84884357
          ],
          [
            106.63362122,
            10.84850597
          ],
          [
            106.63410187,
            10.84816933
          ],
          [
            106.63407135,
            10.84814835
          ],
          [
            106.63407135,
            10.84814835
          ],
          [
            106.6341095,
            10.8481636
          ],
          [
            106.63507843,
            10.84749413
          ],
          [
            106.63497162,
            10.84734154
          ],
          [
            106.63455963,
            10.84704113
          ],
          [
            106.63414764,
            10.84673595
          ],
          [
            106.63414764,
            10.84673595
          ],
          [
            106.63414764,
            10.84673595
          ],
          [
            106.63414764,
            10.84673595
          ],
          [
            106.63339233,
            10.84606171
          ],
          [
            106.63271332,
            10.84531403
          ],
          [
            106.6320343,
            10.84456539
          ],
          [
            106.6314621,
            10.8439703
          ],
          [
            106.63142395,
            10.84400082
          ],
          [
            106.63142395,
            10.84400082
          ],
          [
            106.63142395,
            10.84400082
          ],
          [
            106.63142395,
            10.84400082
          ],
          [
            106.63142395,
            10.84400082
          ],
          [
            106.63142395,
            10.84400082
          ],
          [
            106.63146973,
            10.84395981
          ],
          [
            106.63130188,
            10.84371185
          ],
          [
            106.63088226,
            10.84276867
          ],
          [
            106.63046265,
            10.84182644
          ],
          [
            106.63046265,
            10.84182644
          ],
          [
            106.63046265,
            10.84182644
          ],
          [
            106.63046265,
            10.84182644
          ],
          [
            106.63018036,
            10.84096718
          ],
          [
            106.63000488,
            10.84010315
          ],
          [
            106.62981415,
            10.8392334
          ],
          [
            106.62958527,
            10.83835888
          ],
          [
            106.62953186,
            10.83837509
          ],
          [
            106.62953186,
            10.83837509
          ],
          [
            106.62957001,
            10.83835888
          ],
          [
            106.62934113,
            10.83749485
          ],
          [
            106.62910461,
            10.83663559
          ],
          [
            106.62889862,
            10.83579254
          ],
          [
            106.62860107,
            10.83489704
          ],
          [
            106.62860107,
            10.83489704
          ],
          [
            106.62863922,
            10.83488178
          ],
          [
            106.62845612,
            10.83426476
          ],
          [
            106.62828064,
            10.83364868
          ],
          [
            106.62809753,
            10.83301353
          ],
          [
            106.6279068,
            10.83237839
          ],
          [
            106.62786865,
            10.83240032
          ],
          [
            106.62786865,
            10.83240032
          ],
          [
            106.6279068,
            10.83237839
          ],
          [
            106.62773895,
            10.83185482
          ],
          [
            106.62756348,
            10.8313303
          ],
          [
            106.62738037,
            10.83079815
          ],
          [
            106.62719727,
            10.830266
          ],
          [
            106.62715149,
            10.83028221
          ],
          [
            106.62715149,
            10.83028221
          ],
          [
            106.6272049,
            10.83027077
          ],
          [
            106.62703705,
            10.82974911
          ],
          [
            106.62687683,
            10.82921219
          ],
          [
            106.62671661,
            10.82810593
          ],
          [
            106.62671661,
            10.82810593
          ],
          [
            106.62669373,
            10.82764721
          ],
          [
            106.62667847,
            10.82718849
          ],
          [
            106.62657928,
            10.82638836
          ],
          [
            106.62640381,
            10.82631397
          ],
          [
            106.62578583,
            10.82692528
          ],
          [
            106.6258316,
            10.82695675
          ],
          [
            106.6258316,
            10.82695675
          ],
          [
            106.6258316,
            10.82695675
          ],
          [
            106.6257782,
            10.82692051
          ],
          [
            106.62537384,
            10.8273735
          ],
          [
            106.62513733,
            10.82721519
          ],
          [
            106.62553406,
            10.82676697
          ],
          [
            106.62593079,
            10.82631969
          ],
          [
            106.62586212,
            10.82623959
          ],
          [
            106.62586212,
            10.82623959
          ],
          [
            106.62586212,
            10.82623959
          ],
          [
            106.62586212,
            10.82623959
          ],
          [
            106.62593842,
            10.8263092
          ],
          [
            106.62645721,
            10.82582378
          ],
          [
            106.62697601,
            10.82535553
          ],
          [
            106.62749481,
            10.8248806
          ],
          [
            106.62801361,
            10.82440662
          ],
          [
            106.62871552,
            10.82374573
          ],
          [
            106.62941742,
            10.82308388
          ],
          [
            106.62971497,
            10.82274723
          ],
          [
            106.62992096,
            10.82235718
          ],
          [
            106.62982178,
            10.82231522
          ],
          [
            106.62982178,
            10.82231522
          ],
          [
            106.62982178,
            10.82231522
          ],
          [
            106.62982178,
            10.82231522
          ],
          [
            106.62982178,
            10.82231522
          ],
          [
            106.62991333,
            10.82234097
          ],
          [
            106.63014984,
            10.82170868
          ],
          [
            106.63034821,
            10.82108212
          ],
          [
            106.63059235,
            10.82026005
          ],
          [
            106.63083649,
            10.8194437
          ],
          [
            106.63061523,
            10.81938553
          ],
          [
            106.63061523,
            10.81938553
          ],
          [
            106.63061523,
            10.81938553
          ],
          [
            106.63061523,
            10.81938553
          ],
          [
            106.63083649,
            10.8194437
          ],
          [
            106.63103485,
            10.81881905
          ],
          [
            106.63123322,
            10.81819439
          ],
          [
            106.63143158,
            10.81757069
          ],
          [
            106.63162994,
            10.81694603
          ],
          [
            106.63181305,
            10.81632328
          ],
          [
            106.63200378,
            10.81570053
          ],
          [
            106.63218689,
            10.81507778
          ],
          [
            106.63237762,
            10.81445503
          ],
          [
            106.63237762,
            10.81445503
          ],
          [
            106.63237762,
            10.81445503
          ],
          [
            106.63259888,
            10.81373405
          ],
          [
            106.63282013,
            10.81301308
          ],
          [
            106.63304138,
            10.8122921
          ],
          [
            106.633255,
            10.81157112
          ],
          [
            106.63346863,
            10.81084919
          ],
          [
            106.63368988,
            10.81012726
          ],
          [
            106.63394165,
            10.80940533
          ],
          [
            106.63414001,
            10.8087101
          ],
          [
            106.63401794,
            10.80868912
          ],
          [
            106.63401794,
            10.80868912
          ],
          [
            106.63401794,
            10.80868912
          ],
          [
            106.63414001,
            10.80871582
          ],
          [
            106.63453674,
            10.80748463
          ],
          [
            106.63493346999999,
            10.80625439
          ],
          [
            106.63477325,
            10.80621243
          ],
          [
            106.63477325,
            10.80621243
          ],
          [
            106.63495636,
            10.80626011
          ],
          [
            106.63519287,
            10.80554581
          ],
          [
            106.63542938,
            10.8048315
          ],
          [
            106.63526917,
            10.80480003
          ],
          [
            106.63526917,
            10.80480003
          ],
          [
            106.63542175,
            10.8048315
          ],
          [
            106.63574982,
            10.80381012
          ],
          [
            106.63608551,
            10.80279255
          ],
          [
            106.63667297,
            10.80179691
          ],
          [
            106.63677216,
            10.80128288
          ],
          [
            106.63687134,
            10.80076885
          ],
          [
            106.6368103,
            10.80075932
          ],
          [
            106.6368103,
            10.80075932
          ],
          [
            106.63687134,
            10.80076885
          ],
          [
            106.63704681,
            10.80013657
          ],
          [
            106.63721466,
            10.79950428
          ],
          [
            106.63739777,
            10.7988615
          ],
          [
            106.63758087,
            10.79822445
          ],
          [
            106.63749695,
            10.7982111
          ],
          [
            106.63749695,
            10.7982111
          ],
          [
            106.63749695,
            10.7982111
          ],
          [
            106.63755798,
            10.79822445
          ],
          [
            106.63791656,
            10.79697227
          ],
          [
            106.63827515,
            10.79572105
          ],
          [
            106.63848114,
            10.79501534
          ],
          [
            106.63869476,
            10.79431438
          ],
          [
            106.63861847,
            10.79428291
          ],
          [
            106.63861847,
            10.79428291
          ],
          [
            106.63861847,
            10.79428291
          ],
          [
            106.63861847,
            10.79428291
          ],
          [
            106.63868713,
            10.79429817
          ],
          [
            106.63909912,
            10.79309464
          ],
          [
            106.63951111,
            10.79189014
          ],
          [
            106.63991547,
            10.79068851
          ],
          [
            106.64032745,
            10.78948689
          ],
          [
            106.64025116,
            10.7894659
          ],
          [
            106.64025116,
            10.7894659
          ],
          [
            106.64032745,
            10.78948689
          ],
          [
            106.64080048,
            10.78805447
          ],
          [
            106.64129639,
            10.78662586
          ],
          [
            106.64123535,
            10.78660488
          ],
          [
            106.64123535,
            10.78660488
          ],
          [
            106.64123535,
            10.78660488
          ],
          [
            106.64123535,
            10.78660488
          ],
          [
            106.64123535,
            10.78660488
          ],
          [
            106.64130402,
            10.78662109
          ],
          [
            106.64144135,
            10.78628349
          ],
          [
            106.64157867,
            10.78594589
          ],
          [
            106.64110565,
            10.78557968
          ],
          [
            106.64048767,
            10.78511333
          ],
          [
            106.64048004,
            10.78512955
          ],
          [
            106.64048004,
            10.78512955
          ],
          [
            106.64050293,
            10.78512955
          ],
          [
            106.63991547,
            10.78470993
          ],
          [
            106.63922119,
            10.78420162
          ],
          [
            106.6384964,
            10.7837038
          ],
          [
            106.63777924,
            10.78320599
          ],
          [
            106.63777924,
            10.78320599
          ],
          [
            106.63777924,
            10.78320599
          ],
          [
            106.63728333,
            10.78286839
          ],
          [
            106.63677979,
            10.78248882
          ],
          [
            106.63635254,
            10.78205967
          ],
          [
            106.63591766,
            10.78163052
          ],
          [
            106.63583374,
            10.78099823
          ],
          [
            106.63574219,
            10.78036594
          ],
          [
            106.63554382,
            10.77976513
          ],
          [
            106.63533783,
            10.77916431
          ],
          [
            106.63523865,
            10.77921104
          ],
          [
            106.63523865,
            10.77921104
          ],
          [
            106.63523865,
            10.77921104
          ],
          [
            106.6353302,
            10.7791748
          ],
          [
            106.63488007,
            10.7780571
          ],
          [
            106.63422394,
            10.77700901
          ],
          [
            106.63415527,
            10.77706146
          ],
          [
            106.63415527,
            10.77706146
          ],
          [
            106.63415527,
            10.77706146
          ],
          [
            106.63421631,
            10.77700901
          ],
          [
            106.63342285,
            10.77582073
          ],
          [
            106.63302612,
            10.77522659
          ],
          [
            106.63267517,
            10.77461052
          ],
          [
            106.63262177,
            10.77463245
          ],
          [
            106.63262177,
            10.77463245
          ],
          [
            106.63269043,
            10.77461624
          ],
          [
            106.63243103,
            10.77387333
          ],
          [
            106.63222504,
            10.77312469
          ],
          [
            106.63202667,
            10.77237606
          ],
          [
            106.63189697,
            10.77162266
          ],
          [
            106.63182831,
            10.77163315
          ],
          [
            106.63182831,
            10.77163315
          ],
          [
            106.63182831,
            10.77163315
          ],
          [
            106.63191223,
            10.77162266
          ],
          [
            106.63182068,
            10.7709589
          ],
          [
            106.6317215,
            10.77029514
          ],
          [
            106.63256836,
            10.77002621
          ],
          [
            106.63253784,
            10.7699728
          ],
          [
            106.63253784,
            10.7699728
          ],
          [
            106.63253784,
            10.7699728
          ],
          [
            106.6325531,
            10.77004147
          ],
          [
            106.633255,
            10.76981258
          ],
          [
            106.63396454,
            10.76958275
          ],
          [
            106.63396454,
            10.76958275
          ],
          [
            106.63396454,
            10.76958275
          ],
          [
            106.6342392,
            10.76949883
          ],
          [
            106.63454437,
            10.76947308
          ],
          [
            106.63482666,
            10.76948833
          ],
          [
            106.63551331,
            10.76954174
          ],
          [
            106.63603973,
            10.76949883
          ],
          [
            106.63790131,
            10.76888752
          ],
          [
            106.63786316,
            10.76881409
          ],
          [
            106.63786316,
            10.76881409
          ],
          [
            106.63786316,
            10.76881409
          ],
          [
            106.63786316,
            10.76881409
          ],
          [
            106.63787842,
            10.76888752
          ],
          [
            106.63911438,
            10.76839733
          ],
          [
            106.63980865,
            10.76793957
          ],
          [
            106.63977814,
            10.76792908
          ],
          [
            106.63977814,
            10.76792908
          ],
          [
            106.63977051,
            10.76797104
          ],
          [
            106.64105988,
            10.76719093
          ],
          [
            106.6415863,
            10.76701736
          ],
          [
            106.64157104,
            10.76698017
          ],
          [
            106.64157104,
            10.76698017
          ],
          [
            106.6415863,
            10.76701736
          ],
          [
            106.6421051,
            10.76681709
          ],
          [
            106.64219666,
            10.76670647
          ],
          [
            106.64237976,
            10.76664257
          ],
          [
            106.64250946,
            10.76670074
          ],
          [
            106.64339447,
            10.76642132
          ],
          [
            106.64334869,
            10.76634216
          ],
          [
            106.64334869,
            10.76634216
          ],
          [
            106.64335632,
            10.76641655
          ],
          [
            106.64427948,
            10.76610279
          ],
          [
            106.64519501,
            10.76578903
          ],
          [
            106.64515686,
            10.76573658
          ],
          [
            106.64515686,
            10.76573658
          ],
          [
            106.64516449,
            10.76579475
          ],
          [
            106.64603424,
            10.76549911
          ],
          [
            106.64642334,
            10.76528358
          ],
          [
            106.64675903,
            10.76510429
          ],
          [
            106.6467514,
            10.76505661
          ],
          [
            106.6467514,
            10.76505661
          ],
          [
            106.64678192,
            10.76509857
          ],
          [
            106.64763641,
            10.76467705
          ],
          [
            106.64849091,
            10.76421833
          ],
          [
            106.6493454,
            10.76373863
          ],
          [
            106.65016937,
            10.76330662
          ],
          [
            106.65016937,
            10.76323795
          ],
          [
            106.65016937,
            10.76323795
          ],
          [
            106.65020752,
            10.76329136
          ],
          [
            106.65123749,
            10.76275349
          ],
          [
            106.65221405,
            10.76266956
          ],
          [
            106.6521759,
            10.76212597
          ],
          [
            106.65231323,
            10.7615099
          ],
          [
            106.65268707,
            10.76095104
          ],
          [
            106.6526413,
            10.76090431
          ],
          [
            106.6526413,
            10.76090431
          ],
          [
            106.6526413,
            10.76090431
          ],
          [
            106.65267944,
            10.76093006
          ],
          [
            106.65306854,
            10.76054573
          ],
          [
            106.65331268,
            10.76013947
          ],
          [
            106.65376282,
            10.76037121
          ],
          [
            106.65376282,
            10.76037121
          ],
          [
            106.65376282,
            10.76037121
          ],
          [
            106.65431976,
            10.76070023
          ],
          [
            106.65486908,
            10.7610302
          ],
          [
            106.65544128,
            10.76129341
          ],
          [
            106.65600586,
            10.76156235
          ],
          [
            106.65600586,
            10.76156235
          ],
          [
            106.65600586,
            10.76156235
          ],
          [
            106.65600586,
            10.76156235
          ],
          [
            106.65702057,
            10.76217365
          ],
          [
            106.65698242,
            10.76103592
          ],
          [
            106.65698242,
            10.76103592
          ],
          [
            106.65698242,
            10.76103592
          ],
          [
            106.65698242,
            10.76103592
          ],
          [
            106.65698242,
            10.76103592
          ],
          [
            106.65698242,
            10.76103592
          ],
          [
            106.65702057,
            10.76015282
          ],
          [
            106.65705872,
            10.75926971
          ],
          [
            106.65710449,
            10.75749969
          ],
          [
            106.65761566,
            10.75756836
          ],
          [
            106.65761566,
            10.75756836
          ],
          [
            106.65761566,
            10.75756836
          ],
          [
            106.65761566,
            10.75756836
          ],
          [
            106.65761566,
            10.75756836
          ],
          [
            106.65761566,
            10.75756836
          ],
          [
            106.65761566,
            10.75762558
          ],
          [
            106.65886688,
            10.75782394
          ],
          [
            106.66012573,
            10.75807858
          ],
          [
            106.66012573,
            10.75807858
          ],
          [
            106.66012573,
            10.75807858
          ],
          [
            106.66012573,
            10.75807858
          ],
          [
            106.66012573,
            10.75807858
          ],
          [
            106.66153717,
            10.75834274
          ],
          [
            106.66187286,
            10.75702286
          ],
          [
            106.66220856,
            10.75570202
          ],
          [
            106.66220856,
            10.75570202
          ],
          [
            106.66220856,
            10.75570202
          ],
          [
            106.66220856,
            10.75570202
          ],
          [
            106.66230774,
            10.75542259
          ],
          [
            106.66108704,
            10.75515366
          ],
          [
            106.66107178,
            10.75519562
          ],
          [
            106.66107178,
            10.75519562
          ],
          [
            106.66107178,
            10.75519562
          ],
          [
            106.66107178,
            10.75519562
          ],
          [
            106.66107178,
            10.75519562
          ],
          [
            106.66107178,
            10.75519562
          ],
          [
            106.66107941,
            10.75516415
          ],
          [
            106.66029358,
            10.75500393
          ],
          [
            106.65950775,
            10.75484276
          ],
          [
            106.65950012,
            10.75487518
          ],
          [
            106.65950012,
            10.75487518
          ],
          [
            106.65950012,
            10.75487518
          ],
          [
            106.65950012,
            10.75487518
          ],
          [
            106.65950012,
            10.75487518
          ],
          [
            106.65950012,
            10.75487518
          ],
          [
            106.65950775,
            10.75484276
          ],
          [
            106.65825653,
            10.75460052
          ],
          [
            106.65827179,
            10.75423717
          ],
          [
            106.65859985,
            10.75310421
          ],
          [
            106.65879059,
            10.75244522
          ],
          [
            106.65879059,
            10.75244522
          ],
          [
            106.65879059,
            10.75244522
          ],
          [
            106.65879059,
            10.75244522
          ],
          [
            106.65879059,
            10.75244522
          ],
          [
            106.65882111,
            10.75244522
          ],
          [
            106.65896606,
            10.75139141
          ],
          [
            106.6588974,
            10.75138092
          ],
          [
            106.6588974,
            10.75138092
          ],
          [
            106.6588974,
            10.75138092
          ],
          [
            106.6588974,
            10.75138092
          ],
          [
            106.6588974,
            10.75138092
          ],
          [
            106.6588974,
            10.75138092
          ],
          [
            106.6588974,
            10.75138092
          ],
          [
            106.65898132,
            10.7514019
          ],
          [
            106.65905762,
            10.75088501
          ],
          [
            106.65901947,
            10.75078487
          ],
          [
            106.65907288,
            10.75065899
          ],
          [
            106.65917206,
            10.75060558
          ],
          [
            106.65929413,
            10.75060558
          ],
          [
            106.65965271,
            10.75050068
          ],
          [
            106.65979004,
            10.75035286
          ],
          [
            106.66042328,
            10.7487402
          ],
          [
            106.66049957,
            10.74831867
          ],
          [
            106.6605072,
            10.74790764
          ],
          [
            106.66036224,
            10.74702168
          ],
          [
            106.65978241,
            10.7468853
          ],
          [
            106.65922546,
            10.74632645
          ],
          [
            106.65883636,
            10.74577808
          ],
          [
            106.65789795,
            10.74528313
          ],
          [
            106.6569519,
            10.74477673
          ],
          [
            106.65692902,
            10.74483013
          ],
          [
            106.65692902,
            10.74483013
          ],
          [
            106.65692902,
            10.74483013
          ],
          [
            106.65692902,
            10.74483013
          ],
          [
            106.65692902,
            10.74483013
          ],
          [
            106.65692902,
            10.74483013
          ],
          [
            106.65692902,
            10.74483013
          ],
          [
            106.65692902,
            10.74483013
          ],
          [
            106.65696716,
            10.74476624
          ],
          [
            106.65616608,
            10.74436092
          ],
          [
            106.65563965,
            10.74380684
          ],
          [
            106.65553284,
            10.74354362
          ],
          [
            106.65547943,
            10.74324799
          ],
          [
            106.65550995,
            10.74296379
          ],
          [
            106.65557098,
            10.7426796
          ],
          [
            106.65631104,
            10.74052906
          ],
          [
            106.65621185,
            10.73934269
          ],
          [
            106.65611267,
            10.7392168
          ],
          [
            106.65619659,
            10.73910046
          ],
          [
            106.65620422,
            10.73864174
          ],
          [
            106.65614319,
            10.73864174
          ],
          [
            106.65614319,
            10.73864174
          ],
          [
            106.65614319,
            10.73864174
          ],
          [
            106.65614319,
            10.73864174
          ],
          [
            106.65614319,
            10.73864174
          ],
          [
            106.65614319,
            10.73864174
          ],
          [
            106.65614319,
            10.73864174
          ],
          [
            106.65614319,
            10.73864174
          ],
          [
            106.65614319,
            10.73864174
          ],
          [
            106.65621948,
            10.73864174
          ],
          [
            106.65623474,
            10.73806477
          ],
          [
            106.65621948,
            10.73748302
          ],
          [
            106.65618896,
            10.73645973
          ],
          [
            106.65612793,
            10.73645973
          ],
          [
            106.65612793,
            10.73645973
          ],
          [
            106.65612793,
            10.73645973
          ],
          [
            106.65612793,
            10.73645973
          ],
          [
            106.65612793,
            10.73645973
          ],
          [
            106.65612793,
            10.73645973
          ],
          [
            106.65612793,
            10.73645973
          ],
          [
            106.65612793,
            10.73645973
          ],
          [
            106.65612793,
            10.73645973
          ],
          [
            106.65620422,
            10.73646545
          ],
          [
            106.65618134,
            10.73500538
          ],
          [
            106.65615082,
            10.73403549
          ],
          [
            106.6566925,
            10.73404121
          ],
          [
            106.65670013,
            10.73351955
          ],
          [
            106.65635681,
            10.7335453
          ],
          [
            106.65635681,
            10.7335453
          ],
          [
            106.65635681,
            10.7335453
          ],
          [
            106.65635681,
            10.7335453
          ]
        ]
      },
      "properties": {
        "feature_type": "route_path",
        "stt": 12,
        "route_id": 91,
        "route_no": "62",
        "display_code": "B 62",
        "route_name": "Bến xe buýt Quận 8 - Thới An",
        "direction": "Lượt về",
        "outbound": false,
        "start_point": "Bến xe buýt Quận 8",
        "end_point": "Thới An",
        "start_stop": "Bến xe buýt Thới An",
        "end_stop": "Bến xe buýt Quận 8",
        "distance_km": 25.73,
        "listed_length_km": 24,
        "running_time_min": 85,
        "operating_hours": "5:00 - 19:00",
        "stroke": "#C0CA33",
        "stroke_width": 4,
        "stroke_opacity": 0.85
      }
    },
    {
      "type": "Feature",
      "geometry": {
        "type": "Point",
        "coordinates": [
          106.656357,
          10.733545
        ]
      },
      "properties": {
        "feature_type": "bus_stop",
        "stop_id": 496,
        "stop_code": "BX 20",
        "stop_name": "Bến xe buýt Quận 8",
        "stop_type": "Bến xe",
        "route_no": "62",
        "display_code": "B 62",
        "direction": "Lượt đi",
        "address": "BẾN XE BUÝT QUẬN 8 Quốc lộ 50",
        "street": "Quốc lộ 50",
        "zone": "Quận 8",
        "ward": null,
        "all_routes": "08, 22, 25, 34, 59, 62, 62-11, 62-9",
        "marker_color": "#C0CA33"
      }
    },
    {
      "type": "Feature",
      "geometry": {
        "type": "Point",
        "coordinates": [
          106.656346,
          10.73646
        ]
      },
      "properties": {
        "feature_type": "bus_stop",
        "stop_id": 502,
        "stop_code": "Q8 073",
        "stop_name": "Bùi Minh Trực",
        "stop_type": "Ô sơn",
        "route_no": "62",
        "display_code": "B 62",
        "direction": "Lượt đi",
        "address": "193 Quốc lộ 50",
        "street": "Quốc lộ 50",
        "zone": "Quận 8",
        "ward": null,
        "all_routes": "08, 25, 45, 47, 59, 62",
        "marker_color": "#C0CA33"
      }
    },
    {
      "type": "Feature",
      "geometry": {
        "type": "Point",
        "coordinates": [
          106.656427,
          10.738769
        ]
      },
      "properties": {
        "feature_type": "bus_stop",
        "stop_id": 499,
        "stop_code": "Q8 074",
        "stop_name": "Cầu Nhị Thiên Đường",
        "stop_type": "Trụ dừng",
        "route_no": "62",
        "display_code": "B 62",
        "direction": "Lượt đi",
        "address": "81 Quốc lộ 50",
        "street": "Quốc lộ 50",
        "zone": "Quận 8",
        "ward": null,
        "all_routes": "08, 25, 45, 47, 59, 62",
        "marker_color": "#C0CA33"
      }
    },
    {
      "type": "Feature",
      "geometry": {
        "type": "Point",
        "coordinates": [
          106.656802,
          10.744513
        ]
      },
      "properties": {
        "feature_type": "bus_stop",
        "stop_id": 542,
        "stop_code": "Q8 111",
        "stop_name": "Tùng Thiện Vương",
        "stop_type": "Ô sơn",
        "route_no": "62",
        "display_code": "B 62",
        "direction": "Lượt đi",
        "address": "487 Tùng Thiện Vương",
        "street": "Tùng Thiện Vương",
        "zone": "Quận 8",
        "ward": null,
        "all_routes": "08, 25, 45, 46, 47, 62",
        "marker_color": "#C0CA33"
      }
    },
    {
      "type": "Feature",
      "geometry": {
        "type": "Point",
        "coordinates": [
          106.659763,
          10.746073
        ]
      },
      "properties": {
        "feature_type": "bus_stop",
        "stop_id": 501,
        "stop_code": "Q8 112",
        "stop_name": "Chợ Xóm Củi",
        "stop_type": "Trụ dừng",
        "route_no": "62",
        "display_code": "B 62",
        "direction": "Lượt đi",
        "address": "337 Tùng Thiện Vương",
        "street": "Tùng Thiện Vương",
        "zone": "Quận 8",
        "ward": null,
        "all_routes": "08, 25, 45, 46, 47, 62",
        "marker_color": "#C0CA33"
      }
    },
    {
      "type": "Feature",
      "geometry": {
        "type": "Point",
        "coordinates": [
          106.659203,
          10.751368
        ]
      },
      "properties": {
        "feature_type": "bus_stop",
        "stop_id": 3,
        "stop_code": "Q5 011",
        "stop_name": "Bưu điện Quận 5",
        "stop_type": "Ô sơn",
        "route_no": "62",
        "display_code": "B 62",
        "direction": "Lượt đi",
        "address": "14-16 Châu Văn Liêm",
        "street": "Châu Văn Liêm",
        "zone": "Quận 5",
        "ward": null,
        "all_routes": "01, 07, 08, 10, 45, 56, 62, DL03",
        "marker_color": "#C0CA33"
      }
    },
    {
      "type": "Feature",
      "geometry": {
        "type": "Point",
        "coordinates": [
          106.658937,
          10.752566
        ]
      },
      "properties": {
        "feature_type": "bus_stop",
        "stop_id": 5,
        "stop_code": "Q5 012",
        "stop_name": "Rạp Đại Quang",
        "stop_type": "Nhà chờ",
        "route_no": "62",
        "display_code": "B 62",
        "direction": "Lượt đi",
        "address": "68 Châu Văn Liêm",
        "street": "Châu Văn Liêm",
        "zone": "Quận 5",
        "ward": null,
        "all_routes": "01, 07, 08, 10, 45, 56, 62, DL03",
        "marker_color": "#C0CA33"
      }
    },
    {
      "type": "Feature",
      "geometry": {
        "type": "Point",
        "coordinates": [
          106.659232,
          10.754553
        ]
      },
      "properties": {
        "feature_type": "bus_stop",
        "stop_id": 437,
        "stop_code": "Q5 025",
        "stop_name": "Bệnh viện Chợ Rẫy",
        "stop_type": "Trụ dừng",
        "route_no": "62",
        "display_code": "B 62",
        "direction": "Lượt đi",
        "address": "357-359 Hồng Bàng",
        "street": "Hồng Bàng",
        "zone": "Quận 5",
        "ward": null,
        "all_routes": "06, 07, 08, 10, 139, 150, 56, 62, 63-1, 68",
        "marker_color": "#C0CA33"
      }
    },
    {
      "type": "Feature",
      "geometry": {
        "type": "Point",
        "coordinates": [
          106.662333,
          10.756013
        ]
      },
      "properties": {
        "feature_type": "bus_stop",
        "stop_id": 544,
        "stop_code": "Q5 033",
        "stop_name": "Bệnh viện Hùng Vương",
        "stop_type": "Nhà chờ",
        "route_no": "62",
        "display_code": "B 62",
        "direction": "Lượt đi",
        "address": "4 Lý Thường Kiệt",
        "street": "Lý Thường Kiệt",
        "zone": "Quận 5",
        "ward": null,
        "all_routes": "08, 62, 63-1",
        "marker_color": "#C0CA33"
      }
    },
    {
      "type": "Feature",
      "geometry": {
        "type": "Point",
        "coordinates": [
          106.660828,
          10.758364
        ]
      },
      "properties": {
        "feature_type": "bus_stop",
        "stop_id": 393,
        "stop_code": "Q11 021",
        "stop_name": "Bệnh viện Răng Hàm Mặt",
        "stop_type": "Trụ dừng",
        "route_no": "62",
        "display_code": "B 62",
        "direction": "Lượt đi",
        "address": "598 Nguyễn Chí Thanh",
        "street": "Nguyễn Chí Thanh",
        "zone": "Quận 11",
        "ward": null,
        "all_routes": "05, 45, 62, 94",
        "marker_color": "#C0CA33"
      }
    },
    {
      "type": "Feature",
      "geometry": {
        "type": "Point",
        "coordinates": [
          106.657323,
          10.761831
        ]
      },
      "properties": {
        "feature_type": "bus_stop",
        "stop_id": 1014,
        "stop_code": "Q11 025",
        "stop_name": "Đường 3/2",
        "stop_type": "Trụ dừng",
        "route_no": "62",
        "display_code": "B 62",
        "direction": "Lượt đi",
        "address": "170-172 Lê Đại Hành",
        "street": "Lê Đại Hành",
        "zone": "Quận 11",
        "ward": null,
        "all_routes": "62",
        "marker_color": "#C0CA33"
      }
    },
    {
      "type": "Feature",
      "geometry": {
        "type": "Point",
        "coordinates": [
          106.655858,
          10.762285
        ]
      },
      "properties": {
        "feature_type": "bus_stop",
        "stop_id": 1016,
        "stop_code": "Q11 033",
        "stop_name": "Cổng chào Công viên Đầm sen",
        "stop_type": "Trụ dừng",
        "route_no": "62",
        "display_code": "B 62",
        "direction": "Lượt đi",
        "address": "20 Lãnh Binh Thăng",
        "street": "Lãnh Binh Thăng",
        "zone": "Quận 11",
        "ward": null,
        "all_routes": "62",
        "marker_color": "#C0CA33"
      }
    },
    {
      "type": "Feature",
      "geometry": {
        "type": "Point",
        "coordinates": [
          106.653798,
          10.762522
        ]
      },
      "properties": {
        "feature_type": "bus_stop",
        "stop_id": 1023,
        "stop_code": "Q11 034",
        "stop_name": "Chợ Phú Thọ",
        "stop_type": "Trụ dừng",
        "route_no": "62",
        "display_code": "B 62",
        "direction": "Lượt đi",
        "address": "134 Lãnh Binh Thăng",
        "street": "Lãnh Binh Thăng",
        "zone": "Quận 11",
        "ward": null,
        "all_routes": "23, 62",
        "marker_color": "#C0CA33"
      }
    },
    {
      "type": "Feature",
      "geometry": {
        "type": "Point",
        "coordinates": [
          106.650746,
          10.76307
        ]
      },
      "properties": {
        "feature_type": "bus_stop",
        "stop_id": 1018,
        "stop_code": "Q11 035",
        "stop_name": "Công viên Lãnh Binh Thăng",
        "stop_type": "Nhà chờ",
        "route_no": "62",
        "display_code": "B 62",
        "direction": "Lượt đi",
        "address": "Đối diện Trường mầm non (278) Lãnh Binh Thăng",
        "street": "Lãnh Binh Thăng",
        "zone": "Quận 11",
        "ward": null,
        "all_routes": "23, 62",
        "marker_color": "#C0CA33"
      }
    },
    {
      "type": "Feature",
      "geometry": {
        "type": "Point",
        "coordinates": [
          106.649389,
          10.763813
        ]
      },
      "properties": {
        "feature_type": "bus_stop",
        "stop_id": 1024,
        "stop_code": "Q11 036",
        "stop_name": "Nhà văn hóa Quận 11",
        "stop_type": "Trụ dừng",
        "route_no": "62",
        "display_code": "B 62",
        "direction": "Lượt đi",
        "address": "284 Lãnh Binh Thăng",
        "street": "Lãnh Binh Thăng",
        "zone": "Quận 11",
        "ward": null,
        "all_routes": "23, 62",
        "marker_color": "#C0CA33"
      }
    },
    {
      "type": "Feature",
      "geometry": {
        "type": "Point",
        "coordinates": [
          106.646926,
          10.76512
        ]
      },
      "properties": {
        "feature_type": "bus_stop",
        "stop_id": 1027,
        "stop_code": "Q11 037",
        "stop_name": "Chợ Lãnh Binh Thăng",
        "stop_type": "Trụ dừng",
        "route_no": "62",
        "display_code": "B 62",
        "direction": "Lượt đi",
        "address": "308-310 Lãnh Binh Thăng",
        "street": "Lãnh Binh Thăng",
        "zone": "Quận 11",
        "ward": null,
        "all_routes": "23, 62",
        "marker_color": "#C0CA33"
      }
    },
    {
      "type": "Feature",
      "geometry": {
        "type": "Point",
        "coordinates": [
          106.643082,
          10.76659
        ]
      },
      "properties": {
        "feature_type": "bus_stop",
        "stop_id": 1020,
        "stop_code": "Q11 040",
        "stop_name": "Tòa án nhân dân Quận 11",
        "stop_type": "Trụ dừng",
        "route_no": "62",
        "display_code": "B 62",
        "direction": "Lượt đi",
        "address": "150 Ông Ích Khiêm",
        "street": "Ông Ích Khiêm",
        "zone": "Quận 11",
        "ward": null,
        "all_routes": "23, 62, 69",
        "marker_color": "#C0CA33"
      }
    },
    {
      "type": "Feature",
      "geometry": {
        "type": "Point",
        "coordinates": [
          106.641176,
          10.767196
        ]
      },
      "properties": {
        "feature_type": "bus_stop",
        "stop_id": 1029,
        "stop_code": "Q11 043",
        "stop_name": "Bãi xe buýt Đầm Sen",
        "stop_type": "Ô sơn",
        "route_no": "62",
        "display_code": "B 62",
        "direction": "Lượt đi",
        "address": "40A Hòa Bình",
        "street": "Hòa Bình",
        "zone": "Quận 11",
        "ward": null,
        "all_routes": "15, 23, 38, 62, 69",
        "marker_color": "#C0CA33"
      }
    },
    {
      "type": "Feature",
      "geometry": {
        "type": "Point",
        "coordinates": [
          106.639261,
          10.768361
        ]
      },
      "properties": {
        "feature_type": "bus_stop",
        "stop_id": 1616,
        "stop_code": "Q11 044",
        "stop_name": "Trường Hòa Bình",
        "stop_type": "Trụ dừng",
        "route_no": "62",
        "display_code": "B 62",
        "direction": "Lượt đi",
        "address": "72 Hòa Bình",
        "street": "Hòa Bình",
        "zone": "Quận 11",
        "ward": null,
        "all_routes": "15, 23, 62, 64, 69",
        "marker_color": "#C0CA33"
      }
    },
    {
      "type": "Feature",
      "geometry": {
        "type": "Point",
        "coordinates": [
          106.63707,
          10.769367
        ]
      },
      "properties": {
        "feature_type": "bus_stop",
        "stop_id": 1604,
        "stop_code": "QTP 146",
        "stop_name": "Đầm Sen",
        "stop_type": "Trụ dừng",
        "route_no": "62",
        "display_code": "B 62",
        "direction": "Lượt đi",
        "address": "45 (Đối diện công viên nước Đầm Sen) Hòa Bình",
        "street": "Hòa Bình",
        "zone": "Quận Tân Phú",
        "ward": "Phường Hoà Thạnh",
        "all_routes": "15, 62, 64, 69",
        "marker_color": "#C0CA33"
      }
    },
    {
      "type": "Feature",
      "geometry": {
        "type": "Point",
        "coordinates": [
          106.634604,
          10.769599
        ]
      },
      "properties": {
        "feature_type": "bus_stop",
        "stop_id": 1617,
        "stop_code": "QTP 145",
        "stop_name": "Chùa Huệ Quang",
        "stop_type": "Trụ dừng",
        "route_no": "62",
        "display_code": "B 62",
        "direction": "Lượt đi",
        "address": "116 Hòa Bình",
        "street": "Hòa Bình",
        "zone": "Quận Tân Phú",
        "ward": "Phường Hoà Thạnh",
        "all_routes": "15, 62, 64, 69",
        "marker_color": "#C0CA33"
      }
    },
    {
      "type": "Feature",
      "geometry": {
        "type": "Point",
        "coordinates": [
          106.632839,
          10.77001
        ]
      },
      "properties": {
        "feature_type": "bus_stop",
        "stop_id": 1619,
        "stop_code": "QTP 144",
        "stop_name": "Ngã 4 Hòa Bình",
        "stop_type": "Trụ dừng",
        "route_no": "62",
        "display_code": "B 62",
        "direction": "Lượt đi",
        "address": "126 Hòa Bình",
        "street": "Hòa Bình",
        "zone": "Quận Tân Phú",
        "ward": "Phường Hoà Thạnh",
        "all_routes": "15, 62, 64, 69",
        "marker_color": "#C0CA33"
      }
    },
    {
      "type": "Feature",
      "geometry": {
        "type": "Point",
        "coordinates": [
          106.632072,
          10.771828
        ]
      },
      "properties": {
        "feature_type": "bus_stop",
        "stop_id": 2583,
        "stop_code": "QTP 202",
        "stop_name": "Cây Keo",
        "stop_type": "Trụ dừng",
        "route_no": "62",
        "display_code": "B 62",
        "direction": "Lượt đi",
        "address": "260 Lũy Bán Bích",
        "street": "Lũy Bán Bích",
        "zone": "Quận Tân Phú",
        "ward": "Phường Hoà Thạnh",
        "all_routes": "62, 64, 69",
        "marker_color": "#C0CA33"
      }
    },
    {
      "type": "Feature",
      "geometry": {
        "type": "Point",
        "coordinates": [
          106.632764,
          10.774437
        ]
      },
      "properties": {
        "feature_type": "bus_stop",
        "stop_id": 4292,
        "stop_code": "QTP 203",
        "stop_name": "Công ty Nhựa Tân Phú",
        "stop_type": "Trụ dừng",
        "route_no": "62",
        "display_code": "B 62",
        "direction": "Lượt đi",
        "address": "314 Lũy Bán Bích",
        "street": "Lũy Bán Bích",
        "zone": "Quận Tân Phú",
        "ward": "Phường Hoà Thạnh",
        "all_routes": "62, 64, 69",
        "marker_color": "#C0CA33"
      }
    },
    {
      "type": "Feature",
      "geometry": {
        "type": "Point",
        "coordinates": [
          106.633966,
          10.776355
        ]
      },
      "properties": {
        "feature_type": "bus_stop",
        "stop_id": 4317,
        "stop_code": "QTP 204",
        "stop_name": "Đình Hòa Thạnh",
        "stop_type": "Trụ dừng",
        "route_no": "62",
        "display_code": "B 62",
        "direction": "Lượt đi",
        "address": "394 Lũy Bán Bích",
        "street": "Lũy Bán Bích",
        "zone": "Quận Tân Phú",
        "ward": "Phường Hoà Thạnh",
        "all_routes": "62, 64, 69",
        "marker_color": "#C0CA33"
      }
    },
    {
      "type": "Feature",
      "geometry": {
        "type": "Point",
        "coordinates": [
          106.635575,
          10.779464
        ]
      },
      "properties": {
        "feature_type": "bus_stop",
        "stop_id": 4318,
        "stop_code": "QTP 205",
        "stop_name": "Thoại Ngọc Hầu",
        "stop_type": "Trụ dừng",
        "route_no": "62",
        "display_code": "B 62",
        "direction": "Lượt đi",
        "address": "464 Lũy Bán Bích",
        "street": "Lũy Bán Bích",
        "zone": "Quận Tân Phú",
        "ward": "Phường Hoà Thạnh",
        "all_routes": "62, 64, 69",
        "marker_color": "#C0CA33"
      }
    },
    {
      "type": "Feature",
      "geometry": {
        "type": "Point",
        "coordinates": [
          106.637772,
          10.783043
        ]
      },
      "properties": {
        "feature_type": "bus_stop",
        "stop_id": 1817,
        "stop_code": "QTP 123",
        "stop_name": "UBND quận Tân Phú",
        "stop_type": "Trụ dừng",
        "route_no": "62",
        "display_code": "B 62",
        "direction": "Lượt đi",
        "address": "71 Thoại Ngọc Hầu",
        "street": "Thoại Ngọc Hầu",
        "zone": "Quận Tân Phú",
        "ward": "Phường Hoà Thạnh",
        "all_routes": "62",
        "marker_color": "#C0CA33"
      }
    },
    {
      "type": "Feature",
      "geometry": {
        "type": "Point",
        "coordinates": [
          106.639986,
          10.784716
        ]
      },
      "properties": {
        "feature_type": "bus_stop",
        "stop_id": 1821,
        "stop_code": "QTP 124",
        "stop_name": "Trường Trung Cấp CNTT Sài Gòn",
        "stop_type": "Trụ dừng",
        "route_no": "62",
        "display_code": "B 62",
        "direction": "Lượt đi",
        "address": "5 Thoại Ngọc Hầu",
        "street": "Thoại Ngọc Hầu",
        "zone": "Quận Tân Phú",
        "ward": "Phường Hoà Thạnh",
        "all_routes": "62",
        "marker_color": "#C0CA33"
      }
    },
    {
      "type": "Feature",
      "geometry": {
        "type": "Point",
        "coordinates": [
          106.641182,
          10.78729
        ]
      },
      "properties": {
        "feature_type": "bus_stop",
        "stop_id": 2196,
        "stop_code": "QTB 048",
        "stop_name": "Bàu Cát 8",
        "stop_type": "Trụ dừng",
        "route_no": "62",
        "display_code": "B 62",
        "direction": "Lượt đi",
        "address": "722 Âu Cơ",
        "street": "Âu Cơ",
        "zone": "Quận Tân Bình",
        "ward": null,
        "all_routes": "23, 27, 62, 64",
        "marker_color": "#C0CA33"
      }
    },
    {
      "type": "Feature",
      "geometry": {
        "type": "Point",
        "coordinates": [
          106.640221,
          10.790294
        ]
      },
      "properties": {
        "feature_type": "bus_stop",
        "stop_id": 2420,
        "stop_code": "QTB 049",
        "stop_name": "Chợ Bàu Cát",
        "stop_type": "Trụ dừng",
        "route_no": "62",
        "display_code": "B 62",
        "direction": "Lượt đi",
        "address": "794 Âu Cơ",
        "street": "Âu Cơ",
        "zone": "Quận Tân Bình",
        "ward": null,
        "all_routes": "27, 62, 64",
        "marker_color": "#C0CA33"
      }
    },
    {
      "type": "Feature",
      "geometry": {
        "type": "Point",
        "coordinates": [
          106.638982,
          10.793972
        ]
      },
      "properties": {
        "feature_type": "bus_stop",
        "stop_id": 2423,
        "stop_code": "QTB 050",
        "stop_name": "Công ty Giấy Mai Lan",
        "stop_type": "Trụ dừng",
        "route_no": "62",
        "display_code": "B 62",
        "direction": "Lượt đi",
        "address": "129 Âu Cơ",
        "street": "Âu Cơ",
        "zone": "Quận Tân Bình",
        "ward": null,
        "all_routes": "27, 30, 62",
        "marker_color": "#C0CA33"
      }
    },
    {
      "type": "Feature",
      "geometry": {
        "type": "Point",
        "coordinates": [
          106.638349,
          10.796
        ]
      },
      "properties": {
        "feature_type": "bus_stop",
        "stop_id": 2422,
        "stop_code": "QTB 051",
        "stop_name": "Ngã ba Ba Vân",
        "stop_type": "Trụ dừng",
        "route_no": "62",
        "display_code": "B 62",
        "direction": "Lượt đi",
        "address": "928 Âu Cơ",
        "street": "Âu Cơ",
        "zone": "Quận Tân Bình",
        "ward": null,
        "all_routes": "27, 62",
        "marker_color": "#C0CA33"
      }
    },
    {
      "type": "Feature",
      "geometry": {
        "type": "Point",
        "coordinates": [
          106.637576,
          10.798709
        ]
      },
      "properties": {
        "feature_type": "bus_stop",
        "stop_id": 2425,
        "stop_code": "QTB 052",
        "stop_name": "Chợ Võ Thành Trang",
        "stop_type": "Trụ dừng",
        "route_no": "62",
        "display_code": "B 62",
        "direction": "Lượt đi",
        "address": "988-990 Âu Cơ",
        "street": "Âu Cơ",
        "zone": "Quận Tân Bình",
        "ward": null,
        "all_routes": "27, 62",
        "marker_color": "#C0CA33"
      }
    },
    {
      "type": "Feature",
      "geometry": {
        "type": "Point",
        "coordinates": [
          106.637045,
          10.800674
        ]
      },
      "properties": {
        "feature_type": "bus_stop",
        "stop_id": 2424,
        "stop_code": "QTB 053",
        "stop_name": "Ngã ba Bà Quẹo",
        "stop_type": "Trụ dừng",
        "route_no": "62",
        "display_code": "B 62",
        "direction": "Lượt đi",
        "address": "1064 Âu Cơ",
        "street": "Âu Cơ",
        "zone": "Quận Tân Bình",
        "ward": null,
        "all_routes": "27, 62",
        "marker_color": "#C0CA33"
      }
    },
    {
      "type": "Feature",
      "geometry": {
        "type": "Point",
        "coordinates": [
          106.635629,
          10.804732
        ]
      },
      "properties": {
        "feature_type": "bus_stop",
        "stop_id": 1302,
        "stop_code": "QTB 073",
        "stop_name": "Ngã tư Tân Kỳ Tân Quý",
        "stop_type": "Biển treo",
        "route_no": "62",
        "display_code": "B 62",
        "direction": "Lượt đi",
        "address": "638 Trường Chinh",
        "street": "Trường Chinh",
        "zone": "Quận Tân Bình",
        "ward": null,
        "all_routes": "13, 23, 27, 62, 65, 94",
        "marker_color": "#C0CA33"
      }
    },
    {
      "type": "Feature",
      "geometry": {
        "type": "Point",
        "coordinates": [
          106.635184,
          10.806202
        ]
      },
      "properties": {
        "feature_type": "bus_stop",
        "stop_id": 2202,
        "stop_code": "QTB 074",
        "stop_name": "Siêu thị Big C",
        "stop_type": "Nhà chờ",
        "route_no": "62",
        "display_code": "B 62",
        "direction": "Lượt đi",
        "address": "680 Trường Chinh",
        "street": "Trường Chinh",
        "zone": "Quận Tân Bình",
        "ward": null,
        "all_routes": "13, 23, 27, 62, 65, 94",
        "marker_color": "#C0CA33"
      }
    },
    {
      "type": "Feature",
      "geometry": {
        "type": "Point",
        "coordinates": [
          106.634638,
          10.808314
        ]
      },
      "properties": {
        "feature_type": "bus_stop",
        "stop_id": 268,
        "stop_code": "QTB 075",
        "stop_name": "Mũi tàu Cộng Hòa",
        "stop_type": "Trụ dừng",
        "route_no": "62",
        "display_code": "B 62",
        "direction": "Lượt đi",
        "address": "19B1 Trường Chinh",
        "street": "Trường Chinh",
        "zone": "Quận Tân Bình",
        "ward": null,
        "all_routes": "04, 104, 13, 145, 16, 23, 27, 28, 62, 63-1, 65, 94",
        "marker_color": "#C0CA33"
      }
    },
    {
      "type": "Feature",
      "geometry": {
        "type": "Point",
        "coordinates": [
          106.633349,
          10.812204
        ]
      },
      "properties": {
        "feature_type": "bus_stop",
        "stop_id": 267,
        "stop_code": "QTB 076",
        "stop_name": "Ngã ba Chế Lan Viên",
        "stop_type": "Nhà chờ",
        "route_no": "62",
        "display_code": "B 62",
        "direction": "Lượt đi",
        "address": "Đối diện đường Chế Lan Viên Trường Chinh",
        "street": "Trường Chinh",
        "zone": "Quận Tân Bình",
        "ward": null,
        "all_routes": "04, 104, 13, 145, 23, 27, 28, 62, 65, 94",
        "marker_color": "#C0CA33"
      }
    },
    {
      "type": "Feature",
      "geometry": {
        "type": "Point",
        "coordinates": [
          106.631461,
          10.818332
        ]
      },
      "properties": {
        "feature_type": "bus_stop",
        "stop_id": 270,
        "stop_code": "QTB 078",
        "stop_name": "UBND Phường 15",
        "stop_type": "Nhà chờ",
        "route_no": "62",
        "display_code": "B 62",
        "direction": "Lượt đi",
        "address": "850 Trường Chinh",
        "street": "Trường Chinh",
        "zone": "Quận Tân Bình",
        "ward": null,
        "all_routes": "04, 104, 13, 145, 23, 27, 62, 65, 94",
        "marker_color": "#C0CA33"
      }
    },
    {
      "type": "Feature",
      "geometry": {
        "type": "Point",
        "coordinates": [
          106.630254,
          10.822452
        ]
      },
      "properties": {
        "feature_type": "bus_stop",
        "stop_id": 271,
        "stop_code": "QTB 079",
        "stop_name": "Khu Công Nghiệp Tân Bình",
        "stop_type": "Nhà chờ",
        "route_no": "62",
        "display_code": "B 62",
        "direction": "Lượt đi",
        "address": "932 Trường Chinh",
        "street": "Trường Chinh",
        "zone": "Quận Tân Bình",
        "ward": null,
        "all_routes": "04, 104, 13, 145, 23, 27, 32, 41, 62, 65, 94",
        "marker_color": "#C0CA33"
      }
    },
    {
      "type": "Feature",
      "geometry": {
        "type": "Point",
        "coordinates": [
          106.626762,
          10.827323
        ]
      },
      "properties": {
        "feature_type": "bus_stop",
        "stop_id": 3407,
        "stop_code": "Q12 140",
        "stop_name": "Đường song hành QL 22",
        "stop_type": "Trụ dừng",
        "route_no": "62",
        "display_code": "B 62",
        "direction": "Lượt đi",
        "address": "1/42 Nguyễn Văn Quá",
        "street": "Nguyễn Văn Quá",
        "zone": "Quận 12",
        "ward": null,
        "all_routes": "62",
        "marker_color": "#C0CA33"
      }
    },
    {
      "type": "Feature",
      "geometry": {
        "type": "Point",
        "coordinates": [
          106.627148,
          10.829908
        ]
      },
      "properties": {
        "feature_type": "bus_stop",
        "stop_id": 3406,
        "stop_code": "Q12 141",
        "stop_name": "Ngân hàng ACB",
        "stop_type": "Trụ dừng",
        "route_no": "62",
        "display_code": "B 62",
        "direction": "Lượt đi",
        "address": "90A Nguyễn Văn Quá",
        "street": "Nguyễn Văn Quá",
        "zone": "Quận 12",
        "ward": null,
        "all_routes": "62",
        "marker_color": "#C0CA33"
      }
    },
    {
      "type": "Feature",
      "geometry": {
        "type": "Point",
        "coordinates": [
          106.627888,
          10.832068
        ]
      },
      "properties": {
        "feature_type": "bus_stop",
        "stop_id": 3409,
        "stop_code": "Q12 142",
        "stop_name": "Sân bóng Cây Sộp",
        "stop_type": "Trụ dừng",
        "route_no": "62",
        "display_code": "B 62",
        "direction": "Lượt đi",
        "address": "184 (Kế 1/97) Nguyễn Văn Quá",
        "street": "Nguyễn Văn Quá",
        "zone": "Quận 12",
        "ward": null,
        "all_routes": "62",
        "marker_color": "#C0CA33"
      }
    },
    {
      "type": "Feature",
      "geometry": {
        "type": "Point",
        "coordinates": [
          106.628999,
          10.835909
        ]
      },
      "properties": {
        "feature_type": "bus_stop",
        "stop_id": 3408,
        "stop_code": "Q12 143",
        "stop_name": "Nhà hàng Đông Phương",
        "stop_type": "Trụ dừng",
        "route_no": "62",
        "display_code": "B 62",
        "direction": "Lượt đi",
        "address": "344 Nguyễn Văn Quá",
        "street": "Nguyễn Văn Quá",
        "zone": "Quận 12",
        "ward": null,
        "all_routes": "62",
        "marker_color": "#C0CA33"
      }
    },
    {
      "type": "Feature",
      "geometry": {
        "type": "Point",
        "coordinates": [
          106.629578,
          10.838032
        ]
      },
      "properties": {
        "feature_type": "bus_stop",
        "stop_id": 3411,
        "stop_code": "Q12 144",
        "stop_name": "Trường Phan Bội Châu",
        "stop_type": "Trụ dừng",
        "route_no": "62",
        "display_code": "B 62",
        "direction": "Lượt đi",
        "address": "430 (21A) Nguyễn Văn Quá",
        "street": "Nguyễn Văn Quá",
        "zone": "Quận 12",
        "ward": null,
        "all_routes": "62",
        "marker_color": "#C0CA33"
      }
    },
    {
      "type": "Feature",
      "geometry": {
        "type": "Point",
        "coordinates": [
          106.630458,
          10.84153
        ]
      },
      "properties": {
        "feature_type": "bus_stop",
        "stop_id": 3410,
        "stop_code": "Q12 145",
        "stop_name": "Cafe Venus",
        "stop_type": "Trụ dừng",
        "route_no": "62",
        "display_code": "B 62",
        "direction": "Lượt đi",
        "address": "566 Nguyễn Văn Quá",
        "street": "Nguyễn Văn Quá",
        "zone": "Quận 12",
        "ward": null,
        "all_routes": "62",
        "marker_color": "#C0CA33"
      }
    },
    {
      "type": "Feature",
      "geometry": {
        "type": "Point",
        "coordinates": [
          106.631944,
          10.84436
        ]
      },
      "properties": {
        "feature_type": "bus_stop",
        "stop_id": 3412,
        "stop_code": "Q12 146",
        "stop_name": "Chợ An Sương",
        "stop_type": "Trụ dừng",
        "route_no": "62",
        "display_code": "B 62",
        "direction": "Lượt đi",
        "address": "708 (Trung tâm y tế) Nguyễn Văn Quá",
        "street": "Nguyễn Văn Quá",
        "zone": "Quận 12",
        "ward": null,
        "all_routes": "62",
        "marker_color": "#C0CA33"
      }
    },
    {
      "type": "Feature",
      "geometry": {
        "type": "Point",
        "coordinates": [
          106.633886,
          10.846415
        ]
      },
      "properties": {
        "feature_type": "bus_stop",
        "stop_id": 3413,
        "stop_code": "Q12 147",
        "stop_name": "Quang Trung",
        "stop_type": "Trụ dừng",
        "route_no": "62",
        "display_code": "B 62",
        "direction": "Lượt đi",
        "address": "794 (52) Nguyễn Văn Quá",
        "street": "Nguyễn Văn Quá",
        "zone": "Quận 12",
        "ward": null,
        "all_routes": "62",
        "marker_color": "#C0CA33"
      }
    },
    {
      "type": "Feature",
      "geometry": {
        "type": "Point",
        "coordinates": [
          106.634363,
          10.848253
        ]
      },
      "properties": {
        "feature_type": "bus_stop",
        "stop_id": 2092,
        "stop_code": "Q12 060",
        "stop_name": "Chợ Cầu",
        "stop_type": "Trụ dừng",
        "route_no": "62",
        "display_code": "B 62",
        "direction": "Lượt đi",
        "address": "84A Tô Ký",
        "street": "Tô Ký",
        "zone": "Quận 12",
        "ward": null,
        "all_routes": "18, 24, 55, 62",
        "marker_color": "#C0CA33"
      }
    },
    {
      "type": "Feature",
      "geometry": {
        "type": "Point",
        "coordinates": [
          106.632185,
          10.849823
        ]
      },
      "properties": {
        "feature_type": "bus_stop",
        "stop_id": 2052,
        "stop_code": "Q12 059",
        "stop_name": "Cầu vượt Quang Trung",
        "stop_type": "Trụ dừng",
        "route_no": "62",
        "display_code": "B 62",
        "direction": "Lượt đi",
        "address": "170 Tô Ký",
        "street": "Tô Ký",
        "zone": "Quận 12",
        "ward": null,
        "all_routes": "18, 24, 55, 62",
        "marker_color": "#C0CA33"
      }
    },
    {
      "type": "Feature",
      "geometry": {
        "type": "Point",
        "coordinates": [
          106.632347,
          10.852583
        ]
      },
      "properties": {
        "feature_type": "bus_stop",
        "stop_id": 2677,
        "stop_code": "Q12 100",
        "stop_name": "Trường Nguyễn Du",
        "stop_type": "Nhà chờ",
        "route_no": "62",
        "display_code": "B 62",
        "direction": "Lượt đi",
        "address": "Trường Nguyễn Du Quốc lộ 1A",
        "street": "Quốc lộ 1A",
        "zone": "Quận 12",
        "ward": null,
        "all_routes": "33, 60-1, 61-3, 62",
        "marker_color": "#C0CA33"
      }
    },
    {
      "type": "Feature",
      "geometry": {
        "type": "Point",
        "coordinates": [
          106.634679,
          10.853806
        ]
      },
      "properties": {
        "feature_type": "bus_stop",
        "stop_id": 2675,
        "stop_code": "Q12 101",
        "stop_name": "Bảo vệ Nam Long Hải",
        "stop_type": "Trụ dừng",
        "route_no": "62",
        "display_code": "B 62",
        "direction": "Lượt đi",
        "address": "103/4B Quốc lộ 1A",
        "street": "Quốc lộ 1A",
        "zone": "Quận 12",
        "ward": null,
        "all_routes": "33, 61-3, 62",
        "marker_color": "#C0CA33"
      }
    },
    {
      "type": "Feature",
      "geometry": {
        "type": "Point",
        "coordinates": [
          106.639832,
          10.856667
        ]
      },
      "properties": {
        "feature_type": "bus_stop",
        "stop_id": 2676,
        "stop_code": "Q12 102",
        "stop_name": "Ngã tư Đình",
        "stop_type": "Ô sơn",
        "route_no": "62",
        "display_code": "B 62",
        "direction": "Lượt đi",
        "address": "1781 Quốc lộ 1A",
        "street": "Quốc lộ 1A",
        "zone": "Quận 12",
        "ward": null,
        "all_routes": "33, 60-1, 61-3, 62",
        "marker_color": "#C0CA33"
      }
    },
    {
      "type": "Feature",
      "geometry": {
        "type": "Point",
        "coordinates": [
          106.644233,
          10.858953
        ]
      },
      "properties": {
        "feature_type": "bus_stop",
        "stop_id": 2678,
        "stop_code": "Q12 103",
        "stop_name": "Cây xăng Năng lượng",
        "stop_type": "Trụ dừng",
        "route_no": "62",
        "display_code": "B 62",
        "direction": "Lượt đi",
        "address": "Kế cây xăng Năng lượng Quốc lộ 1A",
        "street": "Quốc lộ 1A",
        "zone": "Quận 12",
        "ward": null,
        "all_routes": "33, 60-1, 61-3, 62",
        "marker_color": "#C0CA33"
      }
    },
    {
      "type": "Feature",
      "geometry": {
        "type": "Point",
        "coordinates": [
          106.647781,
          10.86097
        ]
      },
      "properties": {
        "feature_type": "bus_stop",
        "stop_id": 2680,
        "stop_code": "Q12 104",
        "stop_name": "Cao su Vina",
        "stop_type": "Trụ dừng",
        "route_no": "62",
        "display_code": "B 62",
        "direction": "Lượt đi",
        "address": "1721 Quốc lộ 1A",
        "street": "Quốc lộ 1A",
        "zone": "Quận 12",
        "ward": null,
        "all_routes": "33, 60-1, 61-3, 62",
        "marker_color": "#C0CA33"
      }
    },
    {
      "type": "Feature",
      "geometry": {
        "type": "Point",
        "coordinates": [
          106.649705,
          10.863711
        ]
      },
      "properties": {
        "feature_type": "bus_stop",
        "stop_id": 1670,
        "stop_code": "Q12 001",
        "stop_name": "Metro Hiệp Phú",
        "stop_type": "Trụ dừng",
        "route_no": "62",
        "display_code": "B 62",
        "direction": "Lượt đi",
        "address": "48 Lê Văn Khương",
        "street": "Lê Văn Khương",
        "zone": "Quận 12",
        "ward": null,
        "all_routes": "36, 62",
        "marker_color": "#C0CA33"
      }
    },
    {
      "type": "Feature",
      "geometry": {
        "type": "Point",
        "coordinates": [
          106.649555,
          10.868094
        ]
      },
      "properties": {
        "feature_type": "bus_stop",
        "stop_id": 1669,
        "stop_code": "Q12 002",
        "stop_name": "Công ty Bia Tiger",
        "stop_type": "Trụ dừng",
        "route_no": "62",
        "display_code": "B 62",
        "direction": "Lượt đi",
        "address": "Công ty Bia Tiger Lê Văn Khương",
        "street": "Lê Văn Khương",
        "zone": "Quận 12",
        "ward": null,
        "all_routes": "36, 62",
        "marker_color": "#C0CA33"
      }
    },
    {
      "type": "Feature",
      "geometry": {
        "type": "Point",
        "coordinates": [
          106.649335,
          10.872066
        ]
      },
      "properties": {
        "feature_type": "bus_stop",
        "stop_id": 1674,
        "stop_code": "Q12 003",
        "stop_name": "Bảo hiểm xã hội Quận 12",
        "stop_type": "Trụ dừng",
        "route_no": "62",
        "display_code": "B 62",
        "direction": "Lượt đi",
        "address": "270 Lê Văn Khương",
        "street": "Lê Văn Khương",
        "zone": "Quận 12",
        "ward": null,
        "all_routes": "36, 62",
        "marker_color": "#C0CA33"
      }
    },
    {
      "type": "Feature",
      "geometry": {
        "type": "Point",
        "coordinates": [
          106.649185,
          10.875195
        ]
      },
      "properties": {
        "feature_type": "bus_stop",
        "stop_id": 1671,
        "stop_code": "Q12 004",
        "stop_name": "UBND Phường Thới An",
        "stop_type": "Trụ dừng",
        "route_no": "62",
        "display_code": "B 62",
        "direction": "Lượt đi",
        "address": "UBND Phường Thới An Lê Văn Khương",
        "street": "Lê Văn Khương",
        "zone": "Quận 12",
        "ward": null,
        "all_routes": "36, 62",
        "marker_color": "#C0CA33"
      }
    },
    {
      "type": "Feature",
      "geometry": {
        "type": "Point",
        "coordinates": [
          106.64798,
          10.878467
        ]
      },
      "properties": {
        "feature_type": "bus_stop",
        "stop_id": 2745,
        "stop_code": "BX35",
        "stop_name": "Bến xe buýt Thới An",
        "stop_type": "Bến xe",
        "route_no": "62",
        "display_code": "B 62",
        "direction": "Lượt đi",
        "address": "BẾN XE BUÝT THỚI AN Lê Văn Khương",
        "street": "Lê Văn Khương",
        "zone": "Quận 12",
        "ward": null,
        "all_routes": "36, 62, 78",
        "marker_color": "#C0CA33"
      }
    },
    {
      "type": "Feature",
      "geometry": {
        "type": "Point",
        "coordinates": [
          106.648852,
          10.878504
        ]
      },
      "properties": {
        "feature_type": "bus_stop",
        "stop_id": 1672,
        "stop_code": "Q12 0130",
        "stop_name": "Bến xe buýt Thới An",
        "stop_type": "Nhà chờ",
        "route_no": "62",
        "display_code": "B 62",
        "direction": "Lượt về",
        "address": "Bến xe buýt Thới An Lê Văn Khương",
        "street": "Lê Văn Khương",
        "zone": "Quận 12",
        "ward": null,
        "all_routes": "36, 62",
        "marker_color": "#C0CA33"
      }
    },
    {
      "type": "Feature",
      "geometry": {
        "type": "Point",
        "coordinates": [
          106.648997,
          10.875496
        ]
      },
      "properties": {
        "feature_type": "bus_stop",
        "stop_id": 1746,
        "stop_code": "Q12 014",
        "stop_name": "UBND Phường Thới An",
        "stop_type": "Trụ dừng",
        "route_no": "62",
        "display_code": "B 62",
        "direction": "Lượt về",
        "address": "Đài liệt sĩ Lê Văn Khương",
        "street": "Lê Văn Khương",
        "zone": "Quận 12",
        "ward": null,
        "all_routes": "36, 62",
        "marker_color": "#C0CA33"
      }
    },
    {
      "type": "Feature",
      "geometry": {
        "type": "Point",
        "coordinates": [
          106.649158,
          10.872488
        ]
      },
      "properties": {
        "feature_type": "bus_stop",
        "stop_id": 1745,
        "stop_code": "Q12 015",
        "stop_name": "Bảo hiểm xã hội Quận 12",
        "stop_type": "Trụ dừng",
        "route_no": "62",
        "display_code": "B 62",
        "direction": "Lượt về",
        "address": "251 Lê Văn Khương",
        "street": "Lê Văn Khương",
        "zone": "Quận 12",
        "ward": null,
        "all_routes": "36, 62",
        "marker_color": "#C0CA33"
      }
    },
    {
      "type": "Feature",
      "geometry": {
        "type": "Point",
        "coordinates": [
          106.649351,
          10.868505
        ]
      },
      "properties": {
        "feature_type": "bus_stop",
        "stop_id": 1748,
        "stop_code": "Q12 016",
        "stop_name": "Công ty Bia Tiger",
        "stop_type": "Trụ dừng",
        "route_no": "62",
        "display_code": "B 62",
        "direction": "Lượt về",
        "address": "119 Lê Văn Khương",
        "street": "Lê Văn Khương",
        "zone": "Quận 12",
        "ward": null,
        "all_routes": "36, 62",
        "marker_color": "#C0CA33"
      }
    },
    {
      "type": "Feature",
      "geometry": {
        "type": "Point",
        "coordinates": [
          106.649619,
          10.863379
        ]
      },
      "properties": {
        "feature_type": "bus_stop",
        "stop_id": 1747,
        "stop_code": "Q12 017",
        "stop_name": "Metro Hiệp Phú",
        "stop_type": "Trụ dừng",
        "route_no": "62",
        "display_code": "B 62",
        "direction": "Lượt về",
        "address": "Metro Hiệp Phú Lê Văn Khương",
        "street": "Lê Văn Khương",
        "zone": "Quận 12",
        "ward": null,
        "all_routes": "36, 62",
        "marker_color": "#C0CA33"
      }
    },
    {
      "type": "Feature",
      "geometry": {
        "type": "Point",
        "coordinates": [
          106.648536,
          10.861767
        ]
      },
      "properties": {
        "feature_type": "bus_stop",
        "stop_id": 2775,
        "stop_code": "Q12 078",
        "stop_name": "Cao su Vina",
        "stop_type": "Trụ dừng",
        "route_no": "62",
        "display_code": "B 62",
        "direction": "Lượt về",
        "address": "67/3A Quốc lộ 1A",
        "street": "Quốc lộ 1A",
        "zone": "Quận 12",
        "ward": null,
        "all_routes": "33, 60-1, 61-3, 62",
        "marker_color": "#C0CA33"
      }
    },
    {
      "type": "Feature",
      "geometry": {
        "type": "Point",
        "coordinates": [
          106.645682,
          10.860302
        ]
      },
      "properties": {
        "feature_type": "bus_stop",
        "stop_id": 2776,
        "stop_code": "Q12 079",
        "stop_name": "Cây xăng Trung Tín",
        "stop_type": "Trụ dừng",
        "route_no": "62",
        "display_code": "B 62",
        "direction": "Lượt về",
        "address": "1828 Quốc lộ 1A",
        "street": "Quốc lộ 1A",
        "zone": "Quận 12",
        "ward": null,
        "all_routes": "33, 60-1, 61-3, 62",
        "marker_color": "#C0CA33"
      }
    },
    {
      "type": "Feature",
      "geometry": {
        "type": "Point",
        "coordinates": [
          106.640918,
          10.857668
        ]
      },
      "properties": {
        "feature_type": "bus_stop",
        "stop_id": 2777,
        "stop_code": "Q12 080",
        "stop_name": "Trạm điện Hóc Môn",
        "stop_type": "Trụ dừng",
        "route_no": "62",
        "display_code": "B 62",
        "direction": "Lượt về",
        "address": "1956 Quốc lộ 1A",
        "street": "Quốc lộ 1A",
        "zone": "Quận 12",
        "ward": null,
        "all_routes": "33, 60-1, 61-3, 62",
        "marker_color": "#C0CA33"
      }
    },
    {
      "type": "Feature",
      "geometry": {
        "type": "Point",
        "coordinates": [
          106.638172,
          10.856256
        ]
      },
      "properties": {
        "feature_type": "bus_stop",
        "stop_id": 2778,
        "stop_code": "Q12 081",
        "stop_name": "Ngã tư Đình",
        "stop_type": "Trụ dừng",
        "route_no": "62",
        "display_code": "B 62",
        "direction": "Lượt về",
        "address": "44D Quốc lộ 1A",
        "street": "Quốc lộ 1A",
        "zone": "Quận 12",
        "ward": null,
        "all_routes": "33, 60-1, 61-3, 62",
        "marker_color": "#C0CA33"
      }
    },
    {
      "type": "Feature",
      "geometry": {
        "type": "Point",
        "coordinates": [
          106.632469,
          10.853048
        ]
      },
      "properties": {
        "feature_type": "bus_stop",
        "stop_id": 2781,
        "stop_code": "Q12 083",
        "stop_name": "Trường Nguyễn Du",
        "stop_type": "Nhà chờ",
        "route_no": "62",
        "display_code": "B 62",
        "direction": "Lượt về",
        "address": "Đối diện Trường Nguyễn Du Quốc lộ 1A",
        "street": "Quốc lộ 1A",
        "zone": "Quận 12",
        "ward": null,
        "all_routes": "33, 60-1, 61-3, 62",
        "marker_color": "#C0CA33"
      }
    },
    {
      "type": "Feature",
      "geometry": {
        "type": "Point",
        "coordinates": [
          106.630935,
          10.852242
        ]
      },
      "properties": {
        "feature_type": "bus_stop",
        "stop_id": 2780,
        "stop_code": "Q12 084",
        "stop_name": "Công viên Phần mềm Quang Trung",
        "stop_type": "Nhà chờ",
        "route_no": "62",
        "display_code": "B 62",
        "direction": "Lượt về",
        "address": "Công viên phần mềm Quang Trung Quốc lộ 1A",
        "street": "Quốc lộ 1A",
        "zone": "Quận 12",
        "ward": null,
        "all_routes": "33, 61-3, 62",
        "marker_color": "#C0CA33"
      }
    },
    {
      "type": "Feature",
      "geometry": {
        "type": "Point",
        "coordinates": [
          106.626531,
          10.852726
        ]
      },
      "properties": {
        "feature_type": "bus_stop",
        "stop_id": 2057,
        "stop_code": "Q12 018",
        "stop_name": "Công viên Phần mềm Quang Trung",
        "stop_type": "Nhà chờ",
        "route_no": "62",
        "display_code": "B 62",
        "direction": "Lượt về",
        "address": "Công viên Phần mềm Quang Trung Tô Ký",
        "street": "Tô Ký",
        "zone": "Quận 12",
        "ward": null,
        "all_routes": "18, 24, 55, 62",
        "marker_color": "#C0CA33"
      }
    },
    {
      "type": "Feature",
      "geometry": {
        "type": "Point",
        "coordinates": [
          106.625914,
          10.853248
        ]
      },
      "properties": {
        "feature_type": "bus_stop",
        "stop_id": 2090,
        "stop_code": "Q12 031",
        "stop_name": "Công viên Phần mềm Quang Trung",
        "stop_type": "Trụ dừng",
        "route_no": "62",
        "display_code": "B 62",
        "direction": "Lượt về",
        "address": "389 Tô Ký",
        "street": "Tô Ký",
        "zone": "Quận 12",
        "ward": null,
        "all_routes": "18, 24, 55, 62",
        "marker_color": "#C0CA33"
      }
    },
    {
      "type": "Feature",
      "geometry": {
        "type": "Point",
        "coordinates": [
          106.632174,
          10.84946
        ]
      },
      "properties": {
        "feature_type": "bus_stop",
        "stop_id": 2091,
        "stop_code": "Q12 057",
        "stop_name": "Cầu vượt Quang Trung",
        "stop_type": "Trụ dừng",
        "route_no": "62",
        "display_code": "B 62",
        "direction": "Lượt về",
        "address": "B45 Tô Ký",
        "street": "Tô Ký",
        "zone": "Quận 12",
        "ward": null,
        "all_routes": "18, 24, 55, 62",
        "marker_color": "#C0CA33"
      }
    },
    {
      "type": "Feature",
      "geometry": {
        "type": "Point",
        "coordinates": [
          106.634068,
          10.848148
        ]
      },
      "properties": {
        "feature_type": "bus_stop",
        "stop_id": 2056,
        "stop_code": "Q12 058",
        "stop_name": "Chợ Cầu",
        "stop_type": "Trụ dừng",
        "route_no": "62",
        "display_code": "B 62",
        "direction": "Lượt về",
        "address": "B79 Tô Ký",
        "street": "Tô Ký",
        "zone": "Quận 12",
        "ward": null,
        "all_routes": "18, 24, 55, 62",
        "marker_color": "#C0CA33"
      }
    },
    {
      "type": "Feature",
      "geometry": {
        "type": "Point",
        "coordinates": [
          106.634148,
          10.846736
        ]
      },
      "properties": {
        "feature_type": "bus_stop",
        "stop_id": 3415,
        "stop_code": "Q12 148",
        "stop_name": "Quang Trung",
        "stop_type": "Trụ dừng",
        "route_no": "62",
        "display_code": "B 62",
        "direction": "Lượt về",
        "address": "731 (119B) Nguyễn Văn Quá",
        "street": "Nguyễn Văn Quá",
        "zone": "Quận 12",
        "ward": null,
        "all_routes": "62",
        "marker_color": "#C0CA33"
      }
    },
    {
      "type": "Feature",
      "geometry": {
        "type": "Point",
        "coordinates": [
          106.631423,
          10.844001
        ]
      },
      "properties": {
        "feature_type": "bus_stop",
        "stop_id": 3414,
        "stop_code": "Q12 149",
        "stop_name": "Chợ An Sương",
        "stop_type": "Trụ dừng",
        "route_no": "62",
        "display_code": "B 62",
        "direction": "Lượt về",
        "address": "593 Nguyễn Văn Quá",
        "street": "Nguyễn Văn Quá",
        "zone": "Quận 12",
        "ward": null,
        "all_routes": "62",
        "marker_color": "#C0CA33"
      }
    },
    {
      "type": "Feature",
      "geometry": {
        "type": "Point",
        "coordinates": [
          106.630463,
          10.841826
        ]
      },
      "properties": {
        "feature_type": "bus_stop",
        "stop_id": 3417,
        "stop_code": "Q12 150",
        "stop_name": "Cafe Venus",
        "stop_type": "Trụ dừng",
        "route_no": "62",
        "display_code": "B 62",
        "direction": "Lượt về",
        "address": "507 (B168) Nguyễn Văn Quá",
        "street": "Nguyễn Văn Quá",
        "zone": "Quận 12",
        "ward": null,
        "all_routes": "62",
        "marker_color": "#C0CA33"
      }
    },
    {
      "type": "Feature",
      "geometry": {
        "type": "Point",
        "coordinates": [
          106.629535,
          10.838375
        ]
      },
      "properties": {
        "feature_type": "bus_stop",
        "stop_id": 3416,
        "stop_code": "Q12 151",
        "stop_name": "Trường Phan Bội Châu",
        "stop_type": "Trụ dừng",
        "route_no": "62",
        "display_code": "B 62",
        "direction": "Lượt về",
        "address": "401 Nguyễn Văn Quá",
        "street": "Nguyễn Văn Quá",
        "zone": "Quận 12",
        "ward": null,
        "all_routes": "62",
        "marker_color": "#C0CA33"
      }
    },
    {
      "type": "Feature",
      "geometry": {
        "type": "Point",
        "coordinates": [
          106.628602,
          10.834897
        ]
      },
      "properties": {
        "feature_type": "bus_stop",
        "stop_id": 3419,
        "stop_code": "Q12 152",
        "stop_name": "Nhà hàng Đông Phương",
        "stop_type": "Trụ dừng",
        "route_no": "62",
        "display_code": "B 62",
        "direction": "Lượt về",
        "address": "285 Nguyễn Văn Quá",
        "street": "Nguyễn Văn Quá",
        "zone": "Quận 12",
        "ward": null,
        "all_routes": "62",
        "marker_color": "#C0CA33"
      }
    },
    {
      "type": "Feature",
      "geometry": {
        "type": "Point",
        "coordinates": [
          106.627867,
          10.8324
        ]
      },
      "properties": {
        "feature_type": "bus_stop",
        "stop_id": 3421,
        "stop_code": "Q12 153",
        "stop_name": "Sân bóng đá Cây Sộp",
        "stop_type": "Trụ dừng",
        "route_no": "62",
        "display_code": "B 62",
        "direction": "Lượt về",
        "address": "213 Nguyễn Văn Quá",
        "street": "Nguyễn Văn Quá",
        "zone": "Quận 12",
        "ward": null,
        "all_routes": "62",
        "marker_color": "#C0CA33"
      }
    },
    {
      "type": "Feature",
      "geometry": {
        "type": "Point",
        "coordinates": [
          106.627148,
          10.830282
        ]
      },
      "properties": {
        "feature_type": "bus_stop",
        "stop_id": 3418,
        "stop_code": "Q12 154",
        "stop_name": "Ngân hàng ACB",
        "stop_type": "Trụ dừng",
        "route_no": "62",
        "display_code": "B 62",
        "direction": "Lượt về",
        "address": "127 Nguyễn Văn Quá",
        "street": "Nguyễn Văn Quá",
        "zone": "Quận 12",
        "ward": null,
        "all_routes": "62",
        "marker_color": "#C0CA33"
      }
    },
    {
      "type": "Feature",
      "geometry": {
        "type": "Point",
        "coordinates": [
          106.626713,
          10.828106
        ]
      },
      "properties": {
        "feature_type": "bus_stop",
        "stop_id": 3420,
        "stop_code": "Q12 155",
        "stop_name": "Đường song hành QL22",
        "stop_type": "Ô sơn",
        "route_no": "62",
        "display_code": "B 62",
        "direction": "Lượt về",
        "address": "1/48 Nguyễn Văn Quá",
        "street": "Nguyễn Văn Quá",
        "zone": "Quận 12",
        "ward": null,
        "all_routes": "62",
        "marker_color": "#C0CA33"
      }
    },
    {
      "type": "Feature",
      "geometry": {
        "type": "Point",
        "coordinates": [
          106.625828,
          10.826957
        ]
      },
      "properties": {
        "feature_type": "bus_stop",
        "stop_id": 272,
        "stop_code": "Q12 128",
        "stop_name": "Cầu Tham Lương - Siêu thị Thiên Hòa",
        "stop_type": "Nhà chờ",
        "route_no": "62",
        "display_code": "B 62",
        "direction": "Lượt về",
        "address": "60A-B (1/17A) Trường Chinh",
        "street": "Trường Chinh",
        "zone": "Quận 12",
        "ward": null,
        "all_routes": "04, 104, 13, 145, 23, 27, 41, 62, 65, 94",
        "marker_color": "#C0CA33"
      }
    },
    {
      "type": "Feature",
      "geometry": {
        "type": "Point",
        "coordinates": [
          106.62586,
          10.82624
        ]
      },
      "properties": {
        "feature_type": "bus_stop",
        "stop_id": 169,
        "stop_code": "Q12 139",
        "stop_name": "Cầu Tham Lương - Siêu thị Thiên Hòa",
        "stop_type": "Nhà chờ",
        "route_no": "62",
        "display_code": "B 62",
        "direction": "Lượt về",
        "address": "21 (Kế 2/6B) Trường Chinh",
        "street": "Trường Chinh",
        "zone": "Quận 12",
        "ward": null,
        "all_routes": "04, 104, 13, 145, 23, 27, 41, 62, 65, 94",
        "marker_color": "#C0CA33"
      }
    },
    {
      "type": "Feature",
      "geometry": {
        "type": "Point",
        "coordinates": [
          106.629825,
          10.822315
        ]
      },
      "properties": {
        "feature_type": "bus_stop",
        "stop_id": 174,
        "stop_code": "QTP 010",
        "stop_name": "Trạm Dệt Thành Công",
        "stop_type": "Nhà chờ",
        "route_no": "62",
        "display_code": "B 62",
        "direction": "Lượt về",
        "address": "8 Trường Chinh",
        "street": "Trường Chinh",
        "zone": "Quận Tân Phú",
        "ward": "Phường Tây Thạnh",
        "all_routes": "04, 104, 13, 145, 23, 27, 32, 41, 62, 65, 94",
        "marker_color": "#C0CA33"
      }
    },
    {
      "type": "Feature",
      "geometry": {
        "type": "Point",
        "coordinates": [
          106.630615,
          10.819386
        ]
      },
      "properties": {
        "feature_type": "bus_stop",
        "stop_id": 173,
        "stop_code": "QTP 011",
        "stop_name": "Trạm KCN Tân Bình",
        "stop_type": "Nhà chờ",
        "route_no": "62",
        "display_code": "B 62",
        "direction": "Lượt về",
        "address": "881 Trường Chinh",
        "street": "Trường Chinh",
        "zone": "Quận Tân Phú",
        "ward": "Phường Tây Thạnh",
        "all_routes": "04, 104, 13, 145, 23, 27, 28, 62, 65, 94",
        "marker_color": "#C0CA33"
      }
    },
    {
      "type": "Feature",
      "geometry": {
        "type": "Point",
        "coordinates": [
          106.632377,
          10.814455
        ]
      },
      "properties": {
        "feature_type": "bus_stop",
        "stop_id": 176,
        "stop_code": "QTP 012",
        "stop_name": "Ngã 3 Chế Lan Viên",
        "stop_type": "Nhà chờ",
        "route_no": "62",
        "display_code": "B 62",
        "direction": "Lượt về",
        "address": "831 (trước showroom o tô) Trường Chinh",
        "street": "Trường Chinh",
        "zone": "Quận Tân Phú",
        "ward": "Phường Tây Thạnh",
        "all_routes": "04, 104, 13, 145, 23, 27, 28, 62, 65, 94",
        "marker_color": "#C0CA33"
      }
    },
    {
      "type": "Feature",
      "geometry": {
        "type": "Point",
        "coordinates": [
          106.634019,
          10.808689
        ]
      },
      "properties": {
        "feature_type": "bus_stop",
        "stop_id": 177,
        "stop_code": "QTP 014",
        "stop_name": "Trạm Đài Liệt Sỹ",
        "stop_type": "Nhà chờ",
        "route_no": "62",
        "display_code": "B 62",
        "direction": "Lượt về",
        "address": "1/3 Trường Chinh",
        "street": "Trường Chinh",
        "zone": "Quận Tân Phú",
        "ward": "Phường Tây Thạnh",
        "all_routes": "04, 104, 13, 145, 16, 23, 27, 28, 48, 62, 63-1, 65, 94",
        "marker_color": "#C0CA33"
      }
    },
    {
      "type": "Feature",
      "geometry": {
        "type": "Point",
        "coordinates": [
          106.634773,
          10.806212
        ]
      },
      "properties": {
        "feature_type": "bus_stop",
        "stop_id": 2292,
        "stop_code": "QTP 015",
        "stop_name": "Siêu thị BigC",
        "stop_type": "Nhà chờ",
        "route_no": "62",
        "display_code": "B 62",
        "direction": "Lượt về",
        "address": "1/1 Trường Chinh",
        "street": "Trường Chinh",
        "zone": "Quận Tân Phú",
        "ward": "Phường Tây Thạnh",
        "all_routes": "13, 23, 27, 48, 62, 65, 94",
        "marker_color": "#C0CA33"
      }
    },
    {
      "type": "Feature",
      "geometry": {
        "type": "Point",
        "coordinates": [
          106.635269,
          10.8048
        ]
      },
      "properties": {
        "feature_type": "bus_stop",
        "stop_id": 2291,
        "stop_code": "QTP 016",
        "stop_name": "Trạm Tân Kỳ Tân Quý",
        "stop_type": "Trụ dừng",
        "route_no": "62",
        "display_code": "B 62",
        "direction": "Lượt về",
        "address": "33/24 (659-661) Trường Chinh",
        "street": "Trường Chinh",
        "zone": "Quận Tân Phú",
        "ward": "Phường Tây Thạnh",
        "all_routes": "13, 23, 27, 62, 65, 94",
        "marker_color": "#C0CA33"
      }
    },
    {
      "type": "Feature",
      "geometry": {
        "type": "Point",
        "coordinates": [
          106.636814,
          10.800759
        ]
      },
      "properties": {
        "feature_type": "bus_stop",
        "stop_id": 2392,
        "stop_code": "QTP 001",
        "stop_name": "Trạm Ngã ba Bà Quẹo",
        "stop_type": "Trụ dừng",
        "route_no": "62",
        "display_code": "B 62",
        "direction": "Lượt về",
        "address": "971 Âu Cơ",
        "street": "Âu Cơ",
        "zone": "Quận Tân Phú",
        "ward": null,
        "all_routes": "27, 62",
        "marker_color": "#C0CA33"
      }
    },
    {
      "type": "Feature",
      "geometry": {
        "type": "Point",
        "coordinates": [
          106.637497,
          10.798211
        ]
      },
      "properties": {
        "feature_type": "bus_stop",
        "stop_id": 2395,
        "stop_code": "QTP 002",
        "stop_name": "Trạm chợ Võ Thành Trang",
        "stop_type": "Trụ dừng",
        "route_no": "62",
        "display_code": "B 62",
        "direction": "Lượt về",
        "address": "885-887 Âu Cơ",
        "street": "Âu Cơ",
        "zone": "Quận Tân Phú",
        "ward": null,
        "all_routes": "27, 62",
        "marker_color": "#C0CA33"
      }
    },
    {
      "type": "Feature",
      "geometry": {
        "type": "Point",
        "coordinates": [
          106.638618,
          10.794283
        ]
      },
      "properties": {
        "feature_type": "bus_stop",
        "stop_id": 2394,
        "stop_code": "QTP 003",
        "stop_name": "Trạm Lũy Bán Bích",
        "stop_type": "Trụ dừng",
        "route_no": "62",
        "display_code": "B 62",
        "direction": "Lượt về",
        "address": "825 Âu Cơ",
        "street": "Âu Cơ",
        "zone": "Quận Tân Phú",
        "ward": null,
        "all_routes": "27, 30, 62",
        "marker_color": "#C0CA33"
      }
    },
    {
      "type": "Feature",
      "geometry": {
        "type": "Point",
        "coordinates": [
          106.640253,
          10.789466
        ]
      },
      "properties": {
        "feature_type": "bus_stop",
        "stop_id": 2396,
        "stop_code": "QTP 004",
        "stop_name": "Nguyễn Hồng Đào",
        "stop_type": "Trụ dừng",
        "route_no": "62",
        "display_code": "B 62",
        "direction": "Lượt về",
        "address": "Đối diện 770 Âu Cơ",
        "street": "Âu Cơ",
        "zone": "Quận Tân Phú",
        "ward": null,
        "all_routes": "23, 27, 62, 64",
        "marker_color": "#C0CA33"
      }
    },
    {
      "type": "Feature",
      "geometry": {
        "type": "Point",
        "coordinates": [
          106.641235,
          10.786605
        ]
      },
      "properties": {
        "feature_type": "bus_stop",
        "stop_id": 2299,
        "stop_code": "QTP 005",
        "stop_name": "Trạm Ngã 4 Thoại Ngọc Hầu",
        "stop_type": "Ô sơn",
        "route_no": "62",
        "display_code": "B 62",
        "direction": "Lượt về",
        "address": "647 Âu Cơ",
        "street": "Âu Cơ",
        "zone": "Quận Tân Phú",
        "ward": "Phường Hoà Thạnh",
        "all_routes": "23, 27, 62, 64",
        "marker_color": "#C0CA33"
      }
    },
    {
      "type": "Feature",
      "geometry": {
        "type": "Point",
        "coordinates": [
          106.640481,
          10.78513
        ]
      },
      "properties": {
        "feature_type": "bus_stop",
        "stop_id": 1729,
        "stop_code": "QTP 119",
        "stop_name": "Trường Trung Cấp CNTT Sài Gòn",
        "stop_type": "Trụ dừng",
        "route_no": "62",
        "display_code": "B 62",
        "direction": "Lượt về",
        "address": "14 (1333) Thoại Ngọc Hầu",
        "street": "Thoại Ngọc Hầu",
        "zone": "Quận Tân Phú",
        "ward": "Phường Hoà Thạnh",
        "all_routes": "62, 64",
        "marker_color": "#C0CA33"
      }
    },
    {
      "type": "Feature",
      "geometry": {
        "type": "Point",
        "coordinates": [
          106.637779,
          10.783206
        ]
      },
      "properties": {
        "feature_type": "bus_stop",
        "stop_id": 1727,
        "stop_code": "QTP 120",
        "stop_name": "UBND Quận Tân Phú",
        "stop_type": "Trụ dừng",
        "route_no": "62",
        "display_code": "B 62",
        "direction": "Lượt về",
        "address": "Đối diện 65 Thoại Ngọc Hầu",
        "street": "Thoại Ngọc Hầu",
        "zone": "Quận Tân Phú",
        "ward": null,
        "all_routes": "62, 64",
        "marker_color": "#C0CA33"
      }
    },
    {
      "type": "Feature",
      "geometry": {
        "type": "Point",
        "coordinates": [
          106.635237,
          10.779211
        ]
      },
      "properties": {
        "feature_type": "bus_stop",
        "stop_id": 3576,
        "stop_code": "QTP 191",
        "stop_name": "Thoại Ngọc Hầu",
        "stop_type": "Trụ dừng",
        "route_no": "62",
        "display_code": "B 62",
        "direction": "Lượt về",
        "address": "611 Lũy Bán Bích",
        "street": "Lũy Bán Bích",
        "zone": "Quận Tân Phú",
        "ward": "Phường Phú Thạnh",
        "all_routes": "62, 64, 69",
        "marker_color": "#C0CA33"
      }
    },
    {
      "type": "Feature",
      "geometry": {
        "type": "Point",
        "coordinates": [
          106.634159,
          10.777061
        ]
      },
      "properties": {
        "feature_type": "bus_stop",
        "stop_id": 3577,
        "stop_code": "QTPT220",
        "stop_name": "Đình Hòa Thạnh",
        "stop_type": "Trụ dừng",
        "route_no": "62",
        "display_code": "B 62",
        "direction": "Lượt về",
        "address": "531 Lũy Bán Bích",
        "street": "Lũy Bán Bích",
        "zone": "Quận Tân Phú",
        "ward": "Phường Phú Thạnh",
        "all_routes": "62, 64, 69",
        "marker_color": "#C0CA33"
      }
    },
    {
      "type": "Feature",
      "geometry": {
        "type": "Point",
        "coordinates": [
          106.632625,
          10.774632
        ]
      },
      "properties": {
        "feature_type": "bus_stop",
        "stop_id": 3578,
        "stop_code": "QTP 193",
        "stop_name": "công ty nhựa Tân Phú",
        "stop_type": "Trụ dừng",
        "route_no": "62",
        "display_code": "B 62",
        "direction": "Lượt về",
        "address": "425 Lũy Bán Bích",
        "street": "Lũy Bán Bích",
        "zone": "Quận Tân Phú",
        "ward": "Phường Hiệp Tân",
        "all_routes": "62, 64, 69",
        "marker_color": "#C0CA33"
      }
    },
    {
      "type": "Feature",
      "geometry": {
        "type": "Point",
        "coordinates": [
          106.631831,
          10.771633
        ]
      },
      "properties": {
        "feature_type": "bus_stop",
        "stop_id": 3579,
        "stop_code": "QTP 194",
        "stop_name": "Cây Keo",
        "stop_type": "Trụ dừng",
        "route_no": "62",
        "display_code": "B 62",
        "direction": "Lượt về",
        "address": "295-297 Lũy Bán Bích",
        "street": "Lũy Bán Bích",
        "zone": "Quận Tân Phú",
        "ward": "Phường Hiệp Tân",
        "all_routes": "62, 64, 69",
        "marker_color": "#C0CA33"
      }
    },
    {
      "type": "Feature",
      "geometry": {
        "type": "Point",
        "coordinates": [
          106.632539,
          10.769973
        ]
      },
      "properties": {
        "feature_type": "bus_stop",
        "stop_id": 1570,
        "stop_code": "QTP 137",
        "stop_name": "Ngã 4 Hòa Bình",
        "stop_type": "Biển treo",
        "route_no": "62",
        "display_code": "B 62",
        "direction": "Lượt về",
        "address": "69 Hòa Bình",
        "street": "Hòa Bình",
        "zone": "Quận Tân Phú",
        "ward": "Phường Hiệp Tân",
        "all_routes": "15, 62, 64, 69",
        "marker_color": "#C0CA33"
      }
    },
    {
      "type": "Feature",
      "geometry": {
        "type": "Point",
        "coordinates": [
          106.633966,
          10.769583
        ]
      },
      "properties": {
        "feature_type": "bus_stop",
        "stop_id": 1567,
        "stop_code": "QTP 136",
        "stop_name": "Trường Hoàng Diệu",
        "stop_type": "Trụ dừng",
        "route_no": "62",
        "display_code": "B 62",
        "direction": "Lượt về",
        "address": "49 Hòa Bình",
        "street": "Hòa Bình",
        "zone": "Quận Tân Phú",
        "ward": null,
        "all_routes": "15, 62, 64, 69",
        "marker_color": "#C0CA33"
      }
    },
    {
      "type": "Feature",
      "geometry": {
        "type": "Point",
        "coordinates": [
          106.637866,
          10.768814
        ]
      },
      "properties": {
        "feature_type": "bus_stop",
        "stop_id": 1571,
        "stop_code": "Q11 045",
        "stop_name": "Thuỷ Tạ",
        "stop_type": "Nhà chờ",
        "route_no": "62",
        "display_code": "B 62",
        "direction": "Lượt về",
        "address": "ĐD 90 (nhà hàng Thủy Tạ Đầm Sen) Hòa Bình",
        "street": "Hòa Bình",
        "zone": "Quận 11",
        "ward": null,
        "all_routes": "15, 23, 62, 64, 69",
        "marker_color": "#C0CA33"
      }
    },
    {
      "type": "Feature",
      "geometry": {
        "type": "Point",
        "coordinates": [
          106.639776,
          10.767929
        ]
      },
      "properties": {
        "feature_type": "bus_stop",
        "stop_id": 1569,
        "stop_code": "Q11 046",
        "stop_name": "Bãi xe buýt Đầm Sen",
        "stop_type": "Nhà chờ",
        "route_no": "62",
        "display_code": "B 62",
        "direction": "Lượt về",
        "address": "7B (Bến xe buýt Đầm Sen) Hòa Bình",
        "street": "Hòa Bình",
        "zone": "Quận 11",
        "ward": null,
        "all_routes": "23, 62, 69",
        "marker_color": "#C0CA33"
      }
    },
    {
      "type": "Feature",
      "geometry": {
        "type": "Point",
        "coordinates": [
          106.641571,
          10.76698
        ]
      },
      "properties": {
        "feature_type": "bus_stop",
        "stop_id": 1043,
        "stop_code": "Q11 047",
        "stop_name": "Ngã tư Hòa Bình",
        "stop_type": "Trụ dừng",
        "route_no": "62",
        "display_code": "B 62",
        "direction": "Lượt về",
        "address": "3 (79) Hòa Bình",
        "street": "Hòa Bình",
        "zone": "Quận 11",
        "ward": null,
        "all_routes": "15, 23, 38, 62, 69",
        "marker_color": "#C0CA33"
      }
    },
    {
      "type": "Feature",
      "geometry": {
        "type": "Point",
        "coordinates": [
          106.643349,
          10.766342
        ]
      },
      "properties": {
        "feature_type": "bus_stop",
        "stop_id": 1044,
        "stop_code": "Q11 041",
        "stop_name": "Tòa án nhân dân Quận 11",
        "stop_type": "Trụ dừng",
        "route_no": "62",
        "display_code": "B 62",
        "direction": "Lượt về",
        "address": "85 Ông Ích Khiêm",
        "street": "Ông Ích Khiêm",
        "zone": "Quận 11",
        "ward": null,
        "all_routes": "23, 62, 69",
        "marker_color": "#C0CA33"
      }
    },
    {
      "type": "Feature",
      "geometry": {
        "type": "Point",
        "coordinates": [
          106.645157,
          10.765737
        ]
      },
      "properties": {
        "feature_type": "bus_stop",
        "stop_id": 1045,
        "stop_code": "Q11 042",
        "stop_name": "Ông Ích Khiêm",
        "stop_type": "Trụ dừng",
        "route_no": "62",
        "display_code": "B 62",
        "direction": "Lượt về",
        "address": "43 Ông Ích Khiêm",
        "street": "Ông Ích Khiêm",
        "zone": "Quận 11",
        "ward": null,
        "all_routes": "23, 62, 69",
        "marker_color": "#C0CA33"
      }
    },
    {
      "type": "Feature",
      "geometry": {
        "type": "Point",
        "coordinates": [
          106.646755,
          10.765057
        ]
      },
      "properties": {
        "feature_type": "bus_stop",
        "stop_id": 1046,
        "stop_code": "Q11 038",
        "stop_name": "Chợ Lãnh Binh Thăng",
        "stop_type": "Trụ dừng",
        "route_no": "62",
        "display_code": "B 62",
        "direction": "Lượt về",
        "address": "307 Lãnh Binh Thăng",
        "street": "Lãnh Binh Thăng",
        "zone": "Quận 11",
        "ward": null,
        "all_routes": "23, 62",
        "marker_color": "#C0CA33"
      }
    },
    {
      "type": "Feature",
      "geometry": {
        "type": "Point",
        "coordinates": [
          106.650167,
          10.763238
        ]
      },
      "properties": {
        "feature_type": "bus_stop",
        "stop_id": 1047,
        "stop_code": "Q11 039",
        "stop_name": "Công viên Lãnh Binh Thăng",
        "stop_type": "Nhà chờ",
        "route_no": "62",
        "display_code": "B 62",
        "direction": "Lượt về",
        "address": "281A (Siêu thị Vinatex) Lãnh Binh Thăng",
        "street": "Lãnh Binh Thăng",
        "zone": "Quận 11",
        "ward": null,
        "all_routes": "23, 62",
        "marker_color": "#C0CA33"
      }
    },
    {
      "type": "Feature",
      "geometry": {
        "type": "Point",
        "coordinates": [
          106.65264,
          10.760904
        ]
      },
      "properties": {
        "feature_type": "bus_stop",
        "stop_id": 1048,
        "stop_code": "Q11 048",
        "stop_name": "Trường Trung học Phú Thọ",
        "stop_type": "Trụ dừng",
        "route_no": "62",
        "display_code": "B 62",
        "direction": "Lượt về",
        "address": "316 Tôn Thất Hiệp",
        "street": "Tôn Thất Hiệp",
        "zone": "Quận 11",
        "ward": null,
        "all_routes": "23, 62",
        "marker_color": "#C0CA33"
      }
    },
    {
      "type": "Feature",
      "geometry": {
        "type": "Point",
        "coordinates": [
          106.653763,
          10.760371
        ]
      },
      "properties": {
        "feature_type": "bus_stop",
        "stop_id": 153,
        "stop_code": "Q11 013",
        "stop_name": "Tạ Uyên",
        "stop_type": "Trụ dừng",
        "route_no": "62",
        "display_code": "B 62",
        "direction": "Lượt về",
        "address": "1163 Đường 3/2",
        "street": "Đường 3/2",
        "zone": "Quận 11",
        "ward": null,
        "all_routes": "103, 14, 62",
        "marker_color": "#C0CA33"
      }
    },
    {
      "type": "Feature",
      "geometry": {
        "type": "Point",
        "coordinates": [
          106.656006,
          10.761562
        ]
      },
      "properties": {
        "feature_type": "bus_stop",
        "stop_id": 154,
        "stop_code": "Q11 014",
        "stop_name": "Lê Đại Hành",
        "stop_type": "Trụ dừng",
        "route_no": "62",
        "display_code": "B 62",
        "direction": "Lượt về",
        "address": "1007 (1029) Đường 3/2",
        "street": "Đường 3/2",
        "zone": "Quận 11",
        "ward": null,
        "all_routes": "103, 14, 62",
        "marker_color": "#C0CA33"
      }
    },
    {
      "type": "Feature",
      "geometry": {
        "type": "Point",
        "coordinates": [
          106.656982,
          10.761036
        ]
      },
      "properties": {
        "feature_type": "bus_stop",
        "stop_id": 1049,
        "stop_code": "Q11 049",
        "stop_name": "Chợ Thiết",
        "stop_type": "Trụ dừng",
        "route_no": "62",
        "display_code": "B 62",
        "direction": "Lượt về",
        "address": "167-169 Phó Cơ Điều",
        "street": "Phó Cơ Điều",
        "zone": "Quận 11",
        "ward": null,
        "all_routes": "62",
        "marker_color": "#C0CA33"
      }
    },
    {
      "type": "Feature",
      "geometry": {
        "type": "Point",
        "coordinates": [
          106.657616,
          10.757568
        ]
      },
      "properties": {
        "feature_type": "bus_stop",
        "stop_id": 1050,
        "stop_code": "Q5 042",
        "stop_name": "Chợ Thiếc",
        "stop_type": "Trụ dừng",
        "route_no": "62",
        "display_code": "B 62",
        "direction": "Lượt về",
        "address": "231-233(235) Nguyễn Chí Thanh",
        "street": "Nguyễn Chí Thanh",
        "zone": "Quận 5",
        "ward": null,
        "all_routes": "05, 62, 94",
        "marker_color": "#C0CA33"
      }
    },
    {
      "type": "Feature",
      "geometry": {
        "type": "Point",
        "coordinates": [
          106.660128,
          10.758079
        ]
      },
      "properties": {
        "feature_type": "bus_stop",
        "stop_id": 281,
        "stop_code": "Q5 043",
        "stop_name": "Bệnh viện Chợ Rẫy",
        "stop_type": "Nhà chờ",
        "route_no": "62",
        "display_code": "B 62",
        "direction": "Lượt về",
        "address": "201A Nguyễn Chí Thanh",
        "street": "Nguyễn Chí Thanh",
        "zone": "Quận 5",
        "ward": null,
        "all_routes": "05, 45, 62, 94",
        "marker_color": "#C0CA33"
      }
    },
    {
      "type": "Feature",
      "geometry": {
        "type": "Point",
        "coordinates": [
          106.66221,
          10.755702
        ]
      },
      "properties": {
        "feature_type": "bus_stop",
        "stop_id": 616,
        "stop_code": "Q5 034",
        "stop_name": "Bệnh viện Hùng Vương",
        "stop_type": "Nhà chờ",
        "route_no": "62",
        "display_code": "B 62",
        "direction": "Lượt về",
        "address": "Hông Bệnh viện Hùng Vương Lý Thường Kiệt",
        "street": "Lý Thường Kiệt",
        "zone": "Quận 5",
        "ward": null,
        "all_routes": "08, 62, 63-1",
        "marker_color": "#C0CA33"
      }
    },
    {
      "type": "Feature",
      "geometry": {
        "type": "Point",
        "coordinates": [
          106.661072,
          10.755196
        ]
      },
      "properties": {
        "feature_type": "bus_stop",
        "stop_id": 434,
        "stop_code": "Q5 018",
        "stop_name": "Hùng Vương Plaza",
        "stop_type": "Nhà chờ",
        "route_no": "62",
        "display_code": "B 62",
        "direction": "Lượt về",
        "address": "132 Hồng Bàng",
        "street": "Hồng Bàng",
        "zone": "Quận 5",
        "ward": null,
        "all_routes": "06, 07, 08, 10, 139, 150, 56, 62, 63-1, 68, 91",
        "marker_color": "#C0CA33"
      }
    },
    {
      "type": "Feature",
      "geometry": {
        "type": "Point",
        "coordinates": [
          106.659501,
          10.754875
        ]
      },
      "properties": {
        "feature_type": "bus_stop",
        "stop_id": 436,
        "stop_code": "Q5 019",
        "stop_name": "Bệnh viện Chợ Rẫy",
        "stop_type": "Trụ dừng",
        "route_no": "62",
        "display_code": "B 62",
        "direction": "Lượt về",
        "address": "172 Hồng Bàng",
        "street": "Hồng Bàng",
        "zone": "Quận 5",
        "ward": null,
        "all_routes": "06, 07, 08, 10, 139, 150, 56, 62, 63-1, 68, 91",
        "marker_color": "#C0CA33"
      }
    },
    {
      "type": "Feature",
      "geometry": {
        "type": "Point",
        "coordinates": [
          106.658792,
          10.752445
        ]
      },
      "properties": {
        "feature_type": "bus_stop",
        "stop_id": 397,
        "stop_code": "Q5 013",
        "stop_name": "Rạp Đại Quang",
        "stop_type": "Nhà chờ",
        "route_no": "62",
        "display_code": "B 62",
        "direction": "Lượt về",
        "address": "81 Châu Văn Liêm",
        "street": "Châu Văn Liêm",
        "zone": "Quận 5",
        "ward": null,
        "all_routes": "07, 08, 10, 45, 56, 62",
        "marker_color": "#C0CA33"
      }
    },
    {
      "type": "Feature",
      "geometry": {
        "type": "Point",
        "coordinates": [
          106.658894,
          10.751381
        ]
      },
      "properties": {
        "feature_type": "bus_stop",
        "stop_id": 137,
        "stop_code": "Q5 014",
        "stop_name": "Bưu điện Quận 5",
        "stop_type": "Ô sơn",
        "route_no": "62",
        "display_code": "B 62",
        "direction": "Lượt về",
        "address": "13-15 Châu Văn Liêm",
        "street": "Châu Văn Liêm",
        "zone": "Quận 5",
        "ward": null,
        "all_routes": "01, 07, 08, 10, 45, 56, 62, DL03",
        "marker_color": "#C0CA33"
      }
    },
    {
      "type": "Feature",
      "geometry": {
        "type": "Point",
        "coordinates": [
          106.656926,
          10.74483
        ]
      },
      "properties": {
        "feature_type": "bus_stop",
        "stop_id": 617,
        "stop_code": "Q8 110",
        "stop_name": "Tùng Thiện Vương",
        "stop_type": "Trụ dừng",
        "route_no": "62",
        "display_code": "B 62",
        "direction": "Lượt về",
        "address": "388 Tùng Thiện Vương",
        "street": "Tùng Thiện Vương",
        "zone": "Quận 8",
        "ward": null,
        "all_routes": "08, 25, 45, 46, 47, 62",
        "marker_color": "#C0CA33"
      }
    },
    {
      "type": "Feature",
      "geometry": {
        "type": "Point",
        "coordinates": [
          106.656142,
          10.738642
        ]
      },
      "properties": {
        "feature_type": "bus_stop",
        "stop_id": 618,
        "stop_code": "Q8 069",
        "stop_name": "Chùa Pháp Quang",
        "stop_type": "Trụ dừng",
        "route_no": "62",
        "display_code": "B 62",
        "direction": "Lượt về",
        "address": "94 Quốc lộ 50",
        "street": "Quốc lộ 50",
        "zone": "Quận 8",
        "ward": null,
        "all_routes": "08, 25, 45, 47, 59, 62",
        "marker_color": "#C0CA33"
      }
    },
    {
      "type": "Feature",
      "geometry": {
        "type": "Point",
        "coordinates": [
          106.656126,
          10.73646
        ]
      },
      "properties": {
        "feature_type": "bus_stop",
        "stop_id": 619,
        "stop_code": "Q8 070",
        "stop_name": "Bùi Minh Trực",
        "stop_type": "Ô sơn",
        "route_no": "62",
        "display_code": "B 62",
        "direction": "Lượt về",
        "address": "224 Quốc lộ 50",
        "street": "Quốc lộ 50",
        "zone": "Quận 8",
        "ward": null,
        "all_routes": "08, 25, 45, 47, 59, 62",
        "marker_color": "#C0CA33"
      }
    }
  ]
}