{
  "type": "FeatureCollection",
  "properties": {
    "stt": 27,
    "route_no": "122",
    "display_code": "B 122",
    "route_name": "Bến xe An Sương - Tân Quy",
    "start_point": "Bến xe An Sương",
    "end_point": "Tân Quy",
    "listed_length_km": 19,
    "operating_hours": "4:45 - 19:30",
    "color": "#4CAF50",
    "num_variants": 2,
    "total_stops": 82,
    "total_points": 869
  },
  "features": [
    {
      "type": "Feature",
      "geometry": {
        "type": "LineString",
        "coordinates": [
          [
            106.6133728,
            10.8437376
          ],
          [
            106.61412048,
            10.84432316
          ],
          [
            106.6147995,
            10.84339523
          ],
          [
            106.61502075,
            10.84286308
          ],
          [
            106.61499023,
            10.8427
          ],
          [
            106.61505127,
            10.84253693
          ],
          [
            106.615242,
            10.84235764
          ],
          [
            106.61558533,
            10.84229469
          ],
          [
            106.61565399,
            10.84261036
          ],
          [
            106.61558533,
            10.8428688
          ],
          [
            106.61545563,
            10.84297943
          ],
          [
            106.61532593,
            10.84312725
          ],
          [
            106.61491394,
            10.84348488
          ],
          [
            106.6145401,
            10.84405422
          ],
          [
            106.61417389,
            10.84462261
          ],
          [
            106.61380005,
            10.84519196
          ],
          [
            106.61343384,
            10.8457613
          ],
          [
            106.61351776,
            10.84580326
          ],
          [
            106.61351776,
            10.84580326
          ],
          [
            106.61351776,
            10.84580326
          ],
          [
            106.61351776,
            10.84580326
          ],
          [
            106.6134491,
            10.8457613
          ],
          [
            106.61288452,
            10.84665489
          ],
          [
            106.61231232,
            10.84754753
          ],
          [
            106.61174011,
            10.84844112
          ],
          [
            106.61117554,
            10.84933376
          ],
          [
            106.61127472,
            10.84936047
          ],
          [
            106.61127472,
            10.84936047
          ],
          [
            106.61127472,
            10.84936047
          ],
          [
            106.61127472,
            10.84936047
          ],
          [
            106.61127472,
            10.84936047
          ],
          [
            106.6111908,
            10.84932804
          ],
          [
            106.61075592,
            10.84998512
          ],
          [
            106.61032104,
            10.8506422
          ],
          [
            106.60988617,
            10.85129929
          ],
          [
            106.60944366,
            10.85195732
          ],
          [
            106.60903168,
            10.85261917
          ],
          [
            106.60861206,
            10.85328197
          ],
          [
            106.60819244,
            10.85394478
          ],
          [
            106.60778046,
            10.85460663
          ],
          [
            106.60786438,
            10.85466003
          ],
          [
            106.60786438,
            10.85466003
          ],
          [
            106.60786438,
            10.85466003
          ],
          [
            106.60786438,
            10.85466003
          ],
          [
            106.60786438,
            10.85466003
          ],
          [
            106.60786438,
            10.85466003
          ],
          [
            106.60777283,
            10.85460186
          ],
          [
            106.60756683,
            10.85491085
          ],
          [
            106.60736084,
            10.85522079
          ],
          [
            106.60715485,
            10.85553074
          ],
          [
            106.60695648,
            10.85583973
          ],
          [
            106.60675049,
            10.85614967
          ],
          [
            106.60654449,
            10.85645866
          ],
          [
            106.6063385,
            10.85676861
          ],
          [
            106.60613251,
            10.8570776
          ],
          [
            106.60620117,
            10.85711479
          ],
          [
            106.60620117,
            10.85711479
          ],
          [
            106.60620117,
            10.85711479
          ],
          [
            106.60620117,
            10.85711479
          ],
          [
            106.60620117,
            10.85711479
          ],
          [
            106.60620117,
            10.85711479
          ],
          [
            106.60612488,
            10.85706234
          ],
          [
            106.60565186,
            10.85773945
          ],
          [
            106.6051712,
            10.85841656
          ],
          [
            106.60469818,
            10.85909271
          ],
          [
            106.60421753,
            10.85976982
          ],
          [
            106.60430908,
            10.85982323
          ],
          [
            106.60430908,
            10.85982323
          ],
          [
            106.60430908,
            10.85982323
          ],
          [
            106.60430908,
            10.85982323
          ],
          [
            106.60430908,
            10.85982323
          ],
          [
            106.6042099,
            10.85976505
          ],
          [
            106.60401154,
            10.86004162
          ],
          [
            106.60381317,
            10.86031914
          ],
          [
            106.60362244,
            10.86059666
          ],
          [
            106.60342407,
            10.86087418
          ],
          [
            106.60322571,
            10.86115074
          ],
          [
            106.60302734,
            10.86142826
          ],
          [
            106.60283661,
            10.86170578
          ],
          [
            106.60263824,
            10.86198235
          ],
          [
            106.60269928,
            10.86201382
          ],
          [
            106.60269928,
            10.86201382
          ],
          [
            106.60269928,
            10.86201382
          ],
          [
            106.60263824,
            10.86197758
          ],
          [
            106.60173798,
            10.86324978
          ],
          [
            106.60083771,
            10.86452198
          ],
          [
            106.60092163,
            10.86456871
          ],
          [
            106.60092163,
            10.86456871
          ],
          [
            106.60083771,
            10.86452198
          ],
          [
            106.60004425,
            10.86564445
          ],
          [
            106.59926605,
            10.86674023
          ],
          [
            106.59934998,
            10.86678219
          ],
          [
            106.59934998,
            10.86678219
          ],
          [
            106.59934998,
            10.86678219
          ],
          [
            106.59934998,
            10.86678219
          ],
          [
            106.59927368,
            10.86674023
          ],
          [
            106.59898376,
            10.86714935
          ],
          [
            106.59870148,
            10.86755753
          ],
          [
            106.59841156,
            10.86796665
          ],
          [
            106.59812927,
            10.86837578
          ],
          [
            106.59783936,
            10.8687849
          ],
          [
            106.59754944,
            10.86919403
          ],
          [
            106.59726715,
            10.8696022
          ],
          [
            106.59697723,
            10.87001133
          ],
          [
            106.59707642,
            10.87007523
          ],
          [
            106.59707642,
            10.87007523
          ],
          [
            106.59707642,
            10.87007523
          ],
          [
            106.59707642,
            10.87007523
          ],
          [
            106.59700012,
            10.87002754
          ],
          [
            106.59670258,
            10.87043285
          ],
          [
            106.59700775,
            10.87103844
          ],
          [
            106.5973053,
            10.87164497
          ],
          [
            106.5973053,
            10.87164497
          ],
          [
            106.59749603,
            10.87211132
          ],
          [
            106.59767914,
            10.87257671
          ],
          [
            106.59785461,
            10.87305164
          ],
          [
            106.59802246,
            10.87352562
          ],
          [
            106.59822845,
            10.8739996
          ],
          [
            106.59837341,
            10.87447357
          ],
          [
            106.59855652,
            10.87494278
          ],
          [
            106.59873962,
            10.87541103
          ],
          [
            106.59873962,
            10.87541103
          ],
          [
            106.59889221,
            10.87587452
          ],
          [
            106.59905243,
            10.87634373
          ],
          [
            106.59925079,
            10.87680721
          ],
          [
            106.59931946,
            10.87727642
          ],
          [
            106.59932709,
            10.87775612
          ],
          [
            106.59934235,
            10.87822437
          ],
          [
            106.59934998,
            10.87869835
          ],
          [
            106.5993576,
            10.87917328
          ],
          [
            106.5993576,
            10.87917328
          ],
          [
            106.59936523,
            10.87955475
          ],
          [
            106.59936523,
            10.87993622
          ],
          [
            106.59937286,
            10.88031101
          ],
          [
            106.59934235,
            10.88068485
          ],
          [
            106.59928131,
            10.88105297
          ],
          [
            106.5991745,
            10.88138008
          ],
          [
            106.59899902,
            10.88172245
          ],
          [
            106.59882355,
            10.88206482
          ],
          [
            106.59882355,
            10.88206482
          ],
          [
            106.59863281,
            10.88248348
          ],
          [
            106.59843445,
            10.88290215
          ],
          [
            106.59849548,
            10.88345528
          ],
          [
            106.59863281,
            10.88411903
          ],
          [
            106.59857178,
            10.88481998
          ],
          [
            106.5984726,
            10.88550758
          ],
          [
            106.59836578,
            10.88619518
          ],
          [
            106.59827423,
            10.88688278
          ],
          [
            106.59818268,
            10.88757038
          ],
          [
            106.59818268,
            10.88757038
          ],
          [
            106.59811401,
            10.88794136
          ],
          [
            106.59804535,
            10.88831234
          ],
          [
            106.59729767,
            10.88834953
          ],
          [
            106.59654999,
            10.88839149
          ],
          [
            106.59658051,
            10.88890362
          ],
          [
            106.59661102,
            10.88941669
          ],
          [
            106.59664154,
            10.88992882
          ],
          [
            106.59667206,
            10.89044094
          ],
          [
            106.59667206,
            10.89044094
          ],
          [
            106.59667206,
            10.89044094
          ],
          [
            106.59667206,
            10.89044094
          ],
          [
            106.59660339,
            10.89044571
          ],
          [
            106.59662628,
            10.89088058
          ],
          [
            106.59664917,
            10.89131546
          ],
          [
            106.59690857,
            10.89197636
          ],
          [
            106.59718323,
            10.89263725
          ],
          [
            106.59726715,
            10.89260101
          ],
          [
            106.59726715,
            10.89260101
          ],
          [
            106.59726715,
            10.89260101
          ],
          [
            106.59726715,
            10.89260101
          ],
          [
            106.59726715,
            10.89260101
          ],
          [
            106.59726715,
            10.89260101
          ],
          [
            106.59726715,
            10.89260101
          ],
          [
            106.59726715,
            10.89260101
          ],
          [
            106.59718323,
            10.89264297
          ],
          [
            106.59754181,
            10.89349079
          ],
          [
            106.59790802,
            10.89433861
          ],
          [
            106.5982666,
            10.89523411
          ],
          [
            106.59872437,
            10.89632511
          ],
          [
            106.59875488,
            10.89627171
          ],
          [
            106.59875488,
            10.89627171
          ],
          [
            106.59869385,
            10.89629364
          ],
          [
            106.59890747,
            10.89674664
          ],
          [
            106.59916687,
            10.89735222
          ],
          [
            106.59940338,
            10.89797878
          ],
          [
            106.59964752,
            10.89860535
          ],
          [
            106.59976959,
            10.89856434
          ],
          [
            106.59976959,
            10.89856434
          ],
          [
            106.59976959,
            10.89856434
          ],
          [
            106.59976959,
            10.89856434
          ],
          [
            106.59976959,
            10.89856434
          ],
          [
            106.59963226,
            10.89860058
          ],
          [
            106.59997559,
            10.89963341
          ],
          [
            106.6000824,
            10.90021801
          ],
          [
            106.60004425,
            10.90069199
          ],
          [
            106.59992218,
            10.90130329
          ],
          [
            106.60005188,
            10.90131855
          ],
          [
            106.60005188,
            10.90131855
          ],
          [
            106.60005188,
            10.90131855
          ],
          [
            106.60005188,
            10.90131855
          ],
          [
            106.59992981,
            10.90130329
          ],
          [
            106.59976196,
            10.90209293
          ],
          [
            106.59968567,
            10.90265656
          ],
          [
            106.5996933,
            10.90332031
          ],
          [
            106.59968567,
            10.90397835
          ],
          [
            106.5996933,
            10.9046526
          ],
          [
            106.59967804,
            10.90531921
          ],
          [
            106.59966278,
            10.90598583
          ],
          [
            106.59966278,
            10.90663338
          ],
          [
            106.59973907,
            10.9066391
          ],
          [
            106.59973907,
            10.9066391
          ],
          [
            106.59973907,
            10.9066391
          ],
          [
            106.59963989,
            10.9066391
          ],
          [
            106.59962463,
            10.90748692
          ],
          [
            106.59960938,
            10.90833473
          ],
          [
            106.59960938,
            10.9091301
          ],
          [
            106.59960938,
            10.90992546
          ],
          [
            106.59973907,
            10.91052055
          ],
          [
            106.59993744,
            10.91047382
          ],
          [
            106.59993744,
            10.91047382
          ],
          [
            106.59993744,
            10.91047382
          ],
          [
            106.59973907,
            10.91050529
          ],
          [
            106.59984589,
            10.91111851
          ],
          [
            106.5999527,
            10.91173267
          ],
          [
            106.60006714,
            10.91234589
          ],
          [
            106.60017395,
            10.91296005
          ],
          [
            106.60022736,
            10.91357899
          ],
          [
            106.60028076,
            10.91419792
          ],
          [
            106.60032654,
            10.91481686
          ],
          [
            106.60036469,
            10.91543579
          ],
          [
            106.60045624,
            10.91543579
          ],
          [
            106.60045624,
            10.91543579
          ],
          [
            106.60045624,
            10.91543579
          ],
          [
            106.60045624,
            10.91543579
          ],
          [
            106.60036469,
            10.91544628
          ],
          [
            106.6003952,
            10.91616535
          ],
          [
            106.60042572,
            10.91689968
          ],
          [
            106.60044861,
            10.91763496
          ],
          [
            106.60047913,
            10.91836929
          ],
          [
            106.6005249,
            10.91937256
          ],
          [
            106.60057831,
            10.92037582
          ],
          [
            106.60082245,
            10.92131901
          ],
          [
            106.60089111,
            10.92130947
          ],
          [
            106.60089111,
            10.92130947
          ],
          [
            106.60089111,
            10.92130947
          ],
          [
            106.60082245,
            10.92131424
          ],
          [
            106.60096741,
            10.92195892
          ],
          [
            106.60112,
            10.92260456
          ],
          [
            106.60125732,
            10.92324162
          ],
          [
            106.60139465,
            10.92387867
          ],
          [
            106.60153198,
            10.92451763
          ],
          [
            106.60166931,
            10.92515659
          ],
          [
            106.60180664,
            10.9257946
          ],
          [
            106.60195923,
            10.92642784
          ],
          [
            106.60209656,
            10.92707253
          ],
          [
            106.60224152,
            10.92771626
          ],
          [
            106.60237885,
            10.92835999
          ],
          [
            106.60251617,
            10.92900372
          ],
          [
            106.6026535,
            10.92965221
          ],
          [
            106.60279083,
            10.93029976
          ],
          [
            106.60292816,
            10.93093967
          ],
          [
            106.60305786,
            10.93157959
          ],
          [
            106.60312653,
            10.93157959
          ],
          [
            106.60312653,
            10.93157959
          ],
          [
            106.60312653,
            10.93157959
          ],
          [
            106.60305786,
            10.9315958
          ],
          [
            106.6032486,
            10.93247509
          ],
          [
            106.60343933,
            10.93335438
          ],
          [
            106.60362244,
            10.93417645
          ],
          [
            106.60379028,
            10.93508244
          ],
          [
            106.60395813,
            10.93618774
          ],
          [
            106.60412598,
            10.93731022
          ],
          [
            106.60429382,
            10.93843174
          ],
          [
            106.60437775,
            10.93901634
          ],
          [
            106.60438538,
            10.93968582
          ],
          [
            106.60444641,
            10.93968487
          ],
          [
            106.60444641,
            10.93968487
          ],
          [
            106.60437775,
            10.93967533
          ],
          [
            106.60437012,
            10.94072342
          ],
          [
            106.6043396,
            10.94121838
          ],
          [
            106.60423279,
            10.94173431
          ],
          [
            106.60412598,
            10.94225025
          ],
          [
            106.60414886,
            10.94251919
          ],
          [
            106.60421753,
            10.94271946
          ],
          [
            106.60446167,
            10.94304276
          ],
          [
            106.60470581,
            10.943367
          ],
          [
            106.60494232,
            10.9437933
          ],
          [
            106.60500336,
            10.94378281
          ],
          [
            106.60500336,
            10.94378281
          ],
          [
            106.60500336,
            10.94378281
          ],
          [
            106.60500336,
            10.94378281
          ],
          [
            106.60500336,
            10.94378281
          ],
          [
            106.60494995,
            10.94381714
          ],
          [
            106.60513306,
            10.94426346
          ],
          [
            106.60530853,
            10.94470978
          ],
          [
            106.60552979,
            10.94531631
          ],
          [
            106.60575104,
            10.9459219
          ],
          [
            106.60597229,
            10.94665337
          ],
          [
            106.60604095,
            10.94734383
          ],
          [
            106.60572815,
            10.94781303
          ],
          [
            106.60540771,
            10.94828129
          ],
          [
            106.60549164,
            10.94831276
          ],
          [
            106.60549164,
            10.94831276
          ],
          [
            106.60549164,
            10.94831276
          ],
          [
            106.60549164,
            10.94831276
          ],
          [
            106.60549164,
            10.94831276
          ],
          [
            106.60541534,
            10.9482708
          ],
          [
            106.60515594,
            10.9486599
          ],
          [
            106.60488892,
            10.949049
          ],
          [
            106.60462952,
            10.9494381
          ],
          [
            106.60437012,
            10.94982719
          ],
          [
            106.60410309,
            10.95021534
          ],
          [
            106.60384369,
            10.95060444
          ],
          [
            106.60357666,
            10.95099354
          ],
          [
            106.60331726,
            10.95138264
          ],
          [
            106.60301208,
            10.95184898
          ],
          [
            106.60271454,
            10.95231533
          ],
          [
            106.60279083,
            10.95236301
          ],
          [
            106.60279083,
            10.95236301
          ],
          [
            106.60279083,
            10.95236301
          ],
          [
            106.60279083,
            10.95236301
          ],
          [
            106.60271454,
            10.95231533
          ],
          [
            106.60231781,
            10.95292664
          ],
          [
            106.60192108,
            10.95353794
          ],
          [
            106.60152435,
            10.95414829
          ],
          [
            106.60112762,
            10.9547596
          ],
          [
            106.60081482,
            10.95525455
          ],
          [
            106.60049438,
            10.95574951
          ],
          [
            106.60051727,
            10.95576668
          ],
          [
            106.60051727,
            10.95576668
          ],
          [
            106.60051727,
            10.95576668
          ],
          [
            106.60051727,
            10.95576668
          ],
          [
            106.60051727,
            10.95576668
          ],
          [
            106.60051727,
            10.95576668
          ],
          [
            106.60048676,
            10.95574379
          ],
          [
            106.60004425,
            10.95652294
          ],
          [
            106.5996933,
            10.95716953
          ],
          [
            106.59899902,
            10.95800972
          ],
          [
            106.59860229,
            10.95847702
          ],
          [
            106.59820557,
            10.95894527
          ],
          [
            106.59741974,
            10.95987988
          ],
          [
            106.59689331,
            10.960495
          ],
          [
            106.59637451,
            10.96111012
          ],
          [
            106.59642792,
            10.96113682
          ],
          [
            106.59642792,
            10.96113682
          ],
          [
            106.59642792,
            10.96113682
          ],
          [
            106.59642792,
            10.96113682
          ],
          [
            106.59638977,
            10.96110535
          ],
          [
            106.59610748,
            10.9614296
          ],
          [
            106.59581757,
            10.96175289
          ],
          [
            106.59525299,
            10.96240044
          ],
          [
            106.59487915,
            10.96280861
          ],
          [
            106.59449768,
            10.96321678
          ],
          [
            106.59400177,
            10.96374416
          ],
          [
            106.59349823,
            10.96425438
          ],
          [
            106.59353638,
            10.96428299
          ],
          [
            106.59353638,
            10.96428299
          ],
          [
            106.59353638,
            10.96428299
          ],
          [
            106.59353638,
            10.96428299
          ],
          [
            106.59353638,
            10.96428299
          ],
          [
            106.59353638,
            10.96428299
          ],
          [
            106.59350586,
            10.9642601
          ],
          [
            106.59303284,
            10.96476269
          ],
          [
            106.59255981,
            10.96526623
          ],
          [
            106.59208679,
            10.96576881
          ],
          [
            106.59161377,
            10.9662714
          ],
          [
            106.59165192,
            10.96630001
          ],
          [
            106.59165192,
            10.96630001
          ],
          [
            106.59165192,
            10.96630001
          ],
          [
            106.59165192,
            10.96630001
          ],
          [
            106.59165192,
            10.96630001
          ],
          [
            106.59165192,
            10.96630001
          ],
          [
            106.59161377,
            10.96626663
          ],
          [
            106.59124756,
            10.96666813
          ],
          [
            106.59088135,
            10.96706963
          ],
          [
            106.59051514,
            10.96747112
          ],
          [
            106.59014893,
            10.96787262
          ],
          [
            106.5897522,
            10.96826267
          ],
          [
            106.58935547,
            10.96865177
          ],
          [
            106.58898163,
            10.96905994
          ],
          [
            106.58860779,
            10.96946812
          ],
          [
            106.58865356,
            10.96949959
          ],
          [
            106.58865356,
            10.96949959
          ],
          [
            106.58865356,
            10.96949959
          ],
          [
            106.58865356,
            10.96949959
          ],
          [
            106.58865356,
            10.96949959
          ],
          [
            106.58860779,
            10.96947384
          ],
          [
            106.58810425,
            10.97001457
          ],
          [
            106.58759308,
            10.97055626
          ],
          [
            106.58708954,
            10.97109699
          ],
          [
            106.58657837,
            10.97163868
          ],
          [
            106.58607483,
            10.97217941
          ],
          [
            106.58557129,
            10.97272015
          ],
          [
            106.58506012,
            10.97326183
          ],
          [
            106.58455658,
            10.97380257
          ],
          [
            106.58460236,
            10.97381687
          ],
          [
            106.58460236,
            10.97381687
          ],
          [
            106.58460236,
            10.97381687
          ],
          [
            106.58460236,
            10.97381687
          ],
          [
            106.58460236,
            10.97381687
          ],
          [
            106.58455658,
            10.9737978
          ],
          [
            106.58391571,
            10.97448635
          ],
          [
            106.58328247,
            10.9751749
          ],
          [
            106.5826416,
            10.97586346
          ],
          [
            106.58200073,
            10.97655201
          ],
          [
            106.58201599,
            10.97656727
          ],
          [
            106.58201599,
            10.97656727
          ],
          [
            106.58201599,
            10.97656727
          ],
          [
            106.58201599,
            10.97656727
          ],
          [
            106.58201599,
            10.97656727
          ],
          [
            106.58201599,
            10.97656727
          ],
          [
            106.5819931,
            10.97654629
          ],
          [
            106.58115387,
            10.97743702
          ],
          [
            106.58032227,
            10.97831059
          ],
          [
            106.57949829,
            10.97917938
          ],
          [
            106.57867432,
            10.98004818
          ],
          [
            106.57872009,
            10.98006725
          ],
          [
            106.57872009,
            10.98006725
          ],
          [
            106.57872009,
            10.98006725
          ],
          [
            106.57872009,
            10.98006725
          ],
          [
            106.57872009,
            10.98006725
          ],
          [
            106.57872009,
            10.98006725
          ],
          [
            106.57866669,
            10.98004341
          ],
          [
            106.57837677,
            10.98035717
          ],
          [
            106.57808685,
            10.98066998
          ],
          [
            106.57754517,
            10.98128605
          ],
          [
            106.5774231,
            10.98151207
          ],
          [
            106.57727814,
            10.98186493
          ],
          [
            106.57712555,
            10.98221779
          ],
          [
            106.57717896,
            10.98223686
          ],
          [
            106.57717896,
            10.98223686
          ],
          [
            106.57717896,
            10.98223686
          ],
          [
            106.57717896,
            10.98223686
          ],
          [
            106.57714844,
            10.982234
          ],
          [
            106.57687378,
            10.98288441
          ],
          [
            106.57660675,
            10.98353481
          ],
          [
            106.57633209,
            10.9841795
          ],
          [
            106.57605743,
            10.98482513
          ],
          [
            106.57610321,
            10.98483467
          ],
          [
            106.57610321,
            10.98483467
          ],
          [
            106.57606506,
            10.98480892
          ],
          [
            106.57567596,
            10.98573589
          ],
          [
            106.57528687,
            10.98666286
          ],
          [
            106.57489777,
            10.98757362
          ],
          [
            106.57454681,
            10.98848438
          ],
          [
            106.57459259,
            10.9885006
          ],
          [
            106.57459259,
            10.9885006
          ],
          [
            106.57453918,
            10.9884901
          ],
          [
            106.57435608,
            10.98894024
          ],
          [
            106.57416534,
            10.98939037
          ],
          [
            106.57457733,
            10.98937511
          ],
          [
            106.57498169,
            10.9893589
          ],
          [
            106.57496643,
            10.98931217
          ],
          [
            106.57496643,
            10.98931217
          ],
          [
            106.57496643,
            10.98934841
          ],
          [
            106.57566071,
            10.98930931
          ],
          [
            106.57634735,
            10.98926926
          ],
          [
            106.577034,
            10.98923302
          ],
          [
            106.57772064,
            10.98919582
          ],
          [
            106.57770538,
            10.98914337
          ],
          [
            106.57770538,
            10.98914337
          ],
          [
            106.57769775,
            10.9891901
          ],
          [
            106.57849121,
            10.98914337
          ],
          [
            106.57841492,
            10.98853779
          ],
          [
            106.57833099,
            10.98793221
          ],
          [
            106.57823181,
            10.9873209
          ],
          [
            106.57814026,
            10.98671055
          ],
          [
            106.57808685,
            10.98609924
          ],
          [
            106.57801819,
            10.98548889
          ],
          [
            106.57798004,
            10.98487186
          ],
          [
            106.57793427,
            10.98425579
          ],
          [
            106.57817841,
            10.98425102
          ]
        ]
      },
      "properties": {
        "feature_type": "route_path",
        "stt": 27,
        "route_id": 20,
        "route_no": "122",
        "display_code": "B 122",
        "route_name": "Bến xe An Sương - Tân Quy",
        "direction": "Lượt đi",
        "outbound": true,
        "start_point": "Bến xe An Sương",
        "end_point": "Tân Quy",
        "start_stop": "Bến xe An Sương",
        "end_stop": "Bến xe buýt Tân Quy",
        "distance_km": 20.71,
        "listed_length_km": 19,
        "running_time_min": 50,
        "operating_hours": "4:45 - 19:30",
        "stroke": "#4CAF50",
        "stroke_width": 4,
        "stroke_opacity": 0.85
      }
    },
    {
      "type": "Feature",
      "geometry": {
        "type": "LineString",
        "coordinates": [
          [
            106.57817841,
            10.98425102
          ],
          [
            106.57817841,
            10.98425102
          ],
          [
            106.57798004,
            10.98424053
          ],
          [
            106.57792664,
            10.98361397
          ],
          [
            106.5772171,
            10.98365307
          ],
          [
            106.57649994,
            10.98369312
          ],
          [
            106.57673645,
            10.98313046
          ],
          [
            106.57693481,
            10.9826498
          ],
          [
            106.57688141,
            10.98263264
          ],
          [
            106.57688141,
            10.98263264
          ],
          [
            106.57688141,
            10.98263264
          ],
          [
            106.57688141,
            10.98263264
          ],
          [
            106.57695007,
            10.98264503
          ],
          [
            106.57722473,
            10.9819603
          ],
          [
            106.57754517,
            10.98128605
          ],
          [
            106.57796478,
            10.98077488
          ],
          [
            106.57842255,
            10.98030949
          ],
          [
            106.57887268,
            10.97982597
          ],
          [
            106.57932281,
            10.97934246
          ],
          [
            106.57929993,
            10.97933292
          ],
          [
            106.57929993,
            10.97933292
          ],
          [
            106.57929993,
            10.97933292
          ],
          [
            106.57929993,
            10.97933292
          ],
          [
            106.57933044,
            10.97934818
          ],
          [
            106.57965851,
            10.97900391
          ],
          [
            106.5799942,
            10.97865868
          ],
          [
            106.58032227,
            10.9783144
          ],
          [
            106.58065796,
            10.97797012
          ],
          [
            106.58110046,
            10.97749996
          ],
          [
            106.58153534,
            10.97702885
          ],
          [
            106.58197784,
            10.97655869
          ],
          [
            106.58242035,
            10.97608852
          ],
          [
            106.5823822,
            10.97605038
          ],
          [
            106.5823822,
            10.97605038
          ],
          [
            106.5823822,
            10.97605038
          ],
          [
            106.5823822,
            10.97605038
          ],
          [
            106.58242035,
            10.9760828
          ],
          [
            106.58282471,
            10.97565651
          ],
          [
            106.58322144,
            10.97523022
          ],
          [
            106.58365631,
            10.97474957
          ],
          [
            106.58409882,
            10.97426987
          ],
          [
            106.58454132,
            10.97380161
          ],
          [
            106.58498383,
            10.97333431
          ],
          [
            106.58495331,
            10.97331715
          ],
          [
            106.58495331,
            10.97331715
          ],
          [
            106.58495331,
            10.97331715
          ],
          [
            106.58499146,
            10.97333908
          ],
          [
            106.58551788,
            10.97274971
          ],
          [
            106.58616638,
            10.97206974
          ],
          [
            106.58681488,
            10.97138309
          ],
          [
            106.58747101,
            10.9706955
          ],
          [
            106.58810425,
            10.97000027
          ],
          [
            106.58873749,
            10.96933174
          ],
          [
            106.58872986,
            10.96930027
          ],
          [
            106.58872986,
            10.96930027
          ],
          [
            106.58872986,
            10.96930027
          ],
          [
            106.58874512,
            10.96931553
          ],
          [
            106.58933258,
            10.96870518
          ],
          [
            106.58992767,
            10.96809387
          ],
          [
            106.59050751,
            10.96747494
          ],
          [
            106.59108734,
            10.966856
          ],
          [
            106.59104919,
            10.9668169
          ],
          [
            106.59104919,
            10.9668169
          ],
          [
            106.59104919,
            10.9668169
          ],
          [
            106.59104919,
            10.9668169
          ],
          [
            106.59108734,
            10.96684074
          ],
          [
            106.5916748,
            10.9661932
          ],
          [
            106.59221649,
            10.96562099
          ],
          [
            106.59275818,
            10.96504974
          ],
          [
            106.59329224,
            10.96447849
          ],
          [
            106.59383392,
            10.96390724
          ],
          [
            106.59383392,
            10.9638834
          ],
          [
            106.59383392,
            10.9638834
          ],
          [
            106.59383392,
            10.9638834
          ],
          [
            106.59383392,
            10.9638834
          ],
          [
            106.59386444,
            10.96389675
          ],
          [
            106.59448242,
            10.96322346
          ],
          [
            106.59510803,
            10.96255016
          ],
          [
            106.59577179,
            10.96181107
          ],
          [
            106.59642792,
            10.96103668
          ],
          [
            106.59638214,
            10.96101665
          ],
          [
            106.59638214,
            10.96101665
          ],
          [
            106.59638214,
            10.96101665
          ],
          [
            106.59642792,
            10.9610424
          ],
          [
            106.59692383,
            10.96046448
          ],
          [
            106.59741211,
            10.9598856
          ],
          [
            106.59790039,
            10.95930767
          ],
          [
            106.59838867,
            10.95872974
          ],
          [
            106.59896851,
            10.95804977
          ],
          [
            106.59954071,
            10.9573698
          ],
          [
            106.59986877,
            10.95689964
          ],
          [
            106.60012054,
            10.95636559
          ],
          [
            106.60037231,
            10.95596027
          ],
          [
            106.60081482,
            10.9552002
          ],
          [
            106.60081482,
            10.9552002
          ],
          [
            106.60081482,
            10.9552002
          ],
          [
            106.60121918,
            10.95460606
          ],
          [
            106.60160828,
            10.95398998
          ],
          [
            106.60202026,
            10.9533844
          ],
          [
            106.60238647,
            10.95276737
          ],
          [
            106.60238647,
            10.95276737
          ],
          [
            106.60238647,
            10.95276737
          ],
          [
            106.60238647,
            10.95276737
          ],
          [
            106.60277557,
            10.95218563
          ],
          [
            106.6031723,
            10.95160389
          ],
          [
            106.6035614,
            10.95102215
          ],
          [
            106.60395813,
            10.95044041
          ],
          [
            106.60434723,
            10.94986057
          ],
          [
            106.60474396,
            10.94928169
          ],
          [
            106.6051178,
            10.94869709
          ],
          [
            106.60549927,
            10.94813347
          ],
          [
            106.60545349,
            10.94810009
          ],
          [
            106.60545349,
            10.94810009
          ],
          [
            106.60545349,
            10.94810009
          ],
          [
            106.60545349,
            10.94810009
          ],
          [
            106.60551453,
            10.94811726
          ],
          [
            106.60578156,
            10.94769859
          ],
          [
            106.60604858,
            10.94727993
          ],
          [
            106.60597229,
            10.94666386
          ],
          [
            106.60577393,
            10.94598484
          ],
          [
            106.6055603,
            10.94538403
          ],
          [
            106.60533905,
            10.94478416
          ],
          [
            106.60528564,
            10.94480038
          ],
          [
            106.60528564,
            10.94480038
          ],
          [
            106.60528564,
            10.94480038
          ],
          [
            106.60533905,
            10.94479465
          ],
          [
            106.60504913,
            10.94404125
          ],
          [
            106.60469818,
            10.94339371
          ],
          [
            106.60425568,
            10.94280338
          ],
          [
            106.60412598,
            10.94235611
          ],
          [
            106.60425568,
            10.94150257
          ],
          [
            106.60437012,
            10.94079685
          ],
          [
            106.60437012,
            10.94011688
          ],
          [
            106.60428619,
            10.94011688
          ],
          [
            106.60428619,
            10.94011688
          ],
          [
            106.60437775,
            10.9401226
          ],
          [
            106.60437012,
            10.93962193
          ],
          [
            106.60437012,
            10.9391222
          ],
          [
            106.60430908,
            10.93861866
          ],
          [
            106.60424042,
            10.93811607
          ],
          [
            106.60408783,
            10.93714905
          ],
          [
            106.60401917,
            10.93666649
          ],
          [
            106.60394287,
            10.93618298
          ],
          [
            106.60385132,
            10.93559074
          ],
          [
            106.60375977,
            10.93499756
          ],
          [
            106.6036377,
            10.93430233
          ],
          [
            106.60340881,
            10.93331814
          ],
          [
            106.60319519,
            10.93226433
          ],
          [
            106.60314941,
            10.93227482
          ],
          [
            106.60314941,
            10.93227482
          ],
          [
            106.60317993,
            10.93225861
          ],
          [
            106.6030426,
            10.93161106
          ],
          [
            106.60290527,
            10.93096352
          ],
          [
            106.60277557,
            10.93031502
          ],
          [
            106.60263824,
            10.92966747
          ],
          [
            106.60250092,
            10.92901993
          ],
          [
            106.60236359,
            10.92837143
          ],
          [
            106.60222626,
            10.92772388
          ],
          [
            106.60208893,
            10.92707634
          ],
          [
            106.60194397,
            10.92642689
          ],
          [
            106.60179901,
            10.92577744
          ],
          [
            106.60165405,
            10.92512894
          ],
          [
            106.60150909,
            10.92447948
          ],
          [
            106.60137177,
            10.92383194
          ],
          [
            106.60123444,
            10.92318344
          ],
          [
            106.60108185,
            10.92252541
          ],
          [
            106.60093689,
            10.92186642
          ],
          [
            106.60086823,
            10.92188263
          ],
          [
            106.60086823,
            10.92188263
          ],
          [
            106.60086823,
            10.92188263
          ],
          [
            106.60086823,
            10.92188263
          ],
          [
            106.60095215,
            10.92186642
          ],
          [
            106.60077667,
            10.92120075
          ],
          [
            106.60060883,
            10.92053413
          ],
          [
            106.60057068,
            10.92035961
          ],
          [
            106.60053253,
            10.91943932
          ],
          [
            106.60048676,
            10.91851902
          ],
          [
            106.60044861,
            10.91759872
          ],
          [
            106.60040283,
            10.91667843
          ],
          [
            106.60037231,
            10.91581535
          ],
          [
            106.60032654,
            10.91495132
          ],
          [
            106.60020447,
            10.91496086
          ],
          [
            106.60020447,
            10.91496086
          ],
          [
            106.60020447,
            10.91496086
          ],
          [
            106.60020447,
            10.91496086
          ],
          [
            106.60020447,
            10.91496086
          ],
          [
            106.60020447,
            10.91496086
          ],
          [
            106.60031891,
            10.91495132
          ],
          [
            106.60028839,
            10.91425514
          ],
          [
            106.60025024,
            10.91368675
          ],
          [
            106.60020447,
            10.91311741
          ],
          [
            106.60010529,
            10.91258526
          ],
          [
            106.60001373,
            10.91205406
          ],
          [
            106.59991455,
            10.91152191
          ],
          [
            106.59981537,
            10.91098976
          ],
          [
            106.59973907,
            10.91100025
          ],
          [
            106.59973907,
            10.91100025
          ],
          [
            106.59973907,
            10.91100025
          ],
          [
            106.59973907,
            10.91100025
          ],
          [
            106.59973907,
            10.91100025
          ],
          [
            106.59973907,
            10.91100025
          ],
          [
            106.59980774,
            10.91099548
          ],
          [
            106.59973145,
            10.91052914
          ],
          [
            106.59964752,
            10.91006279
          ],
          [
            106.59962463,
            10.9095993
          ],
          [
            106.59962463,
            10.90892506
          ],
          [
            106.59962463,
            10.90825081
          ],
          [
            106.59963226,
            10.90757656
          ],
          [
            106.59963226,
            10.90690231
          ],
          [
            106.59954834,
            10.90690231
          ],
          [
            106.59954834,
            10.90690231
          ],
          [
            106.59954834,
            10.90690231
          ],
          [
            106.59954834,
            10.90690231
          ],
          [
            106.59962463,
            10.90690231
          ],
          [
            106.59962463,
            10.90611172
          ],
          [
            106.59963226,
            10.90532207
          ],
          [
            106.59963989,
            10.90454006
          ],
          [
            106.59964752,
            10.9037571
          ],
          [
            106.59960938,
            10.90375233
          ],
          [
            106.59960938,
            10.90375233
          ],
          [
            106.59965515,
            10.9037466
          ],
          [
            106.59964752,
            10.90324688
          ],
          [
            106.59964752,
            10.9027462
          ],
          [
            106.59968567,
            10.90223503
          ],
          [
            106.59980774,
            10.90169811
          ],
          [
            106.59975433,
            10.90168667
          ],
          [
            106.59975433,
            10.90168667
          ],
          [
            106.59975433,
            10.90168667
          ],
          [
            106.599823,
            10.90168762
          ],
          [
            106.59996033,
            10.90111351
          ],
          [
            106.60005951,
            10.90060711
          ],
          [
            106.60005951,
            10.90011787
          ],
          [
            106.59999084,
            10.89968014
          ],
          [
            106.59986115,
            10.8992691
          ],
          [
            106.59970093,
            10.89884281
          ],
          [
            106.59967804,
            10.89884281
          ],
          [
            106.59967804,
            10.89884281
          ],
          [
            106.59967804,
            10.89884281
          ],
          [
            106.59970093,
            10.8988266
          ],
          [
            106.59942627,
            10.89806366
          ],
          [
            106.59913635,
            10.89730453
          ],
          [
            106.59880829,
            10.89655972
          ],
          [
            106.59849548,
            10.89581394
          ],
          [
            106.59845734,
            10.89583015
          ],
          [
            106.59845734,
            10.89583015
          ],
          [
            106.59849548,
            10.89581394
          ],
          [
            106.59823608,
            10.89519215
          ],
          [
            106.59797668,
            10.89457035
          ],
          [
            106.59773254,
            10.89392853
          ],
          [
            106.59745789,
            10.89329052
          ],
          [
            106.59739685,
            10.89331245
          ],
          [
            106.59739685,
            10.89331245
          ],
          [
            106.59739685,
            10.89331245
          ],
          [
            106.59739685,
            10.89331245
          ],
          [
            106.59745789,
            10.89328575
          ],
          [
            106.59713745,
            10.89257431
          ],
          [
            106.59687805,
            10.89193726
          ],
          [
            106.59664154,
            10.89127827
          ],
          [
            106.59661865,
            10.89070988
          ],
          [
            106.59659576,
            10.89014053
          ],
          [
            106.59651184,
            10.89014626
          ],
          [
            106.59651184,
            10.89014626
          ],
          [
            106.59651184,
            10.89014626
          ],
          [
            106.59651184,
            10.89014626
          ],
          [
            106.59658051,
            10.89015102
          ],
          [
            106.59655762,
            10.88970947
          ],
          [
            106.59653473,
            10.88926888
          ],
          [
            106.59651184,
            10.88882923
          ],
          [
            106.59648132,
            10.88833904
          ],
          [
            106.59725952,
            10.88830757
          ],
          [
            106.59803772,
            10.8882761
          ],
          [
            106.5980835,
            10.88764858
          ],
          [
            106.5980835,
            10.88764858
          ],
          [
            106.59818268,
            10.88695717
          ],
          [
            106.59828186,
            10.88626575
          ],
          [
            106.59838867,
            10.88557434
          ],
          [
            106.59848785,
            10.88488293
          ],
          [
            106.59853363,
            10.88419819
          ],
          [
            106.59843445,
            10.88348198
          ],
          [
            106.59837341,
            10.88291836
          ],
          [
            106.59867859,
            10.88211155
          ],
          [
            106.59867859,
            10.88211155
          ],
          [
            106.59890747,
            10.88170624
          ],
          [
            106.59912872,
            10.88130665
          ],
          [
            106.59925842,
            10.8809166
          ],
          [
            106.59929657,
            10.88052654
          ],
          [
            106.59931946,
            10.87973118
          ],
          [
            106.59928131,
            10.87893009
          ],
          [
            106.59928131,
            10.87893009
          ],
          [
            106.59928894,
            10.8784771
          ],
          [
            106.59929657,
            10.8780241
          ],
          [
            106.59927368,
            10.87757111
          ],
          [
            106.59925079,
            10.87712383
          ],
          [
            106.59912109,
            10.87673378
          ],
          [
            106.59899902,
            10.87634945
          ],
          [
            106.59884644,
            10.87594318
          ],
          [
            106.59869385,
            10.87553787
          ],
          [
            106.59869385,
            10.87553787
          ],
          [
            106.59851074,
            10.87502956
          ],
          [
            106.59833527,
            10.87452126
          ],
          [
            106.59815216,
            10.87401581
          ],
          [
            106.59796906,
            10.87350464
          ],
          [
            106.59777069,
            10.87300873
          ],
          [
            106.59757233,
            10.87251949
          ],
          [
            106.59736633,
            10.87202454
          ],
          [
            106.59715271,
            10.87152863
          ],
          [
            106.59715271,
            10.87152863
          ],
          [
            106.59686279,
            10.87088394
          ],
          [
            106.59657288,
            10.8702383
          ],
          [
            106.59675598,
            10.86995411
          ],
          [
            106.59675598,
            10.86995411
          ],
          [
            106.59675598,
            10.86995411
          ],
          [
            106.59675598,
            10.86995411
          ],
          [
            106.59675598,
            10.86995411
          ],
          [
            106.59735107,
            10.8692131
          ],
          [
            106.59788513,
            10.86845779
          ],
          [
            106.59841919,
            10.86770153
          ],
          [
            106.59890747,
            10.86691856
          ],
          [
            106.59890747,
            10.86691856
          ],
          [
            106.59890747,
            10.86691856
          ],
          [
            106.59890747,
            10.86691856
          ],
          [
            106.59890747,
            10.86691856
          ],
          [
            106.59890747,
            10.86691856
          ],
          [
            106.59890747,
            10.86691856
          ],
          [
            106.59890747,
            10.86691856
          ],
          [
            106.59973907,
            10.86587048
          ],
          [
            106.60050964,
            10.86478519
          ],
          [
            106.60128021,
            10.86367893
          ],
          [
            106.60205078,
            10.86257267
          ],
          [
            106.60197449,
            10.86254597
          ],
          [
            106.60197449,
            10.86254597
          ],
          [
            106.60197449,
            10.86254597
          ],
          [
            106.60197449,
            10.86254597
          ],
          [
            106.60197449,
            10.86254597
          ],
          [
            106.60197449,
            10.86254597
          ],
          [
            106.60197449,
            10.86254597
          ],
          [
            106.60205841,
            10.86258888
          ],
          [
            106.60270691,
            10.861619
          ],
          [
            106.60340118,
            10.86066532
          ],
          [
            106.60332489,
            10.86060238
          ],
          [
            106.60332489,
            10.86060238
          ],
          [
            106.60332489,
            10.86060238
          ],
          [
            106.60332489,
            10.86060238
          ],
          [
            106.60332489,
            10.86060238
          ],
          [
            106.60340118,
            10.86065006
          ],
          [
            106.60375977,
            10.86015224
          ],
          [
            106.60412598,
            10.85965443
          ],
          [
            106.60448456,
            10.85915852
          ],
          [
            106.60485077,
            10.85866356
          ],
          [
            106.60520935,
            10.85817146
          ],
          [
            106.60557556,
            10.85767841
          ],
          [
            106.60590363,
            10.85718346
          ],
          [
            106.60623932,
            10.8566885
          ],
          [
            106.60617828,
            10.85661983
          ],
          [
            106.60617828,
            10.85661983
          ],
          [
            106.60617828,
            10.85661983
          ],
          [
            106.60617828,
            10.85661983
          ],
          [
            106.60617828,
            10.85661983
          ],
          [
            106.60617828,
            10.85661983
          ],
          [
            106.60626221,
            10.85666656
          ],
          [
            106.60676575,
            10.85591221
          ],
          [
            106.60726166,
            10.85516262
          ],
          [
            106.60774994,
            10.85441399
          ],
          [
            106.60823822,
            10.85364246
          ],
          [
            106.6081543,
            10.85359478
          ],
          [
            106.6081543,
            10.85359478
          ],
          [
            106.6081543,
            10.85359478
          ],
          [
            106.6081543,
            10.85359478
          ],
          [
            106.6081543,
            10.85359478
          ],
          [
            106.6081543,
            10.85359478
          ],
          [
            106.6081543,
            10.85359478
          ],
          [
            106.60823059,
            10.8536272
          ],
          [
            106.60881805,
            10.85268116
          ],
          [
            106.60940552,
            10.85173607
          ],
          [
            106.61006165,
            10.8507452
          ],
          [
            106.61070251,
            10.84973907
          ],
          [
            106.61064148,
            10.84971333
          ],
          [
            106.61064148,
            10.84971333
          ],
          [
            106.61064148,
            10.84971333
          ],
          [
            106.61064148,
            10.84971333
          ],
          [
            106.61064148,
            10.84971333
          ],
          [
            106.61064148,
            10.84971333
          ],
          [
            106.61070251,
            10.84973907
          ],
          [
            106.61142731,
            10.84860897
          ],
          [
            106.6121521,
            10.84747887
          ],
          [
            106.61287689,
            10.84635639
          ],
          [
            106.6135788,
            10.84521294
          ],
          [
            106.61352539,
            10.84518719
          ],
          [
            106.61352539,
            10.84518719
          ],
          [
            106.61352539,
            10.84518719
          ],
          [
            106.61352539,
            10.84518719
          ],
          [
            106.61352539,
            10.84518719
          ],
          [
            106.61352539,
            10.84518719
          ],
          [
            106.61358643,
            10.84522343
          ],
          [
            106.61406708,
            10.84443855
          ],
          [
            106.61330414,
            10.84384346
          ],
          [
            106.6133728,
            10.8437376
          ]
        ]
      },
      "properties": {
        "feature_type": "route_path",
        "stt": 27,
        "route_id": 20,
        "route_no": "122",
        "display_code": "B 122",
        "route_name": "Bến xe An Sương - Tân Quy",
        "direction": "Lượt về",
        "outbound": false,
        "start_point": "Bến xe An Sương",
        "end_point": "Tân Quy",
        "start_stop": "Bến xe buýt Tân Quy",
        "end_stop": "Bến xe An Sương",
        "distance_km": 18.4,
        "listed_length_km": 19,
        "running_time_min": 50,
        "operating_hours": "4:45 - 19:30",
        "stroke": "#4CAF50",
        "stroke_width": 4,
        "stroke_opacity": 0.85
      }
    },
    {
      "type": "Feature",
      "geometry": {
        "type": "Point",
        "coordinates": [
          106.61337280273438,
          10.843737602233887
        ]
      },
      "properties": {
        "feature_type": "bus_stop",
        "stop_id": 166,
        "stop_code": "BX41",
        "stop_name": "Bến xe An Sương",
        "stop_type": "Bến xe",
        "route_no": "122",
        "display_code": "B 122",
        "direction": "Lượt đi",
        "address": "Bến xe An Sương Quốc lộ 22",
        "street": "Quốc lộ 22",
        "zone": "Quận 12",
        "ward": null,
        "all_routes": "04, 104, 122, 151, 27, 33, 41, 61-3, 62-5, 65, 71, 74, 85",
        "marker_color": "#4CAF50"
      }
    },
    {
      "type": "Feature",
      "geometry": {
        "type": "Point",
        "coordinates": [
          106.613517,
          10.845803
        ]
      },
      "properties": {
        "feature_type": "bus_stop",
        "stop_id": 1115,
        "stop_code": "Q12 122",
        "stop_name": "Bến xe An Sương",
        "stop_type": "Trụ dừng",
        "route_no": "122",
        "display_code": "B 122",
        "direction": "Lượt đi",
        "address": "F42 Quốc lộ 22",
        "street": "Quốc lộ 22",
        "zone": "Quận 12",
        "ward": null,
        "all_routes": "04, 104, 122, 145, 33, 61-3",
        "marker_color": "#4CAF50"
      }
    },
    {
      "type": "Feature",
      "geometry": {
        "type": "Point",
        "coordinates": [
          106.611274,
          10.84936
        ]
      },
      "properties": {
        "feature_type": "bus_stop",
        "stop_id": 1151,
        "stop_code": "Q12 125",
        "stop_name": "Cây xăng Quân Đội",
        "stop_type": "Trụ dừng",
        "route_no": "122",
        "display_code": "B 122",
        "direction": "Lượt đi",
        "address": "2 Quốc lộ 22",
        "street": "Quốc lộ 22",
        "zone": "Quận 12",
        "ward": null,
        "all_routes": "122, 13, 145, 62-5, 71, 74, 85, 94",
        "marker_color": "#4CAF50"
      }
    },
    {
      "type": "Feature",
      "geometry": {
        "type": "Point",
        "coordinates": [
          106.607863,
          10.85466
        ]
      },
      "properties": {
        "feature_type": "bus_stop",
        "stop_id": 1152,
        "stop_code": "Q12 127",
        "stop_name": "Trung tâm Văn hóa Quận 12",
        "stop_type": "Nhà chờ",
        "route_no": "122",
        "display_code": "B 122",
        "direction": "Lượt đi",
        "address": "Trung tâm văn hóa Quận 12 Quốc lộ 22",
        "street": "Quốc lộ 22",
        "zone": "Quận 12",
        "ward": null,
        "all_routes": "122, 13, 145, 62-5, 71, 74, 85, 94",
        "marker_color": "#4CAF50"
      }
    },
    {
      "type": "Feature",
      "geometry": {
        "type": "Point",
        "coordinates": [
          106.6062,
          10.857115
        ]
      },
      "properties": {
        "feature_type": "bus_stop",
        "stop_id": 1154,
        "stop_code": "HHM 022",
        "stop_name": "Liên đoàn lao động Hóc Môn",
        "stop_type": "Trụ dừng",
        "route_no": "122",
        "display_code": "B 122",
        "direction": "Lượt đi",
        "address": "69/1 (21/7) Quốc lộ 22",
        "street": "Quốc lộ 22",
        "zone": "Huyện Hóc Môn",
        "ward": "Xã Trung Chánh",
        "all_routes": "122, 13, 62-5, 71, 74, 85, 94",
        "marker_color": "#4CAF50"
      }
    },
    {
      "type": "Feature",
      "geometry": {
        "type": "Point",
        "coordinates": [
          106.604306,
          10.859823
        ]
      },
      "properties": {
        "feature_type": "bus_stop",
        "stop_id": 1153,
        "stop_code": "HHM 023",
        "stop_name": "Cây xăng Củ Cải",
        "stop_type": "Trụ dừng",
        "route_no": "122",
        "display_code": "B 122",
        "direction": "Lượt đi",
        "address": "33/4 (336) Quốc lộ 22",
        "street": "Quốc lộ 22",
        "zone": "Huyện Hóc Môn",
        "ward": "Xã Trung Chánh",
        "all_routes": "122, 13, 62-5, 71, 74, 85, 94",
        "marker_color": "#4CAF50"
      }
    },
    {
      "type": "Feature",
      "geometry": {
        "type": "Point",
        "coordinates": [
          106.602697,
          10.862014
        ]
      },
      "properties": {
        "feature_type": "bus_stop",
        "stop_id": 1156,
        "stop_code": "HHM 024",
        "stop_name": "Ngã 3 Củ Cải",
        "stop_type": "Trụ dừng",
        "route_no": "122",
        "display_code": "B 122",
        "direction": "Lượt đi",
        "address": "42/1 (62/1A) Quốc lộ 22",
        "street": "Quốc lộ 22",
        "zone": "Huyện Hóc Môn",
        "ward": null,
        "all_routes": "122, 13, 62-5, 74, 85, 94",
        "marker_color": "#4CAF50"
      }
    },
    {
      "type": "Feature",
      "geometry": {
        "type": "Point",
        "coordinates": [
          106.600921,
          10.864569
        ]
      },
      "properties": {
        "feature_type": "bus_stop",
        "stop_id": 7800,
        "stop_code": "HHM 245",
        "stop_name": "Trường Đại học Ngoại ngữ - Tin học TP.HCM",
        "stop_type": "Trụ dừng",
        "route_no": "122",
        "display_code": "B 122",
        "direction": "Lượt đi",
        "address": "Trường Đại học Ngoại ngữ - Tin học TP.HCM Quốc lộ 22",
        "street": "Quốc lộ 22",
        "zone": "Huyện Hóc Môn",
        "ward": "Xã Tân Xuân",
        "all_routes": "122, 13, 62-5, 74, 85, 94",
        "marker_color": "#4CAF50"
      }
    },
    {
      "type": "Feature",
      "geometry": {
        "type": "Point",
        "coordinates": [
          106.599349,
          10.866782
        ]
      },
      "properties": {
        "feature_type": "bus_stop",
        "stop_id": 1155,
        "stop_code": "HHM 025",
        "stop_name": "Trường học Tân Xuân",
        "stop_type": "Trụ dừng",
        "route_no": "122",
        "display_code": "B 122",
        "direction": "Lượt đi",
        "address": "8/6B Quốc lộ 22",
        "street": "Quốc lộ 22",
        "zone": "Huyện Hóc Môn",
        "ward": null,
        "all_routes": "122, 13, 62-5, 74, 85, 94",
        "marker_color": "#4CAF50"
      }
    },
    {
      "type": "Feature",
      "geometry": {
        "type": "Point",
        "coordinates": [
          106.597075,
          10.870075
        ]
      },
      "properties": {
        "feature_type": "bus_stop",
        "stop_id": 1158,
        "stop_code": "HHM 026",
        "stop_name": "Ngã 3 Bùi Môn",
        "stop_type": "Ô sơn",
        "route_no": "122",
        "display_code": "B 122",
        "direction": "Lượt đi",
        "address": "1/1 Quốc lộ 22",
        "street": "Quốc lộ 22",
        "zone": "Huyện Hóc Môn",
        "ward": null,
        "all_routes": "122, 13, 62-5, 74, 85, 94",
        "marker_color": "#4CAF50"
      }
    },
    {
      "type": "Feature",
      "geometry": {
        "type": "Point",
        "coordinates": [
          106.597306,
          10.871645
        ]
      },
      "properties": {
        "feature_type": "bus_stop",
        "stop_id": 8135,
        "stop_code": "HHM TT 002",
        "stop_name": "Quốc lộ 22",
        "stop_type": "Trạm tạm",
        "route_no": "122",
        "display_code": "B 122",
        "direction": "Lượt đi",
        "address": "28 Lê Thị Hà",
        "street": "Lê Thị Hà",
        "zone": "Huyện Hóc Môn",
        "ward": "Xã Tân Xuân",
        "all_routes": "122, 85",
        "marker_color": "#4CAF50"
      }
    },
    {
      "type": "Feature",
      "geometry": {
        "type": "Point",
        "coordinates": [
          106.598743,
          10.875411
        ]
      },
      "properties": {
        "feature_type": "bus_stop",
        "stop_id": 8133,
        "stop_code": "HHM TT 004",
        "stop_name": "Nguyễn Thị Ai",
        "stop_type": "Trạm tạm",
        "route_no": "122",
        "display_code": "B 122",
        "direction": "Lượt đi",
        "address": "100 Lê Thị Hà",
        "street": "Lê Thị Hà",
        "zone": "Huyện Hóc Môn",
        "ward": "Xã Tân Xuân",
        "all_routes": "122, 85",
        "marker_color": "#4CAF50"
      }
    },
    {
      "type": "Feature",
      "geometry": {
        "type": "Point",
        "coordinates": [
          106.59936,
          10.879173
        ]
      },
      "properties": {
        "feature_type": "bus_stop",
        "stop_id": 8131,
        "stop_code": "HHM TT 006",
        "stop_name": "Đường Tân Xuân 1",
        "stop_type": "Trạm tạm",
        "route_no": "122",
        "display_code": "B 122",
        "direction": "Lượt đi",
        "address": "Cây xanh 165-167 (cạnh 45//1A) Lê Thị Hà",
        "street": "Lê Thị Hà",
        "zone": "Huyện Hóc Môn",
        "ward": "Xã Tân Xuân",
        "all_routes": "122, 85",
        "marker_color": "#4CAF50"
      }
    },
    {
      "type": "Feature",
      "geometry": {
        "type": "Point",
        "coordinates": [
          106.598824,
          10.882065
        ]
      },
      "properties": {
        "feature_type": "bus_stop",
        "stop_id": 8129,
        "stop_code": "HHM TT 008",
        "stop_name": "Ấp Chánh",
        "stop_type": "Trạm tạm",
        "route_no": "122",
        "display_code": "B 122",
        "direction": "Lượt đi",
        "address": "246 Lê Thị Hà",
        "street": "Lê Thị Hà",
        "zone": "Huyện Hóc Môn",
        "ward": "Xã Tân Xuân",
        "all_routes": "122, 85",
        "marker_color": "#4CAF50"
      }
    },
    {
      "type": "Feature",
      "geometry": {
        "type": "Point",
        "coordinates": [
          106.598185,
          10.88757
        ]
      },
      "properties": {
        "feature_type": "bus_stop",
        "stop_id": 8126,
        "stop_code": "HHM TT 010",
        "stop_name": "Giao lộ Lê Thị Hà-Quang Trung",
        "stop_type": "Trạm tạm",
        "route_no": "122",
        "display_code": "B 122",
        "direction": "Lượt đi",
        "address": "40 Lê Thị Hà",
        "street": "Lê Thị Hà",
        "zone": "Huyện Hóc Môn",
        "ward": "Xã Tân Xuân",
        "all_routes": "122, 85",
        "marker_color": "#4CAF50"
      }
    },
    {
      "type": "Feature",
      "geometry": {
        "type": "Point",
        "coordinates": [
          106.596673,
          10.890441
        ]
      },
      "properties": {
        "feature_type": "bus_stop",
        "stop_id": 1166,
        "stop_code": "HHM001",
        "stop_name": "Chợ Hóc Môn",
        "stop_type": "Trụ dừng",
        "route_no": "122",
        "display_code": "B 122",
        "direction": "Lượt đi",
        "address": "8/2 Trương Nữ Vương",
        "street": "Trương Nữ Vương",
        "zone": "Huyện Hóc Môn",
        "ward": "Thị trấn Hóc Môn",
        "all_routes": "122",
        "marker_color": "#4CAF50"
      }
    },
    {
      "type": "Feature",
      "geometry": {
        "type": "Point",
        "coordinates": [
          106.597268,
          10.892601
        ]
      },
      "properties": {
        "feature_type": "bus_stop",
        "stop_id": 1163,
        "stop_code": "HHM002",
        "stop_name": "Nhà trẻ Phước An",
        "stop_type": "Trụ dừng",
        "route_no": "122",
        "display_code": "B 122",
        "direction": "Lượt đi",
        "address": "21/1 Trương Nữ Vương",
        "street": "Trương Nữ Vương",
        "zone": "Huyện Hóc Môn",
        "ward": "Thị trấn Hóc Môn",
        "all_routes": "122",
        "marker_color": "#4CAF50"
      }
    },
    {
      "type": "Feature",
      "geometry": {
        "type": "Point",
        "coordinates": [
          106.598754,
          10.896272
        ]
      },
      "properties": {
        "feature_type": "bus_stop",
        "stop_id": 1168,
        "stop_code": "HHM 114",
        "stop_name": "nhà văn hóa thiếu nhi huyện Hóc Môn",
        "stop_type": "Nhà chờ",
        "route_no": "122",
        "display_code": "B 122",
        "direction": "Lượt đi",
        "address": "16 Đỗ Văn Dậy",
        "street": "Đỗ Văn Dậy",
        "zone": "Huyện Hóc Môn",
        "ward": "Xã Tân Hiệp",
        "all_routes": "122",
        "marker_color": "#4CAF50"
      }
    },
    {
      "type": "Feature",
      "geometry": {
        "type": "Point",
        "coordinates": [
          106.599768,
          10.898564
        ]
      },
      "properties": {
        "feature_type": "bus_stop",
        "stop_id": 1167,
        "stop_code": "HHM 115",
        "stop_name": "Lê Thị Lơ",
        "stop_type": "Trụ dừng",
        "route_no": "122",
        "display_code": "B 122",
        "direction": "Lượt đi",
        "address": "25/2 Đỗ Văn Dậy",
        "street": "Đỗ Văn Dậy",
        "zone": "Huyện Hóc Môn",
        "ward": "Xã Tân Hiệp",
        "all_routes": "122",
        "marker_color": "#4CAF50"
      }
    },
    {
      "type": "Feature",
      "geometry": {
        "type": "Point",
        "coordinates": [
          106.600052,
          10.901319
        ]
      },
      "properties": {
        "feature_type": "bus_stop",
        "stop_id": 1170,
        "stop_code": "HHM 116",
        "stop_name": "Tân Hiệp 35",
        "stop_type": "Trụ dừng",
        "route_no": "122",
        "display_code": "B 122",
        "direction": "Lượt đi",
        "address": "đd 146/2 Đỗ Văn Dậy",
        "street": "Đỗ Văn Dậy",
        "zone": "Huyện Hóc Môn",
        "ward": "Xã Tân Hiệp",
        "all_routes": "122",
        "marker_color": "#4CAF50"
      }
    },
    {
      "type": "Feature",
      "geometry": {
        "type": "Point",
        "coordinates": [
          106.599741,
          10.906639
        ]
      },
      "properties": {
        "feature_type": "bus_stop",
        "stop_id": 1220,
        "stop_code": "HHM 122",
        "stop_name": "Công ty Nam Ho",
        "stop_type": "Trụ dừng",
        "route_no": "122",
        "display_code": "B 122",
        "direction": "Lượt đi",
        "address": "1/3B Đỗ Văn Dậy",
        "street": "Đỗ Văn Dậy",
        "zone": "Huyện Hóc Môn",
        "ward": "Xã Tân Hiệp",
        "all_routes": "122",
        "marker_color": "#4CAF50"
      }
    },
    {
      "type": "Feature",
      "geometry": {
        "type": "Point",
        "coordinates": [
          106.599934,
          10.910474
        ]
      },
      "properties": {
        "feature_type": "bus_stop",
        "stop_id": 1169,
        "stop_code": "HHM 117",
        "stop_name": "Ngã 3 Ông Trác",
        "stop_type": "Trụ dừng",
        "route_no": "122",
        "display_code": "B 122",
        "direction": "Lượt đi",
        "address": "8/2B Đỗ Văn Dậy",
        "street": "Đỗ Văn Dậy",
        "zone": "Huyện Hóc Môn",
        "ward": "Xã Tân Hiệp",
        "all_routes": "122",
        "marker_color": "#4CAF50"
      }
    },
    {
      "type": "Feature",
      "geometry": {
        "type": "Point",
        "coordinates": [
          106.600454,
          10.915436
        ]
      },
      "properties": {
        "feature_type": "bus_stop",
        "stop_id": 1172,
        "stop_code": "HHM 118",
        "stop_name": "Cây xăng Tài Lộc 3",
        "stop_type": "Trụ dừng",
        "route_no": "122",
        "display_code": "B 122",
        "direction": "Lượt đi",
        "address": "98 Đỗ Văn Dậy",
        "street": "Đỗ Văn Dậy",
        "zone": "Huyện Hóc Môn",
        "ward": "Xã Tân Hiệp",
        "all_routes": "122",
        "marker_color": "#4CAF50"
      }
    },
    {
      "type": "Feature",
      "geometry": {
        "type": "Point",
        "coordinates": [
          106.600846,
          10.921235
        ]
      },
      "properties": {
        "feature_type": "bus_stop",
        "stop_id": 1171,
        "stop_code": "HCC 251",
        "stop_name": "Ngã 3 Bình Mỹ",
        "stop_type": "Trụ dừng",
        "route_no": "122",
        "display_code": "B 122",
        "direction": "Lượt đi",
        "address": "Đối diện 19/4C (Cây xăng Tây Nam) Tỉnh lộ 15 Củ Chi",
        "street": "Tỉnh lộ 15 Củ Chi",
        "zone": "Huyện Củ Chi",
        "ward": "Xã Bình Mỹ",
        "all_routes": "122",
        "marker_color": "#4CAF50"
      }
    },
    {
      "type": "Feature",
      "geometry": {
        "type": "Point",
        "coordinates": [
          106.603126,
          10.93158
        ]
      },
      "properties": {
        "feature_type": "bus_stop",
        "stop_id": 7609,
        "stop_code": "HCC 301",
        "stop_name": "Công ty Ngọc Châu",
        "stop_type": "Trụ dừng",
        "route_no": "122",
        "display_code": "B 122",
        "direction": "Lượt đi",
        "address": "Đối diện Công ty Ngọc Châu TL 15",
        "street": "TL 15",
        "zone": "Huyện Củ Chi",
        "ward": "Xã Tân Thạnh Đông",
        "all_routes": "122",
        "marker_color": "#4CAF50"
      }
    },
    {
      "type": "Feature",
      "geometry": {
        "type": "Point",
        "coordinates": [
          106.604446,
          10.939685
        ]
      },
      "properties": {
        "feature_type": "bus_stop",
        "stop_id": 3233,
        "stop_code": "HCC 299",
        "stop_name": "Cầu Tân Thạnh Đông",
        "stop_type": "Trụ dừng",
        "route_no": "122",
        "display_code": "B 122",
        "direction": "Lượt đi",
        "address": "cạnh số 156 (đối diện 101A) Tỉnh lộ 15",
        "street": "Tỉnh lộ 15",
        "zone": "Huyện Củ Chi",
        "ward": "Xã Tân Thạnh Đông",
        "all_routes": "122",
        "marker_color": "#4CAF50"
      }
    },
    {
      "type": "Feature",
      "geometry": {
        "type": "Point",
        "coordinates": [
          106.605003,
          10.943783
        ]
      },
      "properties": {
        "feature_type": "bus_stop",
        "stop_id": 1173,
        "stop_code": "HCC 309",
        "stop_name": "Trường mẫu giáo Tân Thạnh Đông",
        "stop_type": "Trụ dừng",
        "route_no": "122",
        "display_code": "B 122",
        "direction": "Lượt đi",
        "address": "218 (Trường mẫu giáo Bông Sen 15) Tỉnh lộ 15 Củ Chi",
        "street": "Tỉnh lộ 15 Củ Chi",
        "zone": "Huyện Củ Chi",
        "ward": "Xã Tân Thạnh Đông",
        "all_routes": "122",
        "marker_color": "#4CAF50"
      }
    },
    {
      "type": "Feature",
      "geometry": {
        "type": "Point",
        "coordinates": [
          106.605492,
          10.948313
        ]
      },
      "properties": {
        "feature_type": "bus_stop",
        "stop_id": 1174,
        "stop_code": "HCC 253",
        "stop_name": "Trường tiểu học Tân Thạnh Đông 1",
        "stop_type": "Nhà chờ",
        "route_no": "122",
        "display_code": "B 122",
        "direction": "Lượt đi",
        "address": "Giáo xứ Tân Thạnh Đông Tỉnh lộ 15",
        "street": "Tỉnh lộ 15",
        "zone": "Huyện Củ Chi",
        "ward": null,
        "all_routes": "122",
        "marker_color": "#4CAF50"
      }
    },
    {
      "type": "Feature",
      "geometry": {
        "type": "Point",
        "coordinates": [
          106.602788,
          10.952363
        ]
      },
      "properties": {
        "feature_type": "bus_stop",
        "stop_id": 1176,
        "stop_code": "HCC 254",
        "stop_name": "Quán Hoa Sứ",
        "stop_type": "Trụ dừng",
        "route_no": "122",
        "display_code": "B 122",
        "direction": "Lượt đi",
        "address": "318 Tỉnh lộ 15",
        "street": "Tỉnh lộ 15",
        "zone": "Huyện Củ Chi",
        "ward": null,
        "all_routes": "122",
        "marker_color": "#4CAF50"
      }
    },
    {
      "type": "Feature",
      "geometry": {
        "type": "Point",
        "coordinates": [
          106.600517,
          10.955767
        ]
      },
      "properties": {
        "feature_type": "bus_stop",
        "stop_id": 1175,
        "stop_code": "HCC 255",
        "stop_name": "San banh",
        "stop_type": "Ô sơn",
        "route_no": "122",
        "display_code": "B 122",
        "direction": "Lượt đi",
        "address": "422 Tỉnh lộ 15",
        "street": "Tỉnh lộ 15",
        "zone": "Huyện Củ Chi",
        "ward": null,
        "all_routes": "122",
        "marker_color": "#4CAF50"
      }
    },
    {
      "type": "Feature",
      "geometry": {
        "type": "Point",
        "coordinates": [
          106.596431,
          10.961137
        ]
      },
      "properties": {
        "feature_type": "bus_stop",
        "stop_id": 1177,
        "stop_code": "HCC 256",
        "stop_name": "Trường tiểu học Tân Thạnh Đông 2",
        "stop_type": "Nhà chờ",
        "route_no": "122",
        "display_code": "B 122",
        "direction": "Lượt đi",
        "address": "522 (544B, Trường TH Tân Thạnh Đông 2) Tỉnh lộ 15",
        "street": "Tỉnh lộ 15",
        "zone": "Huyện Củ Chi",
        "ward": null,
        "all_routes": "122",
        "marker_color": "#4CAF50"
      }
    },
    {
      "type": "Feature",
      "geometry": {
        "type": "Point",
        "coordinates": [
          106.593536,
          10.964283
        ]
      },
      "properties": {
        "feature_type": "bus_stop",
        "stop_id": 1178,
        "stop_code": "HCC 303",
        "stop_name": "Cây xăng 57",
        "stop_type": "Trụ dừng",
        "route_no": "122",
        "display_code": "B 122",
        "direction": "Lượt đi",
        "address": "604A Tỉnh lộ 15",
        "street": "Tỉnh lộ 15",
        "zone": "Huyện Củ Chi",
        "ward": "Xã Tân Thạnh Đông",
        "all_routes": "122",
        "marker_color": "#4CAF50"
      }
    },
    {
      "type": "Feature",
      "geometry": {
        "type": "Point",
        "coordinates": [
          106.591652,
          10.9663
        ]
      },
      "properties": {
        "feature_type": "bus_stop",
        "stop_id": 1179,
        "stop_code": "HCC 304",
        "stop_name": "Chợ Hố Bom",
        "stop_type": "Trụ dừng",
        "route_no": "122",
        "display_code": "B 122",
        "direction": "Lượt đi",
        "address": "634B Tỉnh lộ 15 Củ Chi",
        "street": "Tỉnh lộ 15 Củ Chi",
        "zone": "Huyện Củ Chi",
        "ward": "Xã Tân Thạnh Đông",
        "all_routes": "122",
        "marker_color": "#4CAF50"
      }
    },
    {
      "type": "Feature",
      "geometry": {
        "type": "Point",
        "coordinates": [
          106.588654,
          10.9695
        ]
      },
      "properties": {
        "feature_type": "bus_stop",
        "stop_id": 1180,
        "stop_code": "HCC 305",
        "stop_name": "Trường cấp 2 Tân Thạnh Đông",
        "stop_type": "Trụ dừng",
        "route_no": "122",
        "display_code": "B 122",
        "direction": "Lượt đi",
        "address": "718B (706) Tỉnh lộ 15",
        "street": "Tỉnh lộ 15",
        "zone": "Huyện Củ Chi",
        "ward": "Xã Tân Thạnh Đông",
        "all_routes": "122",
        "marker_color": "#4CAF50"
      }
    },
    {
      "type": "Feature",
      "geometry": {
        "type": "Point",
        "coordinates": [
          106.584602,
          10.973817
        ]
      },
      "properties": {
        "feature_type": "bus_stop",
        "stop_id": 1181,
        "stop_code": "HCC 306",
        "stop_name": "Trường tiểu học Tân Thạnh Đông 3",
        "stop_type": "Trụ dừng",
        "route_no": "122",
        "display_code": "B 122",
        "direction": "Lượt đi",
        "address": "806 Tỉnh lộ 15 Củ Chi",
        "street": "Tỉnh lộ 15 Củ Chi",
        "zone": "Huyện Củ Chi",
        "ward": "Xã Phú Hòa Đông",
        "all_routes": "122",
        "marker_color": "#4CAF50"
      }
    },
    {
      "type": "Feature",
      "geometry": {
        "type": "Point",
        "coordinates": [
          106.582016,
          10.976567
        ]
      },
      "properties": {
        "feature_type": "bus_stop",
        "stop_id": 1182,
        "stop_code": "QCCT066",
        "stop_name": "Cây xăng Quang Vinh",
        "stop_type": "Nhà chờ",
        "route_no": "122",
        "display_code": "B 122",
        "direction": "Lượt đi",
        "address": "858 Tỉnh lộ 15 Củ Chi",
        "street": "Tỉnh lộ 15 Củ Chi",
        "zone": "Huyện Củ Chi",
        "ward": "Xã Phú Hòa Đông",
        "all_routes": "122",
        "marker_color": "#4CAF50"
      }
    },
    {
      "type": "Feature",
      "geometry": {
        "type": "Point",
        "coordinates": [
          106.57872,
          10.980067
        ]
      },
      "properties": {
        "feature_type": "bus_stop",
        "stop_id": 1183,
        "stop_code": "QCCT067",
        "stop_name": "Công ty Hongwon",
        "stop_type": "Trụ dừng",
        "route_no": "122",
        "display_code": "B 122",
        "direction": "Lượt đi",
        "address": "930 Tỉnh lộ 15 Củ Chi",
        "street": "Tỉnh lộ 15 Củ Chi",
        "zone": "Huyện Củ Chi",
        "ward": "Xã Tân Thạnh Đông",
        "all_routes": "122",
        "marker_color": "#4CAF50"
      }
    },
    {
      "type": "Feature",
      "geometry": {
        "type": "Point",
        "coordinates": [
          106.577179,
          10.982237
        ]
      },
      "properties": {
        "feature_type": "bus_stop",
        "stop_id": 1184,
        "stop_code": "QCCT068",
        "stop_name": "Ngã tư Tân Quy",
        "stop_type": "Trụ dừng",
        "route_no": "122",
        "display_code": "B 122",
        "direction": "Lượt đi",
        "address": "970 Tỉnh lộ 15 Củ Chi",
        "street": "Tỉnh lộ 15 Củ Chi",
        "zone": "Huyện Củ Chi",
        "ward": "Xã Tân Thạnh Đông",
        "all_routes": "122",
        "marker_color": "#4CAF50"
      }
    },
    {
      "type": "Feature",
      "geometry": {
        "type": "Point",
        "coordinates": [
          106.576105,
          10.984835
        ]
      },
      "properties": {
        "feature_type": "bus_stop",
        "stop_id": 3485,
        "stop_code": "QCCT069",
        "stop_name": "Ngã tư Tân Quy",
        "stop_type": "Trụ dừng",
        "route_no": "122",
        "display_code": "B 122",
        "direction": "Lượt đi",
        "address": "1044 (46-47) Tỉnh lộ 15 Củ Chi",
        "street": "Tỉnh lộ 15 Củ Chi",
        "zone": "Huyện Củ Chi",
        "ward": "Xã Trung An",
        "all_routes": "122, 70",
        "marker_color": "#4CAF50"
      }
    },
    {
      "type": "Feature",
      "geometry": {
        "type": "Point",
        "coordinates": [
          106.574593,
          10.988501
        ]
      },
      "properties": {
        "feature_type": "bus_stop",
        "stop_id": 3489,
        "stop_code": "QCCT070",
        "stop_name": "Chùa Pháp Bửu, cây xăng 63",
        "stop_type": "Trụ dừng",
        "route_no": "122",
        "display_code": "B 122",
        "direction": "Lượt đi",
        "address": "94 (1112) Tỉnh lộ 15 Củ Chi",
        "street": "Tỉnh lộ 15 Củ Chi",
        "zone": "Huyện Củ Chi",
        "ward": "Xã Trung An",
        "all_routes": "122, 70",
        "marker_color": "#4CAF50"
      }
    },
    {
      "type": "Feature",
      "geometry": {
        "type": "Point",
        "coordinates": [
          106.574963,
          10.989312
        ]
      },
      "properties": {
        "feature_type": "bus_stop",
        "stop_id": 8136,
        "stop_code": "HCC 357",
        "stop_name": "Tỉnh lộ 15",
        "stop_type": "Ô sơn",
        "route_no": "122",
        "display_code": "B 122",
        "direction": "Lượt đi",
        "address": "02-04 Phạm Thị Lòng (đường 458)",
        "street": "Phạm Thị Lòng (đường 458)",
        "zone": "Huyện Củ Chi",
        "ward": "Xã Trung An",
        "all_routes": "122, 70",
        "marker_color": "#4CAF50"
      }
    },
    {
      "type": "Feature",
      "geometry": {
        "type": "Point",
        "coordinates": [
          106.577704,
          10.989143
        ]
      },
      "properties": {
        "feature_type": "bus_stop",
        "stop_id": 8137,
        "stop_code": "HCC 358",
        "stop_name": "Giao lộ Phạm Thị Lòng - Nguyễn Thị Minh",
        "stop_type": "Ô sơn",
        "route_no": "122",
        "display_code": "B 122",
        "direction": "Lượt đi",
        "address": "68-70 Phạm Thị Lòng (đường 458)",
        "street": "Phạm Thị Lòng (đường 458)",
        "zone": "Huyện Củ Chi",
        "ward": "Xã Trung An",
        "all_routes": "122, 70",
        "marker_color": "#4CAF50"
      }
    },
    {
      "type": "Feature",
      "geometry": {
        "type": "Point",
        "coordinates": [
          106.578176,
          10.984251
        ]
      },
      "properties": {
        "feature_type": "bus_stop",
        "stop_id": 1185,
        "stop_code": "BX 62",
        "stop_name": "Bến xe buýt Tân Quy",
        "stop_type": "Bến xe",
        "route_no": "122",
        "display_code": "B 122",
        "direction": "Lượt đi",
        "address": "BẾN XE BUÝT TÂN QUY Tỉnh lộ 8, Củ Chi",
        "street": "Tỉnh lộ 8, Củ Chi",
        "zone": "Huyện Củ Chi",
        "ward": null,
        "all_routes": "122, 70",
        "marker_color": "#4CAF50"
      }
    },
    {
      "type": "Feature",
      "geometry": {
        "type": "Point",
        "coordinates": [
          106.576881,
          10.982633
        ]
      },
      "properties": {
        "feature_type": "bus_stop",
        "stop_id": 1206,
        "stop_code": "QCCT136",
        "stop_name": "Ngã tư Tân Quy",
        "stop_type": "Trụ dừng",
        "route_no": "122",
        "display_code": "B 122",
        "direction": "Lượt về",
        "address": "115 Tỉnh lộ 15 Củ Chi",
        "street": "Tỉnh lộ 15 Củ Chi",
        "zone": "Huyện Củ Chi",
        "ward": "Xã Tân Thạnh Tây",
        "all_routes": "122",
        "marker_color": "#4CAF50"
      }
    },
    {
      "type": "Feature",
      "geometry": {
        "type": "Point",
        "coordinates": [
          106.5793,
          10.979333
        ]
      },
      "properties": {
        "feature_type": "bus_stop",
        "stop_id": 1205,
        "stop_code": "QCCT137",
        "stop_name": "Công ty Hongwon",
        "stop_type": "Trụ dừng",
        "route_no": "122",
        "display_code": "B 122",
        "direction": "Lượt về",
        "address": "33 (37) Tỉnh lộ 15 Củ Chi",
        "street": "Tỉnh lộ 15 Củ Chi",
        "zone": "Huyện Củ Chi",
        "ward": "Xã Tân Thạnh Đông",
        "all_routes": "122",
        "marker_color": "#4CAF50"
      }
    },
    {
      "type": "Feature",
      "geometry": {
        "type": "Point",
        "coordinates": [
          106.582382,
          10.97605
        ]
      },
      "properties": {
        "feature_type": "bus_stop",
        "stop_id": 1207,
        "stop_code": "QCCT138",
        "stop_name": "Cây xăng Quang Vinh",
        "stop_type": "Trụ dừng",
        "route_no": "122",
        "display_code": "B 122",
        "direction": "Lượt về",
        "address": "715 Tỉnh lộ 15 Củ Chi",
        "street": "Tỉnh lộ 15 Củ Chi",
        "zone": "Huyện Củ Chi",
        "ward": "Xã Tân Thạnh Đông",
        "all_routes": "122",
        "marker_color": "#4CAF50"
      }
    },
    {
      "type": "Feature",
      "geometry": {
        "type": "Point",
        "coordinates": [
          106.584953,
          10.973317
        ]
      },
      "properties": {
        "feature_type": "bus_stop",
        "stop_id": 1208,
        "stop_code": "QCCT139",
        "stop_name": "Trường tiểu học Tân Thạnh Đông 3",
        "stop_type": "Nhà chờ",
        "route_no": "122",
        "display_code": "B 122",
        "direction": "Lượt về",
        "address": "Trường tiểu học Tân Thạnh Đông 3 Tỉnh lộ 15 Củ Chi",
        "street": "Tỉnh lộ 15 Củ Chi",
        "zone": "Huyện Củ Chi",
        "ward": "Xã Phú Hòa Đông",
        "all_routes": "122",
        "marker_color": "#4CAF50"
      }
    },
    {
      "type": "Feature",
      "geometry": {
        "type": "Point",
        "coordinates": [
          106.58873,
          10.9693
        ]
      },
      "properties": {
        "feature_type": "bus_stop",
        "stop_id": 1211,
        "stop_code": "QCCT140",
        "stop_name": "Trường cấp 2 Tân Thạnh Đông",
        "stop_type": "Nhà chờ",
        "route_no": "122",
        "display_code": "B 122",
        "direction": "Lượt về",
        "address": "Trường cấp 2 Tân Thạnh Đông Tỉnh lộ 15 Củ Chi",
        "street": "Tỉnh lộ 15 Củ Chi",
        "zone": "Huyện Củ Chi",
        "ward": "Xã Tân Thạnh Đông",
        "all_routes": "122",
        "marker_color": "#4CAF50"
      }
    },
    {
      "type": "Feature",
      "geometry": {
        "type": "Point",
        "coordinates": [
          106.591049,
          10.966817
        ]
      },
      "properties": {
        "feature_type": "bus_stop",
        "stop_id": 1209,
        "stop_code": "QCCT141",
        "stop_name": "Miếu Bà Chúa Xứ",
        "stop_type": "Trụ dừng",
        "route_no": "122",
        "display_code": "B 122",
        "direction": "Lượt về",
        "address": "565C (Đối diện 640A) Tỉnh lộ 15 Củ Chi",
        "street": "Tỉnh lộ 15 Củ Chi",
        "zone": "Huyện Củ Chi",
        "ward": "Xã Tân Thạnh Đông",
        "all_routes": "122",
        "marker_color": "#4CAF50"
      }
    },
    {
      "type": "Feature",
      "geometry": {
        "type": "Point",
        "coordinates": [
          106.593834,
          10.963883
        ]
      },
      "properties": {
        "feature_type": "bus_stop",
        "stop_id": 1212,
        "stop_code": "QCCT142",
        "stop_name": "Cây xăng 57",
        "stop_type": "Trụ dừng",
        "route_no": "122",
        "display_code": "B 122",
        "direction": "Lượt về",
        "address": "517  Tỉnh lộ 15 Củ Chi",
        "street": "Tỉnh lộ 15 Củ Chi",
        "zone": "Huyện Củ Chi",
        "ward": "Xã Tân Thạnh Đông",
        "all_routes": "122",
        "marker_color": "#4CAF50"
      }
    },
    {
      "type": "Feature",
      "geometry": {
        "type": "Point",
        "coordinates": [
          106.596382,
          10.961017
        ]
      },
      "properties": {
        "feature_type": "bus_stop",
        "stop_id": 1210,
        "stop_code": "HCC 151",
        "stop_name": "Trường tiểu học Tân Thạnh Đông 2",
        "stop_type": "Trụ dừng",
        "route_no": "122",
        "display_code": "B 122",
        "direction": "Lượt về",
        "address": "455-457 Tỉnh lộ 15",
        "street": "Tỉnh lộ 15",
        "zone": "Huyện Củ Chi",
        "ward": "Xã Tân Thạnh Đông",
        "all_routes": "122",
        "marker_color": "#4CAF50"
      }
    },
    {
      "type": "Feature",
      "geometry": {
        "type": "Point",
        "coordinates": [
          106.600815,
          10.9552
        ]
      },
      "properties": {
        "feature_type": "bus_stop",
        "stop_id": 1214,
        "stop_code": "QCCT144",
        "stop_name": "Sân banh",
        "stop_type": "Trụ dừng",
        "route_no": "122",
        "display_code": "B 122",
        "direction": "Lượt về",
        "address": "369 Tỉnh lộ 15 Củ Chi",
        "street": "Tỉnh lộ 15 Củ Chi",
        "zone": "Huyện Củ Chi",
        "ward": "Xã Tân Thạnh Đông",
        "all_routes": "122",
        "marker_color": "#4CAF50"
      }
    },
    {
      "type": "Feature",
      "geometry": {
        "type": "Point",
        "coordinates": [
          106.602386,
          10.952767
        ]
      },
      "properties": {
        "feature_type": "bus_stop",
        "stop_id": 1216,
        "stop_code": "QCCT145",
        "stop_name": "Quán Hoa Sứ",
        "stop_type": "Trụ dừng",
        "route_no": "122",
        "display_code": "B 122",
        "direction": "Lượt về",
        "address": "301 (301C Quán Hoa Sứ) Tỉnh lộ 15 Củ Chi",
        "street": "Tỉnh lộ 15 Củ Chi",
        "zone": "Huyện Củ Chi",
        "ward": "Xã Tân Thạnh Đông",
        "all_routes": "122",
        "marker_color": "#4CAF50"
      }
    },
    {
      "type": "Feature",
      "geometry": {
        "type": "Point",
        "coordinates": [
          106.605453,
          10.9481
        ]
      },
      "properties": {
        "feature_type": "bus_stop",
        "stop_id": 1213,
        "stop_code": "QCCT146",
        "stop_name": "Trường tiểu học Tân Thạnh Đông 1",
        "stop_type": "Nhà chờ",
        "route_no": "122",
        "display_code": "B 122",
        "direction": "Lượt về",
        "address": "195 (Đối diện giáo xứ Tân Thạnh Đông) Tỉnh lộ 15 Củ Chi",
        "street": "Tỉnh lộ 15 Củ Chi",
        "zone": "Huyện Củ Chi",
        "ward": "Xã Tân Thạnh Đông",
        "all_routes": "122",
        "marker_color": "#4CAF50"
      }
    },
    {
      "type": "Feature",
      "geometry": {
        "type": "Point",
        "coordinates": [
          106.605286,
          10.9448
        ]
      },
      "properties": {
        "feature_type": "bus_stop",
        "stop_id": 1218,
        "stop_code": "QCCT147",
        "stop_name": "Mẫu giáo Tân Thạnh Đông",
        "stop_type": "Trụ dừng",
        "route_no": "122",
        "display_code": "B 122",
        "direction": "Lượt về",
        "address": "163 (165B) Tỉnh lộ 15 Củ Chi",
        "street": "Tỉnh lộ 15 Củ Chi",
        "zone": "Huyện Củ Chi",
        "ward": "Xã Tân Thạnh Đông",
        "all_routes": "122",
        "marker_color": "#4CAF50"
      }
    },
    {
      "type": "Feature",
      "geometry": {
        "type": "Point",
        "coordinates": [
          106.60429,
          10.940117
        ]
      },
      "properties": {
        "feature_type": "bus_stop",
        "stop_id": 3232,
        "stop_code": "HCC 300",
        "stop_name": "Cầu Tân Thạnh Đông",
        "stop_type": "Trụ dừng",
        "route_no": "122",
        "display_code": "B 122",
        "direction": "Lượt về",
        "address": "103C Tỉnh lộ 15",
        "street": "Tỉnh lộ 15",
        "zone": "Huyện Củ Chi",
        "ward": null,
        "all_routes": "122",
        "marker_color": "#4CAF50"
      }
    },
    {
      "type": "Feature",
      "geometry": {
        "type": "Point",
        "coordinates": [
          106.603147,
          10.932275
        ]
      },
      "properties": {
        "feature_type": "bus_stop",
        "stop_id": 7608,
        "stop_code": "HCC 302",
        "stop_name": "Công ty Ngọc Châu",
        "stop_type": "Trụ dừng",
        "route_no": "122",
        "display_code": "B 122",
        "direction": "Lượt về",
        "address": "Công ty Ngọc Châu TL 15",
        "street": "TL 15",
        "zone": "Huyện Củ Chi",
        "ward": "Xã Tân Thạnh Đông",
        "all_routes": "122",
        "marker_color": "#4CAF50"
      }
    },
    {
      "type": "Feature",
      "geometry": {
        "type": "Point",
        "coordinates": [
          106.600868,
          10.921883
        ]
      },
      "properties": {
        "feature_type": "bus_stop",
        "stop_id": 1215,
        "stop_code": "QCCT148",
        "stop_name": "Ngã 3 Bình Mỹ",
        "stop_type": "Trụ dừng",
        "route_no": "122",
        "display_code": "B 122",
        "direction": "Lượt về",
        "address": "19/4C Tỉnh lộ 15 Củ Chi",
        "street": "Tỉnh lộ 15 Củ Chi",
        "zone": "Huyện Củ Chi",
        "ward": "Xã Tân Thạnh Đông",
        "all_routes": "122",
        "marker_color": "#4CAF50"
      }
    },
    {
      "type": "Feature",
      "geometry": {
        "type": "Point",
        "coordinates": [
          106.600202,
          10.914961
        ]
      },
      "properties": {
        "feature_type": "bus_stop",
        "stop_id": 1222,
        "stop_code": "HHM 119",
        "stop_name": "Cây xăng Tài Lộc 3",
        "stop_type": "Trụ dừng",
        "route_no": "122",
        "display_code": "B 122",
        "direction": "Lượt về",
        "address": "22/3A Đỗ Văn Dậy",
        "street": "Đỗ Văn Dậy",
        "zone": "Huyện Hóc Môn",
        "ward": "Xã Tân Hiệp",
        "all_routes": "122",
        "marker_color": "#4CAF50"
      }
    },
    {
      "type": "Feature",
      "geometry": {
        "type": "Point",
        "coordinates": [
          106.599741,
          10.911
        ]
      },
      "properties": {
        "feature_type": "bus_stop",
        "stop_id": 1217,
        "stop_code": "HHM 120",
        "stop_name": "Ngã 3 Ông Trác",
        "stop_type": "Trụ dừng",
        "route_no": "122",
        "display_code": "B 122",
        "direction": "Lượt về",
        "address": "59 Đỗ Văn Dậy",
        "street": "Đỗ Văn Dậy",
        "zone": "Huyện Hóc Môn",
        "ward": "Xã Tân Hiệp",
        "all_routes": "122",
        "marker_color": "#4CAF50"
      }
    },
    {
      "type": "Feature",
      "geometry": {
        "type": "Point",
        "coordinates": [
          106.599548,
          10.906902
        ]
      },
      "properties": {
        "feature_type": "bus_stop",
        "stop_id": 1219,
        "stop_code": "HHM 121",
        "stop_name": "Công ty Nam Ho",
        "stop_type": "Trụ dừng",
        "route_no": "122",
        "display_code": "B 122",
        "direction": "Lượt về",
        "address": "6/9C Đỗ Văn Dậy",
        "street": "Đỗ Văn Dậy",
        "zone": "Huyện Hóc Môn",
        "ward": "Xã Tân Hiệp",
        "all_routes": "122",
        "marker_color": "#4CAF50"
      }
    },
    {
      "type": "Feature",
      "geometry": {
        "type": "Point",
        "coordinates": [
          106.599607,
          10.903752
        ]
      },
      "properties": {
        "feature_type": "bus_stop",
        "stop_id": 7709,
        "stop_code": "HHM 242",
        "stop_name": "Trường trung cấp Bách Nghệ",
        "stop_type": "Nhà chờ",
        "route_no": "122",
        "display_code": "B 122",
        "direction": "Lượt về",
        "address": "Bên cạnh trụ điện R/DOVD-T43T Đỗ Văn Dậy",
        "street": "Đỗ Văn Dậy",
        "zone": "Huyện Hóc Môn",
        "ward": "Xã Tân Hiệp",
        "all_routes": "122",
        "marker_color": "#4CAF50"
      }
    },
    {
      "type": "Feature",
      "geometry": {
        "type": "Point",
        "coordinates": [
          106.599757,
          10.901687
        ]
      },
      "properties": {
        "feature_type": "bus_stop",
        "stop_id": 1224,
        "stop_code": "HHM 123",
        "stop_name": "Tân Hiệp 35",
        "stop_type": "Trụ dừng",
        "route_no": "122",
        "display_code": "B 122",
        "direction": "Lượt về",
        "address": "146/3 Đỗ Văn Dậy",
        "street": "Đỗ Văn Dậy",
        "zone": "Huyện Hóc Môn",
        "ward": "Xã Tân Hiệp",
        "all_routes": "122",
        "marker_color": "#4CAF50"
      }
    },
    {
      "type": "Feature",
      "geometry": {
        "type": "Point",
        "coordinates": [
          106.599677,
          10.898843
        ]
      },
      "properties": {
        "feature_type": "bus_stop",
        "stop_id": 1225,
        "stop_code": "HHM 124",
        "stop_name": "Lê Thị Lơ",
        "stop_type": "Ô sơn",
        "route_no": "122",
        "display_code": "B 122",
        "direction": "Lượt về",
        "address": "88/3A Đỗ Văn Dậy",
        "street": "Đỗ Văn Dậy",
        "zone": "Huyện Hóc Môn",
        "ward": "Xã Tân Hiệp",
        "all_routes": "122",
        "marker_color": "#4CAF50"
      }
    },
    {
      "type": "Feature",
      "geometry": {
        "type": "Point",
        "coordinates": [
          106.598454,
          10.89583
        ]
      },
      "properties": {
        "feature_type": "bus_stop",
        "stop_id": 1165,
        "stop_code": "HHM005",
        "stop_name": "Nhà văn hóa Thiếu nhi huyện Hóc Môn",
        "stop_type": "Trụ dừng",
        "route_no": "122",
        "display_code": "B 122",
        "direction": "Lượt về",
        "address": "Đối diện 16 Đỗ Văn Dậy",
        "street": "Đỗ Văn Dậy",
        "zone": "Huyện Hóc Môn",
        "ward": "Xã Tân Hiệp",
        "all_routes": "122",
        "marker_color": "#4CAF50"
      }
    },
    {
      "type": "Feature",
      "geometry": {
        "type": "Point",
        "coordinates": [
          106.597397,
          10.893312
        ]
      },
      "properties": {
        "feature_type": "bus_stop",
        "stop_id": 1221,
        "stop_code": "HHM003",
        "stop_name": "Nhà trẻ Phước An",
        "stop_type": "Trụ dừng",
        "route_no": "122",
        "display_code": "B 122",
        "direction": "Lượt về",
        "address": "49/2 Trương Nữ Vương",
        "street": "Trương Nữ Vương",
        "zone": "Huyện Hóc Môn",
        "ward": "Thị trấn Hóc Môn",
        "all_routes": "122",
        "marker_color": "#4CAF50"
      }
    },
    {
      "type": "Feature",
      "geometry": {
        "type": "Point",
        "coordinates": [
          106.596512,
          10.890146
        ]
      },
      "properties": {
        "feature_type": "bus_stop",
        "stop_id": 1223,
        "stop_code": "HHM004",
        "stop_name": "Chợ Hóc Môn",
        "stop_type": "Trụ dừng",
        "route_no": "122",
        "display_code": "B 122",
        "direction": "Lượt về",
        "address": "29/2A Trương Nữ Vương",
        "street": "Trương Nữ Vương",
        "zone": "Huyện Hóc Môn",
        "ward": "Thị trấn Hóc Môn",
        "all_routes": "122",
        "marker_color": "#4CAF50"
      }
    },
    {
      "type": "Feature",
      "geometry": {
        "type": "Point",
        "coordinates": [
          106.598083,
          10.887649
        ]
      },
      "properties": {
        "feature_type": "bus_stop",
        "stop_id": 8127,
        "stop_code": "HHM TT 009",
        "stop_name": "Giao lộ Lê Thị Hà-Quang Trung",
        "stop_type": "Trạm tạm",
        "route_no": "122",
        "display_code": "B 122",
        "direction": "Lượt về",
        "address": "5/14 Lê Thị Hà",
        "street": "Lê Thị Hà",
        "zone": "Huyện Hóc Môn",
        "ward": "Xã Tân Xuân",
        "all_routes": "122, 85",
        "marker_color": "#4CAF50"
      }
    },
    {
      "type": "Feature",
      "geometry": {
        "type": "Point",
        "coordinates": [
          106.598679,
          10.882112
        ]
      },
      "properties": {
        "feature_type": "bus_stop",
        "stop_id": 8128,
        "stop_code": "HHM TT 007",
        "stop_name": "Ấp Đình",
        "stop_type": "Trạm tạm",
        "route_no": "122",
        "display_code": "B 122",
        "direction": "Lượt về",
        "address": "269 Lê Thị Hà",
        "street": "Lê Thị Hà",
        "zone": "Huyện Hóc Môn",
        "ward": "Xã Tân Xuân",
        "all_routes": "122, 85",
        "marker_color": "#4CAF50"
      }
    },
    {
      "type": "Feature",
      "geometry": {
        "type": "Point",
        "coordinates": [
          106.59928,
          10.87893
        ]
      },
      "properties": {
        "feature_type": "bus_stop",
        "stop_id": 8130,
        "stop_code": "HHM TT 005",
        "stop_name": "Đường Tân Xuân 1",
        "stop_type": "Trạm tạm",
        "route_no": "122",
        "display_code": "B 122",
        "direction": "Lượt về",
        "address": "1/101B Lê Thị Hà",
        "street": "Lê Thị Hà",
        "zone": "Huyện Hóc Môn",
        "ward": "Xã Tân Xuân",
        "all_routes": "122, 85",
        "marker_color": "#4CAF50"
      }
    },
    {
      "type": "Feature",
      "geometry": {
        "type": "Point",
        "coordinates": [
          106.598695,
          10.875538
        ]
      },
      "properties": {
        "feature_type": "bus_stop",
        "stop_id": 8132,
        "stop_code": "HHM TT 003",
        "stop_name": "Nguyễn Thị Ai",
        "stop_type": "Trạm tạm",
        "route_no": "122",
        "display_code": "B 122",
        "direction": "Lượt về",
        "address": "133 Lê Thị Hà",
        "street": "Lê Thị Hà",
        "zone": "Huyện Hóc Môn",
        "ward": "Xã Tân Xuân",
        "all_routes": "122, 85",
        "marker_color": "#4CAF50"
      }
    },
    {
      "type": "Feature",
      "geometry": {
        "type": "Point",
        "coordinates": [
          106.597155,
          10.871529
        ]
      },
      "properties": {
        "feature_type": "bus_stop",
        "stop_id": 8134,
        "stop_code": "HHM TT 001",
        "stop_name": "Quốc lộ 22",
        "stop_type": "Trạm tạm",
        "route_no": "122",
        "display_code": "B 122",
        "direction": "Lượt về",
        "address": "cạnh 47 Lê Thị Hà",
        "street": "Lê Thị Hà",
        "zone": "Huyện Hóc Môn",
        "ward": "Xã Tân Xuân",
        "all_routes": "122, 85",
        "marker_color": "#4CAF50"
      }
    },
    {
      "type": "Feature",
      "geometry": {
        "type": "Point",
        "coordinates": [
          106.596758,
          10.869954
        ]
      },
      "properties": {
        "feature_type": "bus_stop",
        "stop_id": 1231,
        "stop_code": "HHM 050",
        "stop_name": "Ngã 3 Bùi Môn",
        "stop_type": "Trụ dừng",
        "route_no": "122",
        "display_code": "B 122",
        "direction": "Lượt về",
        "address": "58/5 Quốc lộ 22",
        "street": "Quốc lộ 22",
        "zone": "Huyện Hóc Môn",
        "ward": "Xã Xuân Thới Đông",
        "all_routes": "122, 13, 62-5, 74, 85, 94",
        "marker_color": "#4CAF50"
      }
    },
    {
      "type": "Feature",
      "geometry": {
        "type": "Point",
        "coordinates": [
          106.598904,
          10.866919
        ]
      },
      "properties": {
        "feature_type": "bus_stop",
        "stop_id": 1235,
        "stop_code": "HHM 051",
        "stop_name": "Trường học Tân Xuân",
        "stop_type": "Trụ dừng",
        "route_no": "122",
        "display_code": "B 122",
        "direction": "Lượt về",
        "address": "1/4 Quốc lộ 22",
        "street": "Quốc lộ 22",
        "zone": "Huyện Hóc Môn",
        "ward": "Xã Tân Xuân",
        "all_routes": "122, 13, 62-5, 74, 85, 94",
        "marker_color": "#4CAF50"
      }
    },
    {
      "type": "Feature",
      "geometry": {
        "type": "Point",
        "coordinates": [
          106.601978,
          10.862546
        ]
      },
      "properties": {
        "feature_type": "bus_stop",
        "stop_id": 1233,
        "stop_code": "HHM 052",
        "stop_name": "Ngân Hàng Aribank",
        "stop_type": "Nhà chờ",
        "route_no": "122",
        "display_code": "B 122",
        "direction": "Lượt về",
        "address": "5/1 (gần đường Nguyễn Thị Sóc) Quốc lộ 22",
        "street": "Quốc lộ 22",
        "zone": "Huyện Hóc Môn",
        "ward": "Xã Trung Chánh",
        "all_routes": "122, 13, 62-5, 74, 85, 94",
        "marker_color": "#4CAF50"
      }
    },
    {
      "type": "Feature",
      "geometry": {
        "type": "Point",
        "coordinates": [
          106.603324,
          10.860602
        ]
      },
      "properties": {
        "feature_type": "bus_stop",
        "stop_id": 1234,
        "stop_code": "HHM 053",
        "stop_name": "Ngã 3 Củ Cải",
        "stop_type": "Nhà chờ",
        "route_no": "122",
        "display_code": "B 122",
        "direction": "Lượt về",
        "address": "43/1 (kế 33/5A), 7/2A Quốc lộ 22",
        "street": "Quốc lộ 22",
        "zone": "Huyện Hóc Môn",
        "ward": "Xã Xuân Thới Đông",
        "all_routes": "122, 13, 62-5, 71, 74, 85, 94",
        "marker_color": "#4CAF50"
      }
    },
    {
      "type": "Feature",
      "geometry": {
        "type": "Point",
        "coordinates": [
          106.606178,
          10.85662
        ]
      },
      "properties": {
        "feature_type": "bus_stop",
        "stop_id": 3635,
        "stop_code": "HHM 055",
        "stop_name": "Chùa Linh Sơn",
        "stop_type": "Trụ dừng",
        "route_no": "122",
        "display_code": "B 122",
        "direction": "Lượt về",
        "address": "G68A Quốc lộ 22",
        "street": "Quốc lộ 22",
        "zone": "Huyện Hóc Môn",
        "ward": null,
        "all_routes": "122, 13, 62-5, 71, 74, 85, 94",
        "marker_color": "#4CAF50"
      }
    },
    {
      "type": "Feature",
      "geometry": {
        "type": "Point",
        "coordinates": [
          106.608152,
          10.853595
        ]
      },
      "properties": {
        "feature_type": "bus_stop",
        "stop_id": 1393,
        "stop_code": "HHM 056",
        "stop_name": "Ngã tư Trung Chánh",
        "stop_type": "Nhà chờ",
        "route_no": "122",
        "display_code": "B 122",
        "direction": "Lượt về",
        "address": "30/10B (kế 30) Quốc lộ 22",
        "street": "Quốc lộ 22",
        "zone": "Huyện Hóc Môn",
        "ward": "Xã Trung Chánh",
        "all_routes": "122, 13, 145, 62-5, 71, 74, 85, 94",
        "marker_color": "#4CAF50"
      }
    },
    {
      "type": "Feature",
      "geometry": {
        "type": "Point",
        "coordinates": [
          106.610641,
          10.849713
        ]
      },
      "properties": {
        "feature_type": "bus_stop",
        "stop_id": 1238,
        "stop_code": "HHM 057",
        "stop_name": "Cư xá Bà Điểm",
        "stop_type": "Nhà chờ",
        "route_no": "122",
        "display_code": "B 122",
        "direction": "Lượt về",
        "address": "3A Quốc lộ 22",
        "street": "Quốc lộ 22",
        "zone": "Huyện Hóc Môn",
        "ward": "Xã Bà Điểm",
        "all_routes": "122, 13, 145, 62-5, 71, 74, 85, 94",
        "marker_color": "#4CAF50"
      }
    },
    {
      "type": "Feature",
      "geometry": {
        "type": "Point",
        "coordinates": [
          106.613522,
          10.845187
        ]
      },
      "properties": {
        "feature_type": "bus_stop",
        "stop_id": 1239,
        "stop_code": "HHM 058",
        "stop_name": "Bến xe An Sương",
        "stop_type": "Trụ dừng",
        "route_no": "122",
        "display_code": "B 122",
        "direction": "Lượt về",
        "address": "1B Quốc lộ 22",
        "street": "Quốc lộ 22",
        "zone": "Huyện Hóc Môn",
        "ward": "Xã Bà Điểm",
        "all_routes": "04, 104, 122, 13, 145, 151, 33, 41, 61-3, 62-5, 65, 71, 74, 85, 94",
        "marker_color": "#4CAF50"
      }
    }
  ]
}