{
  "type": "FeatureCollection",
  "properties": {
    "stt": 11,
    "route_no": "61-3",
    "display_code": "B 61-3",
    "route_name": "Thủ Dầu Một - Bến xe An Sương",
    "start_point": "Bến xe An Sương",
    "end_point": "Thủ Dầu Một",
    "listed_length_km": 34,
    "operating_hours": "6:00 - 16:30",
    "color": "#7CB342",
    "num_variants": 2,
    "total_stops": 113,
    "total_points": 980
  },
  "features": [
    {
      "type": "Feature",
      "geometry": {
        "type": "LineString",
        "coordinates": [
          [
            106.6685257,
            10.96564007
          ],
          [
            106.6686554,
            10.96559238
          ],
          [
            106.66883087,
            10.96605778
          ],
          [
            106.66901398,
            10.96652412
          ],
          [
            106.66901398,
            10.96652412
          ],
          [
            106.66941833,
            10.96749115
          ],
          [
            106.66983032,
            10.96845818
          ],
          [
            106.67023468,
            10.96942616
          ],
          [
            106.67063904,
            10.97039318
          ],
          [
            106.67063904,
            10.97039318
          ],
          [
            106.67102051,
            10.97147465
          ],
          [
            106.67146301,
            10.97255993
          ],
          [
            106.67220306,
            10.97215462
          ],
          [
            106.67285156,
            10.97182274
          ],
          [
            106.67280579,
            10.97177505
          ],
          [
            106.67280579,
            10.97177505
          ],
          [
            106.67284393,
            10.97184849
          ],
          [
            106.6738739,
            10.97134304
          ],
          [
            106.67498779,
            10.9708643
          ],
          [
            106.67601013,
            10.97028732
          ],
          [
            106.6770401,
            10.96971035
          ],
          [
            106.67698669,
            10.9696579
          ],
          [
            106.67698669,
            10.9696579
          ],
          [
            106.67703247,
            10.96971035
          ],
          [
            106.6783371,
            10.96897125
          ],
          [
            106.67964172,
            10.9682312
          ],
          [
            106.68096161,
            10.9674778
          ],
          [
            106.68239594,
            10.96677685
          ],
          [
            106.68382263,
            10.96607685
          ],
          [
            106.68527985,
            10.96538734
          ],
          [
            106.68670654,
            10.96471786
          ],
          [
            106.68817902,
            10.96404934
          ],
          [
            106.68814087,
            10.96397018
          ],
          [
            106.68814087,
            10.96397018
          ],
          [
            106.68814087,
            10.96397018
          ],
          [
            106.68817902,
            10.96402836
          ],
          [
            106.69004059,
            10.96315956
          ],
          [
            106.69190216,
            10.96228981
          ],
          [
            106.69187164,
            10.96223354
          ],
          [
            106.69187164,
            10.96223354
          ],
          [
            106.69187164,
            10.96223354
          ],
          [
            106.69187164,
            10.96223354
          ],
          [
            106.69190979,
            10.96228981
          ],
          [
            106.69289398,
            10.96182156
          ],
          [
            106.69387817,
            10.9613533
          ],
          [
            106.69487,
            10.96090221
          ],
          [
            106.69586182,
            10.96045208
          ],
          [
            106.69689178,
            10.95988846
          ],
          [
            106.69779205,
            10.95926762
          ],
          [
            106.69831848,
            10.95882988
          ],
          [
            106.69882202,
            10.95836639
          ],
          [
            106.69929504,
            10.95791149
          ],
          [
            106.69976807,
            10.95745564
          ],
          [
            106.69973755,
            10.95741081
          ],
          [
            106.69973755,
            10.95741081
          ],
          [
            106.69973755,
            10.95741081
          ],
          [
            106.69979095,
            10.95745564
          ],
          [
            106.70069122,
            10.95656013
          ],
          [
            106.70159149,
            10.95567036
          ],
          [
            106.70249176,
            10.95478821
          ],
          [
            106.70339966,
            10.95390606
          ],
          [
            106.70463562,
            10.95271587
          ],
          [
            106.7053833,
            10.95176792
          ],
          [
            106.70603943,
            10.95073509
          ],
          [
            106.70645905,
            10.9497242
          ],
          [
            106.70637512,
            10.94970322
          ],
          [
            106.70637512,
            10.94970322
          ],
          [
            106.70637512,
            10.94970322
          ],
          [
            106.70645905,
            10.94972897
          ],
          [
            106.70664215,
            10.94929218
          ],
          [
            106.70677948,
            10.94888687
          ],
          [
            106.70693207,
            10.94819641
          ],
          [
            106.70710754,
            10.94741154
          ],
          [
            106.70743561,
            10.94601631
          ],
          [
            106.7077713,
            10.94462872
          ],
          [
            106.70809937,
            10.94323635
          ],
          [
            106.70842743,
            10.94184494
          ],
          [
            106.70867157,
            10.94081783
          ],
          [
            106.70891571,
            10.93979073
          ],
          [
            106.70915221999999,
            10.93876362
          ],
          [
            106.70939636,
            10.93773651
          ],
          [
            106.70962524,
            10.93674946
          ],
          [
            106.7098465,
            10.93576145
          ],
          [
            106.7101059,
            10.93469524
          ],
          [
            106.71035767,
            10.93362808
          ],
          [
            106.71025085,
            10.9336071
          ],
          [
            106.71025085,
            10.9336071
          ],
          [
            106.71025085,
            10.9336071
          ],
          [
            106.71025085,
            10.9336071
          ],
          [
            106.7103653,
            10.9336338
          ],
          [
            106.71056366,
            10.93275928
          ],
          [
            106.71075439,
            10.93188477
          ],
          [
            106.7106781,
            10.93187428
          ],
          [
            106.7106781,
            10.93187428
          ],
          [
            106.7106781,
            10.93187428
          ],
          [
            106.71075439,
            10.93188
          ],
          [
            106.71113586,
            10.93027306
          ],
          [
            106.71157074,
            10.92868805
          ],
          [
            106.71201324,
            10.92709446
          ],
          [
            106.71246338,
            10.92550087
          ],
          [
            106.7129364,
            10.92393208
          ],
          [
            106.71311951,
            10.92313099
          ],
          [
            106.71328735,
            10.92233086
          ],
          [
            106.71343994,
            10.92107677
          ],
          [
            106.71339417,
            10.92004967
          ],
          [
            106.71334839,
            10.91902256
          ],
          [
            106.71321106,
            10.91902828
          ],
          [
            106.71321106,
            10.91902828
          ],
          [
            106.71321106,
            10.91902828
          ],
          [
            106.71336365,
            10.91902256
          ],
          [
            106.71331787,
            10.91816425
          ],
          [
            106.71327209,
            10.91730499
          ],
          [
            106.71322632,
            10.91644669
          ],
          [
            106.71318054,
            10.91558838
          ],
          [
            106.7131424,
            10.91473007
          ],
          [
            106.71308899,
            10.91385555
          ],
          [
            106.71304321,
            10.91299152
          ],
          [
            106.71299744,
            10.91212749
          ],
          [
            106.71294403,
            10.91127205
          ],
          [
            106.712883,
            10.91041565
          ],
          [
            106.71282196,
            10.90954685
          ],
          [
            106.71279907,
            10.90869331
          ],
          [
            106.71274567,
            10.90783596
          ],
          [
            106.71269226,
            10.90697861
          ],
          [
            106.71264648,
            10.90612125
          ],
          [
            106.71259308,
            10.9052639
          ],
          [
            106.71251678,
            10.90527534
          ],
          [
            106.71251678,
            10.90527534
          ],
          [
            106.71251678,
            10.90527534
          ],
          [
            106.71251678,
            10.90527534
          ],
          [
            106.71259308,
            10.90528011
          ],
          [
            106.71253204,
            10.90441132
          ],
          [
            106.71247101,
            10.90355778
          ],
          [
            106.71234894,
            10.90299416
          ],
          [
            106.71213531,
            10.90243053
          ],
          [
            106.71190643,
            10.90182972
          ],
          [
            106.71154785,
            10.90122414
          ],
          [
            106.71116638,
            10.90061283
          ],
          [
            106.71077728,
            10.89999676
          ],
          [
            106.71071625,
            10.90004444
          ],
          [
            106.71071625,
            10.90004444
          ],
          [
            106.71071625,
            10.90004444
          ],
          [
            106.71071625,
            10.90004444
          ],
          [
            106.71079254,
            10.89999104
          ],
          [
            106.71050262,
            10.89952278
          ],
          [
            106.71018982,
            10.89904785
          ],
          [
            106.70951843,
            10.89823151
          ],
          [
            106.70885468,
            10.89741516
          ],
          [
            106.70815277,
            10.89658833
          ],
          [
            106.7074585,
            10.89576626
          ],
          [
            106.70740509,
            10.8958168
          ],
          [
            106.70740509,
            10.8958168
          ],
          [
            106.70740509,
            10.8958168
          ],
          [
            106.70745087,
            10.89576149
          ],
          [
            106.70688629,
            10.89509201
          ],
          [
            106.70619965,
            10.89429188
          ],
          [
            106.70494843,
            10.89282227
          ],
          [
            106.70378113,
            10.89139462
          ],
          [
            106.70310211,
            10.89068317
          ],
          [
            106.70237732,
            10.89002228
          ],
          [
            106.70237732,
            10.89002228
          ],
          [
            106.70114136,
            10.88868618
          ],
          [
            106.70072174,
            10.88828087
          ],
          [
            106.70030975,
            10.88779068
          ],
          [
            106.6999054,
            10.88725948
          ],
          [
            106.69974518,
            10.88704872
          ],
          [
            106.69960022,
            10.88685322
          ],
          [
            106.69948578,
            10.88646889
          ],
          [
            106.69947815,
            10.88623714
          ],
          [
            106.6989975,
            10.88524151
          ],
          [
            106.69889832,
            10.88529396
          ],
          [
            106.69889832,
            10.88529396
          ],
          [
            106.69898987,
            10.88527298
          ],
          [
            106.69869232,
            10.88465691
          ],
          [
            106.69844818,
            10.88411427
          ],
          [
            106.69822693,
            10.88349819
          ],
          [
            106.69810486,
            10.88285542
          ],
          [
            106.69817352,
            10.88219166
          ],
          [
            106.69824982,
            10.88179588
          ],
          [
            106.69843292,
            10.88109016
          ],
          [
            106.69869995,
            10.88037872
          ],
          [
            106.6986084,
            10.88035297
          ],
          [
            106.6986084,
            10.88035297
          ],
          [
            106.69872284,
            10.88039494
          ],
          [
            106.69895935,
            10.87971497
          ],
          [
            106.6993103,
            10.87867737
          ],
          [
            106.69960785,
            10.87789822
          ],
          [
            106.69989014,
            10.87713909
          ],
          [
            106.70026398,
            10.87638569
          ],
          [
            106.70066071,
            10.87571716
          ],
          [
            106.70136261,
            10.87482166
          ],
          [
            106.7020874,
            10.87393093
          ],
          [
            106.70201111,
            10.87390232
          ],
          [
            106.70201111,
            10.87390232
          ],
          [
            106.70207214,
            10.87393665
          ],
          [
            106.70248413,
            10.87349415
          ],
          [
            106.70304871,
            10.87277699
          ],
          [
            106.70355988,
            10.87220287
          ],
          [
            106.70423889,
            10.87158108
          ],
          [
            106.70471191,
            10.8712492
          ],
          [
            106.70516205,
            10.87106514
          ],
          [
            106.70692444,
            10.87067509
          ],
          [
            106.70690155,
            10.87059593
          ],
          [
            106.70690155,
            10.87059593
          ],
          [
            106.70690155,
            10.8706646
          ],
          [
            106.70708466,
            10.87063313
          ],
          [
            106.70835114,
            10.87039089
          ],
          [
            106.70964813,
            10.87018585
          ],
          [
            106.71120453,
            10.86998558
          ],
          [
            106.71198273,
            10.86986923
          ],
          [
            106.71272278,
            10.86965847
          ],
          [
            106.71406555,
            10.86913681
          ],
          [
            106.71537781,
            10.86857319
          ],
          [
            106.71681213,
            10.86798859
          ],
          [
            106.71717834,
            10.86790466
          ],
          [
            106.7175293,
            10.86788368
          ],
          [
            106.71825409,
            10.86786461
          ],
          [
            106.71825409,
            10.86786461
          ],
          [
            106.71825409,
            10.86786461
          ],
          [
            106.71941376,
            10.86788177
          ],
          [
            106.72058105,
            10.86789894
          ],
          [
            106.72129059,
            10.86781502
          ],
          [
            106.72193909,
            10.86757755
          ],
          [
            106.72261047,
            10.86710358
          ],
          [
            106.72257996,
            10.86706543
          ],
          [
            106.72257996,
            10.86706543
          ],
          [
            106.72257996,
            10.86706543
          ],
          [
            106.72290039,
            10.86680984
          ],
          [
            106.72315979,
            10.86645031
          ],
          [
            106.72353363,
            10.86579037
          ],
          [
            106.72358704,
            10.8655901
          ],
          [
            106.72355652,
            10.86544991
          ],
          [
            106.72354889,
            10.86542034
          ],
          [
            106.72344971,
            10.86530018
          ],
          [
            106.72315979,
            10.86513042
          ],
          [
            106.72203064,
            10.86455917
          ],
          [
            106.72090912,
            10.86398983
          ],
          [
            106.72039795,
            10.86372089
          ],
          [
            106.71989441,
            10.863451
          ],
          [
            106.71989441,
            10.863451
          ],
          [
            106.71989441,
            10.863451
          ],
          [
            106.71989441,
            10.863451
          ],
          [
            106.71989441,
            10.863451
          ],
          [
            106.71841431,
            10.86265087
          ],
          [
            106.71694183,
            10.86185074
          ],
          [
            106.71502686,
            10.86087608
          ],
          [
            106.71311951,
            10.85990143
          ],
          [
            106.71309662,
            10.85997009
          ],
          [
            106.71309662,
            10.85997009
          ],
          [
            106.71309662,
            10.85997009
          ],
          [
            106.71309662,
            10.85997009
          ],
          [
            106.7131424,
            10.85988045
          ],
          [
            106.71234131,
            10.85947037
          ],
          [
            106.71154022,
            10.85908985
          ],
          [
            106.71115875,
            10.85896969
          ],
          [
            106.71031189,
            10.85883713
          ],
          [
            106.70943451,
            10.85883713
          ],
          [
            106.7077179,
            10.85905361
          ],
          [
            106.70772552,
            10.85914803
          ],
          [
            106.70772552,
            10.85914803
          ],
          [
            106.70772552,
            10.85914803
          ],
          [
            106.70772552,
            10.85914803
          ],
          [
            106.70770264,
            10.85905361
          ],
          [
            106.70631409,
            10.85923004
          ],
          [
            106.70493317,
            10.85940647
          ],
          [
            106.70494843,
            10.85949612
          ],
          [
            106.70494843,
            10.85949612
          ],
          [
            106.70494843,
            10.85949612
          ],
          [
            106.70494843,
            10.85949612
          ],
          [
            106.70494843,
            10.85949612
          ],
          [
            106.7049408,
            10.85940647
          ],
          [
            106.7029953,
            10.85965443
          ],
          [
            106.7010498,
            10.85990715
          ],
          [
            106.70108795,
            10.86000729
          ],
          [
            106.70108795,
            10.86000729
          ],
          [
            106.70108795,
            10.86000729
          ],
          [
            106.70108795,
            10.86000729
          ],
          [
            106.70108795,
            10.86000729
          ],
          [
            106.70105743,
            10.85989094
          ],
          [
            106.69965363,
            10.86005974
          ],
          [
            106.69824219,
            10.86022854
          ],
          [
            106.69683838,
            10.86039639
          ],
          [
            106.69543457,
            10.86056519
          ],
          [
            106.69544983,
            10.86065006
          ],
          [
            106.69544983,
            10.86065006
          ],
          [
            106.69544983,
            10.86065006
          ],
          [
            106.69544983,
            10.86065006
          ],
          [
            106.6954422,
            10.86056042
          ],
          [
            106.69384003,
            10.86068439
          ],
          [
            106.69223785,
            10.86080837
          ],
          [
            106.69223785,
            10.86087608
          ],
          [
            106.69223785,
            10.86087608
          ],
          [
            106.69223785,
            10.86079693
          ],
          [
            106.69082642,
            10.86088181
          ],
          [
            106.68941498,
            10.86096573
          ],
          [
            106.68941498,
            10.86104012
          ],
          [
            106.68941498,
            10.86104012
          ],
          [
            106.68941498,
            10.86104012
          ],
          [
            106.68941498,
            10.86104012
          ],
          [
            106.68942261,
            10.86098194
          ],
          [
            106.68836212,
            10.86104774
          ],
          [
            106.68730164,
            10.86111355
          ],
          [
            106.68623352,
            10.86117935
          ],
          [
            106.68517303,
            10.86124516
          ],
          [
            106.68517303,
            10.86132431
          ],
          [
            106.68517303,
            10.86132431
          ],
          [
            106.68517303,
            10.86132431
          ],
          [
            106.68517303,
            10.86132431
          ],
          [
            106.68517303,
            10.86132431
          ],
          [
            106.68515015,
            10.86124039
          ],
          [
            106.68373108,
            10.86133003
          ],
          [
            106.68230438,
            10.86141872
          ],
          [
            106.68231964,
            10.86150265
          ],
          [
            106.68231964,
            10.86150265
          ],
          [
            106.68231964,
            10.86150265
          ],
          [
            106.68231964,
            10.86150265
          ],
          [
            106.68231964,
            10.86150265
          ],
          [
            106.68231201,
            10.86140347
          ],
          [
            106.6802063,
            10.86156654
          ],
          [
            106.67933655,
            10.8616457
          ],
          [
            106.67935181,
            10.86172485
          ],
          [
            106.67935181,
            10.86172485
          ],
          [
            106.67936707,
            10.86163998
          ],
          [
            106.67700195,
            10.8618145
          ],
          [
            106.67456055,
            10.86190891
          ],
          [
            106.67456055,
            10.86196709
          ],
          [
            106.67456055,
            10.86196709
          ],
          [
            106.67456055,
            10.86196709
          ],
          [
            106.67456055,
            10.86196709
          ],
          [
            106.67456055,
            10.86186695
          ],
          [
            106.67390442,
            10.86185837
          ],
          [
            106.67324829,
            10.86184883
          ],
          [
            106.67259216,
            10.86183929
          ],
          [
            106.67193604,
            10.86182976
          ],
          [
            106.67193604,
            10.86190414
          ],
          [
            106.67193604,
            10.86190414
          ],
          [
            106.67193604,
            10.86190414
          ],
          [
            106.67193604,
            10.86190414
          ],
          [
            106.67193604,
            10.86190414
          ],
          [
            106.67193604,
            10.86190414
          ],
          [
            106.67193604,
            10.86190414
          ],
          [
            106.67194366,
            10.86180878
          ],
          [
            106.66970062,
            10.86178017
          ],
          [
            106.66745758,
            10.8617506
          ],
          [
            106.66745758,
            10.86187744
          ],
          [
            106.66745758,
            10.86187744
          ],
          [
            106.66745758,
            10.86187744
          ],
          [
            106.66745758,
            10.86187744
          ],
          [
            106.66745758,
            10.86187744
          ],
          [
            106.66745758,
            10.86187744
          ],
          [
            106.66745758,
            10.86187744
          ],
          [
            106.66746521,
            10.86177731
          ],
          [
            106.66594696,
            10.86176395
          ],
          [
            106.66442871,
            10.8617506
          ],
          [
            106.66291046,
            10.86172199
          ],
          [
            106.66139221,
            10.86169338
          ],
          [
            106.66139221,
            10.86181927
          ],
          [
            106.66139221,
            10.86181927
          ],
          [
            106.66139221,
            10.86181927
          ],
          [
            106.66139221,
            10.86181927
          ],
          [
            106.66139221,
            10.86181927
          ],
          [
            106.66139221,
            10.86181927
          ],
          [
            106.66139221,
            10.86181927
          ],
          [
            106.66139221,
            10.86181927
          ],
          [
            106.66139221,
            10.86169338
          ],
          [
            106.66033936,
            10.86173534
          ],
          [
            106.65927887,
            10.86177731
          ],
          [
            106.65822601,
            10.86181927
          ],
          [
            106.65716553,
            10.86186123
          ],
          [
            106.65718079,
            10.86198807
          ],
          [
            106.65718079,
            10.86198807
          ],
          [
            106.65718079,
            10.86198807
          ],
          [
            106.65718079,
            10.86198807
          ],
          [
            106.65718079,
            10.86198807
          ],
          [
            106.65718079,
            10.86198807
          ],
          [
            106.65718079,
            10.86198807
          ],
          [
            106.65718842,
            10.86187744
          ],
          [
            106.65625,
            10.8619194
          ],
          [
            106.65530396,
            10.86196232
          ],
          [
            106.65436554,
            10.86200428
          ],
          [
            106.65341949,
            10.86204624
          ],
          [
            106.65342712,
            10.86211395
          ],
          [
            106.65342712,
            10.86211395
          ],
          [
            106.65342712,
            10.86211395
          ],
          [
            106.65342712,
            10.86211395
          ],
          [
            106.65342712,
            10.86211395
          ],
          [
            106.65342712,
            10.86204624
          ],
          [
            106.65267944,
            10.86205959
          ],
          [
            106.65244293,
            10.86209965
          ],
          [
            106.65189362,
            10.86211967
          ],
          [
            106.65074921,
            10.86218834
          ],
          [
            106.65075684,
            10.86227322
          ],
          [
            106.65075684,
            10.86227322
          ],
          [
            106.65075684,
            10.86227322
          ],
          [
            106.65075684,
            10.86227322
          ],
          [
            106.65075684,
            10.86217976
          ],
          [
            106.65035248,
            10.86217976
          ],
          [
            106.64987183,
            10.86213017
          ],
          [
            106.64955902,
            10.86207008
          ],
          [
            106.64903259,
            10.86190033
          ],
          [
            106.64859009,
            10.86170006
          ],
          [
            106.64853668,
            10.86176682
          ],
          [
            106.64853668,
            10.86176682
          ],
          [
            106.64853668,
            10.86176682
          ],
          [
            106.64853668,
            10.86176682
          ],
          [
            106.64853668,
            10.86176682
          ],
          [
            106.64859009,
            10.86170387
          ],
          [
            106.64789581,
            10.86130333
          ],
          [
            106.64719391,
            10.86093426
          ],
          [
            106.64648438,
            10.8605423
          ],
          [
            106.64575958,
            10.86015987
          ],
          [
            106.64568329,
            10.86030197
          ],
          [
            106.64568329,
            10.86030197
          ],
          [
            106.64568329,
            10.86030197
          ],
          [
            106.64568329,
            10.86030197
          ],
          [
            106.64568329,
            10.86030197
          ],
          [
            106.64568329,
            10.86030197
          ],
          [
            106.64568329,
            10.86030197
          ],
          [
            106.64576721,
            10.86015511
          ],
          [
            106.64382935,
            10.85907459
          ],
          [
            106.64100647,
            10.8575201
          ],
          [
            106.64091492,
            10.85766792
          ],
          [
            106.64091492,
            10.85766792
          ],
          [
            106.64091492,
            10.85766792
          ],
          [
            106.64091492,
            10.85766792
          ],
          [
            106.64091492,
            10.85766792
          ],
          [
            106.64091492,
            10.85766792
          ],
          [
            106.64091492,
            10.85766792
          ],
          [
            106.64099121,
            10.85755253
          ],
          [
            106.63964081,
            10.85681152
          ],
          [
            106.63829803,
            10.85607147
          ],
          [
            106.63816833,
            10.85625553
          ],
          [
            106.63816833,
            10.85625553
          ],
          [
            106.63816833,
            10.85625553
          ],
          [
            106.63816833,
            10.85625553
          ],
          [
            106.63816833,
            10.85625553
          ],
          [
            106.63831329,
            10.8560667
          ],
          [
            106.63687134,
            10.8552866
          ],
          [
            106.63542938,
            10.85450649
          ],
          [
            106.63398743,
            10.85371399
          ],
          [
            106.63254547,
            10.85292149
          ],
          [
            106.63246918,
            10.85304832
          ],
          [
            106.63246918,
            10.85304832
          ],
          [
            106.63246918,
            10.85304832
          ],
          [
            106.63246918,
            10.85304832
          ],
          [
            106.63246918,
            10.85304832
          ],
          [
            106.63253784,
            10.85294724
          ],
          [
            106.6309967,
            10.8521204
          ],
          [
            106.63093567,
            10.85224247
          ],
          [
            106.63093567,
            10.85224247
          ],
          [
            106.63093567,
            10.85224247
          ],
          [
            106.63093567,
            10.85224247
          ],
          [
            106.63093567,
            10.85224247
          ],
          [
            106.63101196,
            10.85211468
          ],
          [
            106.62950134,
            10.85138035
          ],
          [
            106.62734985,
            10.85037041
          ],
          [
            106.62438202,
            10.84899044
          ],
          [
            106.6243515,
            10.8490696
          ],
          [
            106.6243515,
            10.8490696
          ],
          [
            106.6243515,
            10.8490696
          ],
          [
            106.62437439,
            10.84899044
          ],
          [
            106.62271881,
            10.84822178
          ],
          [
            106.62108612,
            10.84745216
          ],
          [
            106.6210556,
            10.84749985
          ],
          [
            106.6210556,
            10.84749985
          ],
          [
            106.6210556,
            10.84749985
          ],
          [
            106.62107849,
            10.84745216
          ],
          [
            106.61991119,
            10.84677792
          ],
          [
            106.61933899,
            10.8463459
          ],
          [
            106.61880493,
            10.84588718
          ],
          [
            106.61875916,
            10.84593487
          ],
          [
            106.61875916,
            10.84593487
          ],
          [
            106.61875916,
            10.84593487
          ],
          [
            106.61875916,
            10.84593487
          ],
          [
            106.61880493,
            10.84589863
          ],
          [
            106.61756897,
            10.84479713
          ],
          [
            106.61722565,
            10.84459114
          ],
          [
            106.61611176,
            10.84359074
          ],
          [
            106.61608124,
            10.84362316
          ],
          [
            106.61608124,
            10.84362316
          ],
          [
            106.61608124,
            10.84362316
          ],
          [
            106.61608124,
            10.84362316
          ],
          [
            106.61608124,
            10.84362316
          ],
          [
            106.61612701,
            10.8435955
          ],
          [
            106.61579895,
            10.84337997
          ],
          [
            106.61538696,
            10.84325886
          ],
          [
            106.61505127,
            10.84341621
          ],
          [
            106.61415863,
            10.84463406
          ],
          [
            106.61347198,
            10.84577656
          ],
          [
            106.61351776,
            10.84580326
          ],
          [
            106.61351776,
            10.84580326
          ],
          [
            106.61351776,
            10.84580326
          ],
          [
            106.61351776,
            10.84580326
          ],
          [
            106.61343384,
            10.8457613
          ],
          [
            106.61292267,
            10.84655094
          ],
          [
            106.61248016,
            10.8472681
          ],
          [
            106.61235809,
            10.84719372
          ],
          [
            106.61273193,
            10.84657288
          ],
          [
            106.61313629,
            10.84595203
          ],
          [
            106.61356354,
            10.84520817
          ],
          [
            106.61352539,
            10.84518719
          ],
          [
            106.61352539,
            10.84518719
          ],
          [
            106.61352539,
            10.84518719
          ],
          [
            106.61352539,
            10.84518719
          ],
          [
            106.61352539,
            10.84518719
          ],
          [
            106.61352539,
            10.84518719
          ],
          [
            106.61358643,
            10.84522343
          ],
          [
            106.61406708,
            10.84443855
          ],
          [
            106.61330414,
            10.84384346
          ],
          [
            106.6133728,
            10.8437376
          ]
        ]
      },
      "properties": {
        "feature_type": "route_path",
        "stt": 11,
        "route_id": 86,
        "route_no": "61-3",
        "display_code": "B 61-3",
        "route_name": "Thủ Dầu Một - Bến xe An Sương",
        "direction": "Lượt đi",
        "outbound": true,
        "start_point": "Bến xe An Sương",
        "end_point": "Thủ Dầu Một",
        "start_stop": "Bến xe khách Bình Dương",
        "end_stop": "Bến xe An Sương",
        "distance_km": 31.98,
        "listed_length_km": 34,
        "running_time_min": 75,
        "operating_hours": "6:00 - 16:30",
        "stroke": "#7CB342",
        "stroke_width": 4,
        "stroke_opacity": 0.85
      }
    },
    {
      "type": "Feature",
      "geometry": {
        "type": "LineString",
        "coordinates": [
          [
            106.6133728,
            10.8437376
          ],
          [
            106.61352539,
            10.84354877
          ],
          [
            106.6136322,
            10.84366417
          ],
          [
            106.6135788,
            10.84382725
          ],
          [
            106.61361694,
            10.84400177
          ],
          [
            106.61398315,
            10.84427547
          ],
          [
            106.61449432,
            10.84352493
          ],
          [
            106.61500549,
            10.84277344
          ],
          [
            106.61505127,
            10.84249496
          ],
          [
            106.61531067,
            10.84233665
          ],
          [
            106.61556244,
            10.84245205
          ],
          [
            106.61565399,
            10.84259987
          ],
          [
            106.61565399,
            10.84276867
          ],
          [
            106.61669922,
            10.84370613
          ],
          [
            106.61773682,
            10.84464931
          ],
          [
            106.61780548,
            10.84461784
          ],
          [
            106.61780548,
            10.84461784
          ],
          [
            106.61780548,
            10.84461784
          ],
          [
            106.61773682,
            10.84469128
          ],
          [
            106.61867523,
            10.84554482
          ],
          [
            106.61962128,
            10.84629822
          ],
          [
            106.62044525,
            10.84692574
          ],
          [
            106.62147522,
            10.84745216
          ],
          [
            106.62150574,
            10.84741783
          ],
          [
            106.62150574,
            10.84741783
          ],
          [
            106.62150574,
            10.84741783
          ],
          [
            106.62149048,
            10.84746838
          ],
          [
            106.62316895,
            10.84826946
          ],
          [
            106.62482452,
            10.84902287
          ],
          [
            106.62490082,
            10.84890079
          ],
          [
            106.62490082,
            10.84890079
          ],
          [
            106.62484741,
            10.84902763
          ],
          [
            106.62615967,
            10.84963894
          ],
          [
            106.62747192,
            10.85025024
          ],
          [
            106.62757111,
            10.85007095
          ],
          [
            106.62757111,
            10.85007095
          ],
          [
            106.62757111,
            10.85007095
          ],
          [
            106.62757111,
            10.85007095
          ],
          [
            106.62757111,
            10.85007095
          ],
          [
            106.62749481,
            10.85024452
          ],
          [
            106.62870026,
            10.85081768
          ],
          [
            106.62992859,
            10.85140419
          ],
          [
            106.63111115,
            10.85201645
          ],
          [
            106.63230896,
            10.85262585
          ],
          [
            106.63234711,
            10.85258293
          ],
          [
            106.63234711,
            10.85258293
          ],
          [
            106.63234711,
            10.85258293
          ],
          [
            106.63234711,
            10.85258293
          ],
          [
            106.63234711,
            10.85258293
          ],
          [
            106.63233185,
            10.85264206
          ],
          [
            106.6346283,
            10.85387516
          ],
          [
            106.6346817,
            10.85380554
          ],
          [
            106.6346817,
            10.85380554
          ],
          [
            106.6346817,
            10.85380554
          ],
          [
            106.63462067,
            10.85388565
          ],
          [
            106.63593292,
            10.85459995
          ],
          [
            106.63724518,
            10.8553133
          ],
          [
            106.63852692,
            10.85600853
          ],
          [
            106.63980865,
            10.85670376
          ],
          [
            106.63983154,
            10.85666656
          ],
          [
            106.63983154,
            10.85666656
          ],
          [
            106.63983154,
            10.85666656
          ],
          [
            106.63980103,
            10.85671997
          ],
          [
            106.64185333,
            10.85785007
          ],
          [
            106.64417267,
            10.85910034
          ],
          [
            106.6442337,
            10.85895348
          ],
          [
            106.6442337,
            10.85895348
          ],
          [
            106.64417267,
            10.85908508
          ],
          [
            106.64594269,
            10.86004448
          ],
          [
            106.64775085,
            10.86104488
          ],
          [
            106.64778137,
            10.86096954
          ],
          [
            106.64777374,
            10.86102962
          ],
          [
            106.64784241,
            10.86104965
          ],
          [
            106.64851379,
            10.86139965
          ],
          [
            106.64910889,
            10.86168957
          ],
          [
            106.64945984,
            10.86180019
          ],
          [
            106.64978027,
            10.86188984
          ],
          [
            106.65019226,
            10.86194992
          ],
          [
            106.6506424,
            10.86196041
          ],
          [
            106.65119934,
            10.86194038
          ],
          [
            106.65119934,
            10.86188126
          ],
          [
            106.65118408,
            10.86194038
          ],
          [
            106.65213776,
            10.86188793
          ],
          [
            106.6526413,
            10.86190414
          ],
          [
            106.6533432,
            10.86188793
          ],
          [
            106.6540451,
            10.86187172
          ],
          [
            106.65405273,
            10.86180782
          ],
          [
            106.65406036,
            10.86186028
          ],
          [
            106.65550995,
            10.8617897
          ],
          [
            106.65712738,
            10.86172009
          ],
          [
            106.65712738,
            10.86165142
          ],
          [
            106.65712738,
            10.86165142
          ],
          [
            106.65712738,
            10.86165142
          ],
          [
            106.65712738,
            10.86165142
          ],
          [
            106.65712738,
            10.86172009
          ],
          [
            106.65968323,
            10.8616066
          ],
          [
            106.66223907,
            10.86149311
          ],
          [
            106.6622467,
            10.8613348
          ],
          [
            106.6622467,
            10.8613348
          ],
          [
            106.6622467,
            10.8613348
          ],
          [
            106.6622467,
            10.8613348
          ],
          [
            106.6622467,
            10.8613348
          ],
          [
            106.66223907,
            10.86149311
          ],
          [
            106.66435242,
            10.86153221
          ],
          [
            106.66645813,
            10.86157227
          ],
          [
            106.66645813,
            10.86150265
          ],
          [
            106.66645813,
            10.86150265
          ],
          [
            106.66644287,
            10.86163998
          ],
          [
            106.66763306,
            10.861619
          ],
          [
            106.67015076,
            10.86163998
          ],
          [
            106.67188263,
            10.86166954
          ],
          [
            106.67188263,
            10.86157703
          ],
          [
            106.67188263,
            10.86157703
          ],
          [
            106.67188263,
            10.86157703
          ],
          [
            106.67188263,
            10.86157703
          ],
          [
            106.67189789,
            10.8616724
          ],
          [
            106.673172,
            10.86169052
          ],
          [
            106.67445374,
            10.86170864
          ],
          [
            106.67444611,
            10.861619
          ],
          [
            106.67444611,
            10.861619
          ],
          [
            106.67444611,
            10.861619
          ],
          [
            106.67444611,
            10.861619
          ],
          [
            106.67444611,
            10.861619
          ],
          [
            106.67444611,
            10.86169338
          ],
          [
            106.675354,
            10.86165905
          ],
          [
            106.6762619,
            10.86162472
          ],
          [
            106.6771698,
            10.86157703
          ],
          [
            106.6780777,
            10.86152935
          ],
          [
            106.6780777,
            10.86147213
          ],
          [
            106.6780777,
            10.86147213
          ],
          [
            106.6780777,
            10.86147213
          ],
          [
            106.6780777,
            10.86155033
          ],
          [
            106.68005371,
            10.86143494
          ],
          [
            106.68200684,
            10.86127186
          ],
          [
            106.68200684,
            10.86117077
          ],
          [
            106.68200684,
            10.86117077
          ],
          [
            106.68200684,
            10.86117077
          ],
          [
            106.68199921,
            10.86127663
          ],
          [
            106.68382263,
            10.86116886
          ],
          [
            106.68564606,
            10.8610611
          ],
          [
            106.6866684,
            10.86099243
          ],
          [
            106.68665314,
            10.86089706
          ],
          [
            106.68665314,
            10.86089706
          ],
          [
            106.68667603,
            10.86098671
          ],
          [
            106.68792725,
            10.860919
          ],
          [
            106.68917084,
            10.86085033
          ],
          [
            106.68917847,
            10.8607502
          ],
          [
            106.68917847,
            10.8607502
          ],
          [
            106.68917847,
            10.8607502
          ],
          [
            106.68917847,
            10.86081028
          ],
          [
            106.69232941,
            10.86060238
          ],
          [
            106.69232941,
            10.86038589
          ],
          [
            106.69232941,
            10.86038589
          ],
          [
            106.69233704,
            10.86059189
          ],
          [
            106.69449615,
            10.86046028
          ],
          [
            106.69451141,
            10.86036491
          ],
          [
            106.69451141,
            10.86036491
          ],
          [
            106.69451141,
            10.86036491
          ],
          [
            106.69450378,
            10.86046505
          ],
          [
            106.69556427,
            10.86038685
          ],
          [
            106.69665527,
            10.86029148
          ],
          [
            106.69867706,
            10.8600359
          ],
          [
            106.70069885,
            10.85978031
          ],
          [
            106.70069885,
            10.85967541
          ],
          [
            106.70069885,
            10.85967541
          ],
          [
            106.70069885,
            10.85967541
          ],
          [
            106.70071411,
            10.85977554
          ],
          [
            106.7033844,
            10.85944366
          ],
          [
            106.70604706,
            10.85911179
          ],
          [
            106.70604706,
            10.85901737
          ],
          [
            106.70604706,
            10.85901737
          ],
          [
            106.70604706,
            10.85901737
          ],
          [
            106.70606232,
            10.85909081
          ],
          [
            106.70748138,
            10.85891151
          ],
          [
            106.70890045,
            10.85873222
          ],
          [
            106.70891571,
            10.85861588
          ],
          [
            106.70891571,
            10.85861588
          ],
          [
            106.70891571,
            10.85861588
          ],
          [
            106.70891571,
            10.85861588
          ],
          [
            106.70908356,
            10.85873032
          ],
          [
            106.70955658,
            10.85861969
          ],
          [
            106.70992279,
            10.85857964
          ],
          [
            106.7104187,
            10.8585701
          ],
          [
            106.71083069,
            10.85861969
          ],
          [
            106.71150208,
            10.85875988
          ],
          [
            106.7122345,
            10.85908031
          ],
          [
            106.71299744,
            10.85949612
          ],
          [
            106.71346283,
            10.85972309
          ],
          [
            106.71350098,
            10.85965919
          ],
          [
            106.71350098,
            10.85965919
          ],
          [
            106.71350098,
            10.85965919
          ],
          [
            106.71344757,
            10.85976505
          ],
          [
            106.71459961,
            10.86034966
          ],
          [
            106.71668243,
            10.86146164
          ],
          [
            106.71798706,
            10.86211491
          ],
          [
            106.71958923,
            10.86291981
          ],
          [
            106.72042847,
            10.8633604
          ],
          [
            106.72045135,
            10.86331463
          ],
          [
            106.72045135,
            10.86331463
          ],
          [
            106.72042847,
            10.8633604
          ],
          [
            106.72113037,
            10.86373997
          ],
          [
            106.72338104,
            10.86483002
          ],
          [
            106.72367859,
            10.86493969
          ],
          [
            106.72384644,
            10.86493015
          ],
          [
            106.72399139,
            10.86491966
          ],
          [
            106.72412872,
            10.86499977
          ],
          [
            106.72418213,
            10.86509991
          ],
          [
            106.72419739,
            10.86526012
          ],
          [
            106.72412872,
            10.86542988
          ],
          [
            106.72402954,
            10.86555958
          ],
          [
            106.72399139,
            10.86561012
          ],
          [
            106.72386932,
            10.86563969
          ],
          [
            106.72371674,
            10.86573029
          ],
          [
            106.72363281,
            10.86583996
          ],
          [
            106.72353363,
            10.8660202
          ],
          [
            106.72312164,
            10.86664009
          ],
          [
            106.72312164,
            10.86664009
          ],
          [
            106.72286224,
            10.8669796
          ],
          [
            106.72264099,
            10.8671999
          ],
          [
            106.72225189,
            10.86750031
          ],
          [
            106.72155762,
            10.86781979
          ],
          [
            106.72135925,
            10.86789036
          ],
          [
            106.72109222,
            10.86795044
          ],
          [
            106.72090149,
            10.86798954
          ],
          [
            106.72036743,
            10.86800957
          ],
          [
            106.7190094,
            10.86800003
          ],
          [
            106.71843719,
            10.86798
          ],
          [
            106.71795654,
            10.86800957
          ],
          [
            106.71796417,
            10.86803341
          ],
          [
            106.71796417,
            10.86803341
          ],
          [
            106.71715546,
            10.868083
          ],
          [
            106.71398163,
            10.86924744
          ],
          [
            106.71356201,
            10.86950016
          ],
          [
            106.71305084,
            10.86972141
          ],
          [
            106.71240997,
            10.86991692
          ],
          [
            106.71170807,
            10.8700695
          ],
          [
            106.71097565,
            10.87015915
          ],
          [
            106.71017456,
            10.87024879
          ],
          [
            106.70941162,
            10.87032795
          ],
          [
            106.70869446,
            10.87044334
          ],
          [
            106.70748138,
            10.87070656
          ],
          [
            106.70709229,
            10.87079144
          ],
          [
            106.70705414,
            10.87047958
          ],
          [
            106.70705414,
            10.87047958
          ],
          [
            106.70705414,
            10.87047958
          ],
          [
            106.70711517,
            10.87078571
          ],
          [
            106.70609283,
            10.87099648
          ],
          [
            106.70507813,
            10.87120724
          ],
          [
            106.70452881,
            10.87151814
          ],
          [
            106.70371246,
            10.87221336
          ],
          [
            106.70279694,
            10.87327766
          ],
          [
            106.70191956,
            10.87431526
          ],
          [
            106.70196533,
            10.87435436
          ],
          [
            106.70196533,
            10.87435436
          ],
          [
            106.70192719,
            10.87431526
          ],
          [
            106.70124054,
            10.87516403
          ],
          [
            106.70059967,
            10.87601757
          ],
          [
            106.70009613,
            10.8769598
          ],
          [
            106.69962311,
            10.87820339
          ],
          [
            106.69919586,
            10.87946224
          ],
          [
            106.69919586,
            10.87946224
          ],
          [
            106.69874573,
            10.88065338
          ],
          [
            106.69835663,
            10.88184929
          ],
          [
            106.69824982,
            10.88273907
          ],
          [
            106.69841003,
            10.88366604
          ],
          [
            106.69856262,
            10.88408756
          ],
          [
            106.69875336,
            10.88448811
          ],
          [
            106.69879913,
            10.88446999
          ],
          [
            106.69879913,
            10.88446999
          ],
          [
            106.69906616,
            10.8850832
          ],
          [
            106.69937134,
            10.88575745
          ],
          [
            106.69963074,
            10.88627434
          ],
          [
            106.69966888,
            10.88659573
          ],
          [
            106.69994354,
            10.88708019
          ],
          [
            106.70046997,
            10.88774395
          ],
          [
            106.70101929,
            10.888381
          ],
          [
            106.70211792,
            10.88953972
          ],
          [
            106.70219421,
            10.88950539
          ],
          [
            106.70219421,
            10.88950539
          ],
          [
            106.70214081,
            10.88956642
          ],
          [
            106.70307159,
            10.89049339
          ],
          [
            106.70350647,
            10.8909359
          ],
          [
            106.70391846,
            10.8913784
          ],
          [
            106.70455933,
            10.89212608
          ],
          [
            106.70568848,
            10.8934803
          ],
          [
            106.70681763,
            10.89479733
          ],
          [
            106.7068634,
            10.89477921
          ],
          [
            106.7068634,
            10.89477921
          ],
          [
            106.70732117,
            10.89540291
          ],
          [
            106.70783997,
            10.89600849
          ],
          [
            106.70884705,
            10.89719391
          ],
          [
            106.71032715,
            10.89900112
          ],
          [
            106.71073914,
            10.89958763
          ],
          [
            106.71073914,
            10.89958763
          ],
          [
            106.71118164,
            10.90031815
          ],
          [
            106.71162415,
            10.90104485
          ],
          [
            106.71204376,
            10.90178776
          ],
          [
            106.71235657,
            10.90256691
          ],
          [
            106.71244049,
            10.90252972
          ],
          [
            106.71244049,
            10.90252972
          ],
          [
            106.7123642,
            10.9025774
          ],
          [
            106.71252441,
            10.90309906
          ],
          [
            106.71263885,
            10.90362072
          ],
          [
            106.71271515,
            10.90464211
          ],
          [
            106.71278381,
            10.90570164
          ],
          [
            106.71285248,
            10.90676022
          ],
          [
            106.71290588,
            10.90779781
          ],
          [
            106.71296692,
            10.90884113
          ],
          [
            106.71302032,
            10.90988064
          ],
          [
            106.71308136,
            10.9109211
          ],
          [
            106.7131958,
            10.91302586
          ],
          [
            106.71331024,
            10.91512966
          ],
          [
            106.71344757,
            10.91723156
          ],
          [
            106.71350098,
            10.91827965
          ],
          [
            106.71353912,
            10.91933346
          ],
          [
            106.71365356,
            10.91932392
          ],
          [
            106.71365356,
            10.91932392
          ],
          [
            106.71354675,
            10.91932774
          ],
          [
            106.7135849,
            10.92019176
          ],
          [
            106.71361542,
            10.92106056
          ],
          [
            106.71343231,
            10.92233562
          ],
          [
            106.71311951,
            10.92380524
          ],
          [
            106.71270752,
            10.92526913
          ],
          [
            106.71228027,
            10.92674732
          ],
          [
            106.71186066,
            10.92822456
          ],
          [
            106.71149445,
            10.92970943
          ],
          [
            106.71112061,
            10.93119526
          ],
          [
            106.71118927,
            10.93121624
          ],
          [
            106.71118927,
            10.93121624
          ],
          [
            106.71118927,
            10.93121624
          ],
          [
            106.71118927,
            10.93121624
          ],
          [
            106.71112061,
            10.93119526
          ],
          [
            106.71091461,
            10.93210602
          ],
          [
            106.71070099,
            10.93301773
          ],
          [
            106.71048737,
            10.93392849
          ],
          [
            106.71027374,
            10.93485069
          ],
          [
            106.71035767,
            10.93487072
          ],
          [
            106.71035767,
            10.93487072
          ],
          [
            106.71035767,
            10.93487072
          ],
          [
            106.71035767,
            10.93487072
          ],
          [
            106.71035767,
            10.93487072
          ],
          [
            106.71027374,
            10.93486118
          ],
          [
            106.71004486,
            10.93558216
          ],
          [
            106.70986176,
            10.93629837
          ],
          [
            106.70967865,
            10.93708611
          ],
          [
            106.70948792,
            10.93787384
          ],
          [
            106.70955658,
            10.93787861
          ],
          [
            106.70955658,
            10.93787861
          ],
          [
            106.70955658,
            10.93787861
          ],
          [
            106.70955658,
            10.93787861
          ],
          [
            106.70948792,
            10.93785763
          ],
          [
            106.7092514,
            10.93890095
          ],
          [
            106.70899963,
            10.93993855
          ],
          [
            106.70874786,
            10.94097042
          ],
          [
            106.70849609,
            10.94199753
          ],
          [
            106.7085495,
            10.94201946
          ],
          [
            106.7085495,
            10.94201946
          ],
          [
            106.7085495,
            10.94201946
          ],
          [
            106.70850372,
            10.94200325
          ],
          [
            106.70832062,
            10.94280052
          ],
          [
            106.70813751,
            10.94359875
          ],
          [
            106.70794678,
            10.94439888
          ],
          [
            106.70775604,
            10.94519997
          ],
          [
            106.70757294,
            10.94598961
          ],
          [
            106.7073822,
            10.9467802
          ],
          [
            106.7071991,
            10.94756985
          ],
          [
            106.70700836,
            10.94836044
          ],
          [
            106.70716095,
            10.94839287
          ],
          [
            106.70716095,
            10.94839287
          ],
          [
            106.70701599,
            10.94834423
          ],
          [
            106.70683289,
            10.94911861
          ],
          [
            106.70620728,
            10.95060921
          ],
          [
            106.70539093,
            10.9519043
          ],
          [
            106.70448303,
            10.95295238
          ],
          [
            106.70358276,
            10.95384502
          ],
          [
            106.7026825,
            10.95473766
          ],
          [
            106.7027359,
            10.95477009
          ],
          [
            106.7027359,
            10.95477009
          ],
          [
            106.70269775,
            10.95472717
          ],
          [
            106.7021637,
            10.95526505
          ],
          [
            106.70224762,
            10.95532799
          ],
          [
            106.70224762,
            10.95532799
          ],
          [
            106.70224762,
            10.95532799
          ],
          [
            106.70219421,
            10.95524883
          ],
          [
            106.70156097,
            10.95587254
          ],
          [
            106.70093536,
            10.95649719
          ],
          [
            106.70030212,
            10.9571209
          ],
          [
            106.69967651,
            10.9577446
          ],
          [
            106.69967651,
            10.9577446
          ],
          [
            106.69967651,
            10.9577446
          ],
          [
            106.69965363,
            10.95772457
          ],
          [
            106.69851685,
            10.95879364
          ],
          [
            106.69774628,
            10.95942497
          ],
          [
            106.69626617,
            10.96035767
          ],
          [
            106.69524384,
            10.96085262
          ],
          [
            106.6942215,
            10.96134758
          ],
          [
            106.69320679,
            10.96184254
          ],
          [
            106.69218445,
            10.96233273
          ],
          [
            106.69218445,
            10.96233273
          ],
          [
            106.69119263,
            10.96278
          ],
          [
            106.69019318,
            10.96322727
          ],
          [
            106.68923187,
            10.96368027
          ],
          [
            106.68826294,
            10.96413326
          ],
          [
            106.68828583,
            10.96418095
          ],
          [
            106.68828583,
            10.96418095
          ],
          [
            106.68825531,
            10.96413326
          ],
          [
            106.68685913,
            10.96478367
          ],
          [
            106.68545532,
            10.96543407
          ],
          [
            106.68408966,
            10.96608734
          ],
          [
            106.68271637,
            10.96674538
          ],
          [
            106.68273163,
            10.96679306
          ],
          [
            106.68273163,
            10.96679306
          ],
          [
            106.68250275,
            10.96693516
          ],
          [
            106.68250275,
            10.96693516
          ],
          [
            106.68226624,
            10.967062
          ],
          [
            106.68226624,
            10.967062
          ],
          [
            106.68223572,
            10.96698284
          ],
          [
            106.68145752,
            10.96737003
          ],
          [
            106.68067932,
            10.96775723
          ],
          [
            106.67995453,
            10.9681673
          ],
          [
            106.67922211,
            10.96857834
          ],
          [
            106.67926788,
            10.96862125
          ],
          [
            106.67926788,
            10.96862125
          ],
          [
            106.67923737,
            10.96855736
          ],
          [
            106.67828369,
            10.96910763
          ],
          [
            106.67733002,
            10.9696579
          ],
          [
            106.67736053,
            10.969697
          ],
          [
            106.67736053,
            10.969697
          ],
          [
            106.67730713,
            10.96963692
          ],
          [
            106.67636108,
            10.97018719
          ],
          [
            106.67541504,
            10.97073746
          ],
          [
            106.67440796,
            10.97122478
          ],
          [
            106.67340851,
            10.97171211
          ],
          [
            106.67343903,
            10.97174931
          ],
          [
            106.67343903,
            10.97174931
          ],
          [
            106.67343903,
            10.97174931
          ],
          [
            106.67340851,
            10.97171688
          ],
          [
            106.67251587,
            10.9721756
          ],
          [
            106.67253876,
            10.97221756
          ],
          [
            106.67253876,
            10.97221756
          ],
          [
            106.67253876,
            10.97221756
          ],
          [
            106.67253876,
            10.97221756
          ],
          [
            106.6725235,
            10.9721756
          ],
          [
            106.67189026,
            10.97250175
          ],
          [
            106.67166901,
            10.97270203
          ],
          [
            106.67163849,
            10.97279167
          ],
          [
            106.67152405,
            10.97282314
          ],
          [
            106.67141724,
            10.97269154
          ],
          [
            106.67144012,
            10.97255993
          ],
          [
            106.6710434,
            10.9715538
          ],
          [
            106.67093658,
            10.9716053
          ],
          [
            106.67093658,
            10.9716053
          ],
          [
            106.67093658,
            10.9716053
          ],
          [
            106.67100525,
            10.97157001
          ],
          [
            106.67077637,
            10.97097969
          ],
          [
            106.67054749,
            10.97039032
          ],
          [
            106.67041016,
            10.97044277
          ],
          [
            106.67041016,
            10.97044277
          ],
          [
            106.67053986,
            10.97040081
          ],
          [
            106.67019653,
            10.96953964
          ],
          [
            106.66984558,
            10.96867847
          ],
          [
            106.66950226,
            10.96781731
          ],
          [
            106.66915131,
            10.96695614
          ],
          [
            106.66900635,
            10.96700954
          ],
          [
            106.66900635,
            10.96700954
          ],
          [
            106.66915894,
            10.96694088
          ],
          [
            106.66886902,
            10.96617699
          ],
          [
            106.6686554,
            10.96560287
          ],
          [
            106.6685257,
            10.96564007
          ],
          [
            106.6685257,
            10.96564007
          ]
        ]
      },
      "properties": {
        "feature_type": "route_path",
        "stt": 11,
        "route_id": 86,
        "route_no": "61-3",
        "display_code": "B 61-3",
        "route_name": "Thủ Dầu Một - Bến xe An Sương",
        "direction": "Lượt về",
        "outbound": false,
        "start_point": "Bến xe An Sương",
        "end_point": "Thủ Dầu Một",
        "start_stop": "Bến xe An Sương",
        "end_stop": "Bến xe khách Bình Dương",
        "distance_km": 31.66,
        "listed_length_km": 34,
        "running_time_min": 75,
        "operating_hours": "6:00 - 16:30",
        "stroke": "#7CB342",
        "stroke_width": 4,
        "stroke_opacity": 0.85
      }
    },
    {
      "type": "Feature",
      "geometry": {
        "type": "Point",
        "coordinates": [
          106.668524,
          10.96564
        ]
      },
      "properties": {
        "feature_type": "bus_stop",
        "stop_id": 7257,
        "stop_code": "BXLT Thu Dau Mot",
        "stop_name": "Bến xe khách Bình Dương",
        "stop_type": "Bến xe",
        "route_no": "61-3",
        "display_code": "B 61-3",
        "direction": "Lượt đi",
        "address": "Bến xe khách Bình Dương Đường 30 tháng 4",
        "street": "Đường 30 tháng 4",
        "zone": "Ngoại thành",
        "ward": null,
        "all_routes": "60-15, 61-2, 61-3, 61-4, 61-8, 61-9",
        "marker_color": "#7CB342"
      }
    },
    {
      "type": "Feature",
      "geometry": {
        "type": "Point",
        "coordinates": [
          106.669017,
          10.966524
        ]
      },
      "properties": {
        "feature_type": "bus_stop",
        "stop_id": 8317,
        "stop_code": "BD-0017",
        "stop_name": "Bến xe khách tỉnh Bình Dương (Cổng cty điện lực)",
        "stop_type": "Nhà chờ",
        "route_no": "61-3",
        "display_code": "B 61-3",
        "direction": "Lượt đi",
        "address": "sô 233, đường 30/4, Phường Thủ Dầu Một đường 30/4",
        "street": "đường 30/4",
        "zone": "Bình Dương",
        "ward": null,
        "all_routes": "60-15, 60-18, 61-3, 61-37, 61-38, 61-39, 61-51, 61-52, 61-53",
        "marker_color": "#7CB342"
      }
    },
    {
      "type": "Feature",
      "geometry": {
        "type": "Point",
        "coordinates": [
          106.670637,
          10.970393
        ]
      },
      "properties": {
        "feature_type": "bus_stop",
        "stop_id": 8315,
        "stop_code": "BD-0015",
        "stop_name": "Sân vận động Gò Đậu - Bình Dương",
        "stop_type": "Nhà chờ",
        "route_no": "61-3",
        "display_code": "B 61-3",
        "direction": "Lượt đi",
        "address": "đối diện 254, đường 30/4, Phường Thủ Dầu Một đường 30/4",
        "street": "đường 30/4",
        "zone": "Bình Dương",
        "ward": null,
        "all_routes": "60-15, 60-18, 61-3, 61-37, 61-38, 61-39, 61-51, 61-52, 61-53",
        "marker_color": "#7CB342"
      }
    },
    {
      "type": "Feature",
      "geometry": {
        "type": "Point",
        "coordinates": [
          106.672804,
          10.971775
        ]
      },
      "properties": {
        "feature_type": "bus_stop",
        "stop_id": 9244,
        "stop_code": "BD-0950",
        "stop_name": "Sân banh Gò Đậu",
        "stop_type": "Trụ dừng",
        "route_no": "61-3",
        "display_code": "B 61-3",
        "direction": "Lượt đi",
        "address": "Sân banh Gò Đậu Quốc lộ 13",
        "street": "Quốc lộ 13",
        "zone": "Bình Dương",
        "ward": null,
        "all_routes": "171, 61-3",
        "marker_color": "#7CB342"
      }
    },
    {
      "type": "Feature",
      "geometry": {
        "type": "Point",
        "coordinates": [
          106.676989,
          10.969658
        ]
      },
      "properties": {
        "feature_type": "bus_stop",
        "stop_id": 8979,
        "stop_code": "BD-0694",
        "stop_name": "Vietcombank 185-187 QL13 - Gò Đậu -> Cổng chào Bình Dương",
        "stop_type": "Ô sơn",
        "route_no": "61-3",
        "display_code": "B 61-3",
        "direction": "Lượt đi",
        "address": "Vietcombank 185-187 QL13 - Gò Đậu -> Cổng chào Bình Dương Quốc lộ 13",
        "street": "Quốc lộ 13",
        "zone": "Bình Dương",
        "ward": null,
        "all_routes": "171, 61-3",
        "marker_color": "#7CB342"
      }
    },
    {
      "type": "Feature",
      "geometry": {
        "type": "Point",
        "coordinates": [
          106.688141,
          10.96397
        ]
      },
      "properties": {
        "feature_type": "bus_stop",
        "stop_id": 8981,
        "stop_code": "BD-0696",
        "stop_name": "Mega market ( Metro cũ) - Gò Đậu -> Cổng chào Bình Dương",
        "stop_type": "Ô sơn",
        "route_no": "61-3",
        "display_code": "B 61-3",
        "direction": "Lượt đi",
        "address": "Mega market ( Metro cũ) - Gò Đậu -> Cổng chào Bình Dương Quốc lộ 13",
        "street": "Quốc lộ 13",
        "zone": "Bình Dương",
        "ward": null,
        "all_routes": "171, 61-3",
        "marker_color": "#7CB342"
      }
    },
    {
      "type": "Feature",
      "geometry": {
        "type": "Point",
        "coordinates": [
          106.691869,
          10.962234
        ]
      },
      "properties": {
        "feature_type": "bus_stop",
        "stop_id": 9570,
        "stop_code": "BD-0997",
        "stop_name": "Thiên Hải Auto",
        "stop_type": "Ô sơn",
        "route_no": "61-3",
        "display_code": "B 61-3",
        "direction": "Lượt đi",
        "address": "Cột điện 160 Quốc lộ 13",
        "street": "Quốc lộ 13",
        "zone": "Bình Dương",
        "ward": null,
        "all_routes": "171, 61-3",
        "marker_color": "#7CB342"
      }
    },
    {
      "type": "Feature",
      "geometry": {
        "type": "Point",
        "coordinates": [
          106.699734,
          10.957411
        ]
      },
      "properties": {
        "feature_type": "bus_stop",
        "stop_id": 9571,
        "stop_code": "BD-0998",
        "stop_name": "Nhà sách Nguyễn Văn Cừ",
        "stop_type": "Ô sơn",
        "route_no": "61-3",
        "display_code": "B 61-3",
        "direction": "Lượt đi",
        "address": "243/1 Quốc lộ 13",
        "street": "Quốc lộ 13",
        "zone": "Bình Dương",
        "ward": null,
        "all_routes": "171, 61-3",
        "marker_color": "#7CB342"
      }
    },
    {
      "type": "Feature",
      "geometry": {
        "type": "Point",
        "coordinates": [
          106.706375,
          10.949703
        ]
      },
      "properties": {
        "feature_type": "bus_stop",
        "stop_id": 9257,
        "stop_code": "BD-0962",
        "stop_name": "Tạp hóa chú 3 số 512c QL13 - Gò Đậu -> Cổng chào Bình Dương",
        "stop_type": "Trụ dừng",
        "route_no": "61-3",
        "display_code": "B 61-3",
        "direction": "Lượt đi",
        "address": "Tạp hóa chú 3 số 512c QL13 - Gò Đậu -> Cổng chào Bình Dương Quốc lộ 13",
        "street": "Quốc lộ 13",
        "zone": "Bình Dương",
        "ward": null,
        "all_routes": "171, 61-3",
        "marker_color": "#7CB342"
      }
    },
    {
      "type": "Feature",
      "geometry": {
        "type": "Point",
        "coordinates": [
          106.710248,
          10.933607
        ]
      },
      "properties": {
        "feature_type": "bus_stop",
        "stop_id": 8984,
        "stop_code": "BD-0699",
        "stop_name": "Nhà hàng Nhật Sakura - Gò Đậu -> Cổng chào Bình Dương",
        "stop_type": "Ô sơn",
        "route_no": "61-3",
        "display_code": "B 61-3",
        "direction": "Lượt đi",
        "address": "Nhà hàng Nhật Sakura - Gò Đậu -> Cổng chào Bình Dương Quốc lộ 13",
        "street": "Quốc lộ 13",
        "zone": "Bình Dương",
        "ward": null,
        "all_routes": "171, 61-3",
        "marker_color": "#7CB342"
      }
    },
    {
      "type": "Feature",
      "geometry": {
        "type": "Point",
        "coordinates": [
          106.710677,
          10.931874
        ]
      },
      "properties": {
        "feature_type": "bus_stop",
        "stop_id": 9259,
        "stop_code": "BD-0964",
        "stop_name": "Sân gôn Sông Bé - Gò Đậu -> Cổng chào Bình Dương",
        "stop_type": "Trụ dừng",
        "route_no": "61-3",
        "display_code": "B 61-3",
        "direction": "Lượt đi",
        "address": "Sân gôn Sông Bé - Gò Đậu -> Cổng chào Bình Dương Quốc lộ 13",
        "street": "Quốc lộ 13",
        "zone": "Bình Dương",
        "ward": null,
        "all_routes": "171, 61-3",
        "marker_color": "#7CB342"
      }
    },
    {
      "type": "Feature",
      "geometry": {
        "type": "Point",
        "coordinates": [
          106.713209,
          10.919028
        ]
      },
      "properties": {
        "feature_type": "bus_stop",
        "stop_id": 9260,
        "stop_code": "BD-0965",
        "stop_name": "Công ty xây dựng Hằng Tiền - Gò Đậu -> Cổng chào Bình Dương",
        "stop_type": "Trụ dừng",
        "route_no": "61-3",
        "display_code": "B 61-3",
        "direction": "Lượt đi",
        "address": "Công ty xây dựng Hằng Tiền - Gò Đậu -> Cổng chào Bình Dương Quốc lộ 13",
        "street": "Quốc lộ 13",
        "zone": "Bình Dương",
        "ward": null,
        "all_routes": "171, 61-3",
        "marker_color": "#7CB342"
      }
    },
    {
      "type": "Feature",
      "geometry": {
        "type": "Point",
        "coordinates": [
          106.712517,
          10.905275
        ]
      },
      "properties": {
        "feature_type": "bus_stop",
        "stop_id": 9261,
        "stop_code": "BD-0966",
        "stop_name": "Siêu thị Lotte -  Gò Đậu -> Cổng chào Bình Dương",
        "stop_type": "Ô sơn",
        "route_no": "61-3",
        "display_code": "B 61-3",
        "direction": "Lượt đi",
        "address": "Siêu thị Lotte -  Gò Đậu -> Cổng chào Bình Dương Quốc lộ 13",
        "street": "Quốc lộ 13",
        "zone": "Bình Dương",
        "ward": null,
        "all_routes": "171, 61-3",
        "marker_color": "#7CB342"
      }
    },
    {
      "type": "Feature",
      "geometry": {
        "type": "Point",
        "coordinates": [
          106.710716,
          10.900044
        ]
      },
      "properties": {
        "feature_type": "bus_stop",
        "stop_id": 9572,
        "stop_code": "BD-0999",
        "stop_name": "Cửa hàng Hoàng Gia Lâm",
        "stop_type": "Ô sơn",
        "route_no": "61-3",
        "display_code": "B 61-3",
        "direction": "Lượt đi",
        "address": "465C (Cột điện 13) Quốc lộ 13",
        "street": "Quốc lộ 13",
        "zone": "Bình Dương",
        "ward": null,
        "all_routes": "171, 61-3, 61-8",
        "marker_color": "#7CB342"
      }
    },
    {
      "type": "Feature",
      "geometry": {
        "type": "Point",
        "coordinates": [
          106.707402,
          10.895817
        ]
      },
      "properties": {
        "feature_type": "bus_stop",
        "stop_id": 9573,
        "stop_code": "BD-1000",
        "stop_name": "Đối diện Gỗ Vạn Tiến Phúc",
        "stop_type": "Ô sơn",
        "route_no": "61-3",
        "display_code": "B 61-3",
        "direction": "Lượt đi",
        "address": "Đối diện Vạn Tiến Phúc (số 144) Quốc lộ 13",
        "street": "Quốc lộ 13",
        "zone": "Bình Dương",
        "ward": null,
        "all_routes": "171, 61-3, 61-8",
        "marker_color": "#7CB342"
      }
    },
    {
      "type": "Feature",
      "geometry": {
        "type": "Point",
        "coordinates": [
          106.702381,
          10.890022
        ]
      },
      "properties": {
        "feature_type": "bus_stop",
        "stop_id": 9574,
        "stop_code": "BD-1001",
        "stop_name": "Kế tạp hóa Hải Dương",
        "stop_type": "Ô sơn",
        "route_no": "61-3",
        "display_code": "B 61-3",
        "direction": "Lượt đi",
        "address": "Kế 65D/1 (Cột điện 46) Quốc lộ 13",
        "street": "Quốc lộ 13",
        "zone": "Bình Dương",
        "ward": null,
        "all_routes": "171, 61-3, 61-8",
        "marker_color": "#7CB342"
      }
    },
    {
      "type": "Feature",
      "geometry": {
        "type": "Point",
        "coordinates": [
          106.6989,
          10.885294
        ]
      },
      "properties": {
        "feature_type": "bus_stop",
        "stop_id": 9575,
        "stop_code": "BD-1002",
        "stop_name": "Kế sắt thép Phú Cường",
        "stop_type": "Ô sơn",
        "route_no": "61-3",
        "display_code": "B 61-3",
        "direction": "Lượt đi",
        "address": "Kế sắt thép Phú Cường (số 1/10) Quốc lộ 13",
        "street": "Quốc lộ 13",
        "zone": "Bình Dương",
        "ward": null,
        "all_routes": "171, 61-3, 61-8",
        "marker_color": "#7CB342"
      }
    },
    {
      "type": "Feature",
      "geometry": {
        "type": "Point",
        "coordinates": [
          106.698607,
          10.880353
        ]
      },
      "properties": {
        "feature_type": "bus_stop",
        "stop_id": 8986,
        "stop_code": "BD-0701",
        "stop_name": "Kamza - Gò Đậu -> Cổng chào Bình Dương",
        "stop_type": "Ô sơn",
        "route_no": "61-3",
        "display_code": "B 61-3",
        "direction": "Lượt đi",
        "address": "Kamza - Gò Đậu -> Cổng chào Bình Dương Quốc lộ 13",
        "street": "Quốc lộ 13",
        "zone": "Bình Dương",
        "ward": null,
        "all_routes": "171, 61-3, 61-8",
        "marker_color": "#7CB342"
      }
    },
    {
      "type": "Feature",
      "geometry": {
        "type": "Point",
        "coordinates": [
          106.702014,
          10.873902
        ]
      },
      "properties": {
        "feature_type": "bus_stop",
        "stop_id": 9576,
        "stop_code": "BD-1003",
        "stop_name": "Đối diện Vạn Lộc Phát Palce",
        "stop_type": "Ô sơn",
        "route_no": "61-3",
        "display_code": "B 61-3",
        "direction": "Lượt đi",
        "address": "45718 Quốc lộ 13",
        "street": "Quốc lộ 13",
        "zone": "Bình Dương",
        "ward": null,
        "all_routes": "171, 61-3, 61-8",
        "marker_color": "#7CB342"
      }
    },
    {
      "type": "Feature",
      "geometry": {
        "type": "Point",
        "coordinates": [
          106.706901,
          10.870596
        ]
      },
      "properties": {
        "feature_type": "bus_stop",
        "stop_id": 9263,
        "stop_code": "BD-0968",
        "stop_name": "Đối diện khu phố Vĩnh Phú - Cổng chào Bình Dương -> Gò Đậu",
        "stop_type": "Trụ dừng",
        "route_no": "61-3",
        "display_code": "B 61-3",
        "direction": "Lượt đi",
        "address": "Đối diện khu phố Vĩnh Phú - Cổng chào Bình Dương -> Gò Đậu Quốc lộ 13",
        "street": "Quốc lộ 13",
        "zone": "Bình Dương",
        "ward": null,
        "all_routes": "171, 61-3, 61-8",
        "marker_color": "#7CB342"
      }
    },
    {
      "type": "Feature",
      "geometry": {
        "type": "Point",
        "coordinates": [
          106.718254,
          10.867865
        ]
      },
      "properties": {
        "feature_type": "bus_stop",
        "stop_id": 3362,
        "stop_code": "QTD 212",
        "stop_name": "Cầu Vĩnh Bình",
        "stop_type": "Trụ dừng",
        "route_no": "61-3",
        "display_code": "B 61-3",
        "direction": "Lượt đi",
        "address": "875 Quốc lộ 13",
        "street": "Quốc lộ 13",
        "zone": "TP. Thủ Đức - KV3",
        "ward": "Phường Hiệp Bình Phước",
        "all_routes": "171, 61-3, 61-8",
        "marker_color": "#7CB342"
      }
    },
    {
      "type": "Feature",
      "geometry": {
        "type": "Point",
        "coordinates": [
          106.722581,
          10.867065
        ]
      },
      "properties": {
        "feature_type": "bus_stop",
        "stop_id": 3360,
        "stop_code": "QTD 213",
        "stop_name": "Xây dựng Ngọc Đào",
        "stop_type": "Trụ dừng",
        "route_no": "61-3",
        "display_code": "B 61-3",
        "direction": "Lượt đi",
        "address": "Kế 801 Quốc lộ 13",
        "street": "Quốc lộ 13",
        "zone": "TP. Thủ Đức - KV3",
        "ward": "Phường Hiệp Bình Phước",
        "all_routes": "171, 61-3, 61-8",
        "marker_color": "#7CB342"
      }
    },
    {
      "type": "Feature",
      "geometry": {
        "type": "Point",
        "coordinates": [
          106.719894,
          10.863451
        ]
      },
      "properties": {
        "feature_type": "bus_stop",
        "stop_id": 2348,
        "stop_code": "QTD 196",
        "stop_name": "Cầu Bình Phước",
        "stop_type": "Trụ dừng",
        "route_no": "61-3",
        "display_code": "B 61-3",
        "direction": "Lượt đi",
        "address": "39A Quốc lộ 1",
        "street": "Quốc lộ 1",
        "zone": "TP. Thủ Đức - KV3",
        "ward": null,
        "all_routes": "33, 60-1, 61-3",
        "marker_color": "#7CB342"
      }
    },
    {
      "type": "Feature",
      "geometry": {
        "type": "Point",
        "coordinates": [
          106.713096,
          10.85997
        ]
      },
      "properties": {
        "feature_type": "bus_stop",
        "stop_id": 2345,
        "stop_code": "Q12 061",
        "stop_name": "Aone",
        "stop_type": "Ô sơn",
        "route_no": "61-3",
        "display_code": "B 61-3",
        "direction": "Lượt đi",
        "address": "Đối diện Aone Quốc lộ 1A",
        "street": "Quốc lộ 1A",
        "zone": "Quận 12",
        "ward": null,
        "all_routes": "33, 60-1, 61-3",
        "marker_color": "#7CB342"
      }
    },
    {
      "type": "Feature",
      "geometry": {
        "type": "Point",
        "coordinates": [
          106.707727,
          10.859148
        ]
      },
      "properties": {
        "feature_type": "bus_stop",
        "stop_id": 2349,
        "stop_code": "Q12 062",
        "stop_name": "Công ty EUROPA",
        "stop_type": "Nhà chờ",
        "route_no": "61-3",
        "display_code": "B 61-3",
        "direction": "Lượt đi",
        "address": "Công ty EUROPA Quốc lộ 1A",
        "street": "Quốc lộ 1A",
        "zone": "Quận 12",
        "ward": null,
        "all_routes": "33, 60-1, 61-3",
        "marker_color": "#7CB342"
      }
    },
    {
      "type": "Feature",
      "geometry": {
        "type": "Point",
        "coordinates": [
          106.704948,
          10.859496
        ]
      },
      "properties": {
        "feature_type": "bus_stop",
        "stop_id": 2347,
        "stop_code": "Q12 063",
        "stop_name": "Tu viện Khánh An",
        "stop_type": "Trụ dừng",
        "route_no": "61-3",
        "display_code": "B 61-3",
        "direction": "Lượt đi",
        "address": "1048/3B Quốc lộ 1A",
        "street": "Quốc lộ 1A",
        "zone": "Quận 12",
        "ward": null,
        "all_routes": "33, 61-3",
        "marker_color": "#7CB342"
      }
    },
    {
      "type": "Feature",
      "geometry": {
        "type": "Point",
        "coordinates": [
          106.701086,
          10.860007
        ]
      },
      "properties": {
        "feature_type": "bus_stop",
        "stop_id": 2350,
        "stop_code": "Q12 064",
        "stop_name": "Công ty Mai Linh",
        "stop_type": "Trụ dừng",
        "route_no": "61-3",
        "display_code": "B 61-3",
        "direction": "Lượt đi",
        "address": "1691/3N Quốc lộ 1A",
        "street": "Quốc lộ 1A",
        "zone": "Quận 12",
        "ward": null,
        "all_routes": "33, 60-1, 61-3",
        "marker_color": "#7CB342"
      }
    },
    {
      "type": "Feature",
      "geometry": {
        "type": "Point",
        "coordinates": [
          106.695453,
          10.86065
        ]
      },
      "properties": {
        "feature_type": "bus_stop",
        "stop_id": 2351,
        "stop_code": "Q12 065",
        "stop_name": "Đình An Phú Đông",
        "stop_type": "Biển treo",
        "route_no": "61-3",
        "display_code": "B 61-3",
        "direction": "Lượt đi",
        "address": "Đối diện Đình An Phú Đông Quốc lộ 1A",
        "street": "Quốc lộ 1A",
        "zone": "Quận 12",
        "ward": null,
        "all_routes": "33, 60-1, 61-3",
        "marker_color": "#7CB342"
      }
    },
    {
      "type": "Feature",
      "geometry": {
        "type": "Point",
        "coordinates": [
          106.69224,
          10.860876
        ]
      },
      "properties": {
        "feature_type": "bus_stop",
        "stop_id": 2353,
        "stop_code": "Q12 066",
        "stop_name": "Đài Liệt sĩ An Phú Đông",
        "stop_type": "Nhà chờ",
        "route_no": "61-3",
        "display_code": "B 61-3",
        "direction": "Lượt đi",
        "address": "Đài Liệt sĩ An Phú Đông Quốc lộ 1A",
        "street": "Quốc lộ 1A",
        "zone": "Quận 12",
        "ward": null,
        "all_routes": "33, 61-3",
        "marker_color": "#7CB342"
      }
    },
    {
      "type": "Feature",
      "geometry": {
        "type": "Point",
        "coordinates": [
          106.689413,
          10.86104
        ]
      },
      "properties": {
        "feature_type": "bus_stop",
        "stop_id": 2352,
        "stop_code": "Q12 067",
        "stop_name": "Công ty Hồng Mã",
        "stop_type": "Trụ dừng",
        "route_no": "61-3",
        "display_code": "B 61-3",
        "direction": "Lượt đi",
        "address": "Công ty Hồng Mã Quốc lộ 1A",
        "street": "Quốc lộ 1A",
        "zone": "Quận 12",
        "ward": null,
        "all_routes": "33, 60-1, 61-3",
        "marker_color": "#7CB342"
      }
    },
    {
      "type": "Feature",
      "geometry": {
        "type": "Point",
        "coordinates": [
          106.685175,
          10.861324
        ]
      },
      "properties": {
        "feature_type": "bus_stop",
        "stop_id": 2355,
        "stop_code": "Q12 068",
        "stop_name": "Phường An Phú Đông",
        "stop_type": "Trụ dừng",
        "route_no": "61-3",
        "display_code": "B 61-3",
        "direction": "Lượt đi",
        "address": "616 - 618 Quốc lộ 1A",
        "street": "Quốc lộ 1A",
        "zone": "Quận 12",
        "ward": null,
        "all_routes": "33, 60-1, 61-3",
        "marker_color": "#7CB342"
      }
    },
    {
      "type": "Feature",
      "geometry": {
        "type": "Point",
        "coordinates": [
          106.682321,
          10.861503
        ]
      },
      "properties": {
        "feature_type": "bus_stop",
        "stop_id": 2357,
        "stop_code": "Q12 069",
        "stop_name": "Cầu Ga Nhỏ",
        "stop_type": "Trụ dừng",
        "route_no": "61-3",
        "display_code": "B 61-3",
        "direction": "Lượt đi",
        "address": "161 Quốc lộ 1A",
        "street": "Quốc lộ 1A",
        "zone": "Quận 12",
        "ward": null,
        "all_routes": "33, 61-3",
        "marker_color": "#7CB342"
      }
    },
    {
      "type": "Feature",
      "geometry": {
        "type": "Point",
        "coordinates": [
          106.679354,
          10.861725
        ]
      },
      "properties": {
        "feature_type": "bus_stop",
        "stop_id": 2354,
        "stop_code": "Q12 070",
        "stop_name": "Bến xe Ngã tư Ga",
        "stop_type": "Nhà chờ",
        "route_no": "61-3",
        "display_code": "B 61-3",
        "direction": "Lượt đi",
        "address": "Bến xe Ngã tư ga Quốc lộ 1A",
        "street": "Quốc lộ 1A",
        "zone": "Quận 12",
        "ward": null,
        "all_routes": "33, 58, 60-1, 61-3",
        "marker_color": "#7CB342"
      }
    },
    {
      "type": "Feature",
      "geometry": {
        "type": "Point",
        "coordinates": [
          106.674564,
          10.861967
        ]
      },
      "properties": {
        "feature_type": "bus_stop",
        "stop_id": 976,
        "stop_code": "Q12 071",
        "stop_name": "Khu QLGTĐT số 3",
        "stop_type": "Trụ dừng",
        "route_no": "61-3",
        "display_code": "B 61-3",
        "direction": "Lượt đi",
        "address": "96/2 Quốc lộ 1A",
        "street": "Quốc lộ 1A",
        "zone": "Quận 12",
        "ward": null,
        "all_routes": "103, 161, 32, 33, 59, 60-1, 61-3",
        "marker_color": "#7CB342"
      }
    },
    {
      "type": "Feature",
      "geometry": {
        "type": "Point",
        "coordinates": [
          106.671935,
          10.861904
        ]
      },
      "properties": {
        "feature_type": "bus_stop",
        "stop_id": 964,
        "stop_code": "Q12 072",
        "stop_name": "Tô Ngọc Vân",
        "stop_type": "Trụ dừng",
        "route_no": "61-3",
        "display_code": "B 61-3",
        "direction": "Lượt đi",
        "address": "972 Quốc lộ 1A",
        "street": "Quốc lộ 1A",
        "zone": "Quận 12",
        "ward": null,
        "all_routes": "103, 161, 32, 33, 59, 61-3",
        "marker_color": "#7CB342"
      }
    },
    {
      "type": "Feature",
      "geometry": {
        "type": "Point",
        "coordinates": [
          106.667461,
          10.861877
        ]
      },
      "properties": {
        "feature_type": "bus_stop",
        "stop_id": 965,
        "stop_code": "Q12 073",
        "stop_name": "Trường Mầm non Ngôi Nhà Trẻ Thơ",
        "stop_type": "Trụ dừng",
        "route_no": "61-3",
        "display_code": "B 61-3",
        "direction": "Lượt đi",
        "address": "990 Quốc lộ 1A",
        "street": "Quốc lộ 1A",
        "zone": "Quận 12",
        "ward": null,
        "all_routes": "103, 146, 33, 60-1, 61-3",
        "marker_color": "#7CB342"
      }
    },
    {
      "type": "Feature",
      "geometry": {
        "type": "Point",
        "coordinates": [
          106.661389,
          10.861819
        ]
      },
      "properties": {
        "feature_type": "bus_stop",
        "stop_id": 977,
        "stop_code": "Q12 074",
        "stop_name": "Cơ khí Minh Huy",
        "stop_type": "Trụ dừng",
        "route_no": "61-3",
        "display_code": "B 61-3",
        "direction": "Lượt đi",
        "address": "1218/11 Quốc lộ 1A",
        "street": "Quốc lộ 1A",
        "zone": "Quận 12",
        "ward": null,
        "all_routes": "103, 146, 33, 60-1, 61-3",
        "marker_color": "#7CB342"
      }
    },
    {
      "type": "Feature",
      "geometry": {
        "type": "Point",
        "coordinates": [
          106.657183,
          10.861988
        ]
      },
      "properties": {
        "feature_type": "bus_stop",
        "stop_id": 966,
        "stop_code": "Q12 075",
        "stop_name": "Đá hoa cương Chí Thành",
        "stop_type": "Nhà chờ",
        "route_no": "61-3",
        "display_code": "B 61-3",
        "direction": "Lượt đi",
        "address": "1360 Quốc lộ 1A",
        "street": "Quốc lộ 1A",
        "zone": "Quận 12",
        "ward": null,
        "all_routes": "103, 146, 33, 60-1, 61-3",
        "marker_color": "#7CB342"
      }
    },
    {
      "type": "Feature",
      "geometry": {
        "type": "Point",
        "coordinates": [
          106.653428,
          10.862114
        ]
      },
      "properties": {
        "feature_type": "bus_stop",
        "stop_id": 969,
        "stop_code": "Q12 076",
        "stop_name": "Quận ủy Quận 12",
        "stop_type": "Trụ dừng",
        "route_no": "61-3",
        "display_code": "B 61-3",
        "direction": "Lượt đi",
        "address": "1456 (Quận Ủy quận 12) Quốc lộ 1A",
        "street": "Quốc lộ 1A",
        "zone": "Quận 12",
        "ward": null,
        "all_routes": "103, 33, 60-1, 61-3",
        "marker_color": "#7CB342"
      }
    },
    {
      "type": "Feature",
      "geometry": {
        "type": "Point",
        "coordinates": [
          106.650757,
          10.862273
        ]
      },
      "properties": {
        "feature_type": "bus_stop",
        "stop_id": 972,
        "stop_code": "Q12 077",
        "stop_name": "Ngã tư Tân Thới Hiệp",
        "stop_type": "Trụ dừng",
        "route_no": "61-3",
        "display_code": "B 61-3",
        "direction": "Lượt đi",
        "address": "1680 Quốc lộ 1A",
        "street": "Quốc lộ 1A",
        "zone": "Quận 12",
        "ward": null,
        "all_routes": "103, 33, 61-3",
        "marker_color": "#7CB342"
      }
    },
    {
      "type": "Feature",
      "geometry": {
        "type": "Point",
        "coordinates": [
          106.648536,
          10.861767
        ]
      },
      "properties": {
        "feature_type": "bus_stop",
        "stop_id": 2775,
        "stop_code": "Q12 078",
        "stop_name": "Cao su Vina",
        "stop_type": "Trụ dừng",
        "route_no": "61-3",
        "display_code": "B 61-3",
        "direction": "Lượt đi",
        "address": "67/3A Quốc lộ 1A",
        "street": "Quốc lộ 1A",
        "zone": "Quận 12",
        "ward": null,
        "all_routes": "33, 60-1, 61-3, 62",
        "marker_color": "#7CB342"
      }
    },
    {
      "type": "Feature",
      "geometry": {
        "type": "Point",
        "coordinates": [
          106.645682,
          10.860302
        ]
      },
      "properties": {
        "feature_type": "bus_stop",
        "stop_id": 2776,
        "stop_code": "Q12 079",
        "stop_name": "Cây xăng Trung Tín",
        "stop_type": "Trụ dừng",
        "route_no": "61-3",
        "display_code": "B 61-3",
        "direction": "Lượt đi",
        "address": "1828 Quốc lộ 1A",
        "street": "Quốc lộ 1A",
        "zone": "Quận 12",
        "ward": null,
        "all_routes": "33, 60-1, 61-3, 62",
        "marker_color": "#7CB342"
      }
    },
    {
      "type": "Feature",
      "geometry": {
        "type": "Point",
        "coordinates": [
          106.640918,
          10.857668
        ]
      },
      "properties": {
        "feature_type": "bus_stop",
        "stop_id": 2777,
        "stop_code": "Q12 080",
        "stop_name": "Trạm điện Hóc Môn",
        "stop_type": "Trụ dừng",
        "route_no": "61-3",
        "display_code": "B 61-3",
        "direction": "Lượt đi",
        "address": "1956 Quốc lộ 1A",
        "street": "Quốc lộ 1A",
        "zone": "Quận 12",
        "ward": null,
        "all_routes": "33, 60-1, 61-3, 62",
        "marker_color": "#7CB342"
      }
    },
    {
      "type": "Feature",
      "geometry": {
        "type": "Point",
        "coordinates": [
          106.638172,
          10.856256
        ]
      },
      "properties": {
        "feature_type": "bus_stop",
        "stop_id": 2778,
        "stop_code": "Q12 081",
        "stop_name": "Ngã tư Đình",
        "stop_type": "Trụ dừng",
        "route_no": "61-3",
        "display_code": "B 61-3",
        "direction": "Lượt đi",
        "address": "44D Quốc lộ 1A",
        "street": "Quốc lộ 1A",
        "zone": "Quận 12",
        "ward": null,
        "all_routes": "33, 60-1, 61-3, 62",
        "marker_color": "#7CB342"
      }
    },
    {
      "type": "Feature",
      "geometry": {
        "type": "Point",
        "coordinates": [
          106.632469,
          10.853048
        ]
      },
      "properties": {
        "feature_type": "bus_stop",
        "stop_id": 2781,
        "stop_code": "Q12 083",
        "stop_name": "Trường Nguyễn Du",
        "stop_type": "Nhà chờ",
        "route_no": "61-3",
        "display_code": "B 61-3",
        "direction": "Lượt đi",
        "address": "Đối diện Trường Nguyễn Du Quốc lộ 1A",
        "street": "Quốc lộ 1A",
        "zone": "Quận 12",
        "ward": null,
        "all_routes": "33, 60-1, 61-3, 62",
        "marker_color": "#7CB342"
      }
    },
    {
      "type": "Feature",
      "geometry": {
        "type": "Point",
        "coordinates": [
          106.630935,
          10.852242
        ]
      },
      "properties": {
        "feature_type": "bus_stop",
        "stop_id": 2780,
        "stop_code": "Q12 084",
        "stop_name": "Công viên Phần mềm Quang Trung",
        "stop_type": "Nhà chờ",
        "route_no": "61-3",
        "display_code": "B 61-3",
        "direction": "Lượt đi",
        "address": "Công viên phần mềm Quang Trung Quốc lộ 1A",
        "street": "Quốc lộ 1A",
        "zone": "Quận 12",
        "ward": null,
        "all_routes": "33, 61-3, 62",
        "marker_color": "#7CB342"
      }
    },
    {
      "type": "Feature",
      "geometry": {
        "type": "Point",
        "coordinates": [
          106.624348,
          10.84907
        ]
      },
      "properties": {
        "feature_type": "bus_stop",
        "stop_id": 2254,
        "stop_code": "Q12 085",
        "stop_name": "Chung cư Thái An",
        "stop_type": "Trụ dừng",
        "route_no": "61-3",
        "display_code": "B 61-3",
        "direction": "Lượt đi",
        "address": "Chung cư Thái An Quốc lộ 1A",
        "street": "Quốc lộ 1A",
        "zone": "Quận 12",
        "ward": null,
        "all_routes": "33, 60-1, 61-3",
        "marker_color": "#7CB342"
      }
    },
    {
      "type": "Feature",
      "geometry": {
        "type": "Point",
        "coordinates": [
          106.621059,
          10.8475
        ]
      },
      "properties": {
        "feature_type": "bus_stop",
        "stop_id": 2250,
        "stop_code": "Q12 086",
        "stop_name": "Trạm đăng kiểm",
        "stop_type": "Trụ dừng",
        "route_no": "61-3",
        "display_code": "B 61-3",
        "direction": "Lượt đi",
        "address": "Trạm đăng kiểm Quốc lộ 1A",
        "street": "Quốc lộ 1A",
        "zone": "Quận 12",
        "ward": null,
        "all_routes": "33, 60-1, 61-3",
        "marker_color": "#7CB342"
      }
    },
    {
      "type": "Feature",
      "geometry": {
        "type": "Point",
        "coordinates": [
          106.618758,
          10.845935
        ]
      },
      "properties": {
        "feature_type": "bus_stop",
        "stop_id": 2251,
        "stop_code": "Q12 087",
        "stop_name": "Bãi xe Tây Nam",
        "stop_type": "Nhà chờ",
        "route_no": "61-3",
        "display_code": "B 61-3",
        "direction": "Lượt đi",
        "address": "Đối diện Bãi xe Tây Nam Quốc lộ 1A",
        "street": "Quốc lộ 1A",
        "zone": "Quận 12",
        "ward": null,
        "all_routes": "33, 61-3",
        "marker_color": "#7CB342"
      }
    },
    {
      "type": "Feature",
      "geometry": {
        "type": "Point",
        "coordinates": [
          106.616081,
          10.843623
        ]
      },
      "properties": {
        "feature_type": "bus_stop",
        "stop_id": 2252,
        "stop_code": "Q12 088",
        "stop_name": "Cầu vượt An Sương",
        "stop_type": "Nhà chờ",
        "route_no": "61-3",
        "display_code": "B 61-3",
        "direction": "Lượt đi",
        "address": "Xưởng Z735 Quốc lộ 1A",
        "street": "Quốc lộ 1A",
        "zone": "Quận 12",
        "ward": null,
        "all_routes": "33, 60-1, 61-3",
        "marker_color": "#7CB342"
      }
    },
    {
      "type": "Feature",
      "geometry": {
        "type": "Point",
        "coordinates": [
          106.613517,
          10.845803
        ]
      },
      "properties": {
        "feature_type": "bus_stop",
        "stop_id": 1115,
        "stop_code": "Q12 122",
        "stop_name": "Bến xe An Sương",
        "stop_type": "Trụ dừng",
        "route_no": "61-3",
        "display_code": "B 61-3",
        "direction": "Lượt đi",
        "address": "F42 Quốc lộ 22",
        "street": "Quốc lộ 22",
        "zone": "Quận 12",
        "ward": null,
        "all_routes": "04, 104, 122, 145, 33, 61-3",
        "marker_color": "#7CB342"
      }
    },
    {
      "type": "Feature",
      "geometry": {
        "type": "Point",
        "coordinates": [
          106.613522,
          10.845187
        ]
      },
      "properties": {
        "feature_type": "bus_stop",
        "stop_id": 1239,
        "stop_code": "HHM 058",
        "stop_name": "Bến xe An Sương",
        "stop_type": "Trụ dừng",
        "route_no": "61-3",
        "display_code": "B 61-3",
        "direction": "Lượt đi",
        "address": "1B Quốc lộ 22",
        "street": "Quốc lộ 22",
        "zone": "Huyện Hóc Môn",
        "ward": "Xã Bà Điểm",
        "all_routes": "04, 104, 122, 13, 145, 151, 33, 41, 61-3, 62-5, 65, 71, 74, 85, 94",
        "marker_color": "#7CB342"
      }
    },
    {
      "type": "Feature",
      "geometry": {
        "type": "Point",
        "coordinates": [
          106.61337280273438,
          10.843737602233887
        ]
      },
      "properties": {
        "feature_type": "bus_stop",
        "stop_id": 166,
        "stop_code": "BX41",
        "stop_name": "Bến xe An Sương",
        "stop_type": "Bến xe",
        "route_no": "61-3",
        "display_code": "B 61-3",
        "direction": "Lượt đi",
        "address": "Bến xe An Sương Quốc lộ 22",
        "street": "Quốc lộ 22",
        "zone": "Quận 12",
        "ward": null,
        "all_routes": "04, 104, 122, 151, 27, 33, 41, 61-3, 62-5, 65, 71, 74, 85",
        "marker_color": "#7CB342"
      }
    },
    {
      "type": "Feature",
      "geometry": {
        "type": "Point",
        "coordinates": [
          106.617803,
          10.844618
        ]
      },
      "properties": {
        "feature_type": "bus_stop",
        "stop_id": 2342,
        "stop_code": "Q12 095",
        "stop_name": "Cầu vượt An Sương",
        "stop_type": "Trụ dừng",
        "route_no": "61-3",
        "display_code": "B 61-3",
        "direction": "Lượt về",
        "address": "2571-2575 (17A-4/8A) Quốc lộ 1A",
        "street": "Quốc lộ 1A",
        "zone": "Quận 12",
        "ward": null,
        "all_routes": "33, 60-1, 61-3",
        "marker_color": "#7CB342"
      }
    },
    {
      "type": "Feature",
      "geometry": {
        "type": "Point",
        "coordinates": [
          106.621506,
          10.847418
        ]
      },
      "properties": {
        "feature_type": "bus_stop",
        "stop_id": 2341,
        "stop_code": "Q12 097",
        "stop_name": "Trạm đăng kiểm",
        "stop_type": "Trụ dừng",
        "route_no": "61-3",
        "display_code": "B 61-3",
        "direction": "Lượt về",
        "address": "Đối diện trạm đăng kiểm Quốc lộ 1A",
        "street": "Quốc lộ 1A",
        "zone": "Quận 12",
        "ward": null,
        "all_routes": "33, 60-1, 61-3",
        "marker_color": "#7CB342"
      }
    },
    {
      "type": "Feature",
      "geometry": {
        "type": "Point",
        "coordinates": [
          106.6249,
          10.848901
        ]
      },
      "properties": {
        "feature_type": "bus_stop",
        "stop_id": 2346,
        "stop_code": "Q12 098",
        "stop_name": "Chung cư Thái An",
        "stop_type": "Trụ dừng",
        "route_no": "61-3",
        "display_code": "B 61-3",
        "direction": "Lượt về",
        "address": "B336 Quốc lộ 1A",
        "street": "Quốc lộ 1A",
        "zone": "Quận 12",
        "ward": null,
        "all_routes": "33, 61-3",
        "marker_color": "#7CB342"
      }
    },
    {
      "type": "Feature",
      "geometry": {
        "type": "Point",
        "coordinates": [
          106.627572,
          10.850071
        ]
      },
      "properties": {
        "feature_type": "bus_stop",
        "stop_id": 2344,
        "stop_code": "Q12 099",
        "stop_name": "Đài phát thanh Quán Tre",
        "stop_type": "Nhà chờ",
        "route_no": "61-3",
        "display_code": "B 61-3",
        "direction": "Lượt về",
        "address": "Đài phát thanh quán tre Quốc lộ 1A",
        "street": "Quốc lộ 1A",
        "zone": "Quận 12",
        "ward": null,
        "all_routes": "33, 60-1, 61-3",
        "marker_color": "#7CB342"
      }
    },
    {
      "type": "Feature",
      "geometry": {
        "type": "Point",
        "coordinates": [
          106.632347,
          10.852583
        ]
      },
      "properties": {
        "feature_type": "bus_stop",
        "stop_id": 2677,
        "stop_code": "Q12 100",
        "stop_name": "Trường Nguyễn Du",
        "stop_type": "Nhà chờ",
        "route_no": "61-3",
        "display_code": "B 61-3",
        "direction": "Lượt về",
        "address": "Trường Nguyễn Du Quốc lộ 1A",
        "street": "Quốc lộ 1A",
        "zone": "Quận 12",
        "ward": null,
        "all_routes": "33, 60-1, 61-3, 62",
        "marker_color": "#7CB342"
      }
    },
    {
      "type": "Feature",
      "geometry": {
        "type": "Point",
        "coordinates": [
          106.634679,
          10.853806
        ]
      },
      "properties": {
        "feature_type": "bus_stop",
        "stop_id": 2675,
        "stop_code": "Q12 101",
        "stop_name": "Bảo vệ Nam Long Hải",
        "stop_type": "Trụ dừng",
        "route_no": "61-3",
        "display_code": "B 61-3",
        "direction": "Lượt về",
        "address": "103/4B Quốc lộ 1A",
        "street": "Quốc lộ 1A",
        "zone": "Quận 12",
        "ward": null,
        "all_routes": "33, 61-3, 62",
        "marker_color": "#7CB342"
      }
    },
    {
      "type": "Feature",
      "geometry": {
        "type": "Point",
        "coordinates": [
          106.639832,
          10.856667
        ]
      },
      "properties": {
        "feature_type": "bus_stop",
        "stop_id": 2676,
        "stop_code": "Q12 102",
        "stop_name": "Ngã tư Đình",
        "stop_type": "Ô sơn",
        "route_no": "61-3",
        "display_code": "B 61-3",
        "direction": "Lượt về",
        "address": "1781 Quốc lộ 1A",
        "street": "Quốc lộ 1A",
        "zone": "Quận 12",
        "ward": null,
        "all_routes": "33, 60-1, 61-3, 62",
        "marker_color": "#7CB342"
      }
    },
    {
      "type": "Feature",
      "geometry": {
        "type": "Point",
        "coordinates": [
          106.644233,
          10.858953
        ]
      },
      "properties": {
        "feature_type": "bus_stop",
        "stop_id": 2678,
        "stop_code": "Q12 103",
        "stop_name": "Cây xăng Năng lượng",
        "stop_type": "Trụ dừng",
        "route_no": "61-3",
        "display_code": "B 61-3",
        "direction": "Lượt về",
        "address": "Kế cây xăng Năng lượng Quốc lộ 1A",
        "street": "Quốc lộ 1A",
        "zone": "Quận 12",
        "ward": null,
        "all_routes": "33, 60-1, 61-3, 62",
        "marker_color": "#7CB342"
      }
    },
    {
      "type": "Feature",
      "geometry": {
        "type": "Point",
        "coordinates": [
          106.647781,
          10.86097
        ]
      },
      "properties": {
        "feature_type": "bus_stop",
        "stop_id": 2680,
        "stop_code": "Q12 104",
        "stop_name": "Cao su Vina",
        "stop_type": "Trụ dừng",
        "route_no": "61-3",
        "display_code": "B 61-3",
        "direction": "Lượt về",
        "address": "1721 Quốc lộ 1A",
        "street": "Quốc lộ 1A",
        "zone": "Quận 12",
        "ward": null,
        "all_routes": "33, 60-1, 61-3, 62",
        "marker_color": "#7CB342"
      }
    },
    {
      "type": "Feature",
      "geometry": {
        "type": "Point",
        "coordinates": [
          106.651199,
          10.861881
        ]
      },
      "properties": {
        "feature_type": "bus_stop",
        "stop_id": 932,
        "stop_code": "Q12 105",
        "stop_name": "Ngã tư Tân Thới Hiệp",
        "stop_type": "Trụ dừng",
        "route_no": "61-3",
        "display_code": "B 61-3",
        "direction": "Lượt về",
        "address": "79/1 Quốc lộ 1A",
        "street": "Quốc lộ 1A",
        "zone": "Quận 12",
        "ward": null,
        "all_routes": "103, 33, 60-1, 61-3",
        "marker_color": "#7CB342"
      }
    },
    {
      "type": "Feature",
      "geometry": {
        "type": "Point",
        "coordinates": [
          106.654053,
          10.861808
        ]
      },
      "properties": {
        "feature_type": "bus_stop",
        "stop_id": 935,
        "stop_code": "Q12 106",
        "stop_name": "UBND Quận 12",
        "stop_type": "Trụ dừng",
        "route_no": "61-3",
        "display_code": "B 61-3",
        "direction": "Lượt về",
        "address": "1251 Quốc lộ 1A",
        "street": "Quốc lộ 1A",
        "zone": "Quận 12",
        "ward": null,
        "all_routes": "103, 33, 60-1, 61-3",
        "marker_color": "#7CB342"
      }
    },
    {
      "type": "Feature",
      "geometry": {
        "type": "Point",
        "coordinates": [
          106.657127,
          10.861651
        ]
      },
      "properties": {
        "feature_type": "bus_stop",
        "stop_id": 933,
        "stop_code": "Q12 107",
        "stop_name": "Bãi xe Tri Ân",
        "stop_type": "Trụ dừng",
        "route_no": "61-3",
        "display_code": "B 61-3",
        "direction": "Lượt về",
        "address": "1797 Quốc lộ 1A",
        "street": "Quốc lộ 1A",
        "zone": "Quận 12",
        "ward": null,
        "all_routes": "103, 146, 33, 60-1, 61-3",
        "marker_color": "#7CB342"
      }
    },
    {
      "type": "Feature",
      "geometry": {
        "type": "Point",
        "coordinates": [
          106.662247,
          10.861335
        ]
      },
      "properties": {
        "feature_type": "bus_stop",
        "stop_id": 936,
        "stop_code": "Q12 108",
        "stop_name": "Cầu Bến Cát",
        "stop_type": "Trụ dừng",
        "route_no": "61-3",
        "display_code": "B 61-3",
        "direction": "Lượt về",
        "address": "973 Quốc lộ 1A",
        "street": "Quốc lộ 1A",
        "zone": "Quận 12",
        "ward": null,
        "all_routes": "103, 146, 33, 60-1, 61-3",
        "marker_color": "#7CB342"
      }
    },
    {
      "type": "Feature",
      "geometry": {
        "type": "Point",
        "coordinates": [
          106.666458,
          10.861503
        ]
      },
      "properties": {
        "feature_type": "bus_stop",
        "stop_id": 942,
        "stop_code": "Q12 109",
        "stop_name": "Gò Sao",
        "stop_type": "Trụ dừng",
        "route_no": "61-3",
        "display_code": "B 61-3",
        "direction": "Lượt về",
        "address": "109 Quốc lộ 1A",
        "street": "Quốc lộ 1A",
        "zone": "Quận 12",
        "ward": null,
        "all_routes": "103, 146, 33, 60-1, 61-3",
        "marker_color": "#7CB342"
      }
    },
    {
      "type": "Feature",
      "geometry": {
        "type": "Point",
        "coordinates": [
          106.671882,
          10.861577
        ]
      },
      "properties": {
        "feature_type": "bus_stop",
        "stop_id": 937,
        "stop_code": "Q12 110",
        "stop_name": "Cây xăng Thạnh Xuân",
        "stop_type": "Trụ dừng",
        "route_no": "61-3",
        "display_code": "B 61-3",
        "direction": "Lượt về",
        "address": "Cây xăng Thạnh Xuân Quốc lộ 1A",
        "street": "Quốc lộ 1A",
        "zone": "Quận 12",
        "ward": null,
        "all_routes": "103, 161, 32, 33, 59, 60-1, 61-3",
        "marker_color": "#7CB342"
      }
    },
    {
      "type": "Feature",
      "geometry": {
        "type": "Point",
        "coordinates": [
          106.674446,
          10.861619
        ]
      },
      "properties": {
        "feature_type": "bus_stop",
        "stop_id": 938,
        "stop_code": "Q12 111",
        "stop_name": "Cầu Cả Bốn",
        "stop_type": "Trụ dừng",
        "route_no": "61-3",
        "display_code": "B 61-3",
        "direction": "Lượt về",
        "address": "109 Quốc lộ 1A",
        "street": "Quốc lộ 1A",
        "zone": "Quận 12",
        "ward": null,
        "all_routes": "103, 161, 32, 33, 59, 61-3",
        "marker_color": "#7CB342"
      }
    },
    {
      "type": "Feature",
      "geometry": {
        "type": "Point",
        "coordinates": [
          106.678078,
          10.861472
        ]
      },
      "properties": {
        "feature_type": "bus_stop",
        "stop_id": 944,
        "stop_code": "Q12 112",
        "stop_name": "Bến xe Ngã tư Ga",
        "stop_type": "Nhà chờ",
        "route_no": "61-3",
        "display_code": "B 61-3",
        "direction": "Lượt về",
        "address": "Đối diện Bx Ngã tư Ga Quốc lộ 1A",
        "street": "Quốc lộ 1A",
        "zone": "Quận 12",
        "ward": null,
        "all_routes": "103, 161, 32, 33, 59, 60-1, 61-3",
        "marker_color": "#7CB342"
      }
    },
    {
      "type": "Feature",
      "geometry": {
        "type": "Point",
        "coordinates": [
          106.68201,
          10.861171
        ]
      },
      "properties": {
        "feature_type": "bus_stop",
        "stop_id": 2356,
        "stop_code": "Q12 113",
        "stop_name": "Cầu Ga nhỏ",
        "stop_type": "Ô sơn",
        "route_no": "61-3",
        "display_code": "B 61-3",
        "direction": "Lượt về",
        "address": "30 Quốc lộ 1A",
        "street": "Quốc lộ 1A",
        "zone": "Quận 12",
        "ward": null,
        "all_routes": "33, 60-1, 61-3",
        "marker_color": "#7CB342"
      }
    },
    {
      "type": "Feature",
      "geometry": {
        "type": "Point",
        "coordinates": [
          106.686655,
          10.860897
        ]
      },
      "properties": {
        "feature_type": "bus_stop",
        "stop_id": 2359,
        "stop_code": "Q12 114",
        "stop_name": "An Phú Đông",
        "stop_type": "Nhà chờ",
        "route_no": "61-3",
        "display_code": "B 61-3",
        "direction": "Lượt về",
        "address": "365 - 501 Quốc lộ 1A",
        "street": "Quốc lộ 1A",
        "zone": "Quận 12",
        "ward": null,
        "all_routes": "33, 60-1, 61-3",
        "marker_color": "#7CB342"
      }
    },
    {
      "type": "Feature",
      "geometry": {
        "type": "Point",
        "coordinates": [
          106.689178,
          10.86075
        ]
      },
      "properties": {
        "feature_type": "bus_stop",
        "stop_id": 2358,
        "stop_code": "Q12 115",
        "stop_name": "Công ty Vĩnh Hưng",
        "stop_type": "Trụ dừng",
        "route_no": "61-3",
        "display_code": "B 61-3",
        "direction": "Lượt về",
        "address": "273/1B Quốc lộ 1A",
        "street": "Quốc lộ 1A",
        "zone": "Quận 12",
        "ward": null,
        "all_routes": "33, 61-3",
        "marker_color": "#7CB342"
      }
    },
    {
      "type": "Feature",
      "geometry": {
        "type": "Point",
        "coordinates": [
          106.692331,
          10.860386
        ]
      },
      "properties": {
        "feature_type": "bus_stop",
        "stop_id": 2360,
        "stop_code": "Q12 116",
        "stop_name": "Đài liệt sĩ An Phú Đông",
        "stop_type": "Ô sơn",
        "route_no": "61-3",
        "display_code": "B 61-3",
        "direction": "Lượt về",
        "address": "C32/16 Quốc lộ 1A",
        "street": "Quốc lộ 1A",
        "zone": "Quận 12",
        "ward": null,
        "all_routes": "33, 60-1, 61-3",
        "marker_color": "#7CB342"
      }
    },
    {
      "type": "Feature",
      "geometry": {
        "type": "Point",
        "coordinates": [
          106.694514,
          10.860365
        ]
      },
      "properties": {
        "feature_type": "bus_stop",
        "stop_id": 2361,
        "stop_code": "Q12 117",
        "stop_name": "ĐH Nguyễn Tất Thành",
        "stop_type": "Nhà chờ",
        "route_no": "61-3",
        "display_code": "B 61-3",
        "direction": "Lượt về",
        "address": "331 Quốc lộ 1A",
        "street": "Quốc lộ 1A",
        "zone": "Quận 12",
        "ward": null,
        "all_routes": "33, 61-3",
        "marker_color": "#7CB342"
      }
    },
    {
      "type": "Feature",
      "geometry": {
        "type": "Point",
        "coordinates": [
          106.700699,
          10.859675
        ]
      },
      "properties": {
        "feature_type": "bus_stop",
        "stop_id": 2364,
        "stop_code": "Q12 118",
        "stop_name": "Công ty đá Ngọc Ngân",
        "stop_type": "Trụ dừng",
        "route_no": "61-3",
        "display_code": "B 61-3",
        "direction": "Lượt về",
        "address": "1126/3A  Quốc lộ 1A",
        "street": "Quốc lộ 1A",
        "zone": "Quận 12",
        "ward": null,
        "all_routes": "33, 60-1, 61-3",
        "marker_color": "#7CB342"
      }
    },
    {
      "type": "Feature",
      "geometry": {
        "type": "Point",
        "coordinates": [
          106.706048,
          10.859017
        ]
      },
      "properties": {
        "feature_type": "bus_stop",
        "stop_id": 2362,
        "stop_code": "Q12 119",
        "stop_name": "Tu viện Khánh An",
        "stop_type": "Trụ dừng",
        "route_no": "61-3",
        "display_code": "B 61-3",
        "direction": "Lượt về",
        "address": "107 Quốc lộ 1A",
        "street": "Quốc lộ 1A",
        "zone": "Quận 12",
        "ward": null,
        "all_routes": "33, 60-1, 61-3",
        "marker_color": "#7CB342"
      }
    },
    {
      "type": "Feature",
      "geometry": {
        "type": "Point",
        "coordinates": [
          106.708912,
          10.858616
        ]
      },
      "properties": {
        "feature_type": "bus_stop",
        "stop_id": 2363,
        "stop_code": "Q12 120",
        "stop_name": "Bãi đậu xe kho hàng",
        "stop_type": "Nhà chờ",
        "route_no": "61-3",
        "display_code": "B 61-3",
        "direction": "Lượt về",
        "address": "1500/3C Quốc lộ 1A",
        "street": "Quốc lộ 1A",
        "zone": "Quận 12",
        "ward": null,
        "all_routes": "33, 61-3",
        "marker_color": "#7CB342"
      }
    },
    {
      "type": "Feature",
      "geometry": {
        "type": "Point",
        "coordinates": [
          106.713504,
          10.859659
        ]
      },
      "properties": {
        "feature_type": "bus_stop",
        "stop_id": 2368,
        "stop_code": "Q12 121",
        "stop_name": "Aone",
        "stop_type": "Trụ dừng",
        "route_no": "61-3",
        "display_code": "B 61-3",
        "direction": "Lượt về",
        "address": "Aone Quốc lộ 1A",
        "street": "Quốc lộ 1A",
        "zone": "Quận 12",
        "ward": null,
        "all_routes": "33, 60-1, 61-3",
        "marker_color": "#7CB342"
      }
    },
    {
      "type": "Feature",
      "geometry": {
        "type": "Point",
        "coordinates": [
          106.720456,
          10.863258
        ]
      },
      "properties": {
        "feature_type": "bus_stop",
        "stop_id": 2365,
        "stop_code": "QTD 158",
        "stop_name": "Ngã 4 Bình Phước",
        "stop_type": "Trụ dừng",
        "route_no": "61-3",
        "display_code": "B 61-3",
        "direction": "Lượt về",
        "address": "30 (33/8) Quốc lộ 1",
        "street": "Quốc lộ 1",
        "zone": "TP. Thủ Đức - KV3",
        "ward": "Phường Hiệp Bình Phước",
        "all_routes": "33, 60-1, 61-3",
        "marker_color": "#7CB342"
      }
    },
    {
      "type": "Feature",
      "geometry": {
        "type": "Point",
        "coordinates": [
          106.723175,
          10.866679
        ]
      },
      "properties": {
        "feature_type": "bus_stop",
        "stop_id": 3403,
        "stop_code": "QTD 210",
        "stop_name": "Xây dựng Ngọc Đào",
        "stop_type": "Trụ dừng",
        "route_no": "61-3",
        "display_code": "B 61-3",
        "direction": "Lượt về",
        "address": "858 Quốc lộ 13",
        "street": "Quốc lộ 13",
        "zone": "TP. Thủ Đức - KV3",
        "ward": "Phường Hiệp Bình Phước",
        "all_routes": "171, 61-3, 61-8",
        "marker_color": "#7CB342"
      }
    },
    {
      "type": "Feature",
      "geometry": {
        "type": "Point",
        "coordinates": [
          106.717964,
          10.868033
        ]
      },
      "properties": {
        "feature_type": "bus_stop",
        "stop_id": 3405,
        "stop_code": "QTD 211",
        "stop_name": "Cầu Vĩnh Bình",
        "stop_type": "Trụ dừng",
        "route_no": "61-3",
        "display_code": "B 61-3",
        "direction": "Lượt về",
        "address": "922 Quốc lộ 13",
        "street": "Quốc lộ 13",
        "zone": "TP. Thủ Đức - KV3",
        "ward": "Phường Hiệp Bình Phước",
        "all_routes": "171, 61-3, 61-8",
        "marker_color": "#7CB342"
      }
    },
    {
      "type": "Feature",
      "geometry": {
        "type": "Point",
        "coordinates": [
          106.707051,
          10.87048
        ]
      },
      "properties": {
        "feature_type": "bus_stop",
        "stop_id": 9262,
        "stop_code": "BD-0967",
        "stop_name": "Khu phố văn hóa Vĩnh Phú - Gò Đậu -> Cổng chào Bình Dương",
        "stop_type": "Trụ dừng",
        "route_no": "61-3",
        "display_code": "B 61-3",
        "direction": "Lượt về",
        "address": "Khu phố văn hóa Vĩnh Phú - Gò Đậu -> Cổng chào Bình Dương Quốc lộ 13",
        "street": "Quốc lộ 13",
        "zone": "Bình Dương",
        "ward": null,
        "all_routes": "171, 61-3",
        "marker_color": "#7CB342"
      }
    },
    {
      "type": "Feature",
      "geometry": {
        "type": "Point",
        "coordinates": [
          106.701969,
          10.874354
        ]
      },
      "properties": {
        "feature_type": "bus_stop",
        "stop_id": 9559,
        "stop_code": "BD-0986",
        "stop_name": "Vạn Lộc Phát Palace",
        "stop_type": "Ô sơn",
        "route_no": "61-3",
        "display_code": "B 61-3",
        "direction": "Lượt về",
        "address": "Vạn Lộc Phát Palace Quốc lộ 13",
        "street": "Quốc lộ 13",
        "zone": "Bình Dương",
        "ward": null,
        "all_routes": "171, 61-3, 61-8",
        "marker_color": "#7CB342"
      }
    },
    {
      "type": "Feature",
      "geometry": {
        "type": "Point",
        "coordinates": [
          106.699193,
          10.879462
        ]
      },
      "properties": {
        "feature_type": "bus_stop",
        "stop_id": 9560,
        "stop_code": "BD-0987",
        "stop_name": "INOX Sao Phương Nam",
        "stop_type": "Ô sơn",
        "route_no": "61-3",
        "display_code": "B 61-3",
        "direction": "Lượt về",
        "address": "27/2 Quốc lộ 13",
        "street": "Quốc lộ 13",
        "zone": "Bình Dương",
        "ward": null,
        "all_routes": "171, 61-3, 61-8",
        "marker_color": "#7CB342"
      }
    },
    {
      "type": "Feature",
      "geometry": {
        "type": "Point",
        "coordinates": [
          106.698799,
          10.88447
        ]
      },
      "properties": {
        "feature_type": "bus_stop",
        "stop_id": 9561,
        "stop_code": "BD-0988",
        "stop_name": "Gốm sứ Minh Sang",
        "stop_type": "Ô sơn",
        "route_no": "61-3",
        "display_code": "B 61-3",
        "direction": "Lượt về",
        "address": "6/11 Quốc lộ 13",
        "street": "Quốc lộ 13",
        "zone": "Bình Dương",
        "ward": null,
        "all_routes": "171, 61-3, 61-8",
        "marker_color": "#7CB342"
      }
    },
    {
      "type": "Feature",
      "geometry": {
        "type": "Point",
        "coordinates": [
          106.702194,
          10.889505
        ]
      },
      "properties": {
        "feature_type": "bus_stop",
        "stop_id": 9562,
        "stop_code": "BD-0989",
        "stop_name": "Đối diện Công ty Việt Nhật",
        "stop_type": "Ô sơn",
        "route_no": "61-3",
        "display_code": "B 61-3",
        "direction": "Lượt về",
        "address": "40C (cột điện 68) Quốc lộ 13",
        "street": "Quốc lộ 13",
        "zone": "Bình Dương",
        "ward": null,
        "all_routes": "171, 61-3, 61-8",
        "marker_color": "#7CB342"
      }
    },
    {
      "type": "Feature",
      "geometry": {
        "type": "Point",
        "coordinates": [
          106.706862,
          10.894779
        ]
      },
      "properties": {
        "feature_type": "bus_stop",
        "stop_id": 9563,
        "stop_code": "BD-0990",
        "stop_name": "VLXD Quốc tế HUIZHAN",
        "stop_type": "Ô sơn",
        "route_no": "61-3",
        "display_code": "B 61-3",
        "direction": "Lượt về",
        "address": "365 (cột điện 54) Quốc lộ 13",
        "street": "Quốc lộ 13",
        "zone": "Bình Dương",
        "ward": null,
        "all_routes": "171, 61-3, 61-8",
        "marker_color": "#7CB342"
      }
    },
    {
      "type": "Feature",
      "geometry": {
        "type": "Point",
        "coordinates": [
          106.710738,
          10.899588
        ]
      },
      "properties": {
        "feature_type": "bus_stop",
        "stop_id": 9564,
        "stop_code": "BD-0991",
        "stop_name": "VLXD Hùng Cường",
        "stop_type": "Ô sơn",
        "route_no": "61-3",
        "display_code": "B 61-3",
        "direction": "Lượt về",
        "address": "132C Quốc lộ 13",
        "street": "Quốc lộ 13",
        "zone": "Bình Dương",
        "ward": null,
        "all_routes": "171, 61-3, 61-8",
        "marker_color": "#7CB342"
      }
    },
    {
      "type": "Feature",
      "geometry": {
        "type": "Point",
        "coordinates": [
          106.712437,
          10.90253
        ]
      },
      "properties": {
        "feature_type": "bus_stop",
        "stop_id": 9264,
        "stop_code": "BD-0969",
        "stop_name": "Đối diện Lotte  - Cổng chào Bình Dương -> Gò Đậu",
        "stop_type": "Ô sơn",
        "route_no": "61-3",
        "display_code": "B 61-3",
        "direction": "Lượt về",
        "address": "Đối diện Lotte  - Cổng chào Bình Dương -> Gò Đậu Quốc lộ 13",
        "street": "Quốc lộ 13",
        "zone": "Bình Dương",
        "ward": null,
        "all_routes": "171, 61-3",
        "marker_color": "#7CB342"
      }
    },
    {
      "type": "Feature",
      "geometry": {
        "type": "Point",
        "coordinates": [
          106.713651,
          10.919324
        ]
      },
      "properties": {
        "feature_type": "bus_stop",
        "stop_id": 9565,
        "stop_code": "BD-0992",
        "stop_name": "Cửa hàng Apollo Thiên Phú",
        "stop_type": "Ô sơn",
        "route_no": "61-3",
        "display_code": "B 61-3",
        "direction": "Lượt về",
        "address": "Cột điện 45B Quốc lộ 13",
        "street": "Quốc lộ 13",
        "zone": "Bình Dương",
        "ward": null,
        "all_routes": "171, 61-3",
        "marker_color": "#7CB342"
      }
    },
    {
      "type": "Feature",
      "geometry": {
        "type": "Point",
        "coordinates": [
          106.711187,
          10.931216
        ]
      },
      "properties": {
        "feature_type": "bus_stop",
        "stop_id": 8987,
        "stop_code": "BD-0702",
        "stop_name": "Siêu thị Aeon - Cổng chào Bình Dương -> Gò Đậu",
        "stop_type": "Ô sơn",
        "route_no": "61-3",
        "display_code": "B 61-3",
        "direction": "Lượt về",
        "address": "Siêu thị Aeon - Cổng chào Bình Dương -> Gò Đậu Quốc lộ 13",
        "street": "Quốc lộ 13",
        "zone": "Bình Dương",
        "ward": null,
        "all_routes": "171, 61-3",
        "marker_color": "#7CB342"
      }
    },
    {
      "type": "Feature",
      "geometry": {
        "type": "Point",
        "coordinates": [
          106.710355,
          10.934871
        ]
      },
      "properties": {
        "feature_type": "bus_stop",
        "stop_id": 9267,
        "stop_code": "BD-0971",
        "stop_name": "Nước uống thiên nhiên 999 - Cổng chào Bình Dương -> Gò Đậu",
        "stop_type": "Trụ dừng",
        "route_no": "61-3",
        "display_code": "B 61-3",
        "direction": "Lượt về",
        "address": "Nước uống thiên nhiên 999 - Cổng chào Bình Dương -> Gò Đậu Quốc lộ 13",
        "street": "Quốc lộ 13",
        "zone": "Bình Dương",
        "ward": null,
        "all_routes": "171, 61-3",
        "marker_color": "#7CB342"
      }
    },
    {
      "type": "Feature",
      "geometry": {
        "type": "Point",
        "coordinates": [
          106.709556,
          10.937879
        ]
      },
      "properties": {
        "feature_type": "bus_stop",
        "stop_id": 9258,
        "stop_code": "BD-0963",
        "stop_name": "Media - Gò Đậu -> Cổng chào Bình Dương",
        "stop_type": "Trụ dừng",
        "route_no": "61-3",
        "display_code": "B 61-3",
        "direction": "Lượt về",
        "address": "Media - Gò Đậu -> Cổng chào Bình Dương Quốc lộ 13",
        "street": "Quốc lộ 13",
        "zone": "Bình Dương",
        "ward": null,
        "all_routes": "171, 61-3",
        "marker_color": "#7CB342"
      }
    },
    {
      "type": "Feature",
      "geometry": {
        "type": "Point",
        "coordinates": [
          106.708553,
          10.942019
        ]
      },
      "properties": {
        "feature_type": "bus_stop",
        "stop_id": 8983,
        "stop_code": "BD-0698",
        "stop_name": "Gần cây xăng Tín Phong 27/2 QL13 - Gò Đậu -> Cổng chào Bình Dương",
        "stop_type": "Ô sơn",
        "route_no": "61-3",
        "display_code": "B 61-3",
        "direction": "Lượt về",
        "address": "Gần cây xăng Tín Phong 27/2 QL13 - Gò Đậu -> Cổng chào Bình Dương Quốc lộ 13",
        "street": "Quốc lộ 13",
        "zone": "Bình Dương",
        "ward": null,
        "all_routes": "171, 61-3",
        "marker_color": "#7CB342"
      }
    },
    {
      "type": "Feature",
      "geometry": {
        "type": "Point",
        "coordinates": [
          106.707163,
          10.948393
        ]
      },
      "properties": {
        "feature_type": "bus_stop",
        "stop_id": 9566,
        "stop_code": "BD-0993",
        "stop_name": "Trường Cao đẳng nghề Việt Nam Singapore",
        "stop_type": "Ô sơn",
        "route_no": "61-3",
        "display_code": "B 61-3",
        "direction": "Lượt về",
        "address": "Trường Cao đẳng nghề Việt Nam Singapore (Cột điện 115B) Quốc lộ 13",
        "street": "Quốc lộ 13",
        "zone": "Bình Dương",
        "ward": null,
        "all_routes": "171, 61-3",
        "marker_color": "#7CB342"
      }
    },
    {
      "type": "Feature",
      "geometry": {
        "type": "Point",
        "coordinates": [
          106.702738,
          10.95477
        ]
      },
      "properties": {
        "feature_type": "bus_stop",
        "stop_id": 9606,
        "stop_code": "BD-0994",
        "stop_name": "Bưu điện Thuận Giao",
        "stop_type": "Ô sơn",
        "route_no": "61-3",
        "display_code": "B 61-3",
        "direction": "Lượt về",
        "address": "Cột điện 137 Quốc lộ 13",
        "street": "Quốc lộ 13",
        "zone": "Bình Dương",
        "ward": null,
        "all_routes": "171, 61-3",
        "marker_color": "#7CB342"
      }
    },
    {
      "type": "Feature",
      "geometry": {
        "type": "Point",
        "coordinates": [
          106.702244,
          10.955328
        ]
      },
      "properties": {
        "feature_type": "bus_stop",
        "stop_id": 9256,
        "stop_code": "BD-0961",
        "stop_name": "Phụ tùng Ngọc Quang 1/176 - Gò Đậu -> Cổng chào Bình Dương",
        "stop_type": "Trụ dừng",
        "route_no": "61-3",
        "display_code": "B 61-3",
        "direction": "Lượt về",
        "address": "Phụ tùng Ngọc Quang 1/176 - Gò Đậu -> Cổng chào Bình Dương Quốc lộ 13",
        "street": "Quốc lộ 13",
        "zone": "Bình Dương",
        "ward": null,
        "all_routes": "171, 61-3",
        "marker_color": "#7CB342"
      }
    },
    {
      "type": "Feature",
      "geometry": {
        "type": "Point",
        "coordinates": [
          106.69968,
          10.957745
        ]
      },
      "properties": {
        "feature_type": "bus_stop",
        "stop_id": 8982,
        "stop_code": "BD-0697",
        "stop_name": "Nhà sách Nguyễn Văn Cừ số 243/1 QL13 - Gò Đậu -> Cổng chào Bình Dương",
        "stop_type": "Ô sơn",
        "route_no": "61-3",
        "display_code": "B 61-3",
        "direction": "Lượt về",
        "address": "Nhà sách Nguyễn Văn Cừ số 243/1 QL13 - Gò Đậu -> Cổng chào Bình Dương Quốc lộ 13",
        "street": "Quốc lộ 13",
        "zone": "Bình Dương",
        "ward": null,
        "all_routes": "171, 61-3",
        "marker_color": "#7CB342"
      }
    },
    {
      "type": "Feature",
      "geometry": {
        "type": "Point",
        "coordinates": [
          106.692184,
          10.962333
        ]
      },
      "properties": {
        "feature_type": "bus_stop",
        "stop_id": 9568,
        "stop_code": "BD-0995",
        "stop_name": "Đối diện Thiên Hải Auto",
        "stop_type": "Ô sơn",
        "route_no": "61-3",
        "display_code": "B 61-3",
        "direction": "Lượt về",
        "address": "Cột điện 170-VHU-HLA Quốc lộ 13",
        "street": "Quốc lộ 13",
        "zone": "Bình Dương",
        "ward": null,
        "all_routes": "171, 61-3",
        "marker_color": "#7CB342"
      }
    },
    {
      "type": "Feature",
      "geometry": {
        "type": "Point",
        "coordinates": [
          106.688286,
          10.964181
        ]
      },
      "properties": {
        "feature_type": "bus_stop",
        "stop_id": 8988,
        "stop_code": "BD-0703",
        "stop_name": "Đối diện meca mataket ( metro cũ) - Cổng chào Bình Dương -> Gò Đậu",
        "stop_type": "Ô sơn",
        "route_no": "61-3",
        "display_code": "B 61-3",
        "direction": "Lượt về",
        "address": "Đối diện meca mataket ( metro cũ) - Cổng chào Bình Dương -> Gò Đậu Quốc lộ 13",
        "street": "Quốc lộ 13",
        "zone": "Bình Dương",
        "ward": null,
        "all_routes": "171, 61-3",
        "marker_color": "#7CB342"
      }
    },
    {
      "type": "Feature",
      "geometry": {
        "type": "Point",
        "coordinates": [
          106.682734,
          10.966793
        ]
      },
      "properties": {
        "feature_type": "bus_stop",
        "stop_id": 9268,
        "stop_code": "BD-0972",
        "stop_name": "Huyndai BD - Cổng chào Bình Dương -> Gò Đậu",
        "stop_type": "Trụ dừng",
        "route_no": "61-3",
        "display_code": "B 61-3",
        "direction": "Lượt về",
        "address": "Huyndai BD - Cổng chào Bình Dương -> Gò Đậu Quốc lộ 13",
        "street": "Quốc lộ 13",
        "zone": "Bình Dương",
        "ward": null,
        "all_routes": "171, 61-3",
        "marker_color": "#7CB342"
      }
    },
    {
      "type": "Feature",
      "geometry": {
        "type": "Point",
        "coordinates": [
          106.682503,
          10.966935
        ]
      },
      "properties": {
        "feature_type": "bus_stop",
        "stop_id": 9245,
        "stop_code": "BD-0951",
        "stop_name": "Công ty Đại Hồng Phát",
        "stop_type": "Trụ dừng",
        "route_no": "61-3",
        "display_code": "B 61-3",
        "direction": "Lượt về",
        "address": "Công ty Đại Hồng Phát Quốc lộ 13",
        "street": "Quốc lộ 13",
        "zone": "Bình Dương",
        "ward": null,
        "all_routes": "171, 61-3",
        "marker_color": "#7CB342"
      }
    },
    {
      "type": "Feature",
      "geometry": {
        "type": "Point",
        "coordinates": [
          106.682267,
          10.967062
        ]
      },
      "properties": {
        "feature_type": "bus_stop",
        "stop_id": 8980,
        "stop_code": "BD-0695",
        "stop_name": "Công ty TNHH thiết bị kho bãi ( ngã 4 địa chất) 91 QL13 - Gò Đậu -> Cổng chào Bình Dương",
        "stop_type": "Ô sơn",
        "route_no": "61-3",
        "display_code": "B 61-3",
        "direction": "Lượt về",
        "address": "Công ty TNHH thiết bị kho bãi ( ngã 4 địa chất) 91 QL13 - Gò Đậu -> Cổng chào Bình Dương Quốc lộ 13",
        "street": "Quốc lộ 13",
        "zone": "Bình Dương",
        "ward": null,
        "all_routes": "171, 61-3",
        "marker_color": "#7CB342"
      }
    },
    {
      "type": "Feature",
      "geometry": {
        "type": "Point",
        "coordinates": [
          106.679268,
          10.968621
        ]
      },
      "properties": {
        "feature_type": "bus_stop",
        "stop_id": 8935,
        "stop_code": "BD-0650",
        "stop_name": "Sàn gỗ tự nhiên Thịnh Phát",
        "stop_type": "Ô sơn",
        "route_no": "61-3",
        "display_code": "B 61-3",
        "direction": "Lượt về",
        "address": "Sàn gỗ tự nhiên Thịnh Phát Quốc lộ 13",
        "street": "Quốc lộ 13",
        "zone": "Bình Dương",
        "ward": null,
        "all_routes": "171, 61-3",
        "marker_color": "#7CB342"
      }
    },
    {
      "type": "Feature",
      "geometry": {
        "type": "Point",
        "coordinates": [
          106.677357,
          10.969697
        ]
      },
      "properties": {
        "feature_type": "bus_stop",
        "stop_id": 8940,
        "stop_code": "BD-0655",
        "stop_name": "Ngân hàng   techcombank",
        "stop_type": "Ô sơn",
        "route_no": "61-3",
        "display_code": "B 61-3",
        "direction": "Lượt về",
        "address": "Ngân hàng techcombank Đại lộ Bình Dương",
        "street": "Đại lộ Bình Dương",
        "zone": "Bình Dương",
        "ward": null,
        "all_routes": "171, 61-3",
        "marker_color": "#7CB342"
      }
    },
    {
      "type": "Feature",
      "geometry": {
        "type": "Point",
        "coordinates": [
          106.673437,
          10.971749
        ]
      },
      "properties": {
        "feature_type": "bus_stop",
        "stop_id": 9255,
        "stop_code": "BD-0960",
        "stop_name": "Sân banh Gò Đậu - Gò Đậu -> Cổng chào Bình Dương",
        "stop_type": "Trụ dừng",
        "route_no": "61-3",
        "display_code": "B 61-3",
        "direction": "Lượt về",
        "address": "Sân banh Gò Đậu - Gò Đậu -> Cổng chào Bình Dương Quốc lộ 13",
        "street": "Quốc lộ 13",
        "zone": "Bình Dương",
        "ward": null,
        "all_routes": "171, 61-3",
        "marker_color": "#7CB342"
      }
    },
    {
      "type": "Feature",
      "geometry": {
        "type": "Point",
        "coordinates": [
          106.672536,
          10.972218
        ]
      },
      "properties": {
        "feature_type": "bus_stop",
        "stop_id": 8936,
        "stop_code": "BD-0651",
        "stop_name": "Đài truyền hình Bình Dương",
        "stop_type": "Ô sơn",
        "route_no": "61-3",
        "display_code": "B 61-3",
        "direction": "Lượt về",
        "address": "Đài truyền hình Bình Dương Quốc lộ 13",
        "street": "Quốc lộ 13",
        "zone": "Bình Dương",
        "ward": null,
        "all_routes": "171, 61-3",
        "marker_color": "#7CB342"
      }
    },
    {
      "type": "Feature",
      "geometry": {
        "type": "Point",
        "coordinates": [
          106.670938,
          10.971605
        ]
      },
      "properties": {
        "feature_type": "bus_stop",
        "stop_id": 9325,
        "stop_code": "BD-0632",
        "stop_name": "Ô tô Quang công ( cửa hàng vi tính Hiếu nghĩa)",
        "stop_type": "Ô sơn",
        "route_no": "61-3",
        "display_code": "B 61-3",
        "direction": "Lượt về",
        "address": "số 214, đường 30/4, Phường Thủ Dầu Một đường 30/4",
        "street": "đường 30/4",
        "zone": "Bình Dương",
        "ward": null,
        "all_routes": "60-15, 61-3, 61-37, 61-38, 61-39, 61-51, 61-52",
        "marker_color": "#7CB342"
      }
    },
    {
      "type": "Feature",
      "geometry": {
        "type": "Point",
        "coordinates": [
          106.670407,
          10.970443
        ]
      },
      "properties": {
        "feature_type": "bus_stop",
        "stop_id": 8314,
        "stop_code": "BD-0014",
        "stop_name": "Sân vận động Gò Đậu - Bình Dương",
        "stop_type": "Trụ dừng",
        "route_no": "61-3",
        "display_code": "B 61-3",
        "direction": "Lượt về",
        "address": "số 256, đường 30/4, Phường Thủ Dầu Một đường 30/4",
        "street": "đường 30/4",
        "zone": "Bình Dương",
        "ward": null,
        "all_routes": "60-15, 60-18, 61-3, 61-37, 61-38, 61-39, 61-51, 61-52, 61-53",
        "marker_color": "#7CB342"
      }
    },
    {
      "type": "Feature",
      "geometry": {
        "type": "Point",
        "coordinates": [
          106.669003,
          10.96701
        ]
      },
      "properties": {
        "feature_type": "bus_stop",
        "stop_id": 8316,
        "stop_code": "BD-0016",
        "stop_name": "Bến xe khách tỉnh Bình Dương(Trung tâm gdtx bình dương)",
        "stop_type": "Nhà chờ",
        "route_no": "61-3",
        "display_code": "B 61-3",
        "direction": "Lượt về",
        "address": "đường 30/4, Phường Thủ Dầu Một đường 30/4",
        "street": "đường 30/4",
        "zone": "Bình Dương",
        "ward": null,
        "all_routes": "60-15, 60-18, 61-3, 61-37, 61-38, 61-39, 61-51, 61-52, 61-53",
        "marker_color": "#7CB342"
      }
    }
  ]
}