{
  "type": "FeatureCollection",
  "properties": {
    "stt": 3,
    "route_no": "23",
    "display_code": "B 23",
    "route_name": "Bến xe buýt Chợ Lớn - Ngã ba Giồng - Cầu Lớn",
    "start_point": "Bến xe buýt Chợ Lớn",
    "end_point": "Cầu Lớn",
    "listed_length_km": 23,
    "operating_hours": "4:00 - 20:30",
    "color": "#8E24AA",
    "num_variants": 2,
    "total_stops": 118,
    "total_points": 785
  },
  "features": [
    {
      "type": "Feature",
      "geometry": {
        "type": "LineString",
        "coordinates": [
          [
            106.65106964,
            10.75118542
          ],
          [
            106.65092468,
            10.75101185
          ],
          [
            106.65048981,
            10.75108528
          ],
          [
            106.65058136,
            10.75180244
          ],
          [
            106.65058136,
            10.75180244
          ],
          [
            106.65074158,
            10.75327301
          ],
          [
            106.65233612,
            10.75333118
          ],
          [
            106.65233612,
            10.75333118
          ],
          [
            106.65233612,
            10.75333118
          ],
          [
            106.65232849,
            10.75339031
          ],
          [
            106.65300751,
            10.75347042
          ],
          [
            106.65387726,
            10.7535944
          ],
          [
            106.65386963,
            10.75375175
          ],
          [
            106.65380096,
            10.75385761
          ],
          [
            106.65383148,
            10.75460625
          ],
          [
            106.65383148,
            10.75460625
          ],
          [
            106.65383148,
            10.75460625
          ],
          [
            106.65383148,
            10.75460625
          ],
          [
            106.65371704,
            10.75630474
          ],
          [
            106.6536026,
            10.75800228
          ],
          [
            106.6536026,
            10.75800228
          ],
          [
            106.6536026,
            10.75800228
          ],
          [
            106.65344238,
            10.7592907
          ],
          [
            106.65335083,
            10.76012897
          ],
          [
            106.65316772,
            10.76055622
          ],
          [
            106.65386963,
            10.76110935
          ],
          [
            106.65423584,
            10.76156807
          ],
          [
            106.6544342,
            10.76205254
          ],
          [
            106.6544342,
            10.76205254
          ],
          [
            106.6545639,
            10.76246357
          ],
          [
            106.65380096,
            10.76252174
          ],
          [
            106.65380096,
            10.76252174
          ],
          [
            106.65301514,
            10.7626009
          ],
          [
            106.65222931,
            10.76267433
          ],
          [
            106.65125275,
            10.76278496
          ],
          [
            106.65094757,
            10.7629118
          ],
          [
            106.65074921,
            10.76307011
          ],
          [
            106.65074921,
            10.76307011
          ],
          [
            106.65003967,
            10.76341248
          ],
          [
            106.64939117,
            10.76381302
          ],
          [
            106.64939117,
            10.76381302
          ],
          [
            106.64875031,
            10.76412868
          ],
          [
            106.64812469,
            10.7644558
          ],
          [
            106.64751434,
            10.76477718
          ],
          [
            106.64692688,
            10.76511955
          ],
          [
            106.64692688,
            10.76511955
          ],
          [
            106.64514923,
            10.76589966
          ],
          [
            106.64514923,
            10.76589966
          ],
          [
            106.64308167,
            10.76659012
          ],
          [
            106.64308167,
            10.76659012
          ],
          [
            106.64260864,
            10.76674843
          ],
          [
            106.64239502,
            10.76697445
          ],
          [
            106.64202118,
            10.76693821
          ],
          [
            106.64117432,
            10.7671957
          ],
          [
            106.64117432,
            10.7671957
          ],
          [
            106.6410141,
            10.76724911
          ],
          [
            106.64019012,
            10.7677393
          ],
          [
            106.63970184,
            10.76804447
          ],
          [
            106.63925934,
            10.76836109
          ],
          [
            106.63909912,
            10.76842022
          ],
          [
            106.63761139,
            10.76900005
          ],
          [
            106.63768005,
            10.76933956
          ],
          [
            106.63777161,
            10.76963997
          ],
          [
            106.63778687,
            10.76990986
          ],
          [
            106.63777161,
            10.7700901
          ],
          [
            106.63780212,
            10.77020454
          ],
          [
            106.63762665,
            10.77225971
          ],
          [
            106.63762665,
            10.77235985
          ],
          [
            106.63762665,
            10.7729187
          ],
          [
            106.63762665,
            10.7729187
          ],
          [
            106.63759613,
            10.77337742
          ],
          [
            106.63777161,
            10.77347755
          ],
          [
            106.63845062,
            10.77441025
          ],
          [
            106.63880157,
            10.77502728
          ],
          [
            106.63913727,
            10.77567005
          ],
          [
            106.6394577,
            10.77624035
          ],
          [
            106.63960266,
            10.77642918
          ],
          [
            106.63960266,
            10.77642918
          ],
          [
            106.63988495,
            10.77709293
          ],
          [
            106.6400528,
            10.77718258
          ],
          [
            106.64019012,
            10.77715969
          ],
          [
            106.64031219,
            10.7771101
          ],
          [
            106.64108276,
            10.77682972
          ],
          [
            106.64109039,
            10.77686977
          ],
          [
            106.64147949,
            10.77781963
          ],
          [
            106.64148712,
            10.77778912
          ],
          [
            106.64148712,
            10.77778912
          ],
          [
            106.64206696,
            10.77931976
          ],
          [
            106.64221954,
            10.78014946
          ],
          [
            106.64263916,
            10.78085041
          ],
          [
            106.64263916,
            10.78085041
          ],
          [
            106.64276123,
            10.78106117
          ],
          [
            106.64330292,
            10.78136635
          ],
          [
            106.64292145,
            10.78229427
          ],
          [
            106.64269257,
            10.78296375
          ],
          [
            106.64278412,
            10.78299046
          ],
          [
            106.64278412,
            10.78299046
          ],
          [
            106.64272308,
            10.78296852
          ],
          [
            106.64253998,
            10.78356934
          ],
          [
            106.6423645,
            10.78417015
          ],
          [
            106.64215088,
            10.78474426
          ],
          [
            106.64193726,
            10.78531933
          ],
          [
            106.64199066,
            10.78533459
          ],
          [
            106.64199066,
            10.78533459
          ],
          [
            106.64192963,
            10.78530884
          ],
          [
            106.64172363,
            10.7858696
          ],
          [
            106.64151001,
            10.78643131
          ],
          [
            106.64113617,
            10.78728485
          ],
          [
            106.64118195,
            10.78728962
          ],
          [
            106.64118195,
            10.78728962
          ],
          [
            106.64118195,
            10.78728962
          ],
          [
            106.64112091,
            10.78726959
          ],
          [
            106.64024353,
            10.79005623
          ],
          [
            106.64083862,
            10.79020977
          ],
          [
            106.64103699,
            10.79036045
          ],
          [
            106.64128113,
            10.79094028
          ],
          [
            106.64161682,
            10.79183006
          ],
          [
            106.64167786,
            10.79180622
          ],
          [
            106.64167786,
            10.79180622
          ],
          [
            106.64161682,
            10.79183006
          ],
          [
            106.64230347,
            10.79351997
          ],
          [
            106.64234924,
            10.79349518
          ],
          [
            106.64230347,
            10.79351997
          ],
          [
            106.64266968,
            10.79440022
          ],
          [
            106.6428299,
            10.79500008
          ],
          [
            106.64311981,
            10.79601097
          ],
          [
            106.64340973,
            10.7970171
          ],
          [
            106.64344788,
            10.7970171
          ],
          [
            106.64344788,
            10.7970171
          ],
          [
            106.64337158,
            10.79703331
          ],
          [
            106.64375305,
            10.79809761
          ],
          [
            106.64104462,
            10.79957867
          ],
          [
            106.64103699,
            10.79964161
          ],
          [
            106.64103699,
            10.79964161
          ],
          [
            106.64103699,
            10.79964161
          ],
          [
            106.64100647,
            10.79958916
          ],
          [
            106.64019775,
            10.80001545
          ],
          [
            106.63939667,
            10.8004427
          ],
          [
            106.63859558,
            10.80086899
          ],
          [
            106.63779449,
            10.80129623
          ],
          [
            106.63782501,
            10.8013649
          ],
          [
            106.63782501,
            10.8013649
          ],
          [
            106.63782501,
            10.8013649
          ],
          [
            106.63782501,
            10.8013649
          ],
          [
            106.63778687,
            10.80128002
          ],
          [
            106.63672638,
            10.8018446
          ],
          [
            106.63645172,
            10.80234146
          ],
          [
            106.6361084,
            10.80288029
          ],
          [
            106.63582611,
            10.80379581
          ],
          [
            106.63554382,
            10.80471039
          ],
          [
            106.63562775,
            10.80473232
          ],
          [
            106.63562775,
            10.80473232
          ],
          [
            106.63562775,
            10.80473232
          ],
          [
            106.63555145,
            10.80471611
          ],
          [
            106.6353302,
            10.80545139
          ],
          [
            106.63510895,
            10.80618572
          ],
          [
            106.63518524,
            10.80620193
          ],
          [
            106.63518524,
            10.80620193
          ],
          [
            106.63511658,
            10.80618095
          ],
          [
            106.6349411,
            10.80672932
          ],
          [
            106.63486481,
            10.80726147
          ],
          [
            106.63486481,
            10.80756664
          ],
          [
            106.63455963,
            10.80828857
          ],
          [
            106.63463593,
            10.80831432
          ],
          [
            106.63463593,
            10.80831432
          ],
          [
            106.63463593,
            10.80831432
          ],
          [
            106.63453674,
            10.80828857
          ],
          [
            106.63423157,
            10.80925274
          ],
          [
            106.63395691,
            10.81023788
          ],
          [
            106.63365173,
            10.81122112
          ],
          [
            106.63334656,
            10.81220436
          ],
          [
            106.63334656,
            10.81220436
          ],
          [
            106.63334656,
            10.81220436
          ],
          [
            106.63334656,
            10.81220436
          ],
          [
            106.63284302,
            10.81374741
          ],
          [
            106.63240051,
            10.81526852
          ],
          [
            106.63193512,
            10.81680012
          ],
          [
            106.6314621,
            10.81833172
          ],
          [
            106.6314621,
            10.81833172
          ],
          [
            106.6314621,
            10.81833172
          ],
          [
            106.6314621,
            10.81833172
          ],
          [
            106.63121033,
            10.81916523
          ],
          [
            106.63095856,
            10.81999969
          ],
          [
            106.63070679,
            10.82083321
          ],
          [
            106.63045502,
            10.82166672
          ],
          [
            106.6301651,
            10.82242012
          ],
          [
            106.63025665,
            10.82245159
          ],
          [
            106.63025665,
            10.82245159
          ],
          [
            106.63025665,
            10.82245159
          ],
          [
            106.63025665,
            10.82245159
          ],
          [
            106.63014984,
            10.82243061
          ],
          [
            106.62980652,
            10.82309532
          ],
          [
            106.6292572,
            10.82365322
          ],
          [
            106.62804413,
            10.82470703
          ],
          [
            106.62689209,
            10.82580853
          ],
          [
            106.62576294,
            10.82689381
          ],
          [
            106.6258316,
            10.82695675
          ],
          [
            106.6258316,
            10.82695675
          ],
          [
            106.6258316,
            10.82695675
          ],
          [
            106.6258316,
            10.82695675
          ],
          [
            106.62577057,
            10.8269043
          ],
          [
            106.62537384,
            10.82733631
          ],
          [
            106.62499237,
            10.82728386
          ],
          [
            106.62348175,
            10.82757854
          ],
          [
            106.62351227,
            10.82763672
          ],
          [
            106.62351227,
            10.82763672
          ],
          [
            106.62351227,
            10.82763672
          ],
          [
            106.62351227,
            10.82763672
          ],
          [
            106.62349701,
            10.82757854
          ],
          [
            106.62158966,
            10.82798481
          ],
          [
            106.61968231,
            10.82839012
          ],
          [
            106.6197052,
            10.82846928
          ],
          [
            106.6197052,
            10.82846928
          ],
          [
            106.6197052,
            10.82846928
          ],
          [
            106.6197052,
            10.82846928
          ],
          [
            106.61969757,
            10.8283844
          ],
          [
            106.61779785,
            10.82881737
          ],
          [
            106.61601257,
            10.82936001
          ],
          [
            106.61605072,
            10.82941818
          ],
          [
            106.61605072,
            10.82941818
          ],
          [
            106.61605072,
            10.82941818
          ],
          [
            106.61605072,
            10.82941818
          ],
          [
            106.6160202,
            10.82935429
          ],
          [
            106.61516571,
            10.82971287
          ],
          [
            106.61367035,
            10.83048153
          ],
          [
            106.61138153,
            10.83166695
          ],
          [
            106.61143494,
            10.8317461
          ],
          [
            106.61143494,
            10.8317461
          ],
          [
            106.61143494,
            10.8317461
          ],
          [
            106.61143494,
            10.8317461
          ],
          [
            106.61138916,
            10.83166695
          ],
          [
            106.61000061,
            10.83237362
          ],
          [
            106.60782623,
            10.8338747
          ],
          [
            106.60786438,
            10.83392811
          ],
          [
            106.60786438,
            10.83392811
          ],
          [
            106.60786438,
            10.83392811
          ],
          [
            106.60786438,
            10.83392811
          ],
          [
            106.60782623,
            10.83388042
          ],
          [
            106.60703278,
            10.83444405
          ],
          [
            106.60623932,
            10.83500767
          ],
          [
            106.60623932,
            10.83500767
          ],
          [
            106.60623932,
            10.83500767
          ],
          [
            106.60623932,
            10.83500767
          ],
          [
            106.60547638,
            10.83546352
          ],
          [
            106.60471344,
            10.83591938
          ],
          [
            106.60380554,
            10.83647251
          ],
          [
            106.60280609,
            10.83734226
          ],
          [
            106.60280609,
            10.83734226
          ],
          [
            106.60280609,
            10.83734226
          ],
          [
            106.60280609,
            10.83734226
          ],
          [
            106.60197449,
            10.83804035
          ],
          [
            106.60114288,
            10.83873844
          ],
          [
            106.6003952,
            10.83934116
          ],
          [
            106.59964752,
            10.83994484
          ],
          [
            106.5996933,
            10.8399868
          ],
          [
            106.5996933,
            10.8399868
          ],
          [
            106.5996933,
            10.8399868
          ],
          [
            106.5996933,
            10.8399868
          ],
          [
            106.59967041,
            10.83994484
          ],
          [
            106.59893036,
            10.84060287
          ],
          [
            106.59857178,
            10.84083462
          ],
          [
            106.59857178,
            10.84083462
          ],
          [
            106.59857178,
            10.84083462
          ],
          [
            106.59857178,
            10.84083462
          ],
          [
            106.59781647,
            10.84130955
          ],
          [
            106.59729767,
            10.84169865
          ],
          [
            106.5969696,
            10.84210491
          ],
          [
            106.5969696,
            10.84210491
          ],
          [
            106.5969696,
            10.84210491
          ],
          [
            106.5969696,
            10.84210491
          ],
          [
            106.5969696,
            10.84210491
          ],
          [
            106.59590912,
            10.84317398
          ],
          [
            106.594841,
            10.844244
          ],
          [
            106.59361267,
            10.84522629
          ],
          [
            106.59237671,
            10.84620857
          ],
          [
            106.59237671,
            10.84620857
          ],
          [
            106.59237671,
            10.84620857
          ],
          [
            106.59237671,
            10.84620857
          ],
          [
            106.59237671,
            10.84620857
          ],
          [
            106.59237671,
            10.84620857
          ],
          [
            106.59160614,
            10.84679317
          ],
          [
            106.59082794,
            10.84737873
          ],
          [
            106.59009552,
            10.84798145
          ],
          [
            106.58935547,
            10.84858513
          ],
          [
            106.58935547,
            10.84858513
          ],
          [
            106.58935547,
            10.84858513
          ],
          [
            106.58935547,
            10.84858513
          ],
          [
            106.58935547,
            10.84858513
          ],
          [
            106.58842468,
            10.84930706
          ],
          [
            106.5875473,
            10.85004997
          ],
          [
            106.58663177,
            10.85077667
          ],
          [
            106.58579254,
            10.8515358
          ],
          [
            106.58579254,
            10.8515358
          ],
          [
            106.58579254,
            10.8515358
          ],
          [
            106.58579254,
            10.8515358
          ],
          [
            106.58579254,
            10.8515358
          ],
          [
            106.58481598,
            10.85233402
          ],
          [
            106.58384705,
            10.85313225
          ],
          [
            106.582901,
            10.85393524
          ],
          [
            106.58195496,
            10.85473919
          ],
          [
            106.58195496,
            10.85473919
          ],
          [
            106.58195496,
            10.85473919
          ],
          [
            106.58195496,
            10.85473919
          ],
          [
            106.58195496,
            10.85473919
          ],
          [
            106.58022308,
            10.85616112
          ],
          [
            106.57855225,
            10.85759354
          ],
          [
            106.57855225,
            10.85759354
          ],
          [
            106.57855225,
            10.85759354
          ],
          [
            106.57855225,
            10.85759354
          ],
          [
            106.57855225,
            10.85759354
          ],
          [
            106.5777359,
            10.85824203
          ],
          [
            106.57691193,
            10.8589325
          ],
          [
            106.57613373,
            10.85958576
          ],
          [
            106.57536316,
            10.86026001
          ],
          [
            106.57536316,
            10.86026001
          ],
          [
            106.57536316,
            10.86026001
          ],
          [
            106.57536316,
            10.86026001
          ],
          [
            106.57536316,
            10.86026001
          ],
          [
            106.57536316,
            10.86026001
          ],
          [
            106.5743103,
            10.86109257
          ],
          [
            106.5734787,
            10.86186123
          ],
          [
            106.57235718,
            10.86226177
          ],
          [
            106.57118988,
            10.86258888
          ],
          [
            106.57011414,
            10.86292076
          ],
          [
            106.56900024,
            10.86327934
          ],
          [
            106.56900024,
            10.86327934
          ],
          [
            106.56900024,
            10.86327934
          ],
          [
            106.56900024,
            10.86327934
          ],
          [
            106.56900024,
            10.86327934
          ],
          [
            106.56900024,
            10.86327934
          ],
          [
            106.56900024,
            10.86327934
          ],
          [
            106.56834412,
            10.86345291
          ],
          [
            106.56784821,
            10.8636322
          ],
          [
            106.56674957,
            10.86422729
          ],
          [
            106.56563568,
            10.86483765
          ],
          [
            106.56563568,
            10.86483765
          ],
          [
            106.56563568,
            10.86483765
          ],
          [
            106.56563568,
            10.86483765
          ],
          [
            106.56563568,
            10.86483765
          ],
          [
            106.56563568,
            10.86483765
          ],
          [
            106.56563568,
            10.86483765
          ],
          [
            106.56414795,
            10.86550236
          ],
          [
            106.56266785,
            10.86616611
          ],
          [
            106.56266785,
            10.86616611
          ],
          [
            106.56266785,
            10.86616611
          ],
          [
            106.56266785,
            10.86616611
          ],
          [
            106.56266785,
            10.86616611
          ],
          [
            106.56266785,
            10.86616611
          ],
          [
            106.56186676,
            10.8665247
          ],
          [
            106.5610733,
            10.86688232
          ],
          [
            106.56027985,
            10.86724091
          ],
          [
            106.55947876,
            10.86759853
          ],
          [
            106.55947876,
            10.86759853
          ],
          [
            106.55947876,
            10.86759853
          ],
          [
            106.55947876,
            10.86759853
          ],
          [
            106.55866241,
            10.8679781
          ],
          [
            106.5578537,
            10.86835766
          ],
          [
            106.55607605,
            10.86864758
          ],
          [
            106.5542984,
            10.86893654
          ],
          [
            106.55252075,
            10.86923218
          ],
          [
            106.55075073,
            10.86947918
          ],
          [
            106.55075073,
            10.86947918
          ],
          [
            106.54974365,
            10.86961079
          ],
          [
            106.5487442,
            10.86974239
          ],
          [
            106.54773712,
            10.869874
          ],
          [
            106.54673004,
            10.87000561
          ],
          [
            106.54673004,
            10.87000561
          ],
          [
            106.54546356,
            10.87018013
          ],
          [
            106.54420471,
            10.8703537
          ],
          [
            106.54293823,
            10.87052822
          ],
          [
            106.54167938,
            10.87070179
          ],
          [
            106.54167938,
            10.87070179
          ],
          [
            106.5408783,
            10.87083912
          ],
          [
            106.54008484,
            10.87094402
          ],
          [
            106.53932953,
            10.87108135
          ],
          [
            106.53857422,
            10.87122345
          ],
          [
            106.53857422,
            10.87122345
          ],
          [
            106.53781891,
            10.8713789
          ],
          [
            106.53707123,
            10.87153435
          ],
          [
            106.53631592,
            10.8716898
          ],
          [
            106.53556061,
            10.87184525
          ]
        ]
      },
      "properties": {
        "feature_type": "route_path",
        "stt": 3,
        "route_id": 44,
        "route_no": "23",
        "display_code": "B 23",
        "route_name": "Bến xe buýt Chợ Lớn - Ngã ba Giồng - Cầu Lớn",
        "direction": "Lượt đi",
        "outbound": true,
        "start_point": "Bến xe buýt Chợ Lớn",
        "end_point": "Cầu Lớn",
        "start_stop": "Bến xe buýt Chợ Lớn - B",
        "end_stop": "Bến xe buýt Cầu Lớn",
        "distance_km": 23.15,
        "listed_length_km": 23,
        "running_time_min": 75,
        "operating_hours": "4:00 - 20:30",
        "stroke": "#8E24AA",
        "stroke_width": 4,
        "stroke_opacity": 0.85
      }
    },
    {
      "type": "Feature",
      "geometry": {
        "type": "LineString",
        "coordinates": [
          [
            106.53556061,
            10.87184525
          ],
          [
            106.53555298,
            10.87173462
          ],
          [
            106.53604889,
            10.87164974
          ],
          [
            106.5365448,
            10.87156582
          ],
          [
            106.5365448,
            10.87150764
          ],
          [
            106.5365448,
            10.87150764
          ],
          [
            106.53655243,
            10.87156582
          ],
          [
            106.53736115,
            10.87140274
          ],
          [
            106.53816986,
            10.87123871
          ],
          [
            106.53817749,
            10.87117577
          ],
          [
            106.53817749,
            10.87117577
          ],
          [
            106.53822327,
            10.87123394
          ],
          [
            106.54003906,
            10.87089634
          ],
          [
            106.54209137,
            10.87058544
          ],
          [
            106.54210663,
            10.87050056
          ],
          [
            106.54210663,
            10.87050056
          ],
          [
            106.54210663,
            10.87050056
          ],
          [
            106.54216003,
            10.87058544
          ],
          [
            106.54415894,
            10.87030888
          ],
          [
            106.54615784,
            10.87003231
          ],
          [
            106.54620361,
            10.86991119
          ],
          [
            106.54620361,
            10.86991119
          ],
          [
            106.54620361,
            10.86991119
          ],
          [
            106.54620361,
            10.86991119
          ],
          [
            106.54620361,
            10.86991119
          ],
          [
            106.54627991,
            10.87001705
          ],
          [
            106.54863739,
            10.86967754
          ],
          [
            106.55099487,
            10.86933708
          ],
          [
            106.55101013,
            10.86919498
          ],
          [
            106.55101013,
            10.86919498
          ],
          [
            106.55101013,
            10.86919498
          ],
          [
            106.55101013,
            10.86919498
          ],
          [
            106.55101013,
            10.86919498
          ],
          [
            106.55110931,
            10.86932182
          ],
          [
            106.55455017,
            10.86877155
          ],
          [
            106.5579834,
            10.86822033
          ],
          [
            106.55912781,
            10.86763573
          ],
          [
            106.55912781,
            10.86763573
          ],
          [
            106.55912781,
            10.86763573
          ],
          [
            106.55912781,
            10.86763573
          ],
          [
            106.55998993,
            10.86726189
          ],
          [
            106.56085205,
            10.86688709
          ],
          [
            106.56167603,
            10.86649799
          ],
          [
            106.5625,
            10.86610794
          ],
          [
            106.5625,
            10.86610794
          ],
          [
            106.5625,
            10.86610794
          ],
          [
            106.56258392,
            10.86613941
          ],
          [
            106.56421661,
            10.86541748
          ],
          [
            106.56581879,
            10.86468029
          ],
          [
            106.56581879,
            10.86461163
          ],
          [
            106.56581879,
            10.86461163
          ],
          [
            106.56581879,
            10.86461163
          ],
          [
            106.56586456,
            10.86465931
          ],
          [
            106.5668869,
            10.86410332
          ],
          [
            106.56790161,
            10.86354733
          ],
          [
            106.56787872,
            10.86349487
          ],
          [
            106.56787872,
            10.86349487
          ],
          [
            106.56787872,
            10.86349487
          ],
          [
            106.56789398,
            10.86354733
          ],
          [
            106.56880188,
            10.8632679
          ],
          [
            106.56970215,
            10.86298943
          ],
          [
            106.56968689,
            10.86293602
          ],
          [
            106.56968689,
            10.86293602
          ],
          [
            106.56968689,
            10.86293602
          ],
          [
            106.56968689,
            10.86298943
          ],
          [
            106.57099915,
            10.86260223
          ],
          [
            106.57231903,
            10.86221504
          ],
          [
            106.57327271,
            10.86187744
          ],
          [
            106.57365417,
            10.86162949
          ],
          [
            106.57474518,
            10.86067104
          ],
          [
            106.57471466,
            10.86064529
          ],
          [
            106.57471466,
            10.86064529
          ],
          [
            106.57471466,
            10.86064529
          ],
          [
            106.57479858,
            10.86066055
          ],
          [
            106.57678223,
            10.85899353
          ],
          [
            106.57875824,
            10.85732555
          ],
          [
            106.57872009,
            10.8572731
          ],
          [
            106.57872009,
            10.8572731
          ],
          [
            106.57872009,
            10.8572731
          ],
          [
            106.57872009,
            10.8572731
          ],
          [
            106.57878876,
            10.85731983
          ],
          [
            106.58049774,
            10.85589218
          ],
          [
            106.5821991,
            10.85446453
          ],
          [
            106.5821228,
            10.85441685
          ],
          [
            106.5821228,
            10.85441685
          ],
          [
            106.5821228,
            10.85441685
          ],
          [
            106.5821228,
            10.85441685
          ],
          [
            106.58224487,
            10.85442257
          ],
          [
            106.58422852,
            10.85275269
          ],
          [
            106.58621216,
            10.8510828
          ],
          [
            106.58616638,
            10.85096741
          ],
          [
            106.58616638,
            10.85096741
          ],
          [
            106.58616638,
            10.85096741
          ],
          [
            106.58616638,
            10.85096741
          ],
          [
            106.58625793,
            10.85103512
          ],
          [
            106.58755493,
            10.84995556
          ],
          [
            106.58885956,
            10.84887505
          ],
          [
            106.58880615,
            10.8487854
          ],
          [
            106.58880615,
            10.8487854
          ],
          [
            106.58880615,
            10.8487854
          ],
          [
            106.58880615,
            10.8487854
          ],
          [
            106.58888245,
            10.84884834
          ],
          [
            106.59111023,
            10.84710979
          ],
          [
            106.59333801,
            10.84537125
          ],
          [
            106.59329224,
            10.84527588
          ],
          [
            106.59329224,
            10.84527588
          ],
          [
            106.59329224,
            10.84527588
          ],
          [
            106.59329224,
            10.84527588
          ],
          [
            106.59341431,
            10.84531879
          ],
          [
            106.59469604,
            10.84431744
          ],
          [
            106.59571838,
            10.84327412
          ],
          [
            106.59674072,
            10.8422308
          ],
          [
            106.59674835,
            10.84212112
          ],
          [
            106.59674835,
            10.84212112
          ],
          [
            106.59674835,
            10.84212112
          ],
          [
            106.59680939,
            10.84214687
          ],
          [
            106.59734344,
            10.84156704
          ],
          [
            106.59803772,
            10.84105587
          ],
          [
            106.59802246,
            10.84103012
          ],
          [
            106.59802246,
            10.84103012
          ],
          [
            106.59802246,
            10.84103012
          ],
          [
            106.59811401,
            10.84105587
          ],
          [
            106.59897614,
            10.84050846
          ],
          [
            106.60002136,
            10.83957577
          ],
          [
            106.59996033,
            10.83950233
          ],
          [
            106.59996033,
            10.83950233
          ],
          [
            106.59996033,
            10.83950233
          ],
          [
            106.59996033,
            10.83950233
          ],
          [
            106.60007477,
            10.83958149
          ],
          [
            106.60137939,
            10.83848286
          ],
          [
            106.60268402,
            10.83738422
          ],
          [
            106.60263824,
            10.83732605
          ],
          [
            106.60263824,
            10.83732605
          ],
          [
            106.60263824,
            10.83732605
          ],
          [
            106.60263824,
            10.83732605
          ],
          [
            106.60269928,
            10.83735752
          ],
          [
            106.60335541,
            10.83681297
          ],
          [
            106.60401154,
            10.83626747
          ],
          [
            106.6047821,
            10.83581924
          ],
          [
            106.60555267,
            10.83537102
          ],
          [
            106.60549927,
            10.83525467
          ],
          [
            106.60549927,
            10.83525467
          ],
          [
            106.60549927,
            10.83525467
          ],
          [
            106.60549927,
            10.83525467
          ],
          [
            106.60559082,
            10.83535576
          ],
          [
            106.60605621,
            10.83507061
          ],
          [
            106.60678101,
            10.83457565
          ],
          [
            106.6075058,
            10.8340807
          ],
          [
            106.60836792,
            10.83347416
          ],
          [
            106.60835266,
            10.83341694
          ],
          [
            106.60835266,
            10.83341694
          ],
          [
            106.60835266,
            10.83341694
          ],
          [
            106.60835266,
            10.83341694
          ],
          [
            106.6084137,
            10.83344841
          ],
          [
            106.60926819,
            10.83286858
          ],
          [
            106.61012268,
            10.83228874
          ],
          [
            106.61133575,
            10.83166504
          ],
          [
            106.6125412,
            10.83104038
          ],
          [
            106.61253357,
            10.83097744
          ],
          [
            106.61253357,
            10.83097744
          ],
          [
            106.61253357,
            10.83097744
          ],
          [
            106.61253357,
            10.83097744
          ],
          [
            106.61257935,
            10.83102417
          ],
          [
            106.61335754,
            10.83062935
          ],
          [
            106.61412811,
            10.83023453
          ],
          [
            106.61486053,
            10.82986546
          ],
          [
            106.61559296,
            10.82949638
          ],
          [
            106.61560059,
            10.82942772
          ],
          [
            106.61560059,
            10.82942772
          ],
          [
            106.61560059,
            10.82942772
          ],
          [
            106.61564636,
            10.82947063
          ],
          [
            106.61608887,
            10.8293066
          ],
          [
            106.61730957,
            10.82895947
          ],
          [
            106.6185379,
            10.82863235
          ],
          [
            106.61854553,
            10.82856941
          ],
          [
            106.61854553,
            10.82856941
          ],
          [
            106.61854553,
            10.82856941
          ],
          [
            106.61865234,
            10.82859516
          ],
          [
            106.62127686,
            10.82802677
          ],
          [
            106.62390137,
            10.82745743
          ],
          [
            106.6239624,
            10.827384
          ],
          [
            106.6239624,
            10.827384
          ],
          [
            106.62410736,
            10.82740021
          ],
          [
            106.62487793,
            10.82723045
          ],
          [
            106.62512207,
            10.82730007
          ],
          [
            106.62560272,
            10.82676029
          ],
          [
            106.62599182,
            10.82637978
          ],
          [
            106.62586212,
            10.82623959
          ],
          [
            106.62586212,
            10.82623959
          ],
          [
            106.62600708,
            10.82635117
          ],
          [
            106.62802124,
            10.82440186
          ],
          [
            106.62945557,
            10.82314205
          ],
          [
            106.62996674,
            10.82238388
          ],
          [
            106.62982178,
            10.82231522
          ],
          [
            106.62982178,
            10.82231522
          ],
          [
            106.62982178,
            10.82231522
          ],
          [
            106.62982178,
            10.82231522
          ],
          [
            106.62982178,
            10.82231522
          ],
          [
            106.62997437,
            10.8223362
          ],
          [
            106.63045502,
            10.82090855
          ],
          [
            106.63089752,
            10.81946945
          ],
          [
            106.63061523,
            10.81938553
          ],
          [
            106.63061523,
            10.81938553
          ],
          [
            106.63061523,
            10.81938553
          ],
          [
            106.63061523,
            10.81938553
          ],
          [
            106.63061523,
            10.81938553
          ],
          [
            106.63061523,
            10.81938553
          ],
          [
            106.63061523,
            10.81938553
          ],
          [
            106.63082886,
            10.81943798
          ],
          [
            106.63152313,
            10.8171196
          ],
          [
            106.63146973,
            10.81711388
          ],
          [
            106.63146973,
            10.81711388
          ],
          [
            106.63146973,
            10.81711388
          ],
          [
            106.63146973,
            10.81711388
          ],
          [
            106.63237762,
            10.81445503
          ],
          [
            106.63259888,
            10.81373405
          ],
          [
            106.63282013,
            10.81301308
          ],
          [
            106.63304138,
            10.8122921
          ],
          [
            106.633255,
            10.81157112
          ],
          [
            106.63346863,
            10.81084919
          ],
          [
            106.63368988,
            10.81012726
          ],
          [
            106.63394165,
            10.80940533
          ],
          [
            106.63414001,
            10.80870533
          ],
          [
            106.63401794,
            10.80868912
          ],
          [
            106.63401794,
            10.80868912
          ],
          [
            106.63414001,
            10.80871582
          ],
          [
            106.63453674,
            10.80748463
          ],
          [
            106.63493346999999,
            10.80625439
          ],
          [
            106.63477325,
            10.80621243
          ],
          [
            106.63477325,
            10.80621243
          ],
          [
            106.63495636,
            10.80626011
          ],
          [
            106.63519287,
            10.80554581
          ],
          [
            106.63542938,
            10.8048315
          ],
          [
            106.63526917,
            10.80480003
          ],
          [
            106.63526917,
            10.80480003
          ],
          [
            106.63526917,
            10.80480003
          ],
          [
            106.63539886,
            10.80484772
          ],
          [
            106.63565826,
            10.80397797
          ],
          [
            106.63605499,
            10.80287743
          ],
          [
            106.63674164,
            10.80177593
          ],
          [
            106.63751984,
            10.80127525
          ],
          [
            106.63751984,
            10.80127525
          ],
          [
            106.63751984,
            10.80127525
          ],
          [
            106.63751984,
            10.80127525
          ],
          [
            106.63762665,
            10.80129623
          ],
          [
            106.63925171,
            10.80043316
          ],
          [
            106.64086914,
            10.79957008
          ],
          [
            106.6415863,
            10.79918957
          ],
          [
            106.64155579,
            10.79911518
          ],
          [
            106.64155579,
            10.79911518
          ],
          [
            106.64155579,
            10.79911518
          ],
          [
            106.64163971,
            10.79915142
          ],
          [
            106.64372253,
            10.79803944
          ],
          [
            106.64350128,
            10.7973814
          ],
          [
            106.64343262,
            10.7973814
          ],
          [
            106.64343262,
            10.7973814
          ],
          [
            106.64346313,
            10.79729176
          ],
          [
            106.64295959,
            10.79557896
          ],
          [
            106.6428299,
            10.79500008
          ],
          [
            106.64265442,
            10.79441929
          ],
          [
            106.64248657,
            10.79398251
          ],
          [
            106.64243317,
            10.79397202
          ],
          [
            106.64243317,
            10.79397202
          ],
          [
            106.64247894,
            10.79395008
          ],
          [
            106.6421051,
            10.79302502
          ],
          [
            106.64173126,
            10.79209995
          ],
          [
            106.6415329,
            10.79158974
          ],
          [
            106.64147186,
            10.79160786
          ],
          [
            106.64147186,
            10.79160786
          ],
          [
            106.64110565,
            10.79062557
          ],
          [
            106.64093781,
            10.79029846
          ],
          [
            106.64076233,
            10.79021454
          ],
          [
            106.64012909,
            10.79002476
          ],
          [
            106.64030457,
            10.78948212
          ],
          [
            106.64025116,
            10.7894659
          ],
          [
            106.64025116,
            10.7894659
          ],
          [
            106.64032745,
            10.78948689
          ],
          [
            106.64080048,
            10.78805447
          ],
          [
            106.64129639,
            10.78662586
          ],
          [
            106.64123535,
            10.78660488
          ],
          [
            106.64123535,
            10.78660488
          ],
          [
            106.64123535,
            10.78660488
          ],
          [
            106.64130402,
            10.78663158
          ],
          [
            106.64152527,
            10.78606701
          ],
          [
            106.64174652,
            10.78550911
          ],
          [
            106.64206696,
            10.78462315
          ],
          [
            106.64239502,
            10.78373814
          ],
          [
            106.64233398,
            10.78371239
          ],
          [
            106.64233398,
            10.78371239
          ],
          [
            106.64233398,
            10.78371239
          ],
          [
            106.64233398,
            10.78371239
          ],
          [
            106.64239502,
            10.78374386
          ],
          [
            106.64286804,
            10.78224182
          ],
          [
            106.64311981,
            10.78165627
          ],
          [
            106.64324188,
            10.78138828
          ],
          [
            106.6428299,
            10.7811718
          ],
          [
            106.6428299,
            10.7811718
          ],
          [
            106.6428299,
            10.7811718
          ],
          [
            106.6428299,
            10.7811718
          ],
          [
            106.64271545,
            10.78109837
          ],
          [
            106.64247894,
            10.78072357
          ],
          [
            106.6422348,
            10.78018665
          ],
          [
            106.64207458,
            10.77953339
          ],
          [
            106.64148712,
            10.77792072
          ],
          [
            106.64144135,
            10.77794075
          ],
          [
            106.64144135,
            10.77794075
          ],
          [
            106.64144135,
            10.77794075
          ],
          [
            106.64102173,
            10.77685547
          ],
          [
            106.64015961,
            10.77722454
          ],
          [
            106.63999176,
            10.77721977
          ],
          [
            106.63985443,
            10.77709866
          ],
          [
            106.6394043,
            10.77627087
          ],
          [
            106.6394043,
            10.77627087
          ],
          [
            106.63865662,
            10.77481079
          ],
          [
            106.63822174,
            10.77413177
          ],
          [
            106.63776398,
            10.77353573
          ],
          [
            106.63755035,
            10.77340412
          ],
          [
            106.6375351,
            10.77271938
          ],
          [
            106.6374588,
            10.77271938
          ],
          [
            106.63750458,
            10.77267742
          ],
          [
            106.63750458,
            10.77267742
          ],
          [
            106.63755035,
            10.77268219
          ],
          [
            106.6377182,
            10.77053165
          ],
          [
            106.63770294,
            10.77037907
          ],
          [
            106.63770294,
            10.77037907
          ],
          [
            106.63770294,
            10.77037907
          ],
          [
            106.63773346,
            10.7703104
          ],
          [
            106.63778687,
            10.76975727
          ],
          [
            106.6375885,
            10.76899815
          ],
          [
            106.63787079,
            10.76887703
          ],
          [
            106.63786316,
            10.76881409
          ],
          [
            106.63786316,
            10.76881409
          ],
          [
            106.63787842,
            10.76888752
          ],
          [
            106.63911438,
            10.76839733
          ],
          [
            106.63980865,
            10.76793957
          ],
          [
            106.63977814,
            10.76792908
          ],
          [
            106.63977814,
            10.76792908
          ],
          [
            106.63977051,
            10.76797104
          ],
          [
            106.64105988,
            10.76719093
          ],
          [
            106.6415863,
            10.76701736
          ],
          [
            106.64157104,
            10.76698017
          ],
          [
            106.64157104,
            10.76698017
          ],
          [
            106.6415863,
            10.76701736
          ],
          [
            106.6421051,
            10.76681709
          ],
          [
            106.64219666,
            10.76670647
          ],
          [
            106.64237976,
            10.76664257
          ],
          [
            106.64250946,
            10.76670074
          ],
          [
            106.64339447,
            10.76642132
          ],
          [
            106.64334869,
            10.76634216
          ],
          [
            106.64334869,
            10.76634216
          ],
          [
            106.64335632,
            10.76641655
          ],
          [
            106.64427948,
            10.76610279
          ],
          [
            106.64519501,
            10.76578903
          ],
          [
            106.64515686,
            10.76573658
          ],
          [
            106.64515686,
            10.76573658
          ],
          [
            106.64516449,
            10.76579475
          ],
          [
            106.64603424,
            10.76549911
          ],
          [
            106.64642334,
            10.76528358
          ],
          [
            106.64675903,
            10.76510429
          ],
          [
            106.6467514,
            10.76505661
          ],
          [
            106.6467514,
            10.76505661
          ],
          [
            106.64678192,
            10.76509857
          ],
          [
            106.64763641,
            10.76467705
          ],
          [
            106.64849091,
            10.76421833
          ],
          [
            106.6493454,
            10.76373863
          ],
          [
            106.65016937,
            10.76330662
          ],
          [
            106.65016937,
            10.76323795
          ],
          [
            106.65016937,
            10.76323795
          ],
          [
            106.65020752,
            10.76329136
          ],
          [
            106.65123749,
            10.76275349
          ],
          [
            106.65221405,
            10.76266956
          ],
          [
            106.6521759,
            10.76212597
          ],
          [
            106.65231323,
            10.7615099
          ],
          [
            106.65268707,
            10.76095104
          ],
          [
            106.6526413,
            10.76090431
          ],
          [
            106.6526413,
            10.76090431
          ],
          [
            106.65271759,
            10.76093006
          ],
          [
            106.65325928,
            10.76031303
          ],
          [
            106.65332794,
            10.76012421
          ],
          [
            106.65344238,
            10.75913811
          ],
          [
            106.65354919,
            10.75807953
          ],
          [
            106.65349579,
            10.75806808
          ],
          [
            106.65349579,
            10.75806808
          ],
          [
            106.65349579,
            10.75806808
          ],
          [
            106.65349579,
            10.75806808
          ],
          [
            106.65356445,
            10.75805283
          ],
          [
            106.65367126,
            10.75682449
          ],
          [
            106.65375519,
            10.75531769
          ],
          [
            106.65369415,
            10.75520134
          ],
          [
            106.65369415,
            10.75520134
          ],
          [
            106.65369415,
            10.75520134
          ],
          [
            106.65376282,
            10.75521755
          ],
          [
            106.65379333,
            10.75379944
          ],
          [
            106.65260315,
            10.75360966
          ],
          [
            106.65255737,
            10.75365734
          ],
          [
            106.65255737,
            10.75365734
          ],
          [
            106.65257263,
            10.75360012
          ],
          [
            106.6517868,
            10.75351048
          ],
          [
            106.65180206,
            10.75300026
          ],
          [
            106.65177917,
            10.75182343
          ],
          [
            106.65175629,
            10.75149632
          ],
          [
            106.65193939,
            10.7510004
          ],
          [
            106.65258026,
            10.75104046
          ],
          [
            106.652565,
            10.75125313
          ]
        ]
      },
      "properties": {
        "feature_type": "route_path",
        "stt": 3,
        "route_id": 44,
        "route_no": "23",
        "display_code": "B 23",
        "route_name": "Bến xe buýt Chợ Lớn - Ngã ba Giồng - Cầu Lớn",
        "direction": "Lượt về",
        "outbound": false,
        "start_point": "Bến xe buýt Chợ Lớn",
        "end_point": "Cầu Lớn",
        "start_stop": "Bến xe buýt Cầu Lớn",
        "end_stop": "Bến xe buýt Chợ Lớn - B",
        "distance_km": 22.94,
        "listed_length_km": 23,
        "running_time_min": 75,
        "operating_hours": "4:00 - 20:30",
        "stroke": "#8E24AA",
        "stroke_width": 4,
        "stroke_opacity": 0.85
      }
    },
    {
      "type": "Feature",
      "geometry": {
        "type": "Point",
        "coordinates": [
          106.65107,
          10.751185
        ]
      },
      "properties": {
        "feature_type": "bus_stop",
        "stop_id": 278,
        "stop_code": "BX84",
        "stop_name": "Bến xe buýt Chợ Lớn - B",
        "stop_type": "Bến xe",
        "route_no": "23",
        "display_code": "B 23",
        "direction": "Lượt đi",
        "address": "BẾN XE BUÝT CHỢ LỚN B Lê Quang Sung",
        "street": "Lê Quang Sung",
        "zone": "Quận 6",
        "ward": null,
        "all_routes": "101, 145, 23, 61, 62-2, 68, 84",
        "marker_color": "#8E24AA"
      }
    },
    {
      "type": "Feature",
      "geometry": {
        "type": "Point",
        "coordinates": [
          106.650585,
          10.751802
        ]
      },
      "properties": {
        "feature_type": "bus_stop",
        "stop_id": 4774,
        "stop_code": "Q6 063",
        "stop_name": "Nguyễn Thị Nhỏ",
        "stop_type": "Biển treo",
        "route_no": "23",
        "display_code": "B 23",
        "direction": "Lượt đi",
        "address": "14-16 Nguyễn Thị Nhỏ",
        "street": "Nguyễn Thị Nhỏ",
        "zone": "Quận 6",
        "ward": "Phường 01",
        "all_routes": "103, 23, 94",
        "marker_color": "#8E24AA"
      }
    },
    {
      "type": "Feature",
      "geometry": {
        "type": "Point",
        "coordinates": [
          106.65221,
          10.753299
        ]
      },
      "properties": {
        "feature_type": "bus_stop",
        "stop_id": 464,
        "stop_code": "Q5 023",
        "stop_name": "Bến xe Chợ Lớn",
        "stop_type": "Trụ dừng",
        "route_no": "23",
        "display_code": "B 23",
        "direction": "Lượt đi",
        "address": "555 Hồng Bàng",
        "street": "Hồng Bàng",
        "zone": "Quận 5",
        "ward": null,
        "all_routes": "06, 09, 103, 139, 23, 62-1, 62-10, 62-7, 63-1, 68, 81, 94",
        "marker_color": "#8E24AA"
      }
    },
    {
      "type": "Feature",
      "geometry": {
        "type": "Point",
        "coordinates": [
          106.65383,
          10.754606
        ]
      },
      "properties": {
        "feature_type": "bus_stop",
        "stop_id": 897,
        "stop_code": "Q5 079",
        "stop_name": "Tạ Uyên",
        "stop_type": "Trụ dừng",
        "route_no": "23",
        "display_code": "B 23",
        "direction": "Lượt đi",
        "address": "20-22 Tạ Uyên",
        "street": "Tạ Uyên",
        "zone": "Quận 5",
        "ward": null,
        "all_routes": "05, 103, 23, 94",
        "marker_color": "#8E24AA"
      }
    },
    {
      "type": "Feature",
      "geometry": {
        "type": "Point",
        "coordinates": [
          106.653603,
          10.758002
        ]
      },
      "properties": {
        "feature_type": "bus_stop",
        "stop_id": 896,
        "stop_code": "Q11 082",
        "stop_name": "Trạm Trần Quý - Tạ Uyên",
        "stop_type": "Trụ dừng",
        "route_no": "23",
        "display_code": "B 23",
        "direction": "Lượt đi",
        "address": "114 Tạ Uyên",
        "street": "Tạ Uyên",
        "zone": "Quận 11",
        "ward": null,
        "all_routes": "103, 23",
        "marker_color": "#8E24AA"
      }
    },
    {
      "type": "Feature",
      "geometry": {
        "type": "Point",
        "coordinates": [
          106.654437,
          10.762053
        ]
      },
      "properties": {
        "feature_type": "bus_stop",
        "stop_id": 102,
        "stop_code": "Q11 099",
        "stop_name": "Chung cư Tuệ Tĩnh",
        "stop_type": "Trụ dừng",
        "route_no": "23",
        "display_code": "B 23",
        "direction": "Lượt đi",
        "address": "Chung cư Tuệ Tĩnh Tuệ Tĩnh",
        "street": "Tuệ Tĩnh",
        "zone": "Quận 11",
        "ward": null,
        "all_routes": "23",
        "marker_color": "#8E24AA"
      }
    },
    {
      "type": "Feature",
      "geometry": {
        "type": "Point",
        "coordinates": [
          106.653798,
          10.762522
        ]
      },
      "properties": {
        "feature_type": "bus_stop",
        "stop_id": 1023,
        "stop_code": "Q11 034",
        "stop_name": "Chợ Phú Thọ",
        "stop_type": "Trụ dừng",
        "route_no": "23",
        "display_code": "B 23",
        "direction": "Lượt đi",
        "address": "134 Lãnh Binh Thăng",
        "street": "Lãnh Binh Thăng",
        "zone": "Quận 11",
        "ward": null,
        "all_routes": "23, 62",
        "marker_color": "#8E24AA"
      }
    },
    {
      "type": "Feature",
      "geometry": {
        "type": "Point",
        "coordinates": [
          106.650746,
          10.76307
        ]
      },
      "properties": {
        "feature_type": "bus_stop",
        "stop_id": 1018,
        "stop_code": "Q11 035",
        "stop_name": "Công viên Lãnh Binh Thăng",
        "stop_type": "Nhà chờ",
        "route_no": "23",
        "display_code": "B 23",
        "direction": "Lượt đi",
        "address": "Đối diện Trường mầm non (278) Lãnh Binh Thăng",
        "street": "Lãnh Binh Thăng",
        "zone": "Quận 11",
        "ward": null,
        "all_routes": "23, 62",
        "marker_color": "#8E24AA"
      }
    },
    {
      "type": "Feature",
      "geometry": {
        "type": "Point",
        "coordinates": [
          106.649389,
          10.763813
        ]
      },
      "properties": {
        "feature_type": "bus_stop",
        "stop_id": 1024,
        "stop_code": "Q11 036",
        "stop_name": "Nhà văn hóa Quận 11",
        "stop_type": "Trụ dừng",
        "route_no": "23",
        "display_code": "B 23",
        "direction": "Lượt đi",
        "address": "284 Lãnh Binh Thăng",
        "street": "Lãnh Binh Thăng",
        "zone": "Quận 11",
        "ward": null,
        "all_routes": "23, 62",
        "marker_color": "#8E24AA"
      }
    },
    {
      "type": "Feature",
      "geometry": {
        "type": "Point",
        "coordinates": [
          106.646926,
          10.76512
        ]
      },
      "properties": {
        "feature_type": "bus_stop",
        "stop_id": 1027,
        "stop_code": "Q11 037",
        "stop_name": "Chợ Lãnh Binh Thăng",
        "stop_type": "Trụ dừng",
        "route_no": "23",
        "display_code": "B 23",
        "direction": "Lượt đi",
        "address": "308-310 Lãnh Binh Thăng",
        "street": "Lãnh Binh Thăng",
        "zone": "Quận 11",
        "ward": null,
        "all_routes": "23, 62",
        "marker_color": "#8E24AA"
      }
    },
    {
      "type": "Feature",
      "geometry": {
        "type": "Point",
        "coordinates": [
          106.645151,
          10.7659
        ]
      },
      "properties": {
        "feature_type": "bus_stop",
        "stop_id": 4201,
        "stop_code": "Q11T042",
        "stop_name": "42, Ông Ích Khiêm",
        "stop_type": "Ô sơn",
        "route_no": "23",
        "display_code": "B 23",
        "direction": "Lượt đi",
        "address": "42 Ông Ích Khiêm",
        "street": "Ông Ích Khiêm",
        "zone": "Quận 11",
        "ward": null,
        "all_routes": "23",
        "marker_color": "#8E24AA"
      }
    },
    {
      "type": "Feature",
      "geometry": {
        "type": "Point",
        "coordinates": [
          106.643082,
          10.76659
        ]
      },
      "properties": {
        "feature_type": "bus_stop",
        "stop_id": 1020,
        "stop_code": "Q11 040",
        "stop_name": "Tòa án nhân dân Quận 11",
        "stop_type": "Trụ dừng",
        "route_no": "23",
        "display_code": "B 23",
        "direction": "Lượt đi",
        "address": "150 Ông Ích Khiêm",
        "street": "Ông Ích Khiêm",
        "zone": "Quận 11",
        "ward": null,
        "all_routes": "23, 62, 69",
        "marker_color": "#8E24AA"
      }
    },
    {
      "type": "Feature",
      "geometry": {
        "type": "Point",
        "coordinates": [
          106.641176,
          10.767196
        ]
      },
      "properties": {
        "feature_type": "bus_stop",
        "stop_id": 1029,
        "stop_code": "Q11 043",
        "stop_name": "Bãi xe buýt Đầm Sen",
        "stop_type": "Ô sơn",
        "route_no": "23",
        "display_code": "B 23",
        "direction": "Lượt đi",
        "address": "40A Hòa Bình",
        "street": "Hòa Bình",
        "zone": "Quận 11",
        "ward": null,
        "all_routes": "15, 23, 38, 62, 69",
        "marker_color": "#8E24AA"
      }
    },
    {
      "type": "Feature",
      "geometry": {
        "type": "Point",
        "coordinates": [
          106.639261,
          10.768361
        ]
      },
      "properties": {
        "feature_type": "bus_stop",
        "stop_id": 1616,
        "stop_code": "Q11 044",
        "stop_name": "Trường Hòa Bình",
        "stop_type": "Trụ dừng",
        "route_no": "23",
        "display_code": "B 23",
        "direction": "Lượt đi",
        "address": "72 Hòa Bình",
        "street": "Hòa Bình",
        "zone": "Quận 11",
        "ward": null,
        "all_routes": "15, 23, 62, 64, 69",
        "marker_color": "#8E24AA"
      }
    },
    {
      "type": "Feature",
      "geometry": {
        "type": "Point",
        "coordinates": [
          106.637802,
          10.770205
        ]
      },
      "properties": {
        "feature_type": "bus_stop",
        "stop_id": 2191,
        "stop_code": "QTP 147",
        "stop_name": "Ngã 3 Khuông Việt - Hòa Bình",
        "stop_type": "Trụ dừng",
        "route_no": "23",
        "display_code": "B 23",
        "direction": "Lượt đi",
        "address": "317 Khuông Việt",
        "street": "Khuông Việt",
        "zone": "Quận Tân Phú",
        "ward": null,
        "all_routes": "23",
        "marker_color": "#8E24AA"
      }
    },
    {
      "type": "Feature",
      "geometry": {
        "type": "Point",
        "coordinates": [
          106.637625,
          10.772919
        ]
      },
      "properties": {
        "feature_type": "bus_stop",
        "stop_id": 2192,
        "stop_code": "QTP 148",
        "stop_name": "Trạm chùa",
        "stop_type": "Trụ dừng",
        "route_no": "23",
        "display_code": "B 23",
        "direction": "Lượt đi",
        "address": "249 Khuông Việt",
        "street": "Khuông Việt",
        "zone": "Quận Tân Phú",
        "ward": null,
        "all_routes": "23",
        "marker_color": "#8E24AA"
      }
    },
    {
      "type": "Feature",
      "geometry": {
        "type": "Point",
        "coordinates": [
          106.639599,
          10.776429
        ]
      },
      "properties": {
        "feature_type": "bus_stop",
        "stop_id": 2193,
        "stop_code": "QTP 149",
        "stop_name": "Trạm cầu số 2",
        "stop_type": "Ô sơn",
        "route_no": "23",
        "display_code": "B 23",
        "direction": "Lượt đi",
        "address": "115 Khuông Việt",
        "street": "Khuông Việt",
        "zone": "Quận Tân Phú",
        "ward": null,
        "all_routes": "23",
        "marker_color": "#8E24AA"
      }
    },
    {
      "type": "Feature",
      "geometry": {
        "type": "Point",
        "coordinates": [
          106.641487,
          10.777789
        ]
      },
      "properties": {
        "feature_type": "bus_stop",
        "stop_id": 2194,
        "stop_code": "QTP 150",
        "stop_name": "Trạm Lê Ngã",
        "stop_type": "Ô sơn",
        "route_no": "23",
        "display_code": "B 23",
        "direction": "Lượt đi",
        "address": "69 Khuông Việt",
        "street": "Khuông Việt",
        "zone": "Quận Tân Phú",
        "ward": null,
        "all_routes": "23",
        "marker_color": "#8E24AA"
      }
    },
    {
      "type": "Feature",
      "geometry": {
        "type": "Point",
        "coordinates": [
          106.64264,
          10.78085
        ]
      },
      "properties": {
        "feature_type": "bus_stop",
        "stop_id": 7311,
        "stop_code": "QTP 151",
        "stop_name": "Âu Cơ",
        "stop_type": "Ô sơn",
        "route_no": "23",
        "display_code": "B 23",
        "direction": "Lượt đi",
        "address": "03 Khuông Việt",
        "street": "Khuông Việt",
        "zone": "Quận Tân Phú",
        "ward": "Phường Phú Trung",
        "all_routes": "23",
        "marker_color": "#8E24AA"
      }
    },
    {
      "type": "Feature",
      "geometry": {
        "type": "Point",
        "coordinates": [
          106.642785,
          10.78299
        ]
      },
      "properties": {
        "feature_type": "bus_stop",
        "stop_id": 2199,
        "stop_code": "QTB 046",
        "stop_name": "Bệnh Viện Tân Phú",
        "stop_type": "Trụ dừng",
        "route_no": "23",
        "display_code": "B 23",
        "direction": "Lượt đi",
        "address": "584-590 Âu Cơ",
        "street": "Âu Cơ",
        "zone": "Quận Tân Bình",
        "ward": null,
        "all_routes": "23, 27",
        "marker_color": "#8E24AA"
      }
    },
    {
      "type": "Feature",
      "geometry": {
        "type": "Point",
        "coordinates": [
          106.641991,
          10.785335
        ]
      },
      "properties": {
        "feature_type": "bus_stop",
        "stop_id": 2195,
        "stop_code": "QTB 047",
        "stop_name": "Ngã tư Thoại Ngọc Hầu",
        "stop_type": "Nhà chờ",
        "route_no": "23",
        "display_code": "B 23",
        "direction": "Lượt đi",
        "address": "678 Âu Cơ",
        "street": "Âu Cơ",
        "zone": "Quận Tân Bình",
        "ward": null,
        "all_routes": "23, 27",
        "marker_color": "#8E24AA"
      }
    },
    {
      "type": "Feature",
      "geometry": {
        "type": "Point",
        "coordinates": [
          106.641182,
          10.78729
        ]
      },
      "properties": {
        "feature_type": "bus_stop",
        "stop_id": 2196,
        "stop_code": "QTB 048",
        "stop_name": "Bàu Cát 8",
        "stop_type": "Trụ dừng",
        "route_no": "23",
        "display_code": "B 23",
        "direction": "Lượt đi",
        "address": "722 Âu Cơ",
        "street": "Âu Cơ",
        "zone": "Quận Tân Bình",
        "ward": null,
        "all_routes": "23, 27, 62, 64",
        "marker_color": "#8E24AA"
      }
    },
    {
      "type": "Feature",
      "geometry": {
        "type": "Point",
        "coordinates": [
          106.641678,
          10.791806
        ]
      },
      "properties": {
        "feature_type": "bus_stop",
        "stop_id": 2198,
        "stop_code": "QTB 150",
        "stop_name": "Chợ Bàu Cát",
        "stop_type": "Trụ dừng",
        "route_no": "23",
        "display_code": "B 23",
        "direction": "Lượt đi",
        "address": "205 Nguyễn Hồng Đào",
        "street": "Nguyễn Hồng Đào",
        "zone": "Quận Tân Bình",
        "ward": null,
        "all_routes": "23",
        "marker_color": "#8E24AA"
      }
    },
    {
      "type": "Feature",
      "geometry": {
        "type": "Point",
        "coordinates": [
          106.642349,
          10.793495
        ]
      },
      "properties": {
        "feature_type": "bus_stop",
        "stop_id": 2201,
        "stop_code": "QTB 149",
        "stop_name": "Bàu Cát 2",
        "stop_type": "Ô sơn",
        "route_no": "23",
        "display_code": "B 23",
        "direction": "Lượt đi",
        "address": "181-185 Nguyễn Hồng Đào",
        "street": "Nguyễn Hồng Đào",
        "zone": "Quận Tân Bình",
        "ward": null,
        "all_routes": "23, 64",
        "marker_color": "#8E24AA"
      }
    },
    {
      "type": "Feature",
      "geometry": {
        "type": "Point",
        "coordinates": [
          106.643445,
          10.797017
        ]
      },
      "properties": {
        "feature_type": "bus_stop",
        "stop_id": 2203,
        "stop_code": "QTB 148",
        "stop_name": "Ngã ba Trường Chinh",
        "stop_type": "Ô sơn",
        "route_no": "23",
        "display_code": "B 23",
        "direction": "Lượt đi",
        "address": "21 Nguyễn Hồng Đào",
        "street": "Nguyễn Hồng Đào",
        "zone": "Quận Tân Bình",
        "ward": null,
        "all_routes": "23, 64",
        "marker_color": "#8E24AA"
      }
    },
    {
      "type": "Feature",
      "geometry": {
        "type": "Point",
        "coordinates": [
          106.641036,
          10.799642
        ]
      },
      "properties": {
        "feature_type": "bus_stop",
        "stop_id": 2200,
        "stop_code": "QTB 071",
        "stop_name": "Ngã ba Ấp Bắc",
        "stop_type": "Trụ dừng",
        "route_no": "23",
        "display_code": "B 23",
        "direction": "Lượt đi",
        "address": "366A Trường Chinh",
        "street": "Trường Chinh",
        "zone": "Quận Tân Bình",
        "ward": null,
        "all_routes": "13, 23, 65, 94",
        "marker_color": "#8E24AA"
      }
    },
    {
      "type": "Feature",
      "geometry": {
        "type": "Point",
        "coordinates": [
          106.637823,
          10.801365
        ]
      },
      "properties": {
        "feature_type": "bus_stop",
        "stop_id": 2205,
        "stop_code": "QTB 072",
        "stop_name": "Chợ Võ Thành Trang",
        "stop_type": "Nhà chờ",
        "route_no": "23",
        "display_code": "B 23",
        "direction": "Lượt đi",
        "address": "510 Trường Chinh",
        "street": "Trường Chinh",
        "zone": "Quận Tân Bình",
        "ward": null,
        "all_routes": "13, 23, 65, 94",
        "marker_color": "#8E24AA"
      }
    },
    {
      "type": "Feature",
      "geometry": {
        "type": "Point",
        "coordinates": [
          106.635629,
          10.804732
        ]
      },
      "properties": {
        "feature_type": "bus_stop",
        "stop_id": 1302,
        "stop_code": "QTB 073",
        "stop_name": "Ngã tư Tân Kỳ Tân Quý",
        "stop_type": "Biển treo",
        "route_no": "23",
        "display_code": "B 23",
        "direction": "Lượt đi",
        "address": "638 Trường Chinh",
        "street": "Trường Chinh",
        "zone": "Quận Tân Bình",
        "ward": null,
        "all_routes": "13, 23, 27, 62, 65, 94",
        "marker_color": "#8E24AA"
      }
    },
    {
      "type": "Feature",
      "geometry": {
        "type": "Point",
        "coordinates": [
          106.635184,
          10.806202
        ]
      },
      "properties": {
        "feature_type": "bus_stop",
        "stop_id": 2202,
        "stop_code": "QTB 074",
        "stop_name": "Siêu thị Big C",
        "stop_type": "Nhà chờ",
        "route_no": "23",
        "display_code": "B 23",
        "direction": "Lượt đi",
        "address": "680 Trường Chinh",
        "street": "Trường Chinh",
        "zone": "Quận Tân Bình",
        "ward": null,
        "all_routes": "13, 23, 27, 62, 65, 94",
        "marker_color": "#8E24AA"
      }
    },
    {
      "type": "Feature",
      "geometry": {
        "type": "Point",
        "coordinates": [
          106.634638,
          10.808314
        ]
      },
      "properties": {
        "feature_type": "bus_stop",
        "stop_id": 268,
        "stop_code": "QTB 075",
        "stop_name": "Mũi tàu Cộng Hòa",
        "stop_type": "Trụ dừng",
        "route_no": "23",
        "display_code": "B 23",
        "direction": "Lượt đi",
        "address": "19B1 Trường Chinh",
        "street": "Trường Chinh",
        "zone": "Quận Tân Bình",
        "ward": null,
        "all_routes": "04, 104, 13, 145, 16, 23, 27, 28, 62, 63-1, 65, 94",
        "marker_color": "#8E24AA"
      }
    },
    {
      "type": "Feature",
      "geometry": {
        "type": "Point",
        "coordinates": [
          106.633349,
          10.812204
        ]
      },
      "properties": {
        "feature_type": "bus_stop",
        "stop_id": 267,
        "stop_code": "QTB 076",
        "stop_name": "Ngã ba Chế Lan Viên",
        "stop_type": "Nhà chờ",
        "route_no": "23",
        "display_code": "B 23",
        "direction": "Lượt đi",
        "address": "Đối diện đường Chế Lan Viên Trường Chinh",
        "street": "Trường Chinh",
        "zone": "Quận Tân Bình",
        "ward": null,
        "all_routes": "04, 104, 13, 145, 23, 27, 28, 62, 65, 94",
        "marker_color": "#8E24AA"
      }
    },
    {
      "type": "Feature",
      "geometry": {
        "type": "Point",
        "coordinates": [
          106.631461,
          10.818332
        ]
      },
      "properties": {
        "feature_type": "bus_stop",
        "stop_id": 270,
        "stop_code": "QTB 078",
        "stop_name": "UBND Phường 15",
        "stop_type": "Nhà chờ",
        "route_no": "23",
        "display_code": "B 23",
        "direction": "Lượt đi",
        "address": "850 Trường Chinh",
        "street": "Trường Chinh",
        "zone": "Quận Tân Bình",
        "ward": null,
        "all_routes": "04, 104, 13, 145, 23, 27, 62, 65, 94",
        "marker_color": "#8E24AA"
      }
    },
    {
      "type": "Feature",
      "geometry": {
        "type": "Point",
        "coordinates": [
          106.630254,
          10.822452
        ]
      },
      "properties": {
        "feature_type": "bus_stop",
        "stop_id": 271,
        "stop_code": "QTB 079",
        "stop_name": "Khu Công Nghiệp Tân Bình",
        "stop_type": "Nhà chờ",
        "route_no": "23",
        "display_code": "B 23",
        "direction": "Lượt đi",
        "address": "932 Trường Chinh",
        "street": "Trường Chinh",
        "zone": "Quận Tân Bình",
        "ward": null,
        "all_routes": "04, 104, 13, 145, 23, 27, 32, 41, 62, 65, 94",
        "marker_color": "#8E24AA"
      }
    },
    {
      "type": "Feature",
      "geometry": {
        "type": "Point",
        "coordinates": [
          106.625828,
          10.826957
        ]
      },
      "properties": {
        "feature_type": "bus_stop",
        "stop_id": 272,
        "stop_code": "Q12 128",
        "stop_name": "Cầu Tham Lương - Siêu thị Thiên Hòa",
        "stop_type": "Nhà chờ",
        "route_no": "23",
        "display_code": "B 23",
        "direction": "Lượt đi",
        "address": "60A-B (1/17A) Trường Chinh",
        "street": "Trường Chinh",
        "zone": "Quận 12",
        "ward": null,
        "all_routes": "04, 104, 13, 145, 23, 27, 41, 62, 65, 94",
        "marker_color": "#8E24AA"
      }
    },
    {
      "type": "Feature",
      "geometry": {
        "type": "Point",
        "coordinates": [
          106.623516,
          10.827637
        ]
      },
      "properties": {
        "feature_type": "bus_stop",
        "stop_id": 2207,
        "stop_code": "Q12 186",
        "stop_name": "Công ty thời trang Sài Gòn",
        "stop_type": "Nhà chờ",
        "route_no": "23",
        "display_code": "B 23",
        "direction": "Lượt đi",
        "address": "Công ty thời trang Sài Gòn Phan Văn Hớn",
        "street": "Phan Văn Hớn",
        "zone": "Quận 12",
        "ward": null,
        "all_routes": "23",
        "marker_color": "#8E24AA"
      }
    },
    {
      "type": "Feature",
      "geometry": {
        "type": "Point",
        "coordinates": [
          106.619707,
          10.828469
        ]
      },
      "properties": {
        "feature_type": "bus_stop",
        "stop_id": 2208,
        "stop_code": "Q12 187",
        "stop_name": "Công ty Thuận Kiều",
        "stop_type": "Nhà chờ",
        "route_no": "23",
        "display_code": "B 23",
        "direction": "Lượt đi",
        "address": "102 Phan Văn Hớn",
        "street": "Phan Văn Hớn",
        "zone": "Quận 12",
        "ward": null,
        "all_routes": "23",
        "marker_color": "#8E24AA"
      }
    },
    {
      "type": "Feature",
      "geometry": {
        "type": "Point",
        "coordinates": [
          106.616049,
          10.829418
        ]
      },
      "properties": {
        "feature_type": "bus_stop",
        "stop_id": 2206,
        "stop_code": "Q12 188",
        "stop_name": "Chùa Bửu Tạng",
        "stop_type": "Trụ dừng",
        "route_no": "23",
        "display_code": "B 23",
        "direction": "Lượt đi",
        "address": "174 Phan Văn Hớn",
        "street": "Phan Văn Hớn",
        "zone": "Quận 12",
        "ward": null,
        "all_routes": "23",
        "marker_color": "#8E24AA"
      }
    },
    {
      "type": "Feature",
      "geometry": {
        "type": "Point",
        "coordinates": [
          106.611435,
          10.831746
        ]
      },
      "properties": {
        "feature_type": "bus_stop",
        "stop_id": 2204,
        "stop_code": "Q12 189",
        "stop_name": "Trường Nghệ thuật và Du Lịch",
        "stop_type": "Trụ dừng",
        "route_no": "23",
        "display_code": "B 23",
        "direction": "Lượt đi",
        "address": "250A Phan Văn Hớn",
        "street": "Phan Văn Hớn",
        "zone": "Quận 12",
        "ward": null,
        "all_routes": "23",
        "marker_color": "#8E24AA"
      }
    },
    {
      "type": "Feature",
      "geometry": {
        "type": "Point",
        "coordinates": [
          106.607863,
          10.833928
        ]
      },
      "properties": {
        "feature_type": "bus_stop",
        "stop_id": 2287,
        "stop_code": "Q12 190",
        "stop_name": "Nhà sách Nhân Văn",
        "stop_type": "Trụ dừng",
        "route_no": "23",
        "display_code": "B 23",
        "direction": "Lượt đi",
        "address": "Nhà sách quận 12 Phan Văn Hớn",
        "street": "Phan Văn Hớn",
        "zone": "Quận 12",
        "ward": null,
        "all_routes": "23",
        "marker_color": "#8E24AA"
      }
    },
    {
      "type": "Feature",
      "geometry": {
        "type": "Point",
        "coordinates": [
          106.606237,
          10.835008
        ]
      },
      "properties": {
        "feature_type": "bus_stop",
        "stop_id": 2210,
        "stop_code": "HHM 177",
        "stop_name": "Ngã tư Bà Điểm",
        "stop_type": "Trụ dừng",
        "route_no": "23",
        "display_code": "B 23",
        "direction": "Lượt đi",
        "address": "kế 33/3E (11/2) Phan Văn Hớn",
        "street": "Phan Văn Hớn",
        "zone": "Huyện Hóc Môn",
        "ward": "Xã Bà Điểm",
        "all_routes": "23",
        "marker_color": "#8E24AA"
      }
    },
    {
      "type": "Feature",
      "geometry": {
        "type": "Point",
        "coordinates": [
          106.602809,
          10.837342
        ]
      },
      "properties": {
        "feature_type": "bus_stop",
        "stop_id": 2212,
        "stop_code": "HHM 178",
        "stop_name": "Nguyễn Văn Cừ",
        "stop_type": "Trụ dừng",
        "route_no": "23",
        "display_code": "B 23",
        "direction": "Lượt đi",
        "address": "18/3E Phan Văn Hớn",
        "street": "Phan Văn Hớn",
        "zone": "Huyện Hóc Môn",
        "ward": "Xã Bà Điểm",
        "all_routes": "23",
        "marker_color": "#8E24AA"
      }
    },
    {
      "type": "Feature",
      "geometry": {
        "type": "Point",
        "coordinates": [
          106.599693,
          10.839987
        ]
      },
      "properties": {
        "feature_type": "bus_stop",
        "stop_id": 2211,
        "stop_code": "HHM 179",
        "stop_name": "Chợ Bà Điểm",
        "stop_type": "Trụ dừng",
        "route_no": "23",
        "display_code": "B 23",
        "direction": "Lượt đi",
        "address": "đd 14/9 Phan Văn Hớn",
        "street": "Phan Văn Hớn",
        "zone": "Huyện Hóc Môn",
        "ward": "Xã Bà Điểm",
        "all_routes": "23, 48, 71",
        "marker_color": "#8E24AA"
      }
    },
    {
      "type": "Feature",
      "geometry": {
        "type": "Point",
        "coordinates": [
          106.598572,
          10.840835
        ]
      },
      "properties": {
        "feature_type": "bus_stop",
        "stop_id": 2213,
        "stop_code": "HHM 180",
        "stop_name": "Đình Tân Thới Nhất",
        "stop_type": "Trụ dừng",
        "route_no": "23",
        "display_code": "B 23",
        "direction": "Lượt đi",
        "address": "đd 8/2 (số 123) Phan Văn Hớn",
        "street": "Phan Văn Hớn",
        "zone": "Huyện Hóc Môn",
        "ward": "Xã Bà Điểm",
        "all_routes": "23",
        "marker_color": "#8E24AA"
      }
    },
    {
      "type": "Feature",
      "geometry": {
        "type": "Point",
        "coordinates": [
          106.596973,
          10.842105
        ]
      },
      "properties": {
        "feature_type": "bus_stop",
        "stop_id": 2215,
        "stop_code": "HHM 181",
        "stop_name": "Cây xăng Tây Lân",
        "stop_type": "Trụ dừng",
        "route_no": "23",
        "display_code": "B 23",
        "direction": "Lượt đi",
        "address": "108/5A Phan Văn Hớn",
        "street": "Phan Văn Hớn",
        "zone": "Huyện Hóc Môn",
        "ward": "Xã Bà Điểm",
        "all_routes": "23",
        "marker_color": "#8E24AA"
      }
    },
    {
      "type": "Feature",
      "geometry": {
        "type": "Point",
        "coordinates": [
          106.592376,
          10.846209
        ]
      },
      "properties": {
        "feature_type": "bus_stop",
        "stop_id": 2273,
        "stop_code": "HHM 182",
        "stop_name": "Kênh tiêu Bà Điểm",
        "stop_type": "Trụ dừng",
        "route_no": "23",
        "display_code": "B 23",
        "direction": "Lượt đi",
        "address": "12 Phan Văn Hớn",
        "street": "Phan Văn Hớn",
        "zone": "Huyện Hóc Môn",
        "ward": "Xã Bà Điểm",
        "all_routes": "23",
        "marker_color": "#8E24AA"
      }
    },
    {
      "type": "Feature",
      "geometry": {
        "type": "Point",
        "coordinates": [
          106.589355,
          10.848585
        ]
      },
      "properties": {
        "feature_type": "bus_stop",
        "stop_id": 2217,
        "stop_code": "HHM 183",
        "stop_name": "Chợ Đại Hải",
        "stop_type": "Trụ dừng",
        "route_no": "23",
        "display_code": "B 23",
        "direction": "Lượt đi",
        "address": "26/4(60A) Phan Văn Hớn",
        "street": "Phan Văn Hớn",
        "zone": "Huyện Hóc Môn",
        "ward": null,
        "all_routes": "23",
        "marker_color": "#8E24AA"
      }
    },
    {
      "type": "Feature",
      "geometry": {
        "type": "Point",
        "coordinates": [
          106.585793,
          10.851536
        ]
      },
      "properties": {
        "feature_type": "bus_stop",
        "stop_id": 2214,
        "stop_code": "HHM 184",
        "stop_name": "Phạm Văn Sáng",
        "stop_type": "Trụ dừng",
        "route_no": "23",
        "display_code": "B 23",
        "direction": "Lượt đi",
        "address": "118 Phan Văn Hớn",
        "street": "Phan Văn Hớn",
        "zone": "Huyện Hóc Môn",
        "ward": "Xã Xuân Thới Thượng",
        "all_routes": "23",
        "marker_color": "#8E24AA"
      }
    },
    {
      "type": "Feature",
      "geometry": {
        "type": "Point",
        "coordinates": [
          106.581953,
          10.854739
        ]
      },
      "properties": {
        "feature_type": "bus_stop",
        "stop_id": 4659,
        "stop_code": "HHM 185",
        "stop_name": "Xuân Thới Thượng 28",
        "stop_type": "Trụ dừng",
        "route_no": "23",
        "display_code": "B 23",
        "direction": "Lượt đi",
        "address": "82 (kế 28) Phan Văn Hớn",
        "street": "Phan Văn Hớn",
        "zone": "Huyện Hóc Môn",
        "ward": null,
        "all_routes": "23",
        "marker_color": "#8E24AA"
      }
    },
    {
      "type": "Feature",
      "geometry": {
        "type": "Point",
        "coordinates": [
          106.578552,
          10.857594
        ]
      },
      "properties": {
        "feature_type": "bus_stop",
        "stop_id": 4657,
        "stop_code": "HHM 186",
        "stop_name": "Trường Xuân Thới Thượng",
        "stop_type": "Nhà chờ",
        "route_no": "23",
        "display_code": "B 23",
        "direction": "Lượt đi",
        "address": "10 (Trường Xuân Thới Thượng) Phan Văn Hớn",
        "street": "Phan Văn Hớn",
        "zone": "Huyện Hóc Môn",
        "ward": "Xã Xuân Thới Thượng",
        "all_routes": "23",
        "marker_color": "#8E24AA"
      }
    },
    {
      "type": "Feature",
      "geometry": {
        "type": "Point",
        "coordinates": [
          106.575365,
          10.86026
        ]
      },
      "properties": {
        "feature_type": "bus_stop",
        "stop_id": 4658,
        "stop_code": "HHM 187",
        "stop_name": "Trường tiểu học Ngã 3 Giồng",
        "stop_type": "Trụ dừng",
        "route_no": "23",
        "display_code": "B 23",
        "direction": "Lượt đi",
        "address": "80/12 (70/5A) Phan Văn Hớn",
        "street": "Phan Văn Hớn",
        "zone": "Huyện Hóc Môn",
        "ward": "Xã Xuân Thới Thượng",
        "all_routes": "23",
        "marker_color": "#8E24AA"
      }
    },
    {
      "type": "Feature",
      "geometry": {
        "type": "Point",
        "coordinates": [
          106.568998,
          10.863279
        ]
      },
      "properties": {
        "feature_type": "bus_stop",
        "stop_id": 3971,
        "stop_code": "HHM 188",
        "stop_name": "Chợ Xuân Thới Thượng",
        "stop_type": "Ô sơn",
        "route_no": "23",
        "display_code": "B 23",
        "direction": "Lượt đi",
        "address": "109/1 Phan Văn Hớn",
        "street": "Phan Văn Hớn",
        "zone": "Huyện Hóc Môn",
        "ward": "Xã Xuân Thới Thượng",
        "all_routes": "23",
        "marker_color": "#8E24AA"
      }
    },
    {
      "type": "Feature",
      "geometry": {
        "type": "Point",
        "coordinates": [
          106.565634,
          10.864838
        ]
      },
      "properties": {
        "feature_type": "bus_stop",
        "stop_id": 4715,
        "stop_code": "HHM 189",
        "stop_name": "Xuân Thới Thượng 14",
        "stop_type": "Trụ dừng",
        "route_no": "23",
        "display_code": "B 23",
        "direction": "Lượt đi",
        "address": "124/2B (GYM) Phan Văn Hớn",
        "street": "Phan Văn Hớn",
        "zone": "Huyện Hóc Môn",
        "ward": "Xã Xuân Thới Thượng",
        "all_routes": "23",
        "marker_color": "#8E24AA"
      }
    },
    {
      "type": "Feature",
      "geometry": {
        "type": "Point",
        "coordinates": [
          106.562667,
          10.866166
        ]
      },
      "properties": {
        "feature_type": "bus_stop",
        "stop_id": 2220,
        "stop_code": "HHM 190",
        "stop_name": "Dương Công Khi",
        "stop_type": "Trụ dừng",
        "route_no": "23",
        "display_code": "B 23",
        "direction": "Lượt đi",
        "address": "đd 5/3 (số 135/4) Phan Văn Hớn",
        "street": "Phan Văn Hớn",
        "zone": "Huyện Hóc Môn",
        "ward": "Xã Xuân Thới Thượng",
        "all_routes": "23, 28",
        "marker_color": "#8E24AA"
      }
    },
    {
      "type": "Feature",
      "geometry": {
        "type": "Point",
        "coordinates": [
          106.559476,
          10.867599
        ]
      },
      "properties": {
        "feature_type": "bus_stop",
        "stop_id": 2221,
        "stop_code": "HHM 1900",
        "stop_name": "Ngã 3 Giồng",
        "stop_type": "Trụ dừng",
        "route_no": "23",
        "display_code": "B 23",
        "direction": "Lượt đi",
        "address": "Ngã 3 dòng Phan Văn Hớn",
        "street": "Phan Văn Hớn",
        "zone": "Huyện Hóc Môn",
        "ward": "Xã Xuân Thới Thượng",
        "all_routes": "23",
        "marker_color": "#8E24AA"
      }
    },
    {
      "type": "Feature",
      "geometry": {
        "type": "Point",
        "coordinates": [
          106.550753,
          10.869479
        ]
      },
      "properties": {
        "feature_type": "bus_stop",
        "stop_id": 2222,
        "stop_code": "HHM 066",
        "stop_name": "Trường PTTH Nguyễn Văn Cừ",
        "stop_type": "Trụ dừng",
        "route_no": "23",
        "display_code": "B 23",
        "direction": "Lượt đi",
        "address": "Đối diện trường Nguyễn Văn Cừ Nguyễn Văn Bứa",
        "street": "Nguyễn Văn Bứa",
        "zone": "Huyện Hóc Môn",
        "ward": "Xã Xuân Thới Sơn",
        "all_routes": "23, 62-5, 78, 85",
        "marker_color": "#8E24AA"
      }
    },
    {
      "type": "Feature",
      "geometry": {
        "type": "Point",
        "coordinates": [
          106.54673,
          10.870006
        ]
      },
      "properties": {
        "feature_type": "bus_stop",
        "stop_id": 3949,
        "stop_code": "HHM 067",
        "stop_name": "Thái Sơn",
        "stop_type": "Trụ dừng",
        "route_no": "23",
        "display_code": "B 23",
        "direction": "Lượt đi",
        "address": "48B Nguyễn Văn Bứa",
        "street": "Nguyễn Văn Bứa",
        "zone": "Huyện Hóc Môn",
        "ward": "Xã Xuân Thới Sơn",
        "all_routes": "23, 62-5, 78, 85",
        "marker_color": "#8E24AA"
      }
    },
    {
      "type": "Feature",
      "geometry": {
        "type": "Point",
        "coordinates": [
          106.541677,
          10.870702
        ]
      },
      "properties": {
        "feature_type": "bus_stop",
        "stop_id": 3939,
        "stop_code": "HHM 068",
        "stop_name": "Lò Muối",
        "stop_type": "Trụ dừng",
        "route_no": "23",
        "display_code": "B 23",
        "direction": "Lượt đi",
        "address": "24B1 (23B) Nguyễn Văn Bứa",
        "street": "Nguyễn Văn Bứa",
        "zone": "Huyện Hóc Môn",
        "ward": "Xã Xuân Thới Sơn",
        "all_routes": "23, 62-5, 78, 85",
        "marker_color": "#8E24AA"
      }
    },
    {
      "type": "Feature",
      "geometry": {
        "type": "Point",
        "coordinates": [
          106.538576,
          10.871223
        ]
      },
      "properties": {
        "feature_type": "bus_stop",
        "stop_id": 2265,
        "stop_code": "HHM 069",
        "stop_name": "trường tiểu học Nhị Xuân",
        "stop_type": "Trụ dừng",
        "route_no": "23",
        "display_code": "B 23",
        "direction": "Lượt đi",
        "address": "8B Nguyễn Văn Bứa",
        "street": "Nguyễn Văn Bứa",
        "zone": "Huyện Hóc Môn",
        "ward": "Xã Xuân Thới Sơn",
        "all_routes": "23, 62-5, 78, 85",
        "marker_color": "#8E24AA"
      }
    },
    {
      "type": "Feature",
      "geometry": {
        "type": "Point",
        "coordinates": [
          106.535561,
          10.871845
        ]
      },
      "properties": {
        "feature_type": "bus_stop",
        "stop_id": 2227,
        "stop_code": "BX 39",
        "stop_name": "Bến xe buýt Cầu Lớn",
        "stop_type": "Bến xe",
        "route_no": "23",
        "display_code": "B 23",
        "direction": "Lượt đi",
        "address": "BẾN XE BUÝT CẦU LỚN Nguyễn Văn Bứa",
        "street": "Nguyễn Văn Bứa",
        "zone": "Huyện Hóc Môn",
        "ward": "Xã Xuân Thới Sơn",
        "all_routes": "23, 62-5, 78, 85",
        "marker_color": "#8E24AA"
      }
    },
    {
      "type": "Feature",
      "geometry": {
        "type": "Point",
        "coordinates": [
          106.536543,
          10.871508
        ]
      },
      "properties": {
        "feature_type": "bus_stop",
        "stop_id": 7711,
        "stop_code": "HHM 244",
        "stop_name": "Truường THCS Nguyễn Văn Bứa",
        "stop_type": "Nhà chờ",
        "route_no": "23",
        "display_code": "B 23",
        "direction": "Lượt về",
        "address": "1139 Nguyễn Văn Bứa",
        "street": "Nguyễn Văn Bứa",
        "zone": "Huyện Hóc Môn",
        "ward": "Xã Xuân Thới Thượng",
        "all_routes": "23, 85",
        "marker_color": "#8E24AA"
      }
    },
    {
      "type": "Feature",
      "geometry": {
        "type": "Point",
        "coordinates": [
          106.538174,
          10.871176
        ]
      },
      "properties": {
        "feature_type": "bus_stop",
        "stop_id": 3967,
        "stop_code": "HHM 072",
        "stop_name": "Trường Nhị Xuân",
        "stop_type": "Trụ dừng",
        "route_no": "23",
        "display_code": "B 23",
        "direction": "Lượt về",
        "address": "Đối diện trường Nhị Xuân (9B) Nguyễn Văn Bứa",
        "street": "Nguyễn Văn Bứa",
        "zone": "Huyện Hóc Môn",
        "ward": "Xã Xuân Thới Thượng",
        "all_routes": "23, 62-5, 78, 85",
        "marker_color": "#8E24AA"
      }
    },
    {
      "type": "Feature",
      "geometry": {
        "type": "Point",
        "coordinates": [
          106.542106,
          10.870501
        ]
      },
      "properties": {
        "feature_type": "bus_stop",
        "stop_id": 2225,
        "stop_code": "HHM 073",
        "stop_name": "Trạm lò muối",
        "stop_type": "Trụ dừng",
        "route_no": "23",
        "display_code": "B 23",
        "direction": "Lượt về",
        "address": "23 - 25 Nguyễn Văn Bứa",
        "street": "Nguyễn Văn Bứa",
        "zone": "Huyện Hóc Môn",
        "ward": "Xã Xuân Thới Thượng",
        "all_routes": "23, 62-5, 78, 85",
        "marker_color": "#8E24AA"
      }
    },
    {
      "type": "Feature",
      "geometry": {
        "type": "Point",
        "coordinates": [
          106.546204,
          10.869911
        ]
      },
      "properties": {
        "feature_type": "bus_stop",
        "stop_id": 2223,
        "stop_code": "HHM 074",
        "stop_name": "Thái Sơn",
        "stop_type": "Trụ dừng",
        "route_no": "23",
        "display_code": "B 23",
        "direction": "Lượt về",
        "address": "43A Nguyễn Văn Bứa",
        "street": "Nguyễn Văn Bứa",
        "zone": "Huyện Hóc Môn",
        "ward": "Xã Xuân Thới Thượng",
        "all_routes": "23, 62-5, 78, 85",
        "marker_color": "#8E24AA"
      }
    },
    {
      "type": "Feature",
      "geometry": {
        "type": "Point",
        "coordinates": [
          106.551011,
          10.869195
        ]
      },
      "properties": {
        "feature_type": "bus_stop",
        "stop_id": 2267,
        "stop_code": "HHM 075",
        "stop_name": "Trường Nguyễn Văn Cừ",
        "stop_type": "Nhà chờ",
        "route_no": "23",
        "display_code": "B 23",
        "direction": "Lượt về",
        "address": "100A Nguyễn Văn Bứa",
        "street": "Nguyễn Văn Bứa",
        "zone": "Huyện Hóc Môn",
        "ward": "Xã Xuân Thới Thượng",
        "all_routes": "23, 62-5, 78, 85",
        "marker_color": "#8E24AA"
      }
    },
    {
      "type": "Feature",
      "geometry": {
        "type": "Point",
        "coordinates": [
          106.559127,
          10.867636
        ]
      },
      "properties": {
        "feature_type": "bus_stop",
        "stop_id": 4587,
        "stop_code": "HHM 1901",
        "stop_name": "Ngã 3 Giồng",
        "stop_type": "Trụ dừng",
        "route_no": "23",
        "display_code": "B 23",
        "direction": "Lượt về",
        "address": "đối diện Ngã 3 dòng (45/3E) Phan Văn Hớn",
        "street": "Phan Văn Hớn",
        "zone": "Huyện Hóc Môn",
        "ward": "Xã Xuân Thới Thượng",
        "all_routes": "23",
        "marker_color": "#8E24AA"
      }
    },
    {
      "type": "Feature",
      "geometry": {
        "type": "Point",
        "coordinates": [
          106.562501,
          10.866108
        ]
      },
      "properties": {
        "feature_type": "bus_stop",
        "stop_id": 2269,
        "stop_code": "HHM 191",
        "stop_name": "Dương Công Khi",
        "stop_type": "Trụ dừng",
        "route_no": "23",
        "display_code": "B 23",
        "direction": "Lượt về",
        "address": "đd 131/2L (1/3A) Phan Văn Hớn",
        "street": "Phan Văn Hớn",
        "zone": "Huyện Hóc Môn",
        "ward": "Xã Xuân Thới Thượng",
        "all_routes": "23, 28",
        "marker_color": "#8E24AA"
      }
    },
    {
      "type": "Feature",
      "geometry": {
        "type": "Point",
        "coordinates": [
          106.565816,
          10.864612
        ]
      },
      "properties": {
        "feature_type": "bus_stop",
        "stop_id": 4656,
        "stop_code": "HHM 192",
        "stop_name": "Xuân Thới Thượng 14",
        "stop_type": "Trụ dừng",
        "route_no": "23",
        "display_code": "B 23",
        "direction": "Lượt về",
        "address": "đd 124/3A Phan Văn Hớn",
        "street": "Phan Văn Hớn",
        "zone": "Huyện Hóc Môn",
        "ward": "Xã Xuân Thới Thượng",
        "all_routes": "23",
        "marker_color": "#8E24AA"
      }
    },
    {
      "type": "Feature",
      "geometry": {
        "type": "Point",
        "coordinates": [
          106.567876,
          10.863495
        ]
      },
      "properties": {
        "feature_type": "bus_stop",
        "stop_id": 1159,
        "stop_code": "HHM 193",
        "stop_name": "Chợ Xuân Thới Thượng",
        "stop_type": "Trụ dừng",
        "route_no": "23",
        "display_code": "B 23",
        "direction": "Lượt về",
        "address": "63(DD94) Phan Văn Hớn",
        "street": "Phan Văn Hớn",
        "zone": "Huyện Hóc Môn",
        "ward": "Xã Xuân Thới Thượng",
        "all_routes": "23",
        "marker_color": "#8E24AA"
      }
    },
    {
      "type": "Feature",
      "geometry": {
        "type": "Point",
        "coordinates": [
          106.569684,
          10.862936
        ]
      },
      "properties": {
        "feature_type": "bus_stop",
        "stop_id": 7710,
        "stop_code": "HHM 243",
        "stop_name": "Trường THCS Xuân Thới Thượng",
        "stop_type": "Nhà chờ",
        "route_no": "23",
        "display_code": "B 23",
        "direction": "Lượt về",
        "address": "35 Phan Văn Hớn",
        "street": "Phan Văn Hớn",
        "zone": "Huyện Hóc Môn",
        "ward": "Xã Xuân Thới Thượng",
        "all_routes": "23",
        "marker_color": "#8E24AA"
      }
    },
    {
      "type": "Feature",
      "geometry": {
        "type": "Point",
        "coordinates": [
          106.574716,
          10.860645
        ]
      },
      "properties": {
        "feature_type": "bus_stop",
        "stop_id": 2275,
        "stop_code": "HHM 194",
        "stop_name": "Trường tiểu học Ngã 3 Giồng",
        "stop_type": "Trụ dừng",
        "route_no": "23",
        "display_code": "B 23",
        "direction": "Lượt về",
        "address": "80/12 Phan Văn Hớn",
        "street": "Phan Văn Hớn",
        "zone": "Huyện Hóc Môn",
        "ward": "Xã Xuân Thới Thượng",
        "all_routes": "23",
        "marker_color": "#8E24AA"
      }
    },
    {
      "type": "Feature",
      "geometry": {
        "type": "Point",
        "coordinates": [
          106.578718,
          10.857273
        ]
      },
      "properties": {
        "feature_type": "bus_stop",
        "stop_id": 4717,
        "stop_code": "HHM 195",
        "stop_name": "Trường Xuân Thới Thượng",
        "stop_type": "Nhà chờ",
        "route_no": "23",
        "display_code": "B 23",
        "direction": "Lượt về",
        "address": "đối diện Trường Xuân Thới Thượng Phan Văn Hớn",
        "street": "Phan Văn Hớn",
        "zone": "Huyện Hóc Môn",
        "ward": "Xã Xuân Thới Thượng",
        "all_routes": "23",
        "marker_color": "#8E24AA"
      }
    },
    {
      "type": "Feature",
      "geometry": {
        "type": "Point",
        "coordinates": [
          106.582124,
          10.854417
        ]
      },
      "properties": {
        "feature_type": "bus_stop",
        "stop_id": 2280,
        "stop_code": "HHM 196",
        "stop_name": "Xuân Thới Thượng 28",
        "stop_type": "Trụ dừng",
        "route_no": "23",
        "display_code": "B 23",
        "direction": "Lượt về",
        "address": "kế 56 Phan Văn Hớn",
        "street": "Phan Văn Hớn",
        "zone": "Huyện Hóc Môn",
        "ward": "Xã Xuân Thới Thượng",
        "all_routes": "23",
        "marker_color": "#8E24AA"
      }
    },
    {
      "type": "Feature",
      "geometry": {
        "type": "Point",
        "coordinates": [
          106.586169,
          10.850967
        ]
      },
      "properties": {
        "feature_type": "bus_stop",
        "stop_id": 1226,
        "stop_code": "HHM 197",
        "stop_name": "Phạm Văn Sáng",
        "stop_type": "Trụ dừng",
        "route_no": "23",
        "display_code": "B 23",
        "direction": "Lượt về",
        "address": "36/5 Phan Văn Hớn",
        "street": "Phan Văn Hớn",
        "zone": "Huyện Hóc Môn",
        "ward": "Xã Xuân Thới Thượng",
        "all_routes": "23",
        "marker_color": "#8E24AA"
      }
    },
    {
      "type": "Feature",
      "geometry": {
        "type": "Point",
        "coordinates": [
          106.588808,
          10.848785
        ]
      },
      "properties": {
        "feature_type": "bus_stop",
        "stop_id": 1229,
        "stop_code": "HHM 198",
        "stop_name": "Chợ Đại Hải",
        "stop_type": "Trụ dừng",
        "route_no": "23",
        "display_code": "B 23",
        "direction": "Lượt về",
        "address": "99A Phan Văn Hớn",
        "street": "Phan Văn Hớn",
        "zone": "Huyện Hóc Môn",
        "ward": "Xã Xuân Thới Thượng",
        "all_routes": "23",
        "marker_color": "#8E24AA"
      }
    },
    {
      "type": "Feature",
      "geometry": {
        "type": "Point",
        "coordinates": [
          106.593293,
          10.845276
        ]
      },
      "properties": {
        "feature_type": "bus_stop",
        "stop_id": 4165,
        "stop_code": "HHM 199",
        "stop_name": "Kênh tiêu Bà Điểm",
        "stop_type": "Trụ dừng",
        "route_no": "23",
        "display_code": "B 23",
        "direction": "Lượt về",
        "address": "20/7G Phan Văn Hớn",
        "street": "Phan Văn Hớn",
        "zone": "Huyện Hóc Môn",
        "ward": "Xã Bà Điểm",
        "all_routes": "23",
        "marker_color": "#8E24AA"
      }
    },
    {
      "type": "Feature",
      "geometry": {
        "type": "Point",
        "coordinates": [
          106.596748,
          10.842121
        ]
      },
      "properties": {
        "feature_type": "bus_stop",
        "stop_id": 4682,
        "stop_code": "HHM 200",
        "stop_name": "Cây xăng Tây Lân",
        "stop_type": "Trụ dừng",
        "route_no": "23",
        "display_code": "B 23",
        "direction": "Lượt về",
        "address": "đối diện 96/2A Phan Văn Hớn",
        "street": "Phan Văn Hớn",
        "zone": "Huyện Hóc Môn",
        "ward": "Xã Bà Điểm",
        "all_routes": "23",
        "marker_color": "#8E24AA"
      }
    },
    {
      "type": "Feature",
      "geometry": {
        "type": "Point",
        "coordinates": [
          106.598019,
          10.84103
        ]
      },
      "properties": {
        "feature_type": "bus_stop",
        "stop_id": 4683,
        "stop_code": "HHM 201",
        "stop_name": "Đình Tân Thới Nhất",
        "stop_type": "Trụ dừng",
        "route_no": "23",
        "display_code": "B 23",
        "direction": "Lượt về",
        "address": "7/3 Phan Văn Hớn",
        "street": "Phan Văn Hớn",
        "zone": "Huyện Hóc Môn",
        "ward": "Xã Bà Điểm",
        "all_routes": "23",
        "marker_color": "#8E24AA"
      }
    },
    {
      "type": "Feature",
      "geometry": {
        "type": "Point",
        "coordinates": [
          106.59996,
          10.839502
        ]
      },
      "properties": {
        "feature_type": "bus_stop",
        "stop_id": 2284,
        "stop_code": "HHM 202",
        "stop_name": "Chợ Bà Điểm",
        "stop_type": "Biển treo",
        "route_no": "23",
        "display_code": "B 23",
        "direction": "Lượt về",
        "address": "17/7 Phan Văn Hớn",
        "street": "Phan Văn Hớn",
        "zone": "Huyện Hóc Môn",
        "ward": "Xã Bà Điểm",
        "all_routes": "23, 48, 71",
        "marker_color": "#8E24AA"
      }
    },
    {
      "type": "Feature",
      "geometry": {
        "type": "Point",
        "coordinates": [
          106.602638,
          10.837326
        ]
      },
      "properties": {
        "feature_type": "bus_stop",
        "stop_id": 2286,
        "stop_code": "HHM 203",
        "stop_name": "Nguyễn Văn Cừ",
        "stop_type": "Trụ dừng",
        "route_no": "23",
        "display_code": "B 23",
        "direction": "Lượt về",
        "address": "48/3B Phan Văn Hớn",
        "street": "Phan Văn Hớn",
        "zone": "Huyện Hóc Môn",
        "ward": "Xã Bà Điểm",
        "all_routes": "23",
        "marker_color": "#8E24AA"
      }
    },
    {
      "type": "Feature",
      "geometry": {
        "type": "Point",
        "coordinates": [
          106.605502,
          10.835255
        ]
      },
      "properties": {
        "feature_type": "bus_stop",
        "stop_id": 2278,
        "stop_code": "HHM 204",
        "stop_name": "Ngã tư Bà Điểm",
        "stop_type": "Trụ dừng",
        "route_no": "23",
        "display_code": "B 23",
        "direction": "Lượt về",
        "address": "56/8 Phan Văn Hớn",
        "street": "Phan Văn Hớn",
        "zone": "Huyện Hóc Môn",
        "ward": "Xã Bà Điểm",
        "all_routes": "23",
        "marker_color": "#8E24AA"
      }
    },
    {
      "type": "Feature",
      "geometry": {
        "type": "Point",
        "coordinates": [
          106.608356,
          10.833417
        ]
      },
      "properties": {
        "feature_type": "bus_stop",
        "stop_id": 2209,
        "stop_code": "Q12 191",
        "stop_name": "Nhà sách Nhân Văn",
        "stop_type": "Trụ dừng",
        "route_no": "23",
        "display_code": "B 23",
        "direction": "Lượt về",
        "address": "347 Phan Văn Hớn",
        "street": "Phan Văn Hớn",
        "zone": "Quận 12",
        "ward": null,
        "all_routes": "23",
        "marker_color": "#8E24AA"
      }
    },
    {
      "type": "Feature",
      "geometry": {
        "type": "Point",
        "coordinates": [
          106.61253,
          10.830977
        ]
      },
      "properties": {
        "feature_type": "bus_stop",
        "stop_id": 2288,
        "stop_code": "Q12 192",
        "stop_name": "Trường Nghệ thuật và Du Lịch",
        "stop_type": "Trụ dừng",
        "route_no": "23",
        "display_code": "B 23",
        "direction": "Lượt về",
        "address": "255 Phan Văn Hớn",
        "street": "Phan Văn Hớn",
        "zone": "Quận 12",
        "ward": null,
        "all_routes": "23",
        "marker_color": "#8E24AA"
      }
    },
    {
      "type": "Feature",
      "geometry": {
        "type": "Point",
        "coordinates": [
          106.615598,
          10.829428
        ]
      },
      "properties": {
        "feature_type": "bus_stop",
        "stop_id": 2285,
        "stop_code": "Q12 193",
        "stop_name": "Chùa Bửu Tạng",
        "stop_type": "Trụ dừng",
        "route_no": "23",
        "display_code": "B 23",
        "direction": "Lượt về",
        "address": "197 Phan Văn Hớn",
        "street": "Phan Văn Hớn",
        "zone": "Quận 12",
        "ward": null,
        "all_routes": "23",
        "marker_color": "#8E24AA"
      }
    },
    {
      "type": "Feature",
      "geometry": {
        "type": "Point",
        "coordinates": [
          106.618549,
          10.828569
        ]
      },
      "properties": {
        "feature_type": "bus_stop",
        "stop_id": 2290,
        "stop_code": "Q12 194",
        "stop_name": "Công ty Thuận Kiều",
        "stop_type": "Trụ dừng",
        "route_no": "23",
        "display_code": "B 23",
        "direction": "Lượt về",
        "address": "127 Phan Văn Hớn",
        "street": "Phan Văn Hớn",
        "zone": "Quận 12",
        "ward": null,
        "all_routes": "23",
        "marker_color": "#8E24AA"
      }
    },
    {
      "type": "Feature",
      "geometry": {
        "type": "Point",
        "coordinates": [
          106.623961,
          10.827384
        ]
      },
      "properties": {
        "feature_type": "bus_stop",
        "stop_id": 2289,
        "stop_code": "Q12 195",
        "stop_name": "Công ty thời trang Sài Gòn",
        "stop_type": "Trụ dừng",
        "route_no": "23",
        "display_code": "B 23",
        "direction": "Lượt về",
        "address": "21 Phan Văn Hớn",
        "street": "Phan Văn Hớn",
        "zone": "Quận 12",
        "ward": null,
        "all_routes": "23",
        "marker_color": "#8E24AA"
      }
    },
    {
      "type": "Feature",
      "geometry": {
        "type": "Point",
        "coordinates": [
          106.62586,
          10.82624
        ]
      },
      "properties": {
        "feature_type": "bus_stop",
        "stop_id": 169,
        "stop_code": "Q12 139",
        "stop_name": "Cầu Tham Lương - Siêu thị Thiên Hòa",
        "stop_type": "Nhà chờ",
        "route_no": "23",
        "display_code": "B 23",
        "direction": "Lượt về",
        "address": "21 (Kế 2/6B) Trường Chinh",
        "street": "Trường Chinh",
        "zone": "Quận 12",
        "ward": null,
        "all_routes": "04, 104, 13, 145, 23, 27, 41, 62, 65, 94",
        "marker_color": "#8E24AA"
      }
    },
    {
      "type": "Feature",
      "geometry": {
        "type": "Point",
        "coordinates": [
          106.629825,
          10.822315
        ]
      },
      "properties": {
        "feature_type": "bus_stop",
        "stop_id": 174,
        "stop_code": "QTP 010",
        "stop_name": "Trạm Dệt Thành Công",
        "stop_type": "Nhà chờ",
        "route_no": "23",
        "display_code": "B 23",
        "direction": "Lượt về",
        "address": "8 Trường Chinh",
        "street": "Trường Chinh",
        "zone": "Quận Tân Phú",
        "ward": "Phường Tây Thạnh",
        "all_routes": "04, 104, 13, 145, 23, 27, 32, 41, 62, 65, 94",
        "marker_color": "#8E24AA"
      }
    },
    {
      "type": "Feature",
      "geometry": {
        "type": "Point",
        "coordinates": [
          106.630615,
          10.819386
        ]
      },
      "properties": {
        "feature_type": "bus_stop",
        "stop_id": 173,
        "stop_code": "QTP 011",
        "stop_name": "Trạm KCN Tân Bình",
        "stop_type": "Nhà chờ",
        "route_no": "23",
        "display_code": "B 23",
        "direction": "Lượt về",
        "address": "881 Trường Chinh",
        "street": "Trường Chinh",
        "zone": "Quận Tân Phú",
        "ward": "Phường Tây Thạnh",
        "all_routes": "04, 104, 13, 145, 23, 27, 28, 62, 65, 94",
        "marker_color": "#8E24AA"
      }
    },
    {
      "type": "Feature",
      "geometry": {
        "type": "Point",
        "coordinates": [
          106.632377,
          10.814455
        ]
      },
      "properties": {
        "feature_type": "bus_stop",
        "stop_id": 176,
        "stop_code": "QTP 012",
        "stop_name": "Ngã 3 Chế Lan Viên",
        "stop_type": "Nhà chờ",
        "route_no": "23",
        "display_code": "B 23",
        "direction": "Lượt về",
        "address": "831 (trước showroom o tô) Trường Chinh",
        "street": "Trường Chinh",
        "zone": "Quận Tân Phú",
        "ward": "Phường Tây Thạnh",
        "all_routes": "04, 104, 13, 145, 23, 27, 28, 62, 65, 94",
        "marker_color": "#8E24AA"
      }
    },
    {
      "type": "Feature",
      "geometry": {
        "type": "Point",
        "coordinates": [
          106.634019,
          10.808689
        ]
      },
      "properties": {
        "feature_type": "bus_stop",
        "stop_id": 177,
        "stop_code": "QTP 014",
        "stop_name": "Trạm Đài Liệt Sỹ",
        "stop_type": "Nhà chờ",
        "route_no": "23",
        "display_code": "B 23",
        "direction": "Lượt về",
        "address": "1/3 Trường Chinh",
        "street": "Trường Chinh",
        "zone": "Quận Tân Phú",
        "ward": "Phường Tây Thạnh",
        "all_routes": "04, 104, 13, 145, 16, 23, 27, 28, 48, 62, 63-1, 65, 94",
        "marker_color": "#8E24AA"
      }
    },
    {
      "type": "Feature",
      "geometry": {
        "type": "Point",
        "coordinates": [
          106.634773,
          10.806212
        ]
      },
      "properties": {
        "feature_type": "bus_stop",
        "stop_id": 2292,
        "stop_code": "QTP 015",
        "stop_name": "Siêu thị BigC",
        "stop_type": "Nhà chờ",
        "route_no": "23",
        "display_code": "B 23",
        "direction": "Lượt về",
        "address": "1/1 Trường Chinh",
        "street": "Trường Chinh",
        "zone": "Quận Tân Phú",
        "ward": "Phường Tây Thạnh",
        "all_routes": "13, 23, 27, 48, 62, 65, 94",
        "marker_color": "#8E24AA"
      }
    },
    {
      "type": "Feature",
      "geometry": {
        "type": "Point",
        "coordinates": [
          106.635269,
          10.8048
        ]
      },
      "properties": {
        "feature_type": "bus_stop",
        "stop_id": 2291,
        "stop_code": "QTP 016",
        "stop_name": "Trạm Tân Kỳ Tân Quý",
        "stop_type": "Trụ dừng",
        "route_no": "23",
        "display_code": "B 23",
        "direction": "Lượt về",
        "address": "33/24 (659-661) Trường Chinh",
        "street": "Trường Chinh",
        "zone": "Quận Tân Phú",
        "ward": "Phường Tây Thạnh",
        "all_routes": "13, 23, 27, 62, 65, 94",
        "marker_color": "#8E24AA"
      }
    },
    {
      "type": "Feature",
      "geometry": {
        "type": "Point",
        "coordinates": [
          106.637517,
          10.801275
        ]
      },
      "properties": {
        "feature_type": "bus_stop",
        "stop_id": 2293,
        "stop_code": "QTB 080",
        "stop_name": "Chợ Võ Thành Trang",
        "stop_type": "Trụ dừng",
        "route_no": "23",
        "display_code": "B 23",
        "direction": "Lượt về",
        "address": "541 Trường Chinh",
        "street": "Trường Chinh",
        "zone": "Quận Tân Bình",
        "ward": null,
        "all_routes": "13, 23, 65, 94",
        "marker_color": "#8E24AA"
      }
    },
    {
      "type": "Feature",
      "geometry": {
        "type": "Point",
        "coordinates": [
          106.641557,
          10.799115
        ]
      },
      "properties": {
        "feature_type": "bus_stop",
        "stop_id": 2296,
        "stop_code": "QTB 081",
        "stop_name": "Ngã ba Trương Công Định",
        "stop_type": "Trụ dừng",
        "route_no": "23",
        "display_code": "B 23",
        "direction": "Lượt về",
        "address": "403 Trường Chinh",
        "street": "Trường Chinh",
        "zone": "Quận Tân Bình",
        "ward": null,
        "all_routes": "13, 23, 65, 94",
        "marker_color": "#8E24AA"
      }
    },
    {
      "type": "Feature",
      "geometry": {
        "type": "Point",
        "coordinates": [
          106.643434,
          10.797381
        ]
      },
      "properties": {
        "feature_type": "bus_stop",
        "stop_id": 2295,
        "stop_code": "QTB 153",
        "stop_name": "Ngã ba Trường Chinh",
        "stop_type": "Trụ dừng",
        "route_no": "23",
        "display_code": "B 23",
        "direction": "Lượt về",
        "address": "Đối diện 7 Nguyễn Hồng Đào",
        "street": "Nguyễn Hồng Đào",
        "zone": "Quận Tân Bình",
        "ward": null,
        "all_routes": "23",
        "marker_color": "#8E24AA"
      }
    },
    {
      "type": "Feature",
      "geometry": {
        "type": "Point",
        "coordinates": [
          106.642433,
          10.793972
        ]
      },
      "properties": {
        "feature_type": "bus_stop",
        "stop_id": 2298,
        "stop_code": "QTB 152",
        "stop_name": "Bàu Cát 2",
        "stop_type": "Trụ dừng",
        "route_no": "23",
        "display_code": "B 23",
        "direction": "Lượt về",
        "address": "146 Nguyễn Hồng Đào",
        "street": "Nguyễn Hồng Đào",
        "zone": "Quận Tân Bình",
        "ward": null,
        "all_routes": "23",
        "marker_color": "#8E24AA"
      }
    },
    {
      "type": "Feature",
      "geometry": {
        "type": "Point",
        "coordinates": [
          106.641472,
          10.791608
        ]
      },
      "properties": {
        "feature_type": "bus_stop",
        "stop_id": 2297,
        "stop_code": "QTB 151",
        "stop_name": "Chợ Bàu Cát",
        "stop_type": "Trụ dừng",
        "route_no": "23",
        "display_code": "B 23",
        "direction": "Lượt về",
        "address": "218 Nguyễn Hồng Đào",
        "street": "Nguyễn Hồng Đào",
        "zone": "Quận Tân Bình",
        "ward": null,
        "all_routes": "23",
        "marker_color": "#8E24AA"
      }
    },
    {
      "type": "Feature",
      "geometry": {
        "type": "Point",
        "coordinates": [
          106.640253,
          10.789466
        ]
      },
      "properties": {
        "feature_type": "bus_stop",
        "stop_id": 2396,
        "stop_code": "QTP 004",
        "stop_name": "Nguyễn Hồng Đào",
        "stop_type": "Trụ dừng",
        "route_no": "23",
        "display_code": "B 23",
        "direction": "Lượt về",
        "address": "Đối diện 770 Âu Cơ",
        "street": "Âu Cơ",
        "zone": "Quận Tân Phú",
        "ward": null,
        "all_routes": "23, 27, 62, 64",
        "marker_color": "#8E24AA"
      }
    },
    {
      "type": "Feature",
      "geometry": {
        "type": "Point",
        "coordinates": [
          106.641235,
          10.786605
        ]
      },
      "properties": {
        "feature_type": "bus_stop",
        "stop_id": 2299,
        "stop_code": "QTP 005",
        "stop_name": "Trạm Ngã 4 Thoại Ngọc Hầu",
        "stop_type": "Ô sơn",
        "route_no": "23",
        "display_code": "B 23",
        "direction": "Lượt về",
        "address": "647 Âu Cơ",
        "street": "Âu Cơ",
        "zone": "Quận Tân Phú",
        "ward": "Phường Hoà Thạnh",
        "all_routes": "23, 27, 62, 64",
        "marker_color": "#8E24AA"
      }
    },
    {
      "type": "Feature",
      "geometry": {
        "type": "Point",
        "coordinates": [
          106.642334,
          10.783712
        ]
      },
      "properties": {
        "feature_type": "bus_stop",
        "stop_id": 2300,
        "stop_code": "QTP 006",
        "stop_name": "Bệnh viện Quân Tân Phú",
        "stop_type": "Nhà chờ",
        "route_no": "23",
        "display_code": "B 23",
        "direction": "Lượt về",
        "address": "609-611 (577) Âu Cơ",
        "street": "Âu Cơ",
        "zone": "Quận Tân Phú",
        "ward": null,
        "all_routes": "23, 27",
        "marker_color": "#8E24AA"
      }
    },
    {
      "type": "Feature",
      "geometry": {
        "type": "Point",
        "coordinates": [
          106.642828,
          10.781172
        ]
      },
      "properties": {
        "feature_type": "bus_stop",
        "stop_id": 2301,
        "stop_code": "QTP 152",
        "stop_name": "Âu Cơ",
        "stop_type": "Ô sơn",
        "route_no": "23",
        "display_code": "B 23",
        "direction": "Lượt về",
        "address": "8 Khuông Việt",
        "street": "Khuông Việt",
        "zone": "Quận Tân Phú",
        "ward": "Phường Phú Trung",
        "all_routes": "23",
        "marker_color": "#8E24AA"
      }
    },
    {
      "type": "Feature",
      "geometry": {
        "type": "Point",
        "coordinates": [
          106.641439,
          10.777941
        ]
      },
      "properties": {
        "feature_type": "bus_stop",
        "stop_id": 2302,
        "stop_code": "QTP 153",
        "stop_name": "Lê Ngã",
        "stop_type": "Ô sơn",
        "route_no": "23",
        "display_code": "B 23",
        "direction": "Lượt về",
        "address": "88 Khuông Việt",
        "street": "Khuông Việt",
        "zone": "Quận Tân Phú",
        "ward": "Phường Phú Trung",
        "all_routes": "23",
        "marker_color": "#8E24AA"
      }
    },
    {
      "type": "Feature",
      "geometry": {
        "type": "Point",
        "coordinates": [
          106.639405,
          10.776271
        ]
      },
      "properties": {
        "feature_type": "bus_stop",
        "stop_id": 2303,
        "stop_code": "QTP 154",
        "stop_name": "Trạm cầu số 2",
        "stop_type": "Ô sơn",
        "route_no": "23",
        "display_code": "B 23",
        "direction": "Lượt về",
        "address": "148 Khuông Việt",
        "street": "Khuông Việt",
        "zone": "Quận Tân Phú",
        "ward": "Phường Phú Trung",
        "all_routes": "23",
        "marker_color": "#8E24AA"
      }
    },
    {
      "type": "Feature",
      "geometry": {
        "type": "Point",
        "coordinates": [
          106.637506,
          10.772677
        ]
      },
      "properties": {
        "feature_type": "bus_stop",
        "stop_id": 2304,
        "stop_code": "QTP 155",
        "stop_name": "Trạm Chùa",
        "stop_type": "Ô sơn",
        "route_no": "23",
        "display_code": "B 23",
        "direction": "Lượt về",
        "address": "294 Khuông Việt",
        "street": "Khuông Việt",
        "zone": "Quận Tân Phú",
        "ward": "Phường Phú Trung",
        "all_routes": "23",
        "marker_color": "#8E24AA"
      }
    },
    {
      "type": "Feature",
      "geometry": {
        "type": "Point",
        "coordinates": [
          106.6377,
          10.770379
        ]
      },
      "properties": {
        "feature_type": "bus_stop",
        "stop_id": 2305,
        "stop_code": "QTP 156",
        "stop_name": "Ngã 3 Hòa Bình - Khuông Việt",
        "stop_type": "Trụ dừng",
        "route_no": "23",
        "display_code": "B 23",
        "direction": "Lượt về",
        "address": "Đối diện 313 Khuông Việt",
        "street": "Khuông Việt",
        "zone": "Quận Tân Phú",
        "ward": null,
        "all_routes": "23",
        "marker_color": "#8E24AA"
      }
    },
    {
      "type": "Feature",
      "geometry": {
        "type": "Point",
        "coordinates": [
          106.637866,
          10.768814
        ]
      },
      "properties": {
        "feature_type": "bus_stop",
        "stop_id": 1571,
        "stop_code": "Q11 045",
        "stop_name": "Thuỷ Tạ",
        "stop_type": "Nhà chờ",
        "route_no": "23",
        "display_code": "B 23",
        "direction": "Lượt về",
        "address": "ĐD 90 (nhà hàng Thủy Tạ Đầm Sen) Hòa Bình",
        "street": "Hòa Bình",
        "zone": "Quận 11",
        "ward": null,
        "all_routes": "15, 23, 62, 64, 69",
        "marker_color": "#8E24AA"
      }
    },
    {
      "type": "Feature",
      "geometry": {
        "type": "Point",
        "coordinates": [
          106.639776,
          10.767929
        ]
      },
      "properties": {
        "feature_type": "bus_stop",
        "stop_id": 1569,
        "stop_code": "Q11 046",
        "stop_name": "Bãi xe buýt Đầm Sen",
        "stop_type": "Nhà chờ",
        "route_no": "23",
        "display_code": "B 23",
        "direction": "Lượt về",
        "address": "7B (Bến xe buýt Đầm Sen) Hòa Bình",
        "street": "Hòa Bình",
        "zone": "Quận 11",
        "ward": null,
        "all_routes": "23, 62, 69",
        "marker_color": "#8E24AA"
      }
    },
    {
      "type": "Feature",
      "geometry": {
        "type": "Point",
        "coordinates": [
          106.641571,
          10.76698
        ]
      },
      "properties": {
        "feature_type": "bus_stop",
        "stop_id": 1043,
        "stop_code": "Q11 047",
        "stop_name": "Ngã tư Hòa Bình",
        "stop_type": "Trụ dừng",
        "route_no": "23",
        "display_code": "B 23",
        "direction": "Lượt về",
        "address": "3 (79) Hòa Bình",
        "street": "Hòa Bình",
        "zone": "Quận 11",
        "ward": null,
        "all_routes": "15, 23, 38, 62, 69",
        "marker_color": "#8E24AA"
      }
    },
    {
      "type": "Feature",
      "geometry": {
        "type": "Point",
        "coordinates": [
          106.643349,
          10.766342
        ]
      },
      "properties": {
        "feature_type": "bus_stop",
        "stop_id": 1044,
        "stop_code": "Q11 041",
        "stop_name": "Tòa án nhân dân Quận 11",
        "stop_type": "Trụ dừng",
        "route_no": "23",
        "display_code": "B 23",
        "direction": "Lượt về",
        "address": "85 Ông Ích Khiêm",
        "street": "Ông Ích Khiêm",
        "zone": "Quận 11",
        "ward": null,
        "all_routes": "23, 62, 69",
        "marker_color": "#8E24AA"
      }
    },
    {
      "type": "Feature",
      "geometry": {
        "type": "Point",
        "coordinates": [
          106.645157,
          10.765737
        ]
      },
      "properties": {
        "feature_type": "bus_stop",
        "stop_id": 1045,
        "stop_code": "Q11 042",
        "stop_name": "Ông Ích Khiêm",
        "stop_type": "Trụ dừng",
        "route_no": "23",
        "display_code": "B 23",
        "direction": "Lượt về",
        "address": "43 Ông Ích Khiêm",
        "street": "Ông Ích Khiêm",
        "zone": "Quận 11",
        "ward": null,
        "all_routes": "23, 62, 69",
        "marker_color": "#8E24AA"
      }
    },
    {
      "type": "Feature",
      "geometry": {
        "type": "Point",
        "coordinates": [
          106.646755,
          10.765057
        ]
      },
      "properties": {
        "feature_type": "bus_stop",
        "stop_id": 1046,
        "stop_code": "Q11 038",
        "stop_name": "Chợ Lãnh Binh Thăng",
        "stop_type": "Trụ dừng",
        "route_no": "23",
        "display_code": "B 23",
        "direction": "Lượt về",
        "address": "307 Lãnh Binh Thăng",
        "street": "Lãnh Binh Thăng",
        "zone": "Quận 11",
        "ward": null,
        "all_routes": "23, 62",
        "marker_color": "#8E24AA"
      }
    },
    {
      "type": "Feature",
      "geometry": {
        "type": "Point",
        "coordinates": [
          106.650167,
          10.763238
        ]
      },
      "properties": {
        "feature_type": "bus_stop",
        "stop_id": 1047,
        "stop_code": "Q11 039",
        "stop_name": "Công viên Lãnh Binh Thăng",
        "stop_type": "Nhà chờ",
        "route_no": "23",
        "display_code": "B 23",
        "direction": "Lượt về",
        "address": "281A (Siêu thị Vinatex) Lãnh Binh Thăng",
        "street": "Lãnh Binh Thăng",
        "zone": "Quận 11",
        "ward": null,
        "all_routes": "23, 62",
        "marker_color": "#8E24AA"
      }
    },
    {
      "type": "Feature",
      "geometry": {
        "type": "Point",
        "coordinates": [
          106.65264,
          10.760904
        ]
      },
      "properties": {
        "feature_type": "bus_stop",
        "stop_id": 1048,
        "stop_code": "Q11 048",
        "stop_name": "Trường Trung học Phú Thọ",
        "stop_type": "Trụ dừng",
        "route_no": "23",
        "display_code": "B 23",
        "direction": "Lượt về",
        "address": "316 Tôn Thất Hiệp",
        "street": "Tôn Thất Hiệp",
        "zone": "Quận 11",
        "ward": null,
        "all_routes": "23, 62",
        "marker_color": "#8E24AA"
      }
    },
    {
      "type": "Feature",
      "geometry": {
        "type": "Point",
        "coordinates": [
          106.653492,
          10.758068
        ]
      },
      "properties": {
        "feature_type": "bus_stop",
        "stop_id": 1015,
        "stop_code": "Q11 083",
        "stop_name": "Trạm Trần Quý - Tạ Uyên",
        "stop_type": "Trụ dừng",
        "route_no": "23",
        "display_code": "B 23",
        "direction": "Lượt về",
        "address": "193 Tạ Uyên",
        "street": "Tạ Uyên",
        "zone": "Quận 11",
        "ward": null,
        "all_routes": "103, 23",
        "marker_color": "#8E24AA"
      }
    },
    {
      "type": "Feature",
      "geometry": {
        "type": "Point",
        "coordinates": [
          106.653696,
          10.755201
        ]
      },
      "properties": {
        "feature_type": "bus_stop",
        "stop_id": 1017,
        "stop_code": "Q5 080",
        "stop_name": "Tạ Uyên",
        "stop_type": "Trụ dừng",
        "route_no": "23",
        "display_code": "B 23",
        "direction": "Lượt về",
        "address": "79 Tạ Uyên",
        "street": "Tạ Uyên",
        "zone": "Quận 5",
        "ward": null,
        "all_routes": "05, 103, 23, 94",
        "marker_color": "#8E24AA"
      }
    },
    {
      "type": "Feature",
      "geometry": {
        "type": "Point",
        "coordinates": [
          106.652559,
          10.753657
        ]
      },
      "properties": {
        "feature_type": "bus_stop",
        "stop_id": 1010,
        "stop_code": "Q5 022",
        "stop_name": "Bến xe Chợ Lớn",
        "stop_type": "Trụ dừng",
        "route_no": "23",
        "display_code": "B 23",
        "direction": "Lượt về",
        "address": "266 Hồng Bàng",
        "street": "Hồng Bàng",
        "zone": "Quận 5",
        "ward": null,
        "all_routes": "139, 23, 63-1",
        "marker_color": "#8E24AA"
      }
    },
    {
      "type": "Feature",
      "geometry": {
        "type": "Point",
        "coordinates": [
          106.652565,
          10.751253
        ]
      },
      "properties": {
        "feature_type": "bus_stop",
        "stop_id": 8,
        "stop_code": "BX14",
        "stop_name": "Bến xe buýt Chợ Lớn",
        "stop_type": "Bến xe",
        "route_no": "23",
        "display_code": "B 23",
        "direction": "Lượt về",
        "address": "GA HKXB CHO LON Lê Quang Sung",
        "street": "Lê Quang Sung",
        "zone": "Quận 5",
        "ward": null,
        "all_routes": "01, 05, 06, 07, 09, 150, 23, 47, 56, 62-1, 62-10, 62-7, 62-8, 81, 94",
        "marker_color": "#8E24AA"
      }
    }
  ]
}