<?xml version="1.0" encoding="UTF-8"?>
<kml xmlns="http://www.opengis.net/kml/2.2">
  <Document>
    <name>B 13 - Bến xe buýt Sài Gòn - Bến xe Củ Chi</name>
    <description>Lộ trình tuyến xe buýt B 13 (4:00 - 19:45)</description>
    <Style id="routeLineStyle">
      <LineStyle>
        <color>e6601BD8</color>
        <width>4</width>
      </LineStyle>
    </Style>
    <Style id="busStopStyle">
      <IconStyle>
        <scale>0.8</scale>
        <Icon>
          <href>http://maps.google.com/mapfiles/kml/shapes/bus.png</href>
        </Icon>
      </IconStyle>
    </Style>
    <Folder>
      <name>Lượt đi: Bến xe buýt Sài Gòn → Bến xe Củ Chi (37.4 km)</name>
      <Placemark>
        <name>B 13 - Đường đi Lượt đi</name>
        <description><![CDATA[&lt;b&gt;Tuyến:&lt;/b&gt; B 13 - Bến xe buýt Sài Gòn - Bến xe Củ Chi&lt;br/&gt;&lt;b&gt;Lượt:&lt;/b&gt; Lượt đi&lt;br/&gt;&lt;b&gt;Cự ly:&lt;/b&gt; 37.4 km&lt;br/&gt;&lt;b&gt;Thời gian hành trình:&lt;/b&gt; 80 phút&lt;br/&gt;&lt;b&gt;Thời gian hoạt động:&lt;/b&gt; 4:00 - 19:45]]></description>
        <styleUrl>#routeLineStyle</styleUrl>
        <LineString>
          <tessellate>1</tessellate>
          <coordinates>106.68936157,10.76767635,0 106.68936157,10.76767635,0 106.68955994,10.76718521,0 106.69024658,10.76744652,0 106.69093323,10.76770687,0 106.69094086,10.76766968,0 106.69094086,10.76766968,0 106.69094086,10.76766968,0 106.69091797,10.76771259,0 106.69160461,10.7679863,0 106.69229889,10.76826096,0 106.69299316,10.76853752,0 106.69367981,10.76881409,0 106.6937027,10.76878834,0 106.6937027,10.76878834,0 106.69367218,10.76882458,0 106.69461823,10.76919365,0 106.6955719,10.76956272,0 106.69558716,10.76950359,0 106.69558716,10.76950359,0 106.69558716,10.76950359,0 106.69558716,10.76950359,0 106.69556427,10.76956272,0 106.69617462,10.76980495,0 106.69646454,10.76909828,0 106.69702911,10.76976299,0 106.69758606,10.77042675,0 106.6984787,10.77141762,0 106.69789124,10.77165985,0 106.69654846,10.77115917,0 106.69581604,10.77119064,0 106.69582367,10.77128983,0 106.69582367,10.77128983,0 106.69582367,10.77128983,0 106.69582367,10.77128983,0 106.69582367,10.77128983,0 106.69582367,10.77128983,0 106.69582367,10.77128983,0 106.69581604,10.77120686,0 106.69464111,10.77128029,0 106.69345856,10.77135372,0 106.69321442,10.77159119,0 106.69197845,10.77227402,0 106.69075012,10.77295589,0 106.69081116,10.77304554,0 106.69081116,10.77304554,0 106.69081116,10.77304554,0 106.69081116,10.77304554,0 106.69081116,10.77304554,0 106.69081116,10.77304554,0 106.69081116,10.77304554,0 106.69081116,10.77304554,0 106.69075012,10.77296162,0 106.69028473,10.77321434,0 106.68981934,10.77346802,0 106.68935394,10.77372074,0 106.68888855,10.77397346,0 106.68894958,10.77406788,0 106.68894958,10.77406788,0 106.68894958,10.77406788,0 106.68894958,10.77406788,0 106.68894958,10.77406788,0 106.6888504,10.77396774,0 106.68775177,10.77455807,0 106.68666077,10.77514839,0 106.68553925,10.77576733,0 106.6844101,10.77638721,0 106.6844635,10.77646065,0 106.6844635,10.77646065,0 106.6844635,10.77646065,0 106.6844635,10.77646065,0 106.68442535,10.77638721,0 106.68341064,10.77692127,0 106.68240356,10.77745628,0 106.68245697,10.77752972,0 106.68245697,10.77752972,0 106.68245697,10.77752972,0 106.68245697,10.77752972,0 106.68245697,10.77752972,0 106.68245697,10.77752972,0 106.68241119,10.77746201,0 106.68191528,10.7777462,0 106.68193817,10.77789974,0 106.68190765,10.77797031,0 106.68184662,10.77803993,0 106.68177795,10.77807999,0 106.68166351,10.77810955,0 106.68153381,10.77807999,0 106.6813736,10.77798367,0 106.68045044,10.77846336,0 106.68048096,10.77851582,0 106.68048096,10.77851582,0 106.68048096,10.77851582,0 106.68048096,10.77851582,0 106.68044281,10.77846813,0 106.67941284,10.77901936,0 106.67838287,10.77956963,0 106.67734528,10.78012085,0 106.67631531,10.78067112,0 106.67634583,10.78070259,0 106.67634583,10.78070259,0 106.67634583,10.78070259,0 106.67634583,10.78070259,0 106.67630768,10.78067112,0 106.67549896,10.78110886,0 106.67469025,10.78154564,0 106.67474365,10.78162956,0 106.67474365,10.78162956,0 106.67474365,10.78162956,0 106.67474365,10.78162956,0 106.67474365,10.78162956,0 106.67474365,10.78162956,0 106.67468262,10.78154564,0 106.67369843,10.78208351,0 106.6727066,10.78262138,0 106.67172241,10.7831583,0 106.67073059,10.78369617,0 106.67075348,10.78373814,0 106.67075348,10.78373814,0 106.67075348,10.78373814,0 106.67075348,10.78373814,0 106.67075348,10.78373814,0 106.67075348,10.78373814,0 106.67073059,10.78367996,0 106.66992188,10.78411198,0 106.66994476,10.78414631,0 106.66994476,10.78414631,0 106.66994476,10.78414631,0 106.66994476,10.78414631,0 106.66994476,10.78414631,0 106.66994476,10.78414631,0 106.66994476,10.78414631,0 106.6699295,10.78410721,0 106.66915894,10.78452492,0 106.66838837,10.78494263,0 106.66764069,10.78534126,0 106.66690063,10.78574085,0 106.66693115,10.78581429,0 106.66693115,10.78581429,0 106.66693115,10.78581429,0 106.66693115,10.78581429,0 106.66693115,10.78581429,0 106.66693115,10.78581429,0 106.66693115,10.78581429,0 106.66693115,10.78581429,0 106.66690063,10.78573036,0 106.66608429,10.78616238,0 106.6652832,10.78658962,0 106.66448975,10.78701591,0 106.66368866,10.78744316,0 106.66372681,10.78748608,0 106.66372681,10.78748608,0 106.66372681,10.78748608,0 106.66372681,10.78748608,0 106.66372681,10.78748608,0 106.66372681,10.78748608,0 106.66372681,10.78748608,0 106.66370392,10.78743172,0 106.66313171,10.78773594,0 106.66255188,10.78804111,0 106.66197968,10.78834534,0 106.66140747,10.78864956,0 106.66145325,10.78869247,0 106.66145325,10.78869247,0 106.66145325,10.78869247,0 106.66145325,10.78869247,0 106.66143036,10.78864956,0 106.66053772,10.78911304,0 106.65964508,10.78957653,0 106.65969086,10.78962994,0 106.65969086,10.78962994,0 106.65969086,10.78962994,0 106.65969086,10.78962994,0 106.65966034,10.78957653,0 106.65879059,10.79003429,0 106.65792847,10.7904911,0 106.65705872,10.79094887,0 106.65618896,10.79140568,0 106.65621948,10.79144764,0 106.65621948,10.79144764,0 106.65621948,10.79144764,0 106.65621948,10.79144764,0 106.65619659,10.79139996,0 106.654953,10.79208279,0 106.65370941,10.79276466,0 106.65355682,10.79301834,0 106.65431976,10.79390335,0 106.655159,10.7947731,0 106.65519714,10.7947197,0 106.65519714,10.7947197,0 106.655159,10.79475689,0 106.65577698,10.79542637,0 106.65512085,10.7960844,0 106.65514374,10.7961216,0 106.65514374,10.7961216,0 106.65514374,10.7961216,0 106.65511322,10.79607964,0 106.65464783,10.7965498,0 106.65410614,10.79600048,0 106.65406799,10.79603195,0 106.65406799,10.79603195,0 106.65406799,10.79603195,0 106.65410614,10.79598999,0 106.65316772,10.79510975,0 106.65221405,10.79421902,0 106.65218353,10.79425621,0 106.65218353,10.79425621,0 106.65218353,10.79425621,0 106.65222931,10.79422474,0 106.65180206,10.79379272,0 106.65115356,10.79415131,0 106.65119171,10.79418182,0 106.65119171,10.79418182,0 106.65119171,10.79418182,0 106.65119171,10.79418182,0 106.65116119,10.79413986,0 106.64953613,10.79500484,0 106.64957428,10.79506779,0 106.64957428,10.79506779,0 106.64957428,10.79506779,0 106.64957428,10.79506779,0 106.64953613,10.79500484,0 106.64862061,10.79549217,0 106.64769745,10.7959795,0 106.64774323,10.79605293,0 106.64774323,10.79605293,0 106.64774323,10.79605293,0 106.64774323,10.79605293,0 106.64769745,10.79599476,0 106.64687347,10.79642963,0 106.64605713,10.79686451,0 106.64523315,10.79729939,0 106.64440918,10.79773426,0 106.64445496,10.79779243,0 106.64445496,10.79779243,0 106.64445496,10.79779243,0 106.64445496,10.79779243,0 106.64445496,10.79779243,0 106.64441681,10.79774475,0 106.64356232,10.79820442,0 106.64271545,10.79866409,0 106.64186096,10.79912376,0 106.64100647,10.79958344,0 106.64103699,10.79964161,0 106.64103699,10.79964161,0 106.64103699,10.79964161,0 106.64103699,10.79964161,0 106.64103699,10.79964161,0 106.64100647,10.79958916,0 106.64019775,10.80001545,0 106.63939667,10.8004427,0 106.63859558,10.80086899,0 106.63779449,10.80129623,0 106.63782501,10.8013649,0 106.63782501,10.8013649,0 106.63782501,10.8013649,0 106.63782501,10.8013649,0 106.63778687,10.80128002,0 106.63672638,10.8018446,0 106.63645172,10.80234146,0 106.6361084,10.80288029,0 106.63582611,10.80379581,0 106.63554382,10.80471039,0 106.63562775,10.80473232,0 106.63562775,10.80473232,0 106.63562775,10.80473232,0 106.63555145,10.80471611,0 106.6353302,10.80545139,0 106.63510895,10.80618572,0 106.63518524,10.80620193,0 106.63518524,10.80620193,0 106.63511658,10.80618095,0 106.6349411,10.80672932,0 106.63486481,10.80726147,0 106.63486481,10.80756664,0 106.63455963,10.80828857,0 106.63463593,10.80831432,0 106.63463593,10.80831432,0 106.63463593,10.80831432,0 106.63453674,10.80828857,0 106.63423157,10.80925274,0 106.63395691,10.81023788,0 106.63365173,10.81122112,0 106.63334656,10.81220436,0 106.63334656,10.81220436,0 106.63334656,10.81220436,0 106.63334656,10.81220436,0 106.63284302,10.81374741,0 106.63240051,10.81526852,0 106.63193512,10.81680012,0 106.6314621,10.81833172,0 106.6314621,10.81833172,0 106.6314621,10.81833172,0 106.6314621,10.81833172,0 106.63121033,10.81916523,0 106.63095856,10.81999969,0 106.63070679,10.82083321,0 106.63045502,10.82166672,0 106.6301651,10.82242012,0 106.63025665,10.82245159,0 106.63025665,10.82245159,0 106.63025665,10.82245159,0 106.63025665,10.82245159,0 106.63014984,10.82243061,0 106.62980652,10.82309532,0 106.6292572,10.82365322,0 106.62804413,10.82470703,0 106.62689209,10.82580853,0 106.62576294,10.82689381,0 106.6258316,10.82695675,0 106.6258316,10.82695675,0 106.6258316,10.82695675,0 106.62575531,10.82691002,0 106.62539673,10.82731533,0 106.62508392,10.82772064,0 106.62480164,10.82815266,0 106.62451935,10.82858467,0 106.62459564,10.82862663,0 106.62459564,10.82862663,0 106.62448883,10.8285799,0 106.62399292,10.82936001,0 106.62349701,10.83013916,0 106.6230011,10.83090878,0 106.62250519,10.83167839,0 106.62201691,10.83244228,0 106.621521,10.83320618,0 106.62102509,10.83397007,0 106.62052917,10.83473396,0 106.6206131,10.83478069,0 106.6206131,10.83478069,0 106.62052155,10.83473873,0 106.61995697,10.83561897,0 106.61940002,10.83649921,0 106.61885071,10.83733177,0 106.61830139,10.8381691,0 106.61840057,10.83822155,0 106.61840057,10.83822155,0 106.6182785,10.8381424,0 106.61760712,10.83916187,0 106.61693573,10.84018135,0 106.61631775,10.8411932,0 106.61569214,10.84220505,0 106.61504364,10.84322166,0 106.61440277,10.84423828,0 106.61375427,10.84524441,0 106.61312103,10.84624577,0 106.61319733,10.84629345,0 106.61319733,10.84629345,0 106.61319733,10.84629345,0 106.61314392,10.84625626,0 106.61266327,10.84702301,0 106.61217499,10.84778976,0 106.61168671,10.84855652,0 106.61119843,10.84932232,0 106.61127472,10.84936047,0 106.61127472,10.84936047,0 106.61127472,10.84936047,0 106.61127472,10.84936047,0 106.61127472,10.84936047,0 106.61127472,10.84936047,0 106.61118317,10.84931755,0 106.61030579,10.85063457,0 106.60943604,10.8519516,0 106.6085968,10.85328484,0 106.60775757,10.85461712,0 106.60786438,10.85466003,0 106.60786438,10.85466003,0 106.60786438,10.85466003,0 106.60786438,10.85466003,0 106.60786438,10.85466003,0 106.60786438,10.85466003,0 106.60786438,10.85466003,0 106.60786438,10.85466003,0 106.60778046,10.85461712,0 106.6073761,10.85523415,0 106.60696411,10.85585308,0 106.60655975,10.85647106,0 106.6061554,10.85708809,0 106.60620117,10.85711479,0 106.60620117,10.85711479,0 106.60620117,10.85711479,0 106.60620117,10.85711479,0 106.60620117,10.85711479,0 106.60620117,10.85711479,0 106.60620117,10.85711479,0 106.60620117,10.85711479,0 106.60613251,10.85708332,0 106.60565948,10.85775852,0 106.60518646,10.85843468,0 106.60471344,10.85910988,0 106.60424042,10.85978603,0 106.60430908,10.85982323,0 106.60430908,10.85982323,0 106.60430908,10.85982323,0 106.60430908,10.85982323,0 106.60430908,10.85982323,0 106.60430908,10.85982323,0 106.6042099,10.85976505,0 106.60401154,10.86004162,0 106.60381317,10.86031914,0 106.60362244,10.86059666,0 106.60342407,10.86087418,0 106.60322571,10.86115074,0 106.60302734,10.86142826,0 106.60283661,10.86170578,0 106.60263824,10.86198235,0 106.60269928,10.86201382,0 106.60269928,10.86201382,0 106.60269928,10.86201382,0 106.60269928,10.86201382,0 106.60263824,10.86197758,0 106.60218811,10.86261368,0 106.60173798,10.86324978,0 106.60128784,10.86388588,0 106.60083771,10.86452198,0 106.60092163,10.86456871,0 106.60092163,10.86456871,0 106.60092163,10.86456871,0 106.60092163,10.86456871,0 106.60083771,10.86452198,0 106.60044098,10.86508369,0 106.60004425,10.86564445,0 106.59965515,10.86619282,0 106.59926605,10.86674023,0 106.59934998,10.86678219,0 106.59934998,10.86678219,0 106.59934998,10.86678219,0 106.59934998,10.86678219,0 106.59934998,10.86678219,0 106.59934998,10.86678219,0 106.59927368,10.86674023,0 106.59898376,10.86714935,0 106.59870148,10.86755753,0 106.59841156,10.86796665,0 106.59812927,10.86837578,0 106.59783936,10.8687849,0 106.59754944,10.86919403,0 106.59726715,10.8696022,0 106.59700012,10.87001705,0 106.59707642,10.87007523,0 106.59707642,10.87007523,0 106.59707642,10.87007523,0 106.59707642,10.87007523,0 106.59707642,10.87007523,0 106.59707642,10.87007523,0 106.59707642,10.87007523,0 106.59696198,10.87000656,0 106.59673309,10.87033463,0 106.59650421,10.87066174,0 106.59627533,10.8709898,0 106.59604645,10.87131786,0 106.59614563,10.87139702,0 106.59614563,10.87139702,0 106.59614563,10.87139702,0 106.59614563,10.87139702,0 106.59614563,10.87139702,0 106.59614563,10.87139702,0 106.59603119,10.87132835,0 106.59570313,10.8717947,0 106.59536743,10.87226105,0 106.59503174,10.87272739,0 106.59470367,10.87319374,0 106.59436798,10.87366009,0 106.59403229,10.87412643,0 106.59370422,10.87459183,0 106.59337616,10.87506866,0 106.59342194,10.87509346,0 106.59342194,10.87509346,0 106.59342194,10.87509346,0 106.59342194,10.87509346,0 106.59342194,10.87509346,0 106.59342194,10.87509346,0 106.59337616,10.87506866,0 106.59317017,10.87536621,0 106.59295654,10.8756628,0 106.59275055,10.87596035,0 106.59253693,10.87625694,0 106.5923233,10.87655354,0 106.59211731,10.87685108,0 106.59190369,10.87714767,0 106.59169769,10.87744522,0 106.5917511,10.87748241,0 106.5917511,10.87748241,0 106.5917511,10.87748241,0 106.5917511,10.87748241,0 106.5917511,10.87748241,0 106.5917511,10.87748241,0 106.5917511,10.87748241,0 106.59168243,10.8774395,0 106.59102631,10.87833881,0 106.59039307,10.87924862,0 106.58974457,10.88016701,0 106.58911896,10.88107967,0 106.58917999,10.88110924,0 106.58917999,10.88110924,0 106.58917999,10.88110924,0 106.58917999,10.88110924,0 106.58917999,10.88110924,0 106.58917999,10.88110924,0 106.58917999,10.88110924,0 106.58917999,10.88110924,0 106.58911133,10.88107491,0 106.58850861,10.8819437,0 106.58789063,10.88281822,0 106.58728027,10.88369274,0 106.58666229,10.88456726,0 106.58673096,10.88461494,0 106.58673096,10.88461494,0 106.58673096,10.88461494,0 106.58673096,10.88461494,0 106.58673096,10.88461494,0 106.58673096,10.88461494,0 106.58666992,10.88458252,0 106.58596039,10.88560772,0 106.58524323,10.88663197,0 106.58454132,10.88765717,0 106.58383179,10.88868141,0 106.58387756,10.88870811,0 106.58387756,10.88870811,0 106.58387756,10.88870811,0 106.58387756,10.88870811,0 106.58387756,10.88870811,0 106.58381653,10.8886652,0 106.5830307,10.88979053,0 106.58224487,10.89091492,0 106.58146667,10.89201832,0 106.58069611,10.89312172,0 106.58074188,10.89314747,0 106.58074188,10.89314747,0 106.58074188,10.89314747,0 106.58074188,10.89314747,0 106.58074188,10.89314747,0 106.58074188,10.89314747,0 106.58069611,10.89311123,0 106.57983398,10.89436054,0 106.57897949,10.8956089,0 106.57902527,10.89566135,0 106.57902527,10.89566135,0 106.57902527,10.89566135,0 106.57902527,10.89566135,0 106.57902527,10.89566135,0 106.57902527,10.89566135,0 106.57894897,10.89560318,0 106.57824707,10.89662647,0 106.57753754,10.89764977,0 106.576828,10.89866734,0 106.57611847,10.89968586,0 106.57619476,10.89973259,0 106.57619476,10.89973259,0 106.57619476,10.89973259,0 106.57619476,10.89973259,0 106.57619476,10.89973259,0 106.57619476,10.89973259,0 106.57611847,10.89968014,0 106.57540894,10.9006815,0 106.57470703,10.9016819,0 106.57398987,10.90268517,0 106.57327271,10.90368938,0 106.57337189,10.90375233,0 106.57337189,10.90375233,0 106.57337189,10.90375233,0 106.57337189,10.90375233,0 106.57337189,10.90375233,0 106.57337189,10.90375233,0 106.57328796,10.90369987,0 106.57264709,10.9046526,0 106.57194519,10.90561676,0 106.57206726,10.90569115,0 106.57206726,10.90569115,0 106.57206726,10.90569115,0 106.57206726,10.90569115,0 106.57206726,10.90569115,0 106.57206726,10.90569115,0 106.57206726,10.90569115,0 106.57192993,10.90560627,0 106.57087708,10.90711308,0 106.56982422,10.90861988,0 106.56877136,10.91011238,0 106.56771851,10.91160583,0 106.56781006,10.91166401,0 106.56781006,10.91166401,0 106.56781006,10.91166401,0 106.56781006,10.91166401,0 106.56781006,10.91166401,0 106.56781006,10.91166401,0 106.56781006,10.91166401,0 106.56776428,10.91162682,0 106.56682587,10.91293049,0 106.56588745,10.91423321,0 106.56497192,10.91554832,0 106.5640564,10.91687393,0 106.56410217,10.91690063,0 106.56410217,10.91690063,0 106.56410217,10.91690063,0 106.56410217,10.91690063,0 106.56410217,10.91690063,0 106.56410217,10.91690063,0 106.56410217,10.91690063,0 106.56410217,10.91690063,0 106.56410217,10.91690063,0 106.56403351,10.91686249,0 106.56349945,10.91765785,0 106.56297302,10.91844845,0 106.56255341,10.91899586,0 106.56186676,10.92006016,0 106.56109619,10.9211607,0 106.56126404,10.92126083,0 106.56126404,10.92126083,0 106.56126404,10.92126083,0 106.56126404,10.92126083,0 106.56126404,10.92126083,0 106.56126404,10.92126083,0 106.56126404,10.92126083,0 106.56126404,10.92126083,0 106.56105804,10.92114544,0 106.56005859,10.92258358,0 106.55905914,10.92402077,0 106.55805969,10.92544842,0 106.55704498,10.92689705,0 106.55711365,10.92692947,0 106.55711365,10.92692947,0 106.55711365,10.92692947,0 106.55711365,10.92692947,0 106.55711365,10.92692947,0 106.55711365,10.92692947,0 106.55705261,10.92688084,0 106.55615234,10.92815876,0 106.5552597,10.92943573,0 106.55445099,10.9303627,0 106.55363464,10.9312849,0 106.55371094,10.93134308,0 106.55371094,10.93134308,0 106.55371094,10.93134308,0 106.55371094,10.93134308,0 106.55371094,10.93134308,0 106.55371094,10.93134308,0 106.55361938,10.93127918,0 106.552742,10.93222713,0 106.55187225,10.93317509,0 106.55092621,10.9340601,0 106.54948425,10.93492413,0 106.54955292,10.93498325,0 106.54955292,10.93498325,0 106.54955292,10.93498325,0 106.54955292,10.93498325,0 106.54955292,10.93498325,0 106.5495224,10.9349184,0 106.54794312,10.93565845,0 106.54640198,10.93640423,0 106.5448761,10.93715191,0 106.54336548,10.93789482,0 106.54342651,10.93797874,0 106.54342651,10.93797874,0 106.54342651,10.93797874,0 106.54342651,10.93797874,0 106.54342651,10.93797874,0 106.54338074,10.93788433,0 106.5418396,10.93863201,0 106.54029846,10.93937969,0 106.54033661,10.9394331,0 106.54033661,10.9394331,0 106.54033661,10.9394331,0 106.54033661,10.9394331,0 106.54033661,10.9394331,0 106.54033661,10.9394331,0 106.54030609,10.93936443,0 106.53904724,10.93997002,0 106.53778839,10.9405756,0 106.53653717,10.9411869,0 106.53528595,10.94179726,0 106.5353241,10.94184971,0 106.5353241,10.94184971,0 106.5353241,10.94184971,0 106.5353241,10.94184971,0 106.5353241,10.94184971,0 106.5353241,10.94184971,0 106.53527832,10.941782,0 106.53377533,10.94250584,0 106.53226471,10.94323063,0 106.53074646,10.94396496,0 106.52922821,10.94469929,0 106.52926636,10.94476795,0 106.52926636,10.94476795,0 106.52926636,10.94476795,0 106.52926636,10.94476795,0 106.52924347,10.94469929,0 106.52804565,10.94527626,0 106.52685547,10.94585323,0 106.52563477,10.9464426,0 106.52457428,10.94705391,0 106.52463531,10.94713306,0 106.52463531,10.94713306,0 106.52463531,10.94713306,0 106.52463531,10.94713306,0 106.52455902,10.94704342,0 106.52349091,10.94777012,0 106.52242279,10.94849682,0 106.52135468,10.94922352,0 106.52028656,10.94995022,0 106.52037048,10.95003033,0 106.52037048,10.95003033,0 106.52037048,10.95003033,0 106.52037048,10.95003033,0 106.52037048,10.95003033,0 106.52030182,10.94994545,0 106.51927948,10.95064545,0 106.51825714,10.9513464,0 106.51721191,10.95204926,0 106.51617432,10.95275211,0 106.51622772,10.95282078,0 106.51622772,10.95282078,0 106.51622772,10.95282078,0 106.51618195,10.95275211,0 106.51529694,10.95336819,0 106.51441193,10.95398521,0 106.51353455,10.95457745,0 106.51265717,10.95516968,0 106.51271057,10.95523071,0 106.51271057,10.95523071,0 106.51267242,10.95516968,0 106.51125336,10.95612812,0 106.51055908,10.9566021,0 106.50980377,10.95700264,0 106.50983429,10.95705032,0 106.50983429,10.95705032,0 106.50983429,10.95705032,0 106.50980377,10.95697594,0 106.50858307,10.95760345,0 106.50736237,10.95823002,0 106.50614929,10.95885944,0 106.50493622,10.95948887,0 106.50495911,10.95954609,0 106.50495911,10.95954609,0 106.50495911,10.95954609,0 106.50492859,10.95948887,0 106.50323486,10.96035767,0 106.50239563,10.96077919,0 106.50157928,10.96125793,0 106.50161743,10.96131706,0 106.50161743,10.96131706,0 106.50156403,10.96124744,0 106.50058746,10.96180534,0 106.4996109,10.9623642,0 106.49865723,10.96291924,0 106.49769592,10.96347523,0 106.49774933,10.96354961,0 106.49774933,10.96354961,0 106.49771118,10.96345425,0 106.49659729,10.96408367,0 106.49549103,10.9647131,0 106.49427032,10.96522617,0 106.49304962,10.9657402,0 106.49308014,10.96580029,0 106.49308014,10.96580029,0 106.49306488,10.96571922,0 106.49185944,10.96618748,0 106.49064636,10.96665573,0 106.48947144,10.96710682,0 106.48828125,10.96755695,0 106.4883194,10.96765041,0 106.4883194,10.96765041,0 106.4883194,10.96765041,0 106.4883194,10.96765041,0 106.48828888,10.96757793,0 106.4877243,10.96774101,0 106.48649596999999,10.9681778,0 106.48506927,10.96894169,0 106.48329926,10.9701004,0 106.48253632,10.97063732,0 106.48181152,10.97132778,0 106.48210144,10.97161674,0 106.48210144,10.97161674,0 106.48210144,10.97161674,0</coordinates>
        </LineString>
      </Placemark>
      <Folder>
        <name>Trạm dừng (80 trạm)</name>
        <Placemark>
          <name>[BX 01] Bến xe buýt Sài Gòn</name>
          <description><![CDATA[&lt;b&gt;Trạm:&lt;/b&gt; Bến xe buýt Sài Gòn&lt;br/&gt;&lt;b&gt;Mã trạm:&lt;/b&gt; BX 01&lt;br/&gt;&lt;b&gt;Địa chỉ:&lt;/b&gt; BẾN XE BUÝT SÀI GÒN Lê Lai&lt;br/&gt;&lt;b&gt;Khu vực:&lt;/b&gt; Phường Phạm Ngũ Lão, Quận 1&lt;br/&gt;&lt;b&gt;Các tuyến qua trạm:&lt;/b&gt; 03, 04, 102, 109, 13, 140, 171, 172, 18, 19, 20, 27, 28, 34, 36, 39, 52, 65, 69, 72, 75, 86, 88, 93, D4, DL01, DL02, DL03, DL04, DL05, DL06]]></description>
          <styleUrl>#busStopStyle</styleUrl>
          <Point>
            <coordinates>106.689362,10.767676,0</coordinates>
          </Point>
        </Placemark>
        <Placemark>
          <name>[Q1 190] Khách sạn Viễn Đông</name>
          <description><![CDATA[&lt;b&gt;Trạm:&lt;/b&gt; Khách sạn Viễn Đông&lt;br/&gt;&lt;b&gt;Mã trạm:&lt;/b&gt; Q1 190&lt;br/&gt;&lt;b&gt;Địa chỉ:&lt;/b&gt; 277-279-275Y Phạm Ngũ Lão&lt;br/&gt;&lt;b&gt;Khu vực:&lt;/b&gt; Phường Phạm Ngũ Lão, Quận 1&lt;br/&gt;&lt;b&gt;Các tuyến qua trạm:&lt;/b&gt; 03, 04, 102, 109, 13, 140, 156V, 171, 172, 18, 19, 20, 28, 34, 36, 39, 46, 52, 65, 69, 72, 72-2B, 75, 86, 88, 93, D4, DL01, DL02, DL03]]></description>
          <styleUrl>#busStopStyle</styleUrl>
          <Point>
            <coordinates>106.690941,10.76767,0</coordinates>
          </Point>
        </Placemark>
        <Placemark>
          <name>[Q1 191] Sân khấu Sen Hồng</name>
          <description><![CDATA[&lt;b&gt;Trạm:&lt;/b&gt; Sân khấu Sen Hồng&lt;br/&gt;&lt;b&gt;Mã trạm:&lt;/b&gt; Q1 191&lt;br/&gt;&lt;b&gt;Địa chỉ:&lt;/b&gt; 187 Phạm Ngũ Lão&lt;br/&gt;&lt;b&gt;Khu vực:&lt;/b&gt; Phường Phạm Ngũ Lão, Quận 1&lt;br/&gt;&lt;b&gt;Các tuyến qua trạm:&lt;/b&gt; 03, 04, 102, 109, 13, 140, 156V, 171, 172, 18, 19, 20, 28, 34, 36, 39, 46, 52, 65, 69, 72, 72-2B, 93, D4, DL01, DL02, DL03, DL05, DL06]]></description>
          <styleUrl>#busStopStyle</styleUrl>
          <Point>
            <coordinates>106.693699,10.768788,0</coordinates>
          </Point>
        </Placemark>
        <Placemark>
          <name>[Q1 192] Trường Emst Thalmann</name>
          <description><![CDATA[&lt;b&gt;Trạm:&lt;/b&gt; Trường Emst Thalmann&lt;br/&gt;&lt;b&gt;Mã trạm:&lt;/b&gt; Q1 192&lt;br/&gt;&lt;b&gt;Địa chỉ:&lt;/b&gt; Trường Emst Thalmann Phạm Ngũ Lão&lt;br/&gt;&lt;b&gt;Khu vực:&lt;/b&gt; Phường Phạm Ngũ Lão, Quận 1&lt;br/&gt;&lt;b&gt;Các tuyến qua trạm:&lt;/b&gt; 03, 04, 109, 13, 156V, 171, 172, 18, 19, 20, 28, 34, 36, 39, 52, 65, 69, 72-2B, 93, D4, DL01, DL02, DL03]]></description>
          <styleUrl>#busStopStyle</styleUrl>
          <Point>
            <coordinates>106.695587,10.769504,0</coordinates>
          </Point>
        </Placemark>
        <Placemark>
          <name>[Q1 040] Khách sạn New world</name>
          <description><![CDATA[&lt;b&gt;Trạm:&lt;/b&gt; Khách sạn New world&lt;br/&gt;&lt;b&gt;Mã trạm:&lt;/b&gt; Q1 040&lt;br/&gt;&lt;b&gt;Địa chỉ:&lt;/b&gt; 40 Phạm Hồng Thái&lt;br/&gt;&lt;b&gt;Khu vực:&lt;/b&gt; Phường Bến Thành, Quận 1&lt;br/&gt;&lt;b&gt;Các tuyến qua trạm:&lt;/b&gt; 13, 152, 31, 38, 56, 65]]></description>
          <styleUrl>#busStopStyle</styleUrl>
          <Point>
            <coordinates>106.695824,10.77129,0</coordinates>
          </Point>
        </Placemark>
        <Placemark>
          <name>[Q1 003] Trống Đồng</name>
          <description><![CDATA[&lt;b&gt;Trạm:&lt;/b&gt; Trống Đồng&lt;br/&gt;&lt;b&gt;Mã trạm:&lt;/b&gt; Q1 003&lt;br/&gt;&lt;b&gt;Địa chỉ:&lt;/b&gt; Đối diện số 89 Cách Mạng Tháng Tám&lt;br/&gt;&lt;b&gt;Khu vực:&lt;/b&gt; None, Quận 1&lt;br/&gt;&lt;b&gt;Các tuyến qua trạm:&lt;/b&gt; 13, 28, 38, 65, 69]]></description>
          <styleUrl>#busStopStyle</styleUrl>
          <Point>
            <coordinates>106.690813,10.773046,0</coordinates>
          </Point>
        </Placemark>
        <Placemark>
          <name>[Q3 006] Võ Văn Tần</name>
          <description><![CDATA[&lt;b&gt;Trạm:&lt;/b&gt; Võ Văn Tần&lt;br/&gt;&lt;b&gt;Mã trạm:&lt;/b&gt; Q3 006&lt;br/&gt;&lt;b&gt;Địa chỉ:&lt;/b&gt; 40 - 42 Cách Mạng Tháng Tám&lt;br/&gt;&lt;b&gt;Khu vực:&lt;/b&gt; Phường 06, Quận 3&lt;br/&gt;&lt;b&gt;Các tuyến qua trạm:&lt;/b&gt; 13, 65, 69]]></description>
          <styleUrl>#busStopStyle</styleUrl>
          <Point>
            <coordinates>106.688946,10.774068,0</coordinates>
          </Point>
        </Placemark>
        <Placemark>
          <name>[Q3 007] Bệnh viện Mắt - Bình Dân - Da Liễu</name>
          <description><![CDATA[&lt;b&gt;Trạm:&lt;/b&gt; Bệnh viện Mắt - Bình Dân - Da Liễu&lt;br/&gt;&lt;b&gt;Mã trạm:&lt;/b&gt; Q3 007&lt;br/&gt;&lt;b&gt;Địa chỉ:&lt;/b&gt; 108 Cách Mạng Tháng Tám&lt;br/&gt;&lt;b&gt;Khu vực:&lt;/b&gt; None, Quận 3&lt;br/&gt;&lt;b&gt;Các tuyến qua trạm:&lt;/b&gt; 13, 65]]></description>
          <styleUrl>#busStopStyle</styleUrl>
          <Point>
            <coordinates>106.684467,10.776461,0</coordinates>
          </Point>
        </Placemark>
        <Placemark>
          <name>[Q3 008] Công trường Dân Chủ</name>
          <description><![CDATA[&lt;b&gt;Trạm:&lt;/b&gt; Công trường Dân Chủ&lt;br/&gt;&lt;b&gt;Mã trạm:&lt;/b&gt; Q3 008&lt;br/&gt;&lt;b&gt;Địa chỉ:&lt;/b&gt; 126 Cách Mạng Tháng Tám&lt;br/&gt;&lt;b&gt;Khu vực:&lt;/b&gt; None, Quận 3&lt;br/&gt;&lt;b&gt;Các tuyến qua trạm:&lt;/b&gt; 13, 65]]></description>
          <styleUrl>#busStopStyle</styleUrl>
          <Point>
            <coordinates>106.682455,10.77753,0</coordinates>
          </Point>
        </Placemark>
        <Placemark>
          <name>[Q3 009] Công trường Dân Chủ</name>
          <description><![CDATA[&lt;b&gt;Trạm:&lt;/b&gt; Công trường Dân Chủ&lt;br/&gt;&lt;b&gt;Mã trạm:&lt;/b&gt; Q3 009&lt;br/&gt;&lt;b&gt;Địa chỉ:&lt;/b&gt; 132C - 132D Cách Mạng Tháng Tám&lt;br/&gt;&lt;b&gt;Khu vực:&lt;/b&gt; Phường 10, Quận 3&lt;br/&gt;&lt;b&gt;Các tuyến qua trạm:&lt;/b&gt; 13, 30, 65]]></description>
          <styleUrl>#busStopStyle</styleUrl>
          <Point>
            <coordinates>106.680481,10.778516,0</coordinates>
          </Point>
        </Placemark>
        <Placemark>
          <name>[Q3 010] Ngã Ba Chí Hòa</name>
          <description><![CDATA[&lt;b&gt;Trạm:&lt;/b&gt; Ngã Ba Chí Hòa&lt;br/&gt;&lt;b&gt;Mã trạm:&lt;/b&gt; Q3 010&lt;br/&gt;&lt;b&gt;Địa chỉ:&lt;/b&gt; 276 Bis Cách Mạng Tháng Tám&lt;br/&gt;&lt;b&gt;Khu vực:&lt;/b&gt; Phường 10, Quận 3&lt;br/&gt;&lt;b&gt;Các tuyến qua trạm:&lt;/b&gt; 13, 30, 65]]></description>
          <styleUrl>#busStopStyle</styleUrl>
          <Point>
            <coordinates>106.67315,10.78237,0</coordinates>
          </Point>
        </Placemark>
        <Placemark>
          <name>[Q3 011] Chùa Bửu Đà</name>
          <description><![CDATA[&lt;b&gt;Trạm:&lt;/b&gt; Chùa Bửu Đà&lt;br/&gt;&lt;b&gt;Mã trạm:&lt;/b&gt; Q3 011&lt;br/&gt;&lt;b&gt;Địa chỉ:&lt;/b&gt; 338 - 340 Cách Mạng Tháng Tám&lt;br/&gt;&lt;b&gt;Khu vực:&lt;/b&gt; Phường 10, Quận 3&lt;br/&gt;&lt;b&gt;Các tuyến qua trạm:&lt;/b&gt; 13, 30, 65]]></description>
          <styleUrl>#busStopStyle</styleUrl>
          <Point>
            <coordinates>106.674741,10.78163,0</coordinates>
          </Point>
        </Placemark>
        <Placemark>
          <name>[Q3 012] Rạp hát Thanh Vân</name>
          <description><![CDATA[&lt;b&gt;Trạm:&lt;/b&gt; Rạp hát Thanh Vân&lt;br/&gt;&lt;b&gt;Mã trạm:&lt;/b&gt; Q3 012&lt;br/&gt;&lt;b&gt;Địa chỉ:&lt;/b&gt; 366 Cách Mạng Tháng Tám&lt;br/&gt;&lt;b&gt;Khu vực:&lt;/b&gt; Phường 10, Quận 3&lt;br/&gt;&lt;b&gt;Các tuyến qua trạm:&lt;/b&gt; 13, 30, 65]]></description>
          <styleUrl>#busStopStyle</styleUrl>
          <Point>
            <coordinates>106.673148,10.782368,0</coordinates>
          </Point>
        </Placemark>
        <Placemark>
          <name>[Q3 013] Chợ Hòa Hưng</name>
          <description><![CDATA[&lt;b&gt;Trạm:&lt;/b&gt; Chợ Hòa Hưng&lt;br/&gt;&lt;b&gt;Mã trạm:&lt;/b&gt; Q3 013&lt;br/&gt;&lt;b&gt;Địa chỉ:&lt;/b&gt; 442 Cách Mạng Tháng Tám&lt;br/&gt;&lt;b&gt;Khu vực:&lt;/b&gt; None, Quận 3&lt;br/&gt;&lt;b&gt;Các tuyến qua trạm:&lt;/b&gt; 13, 30, 65]]></description>
          <styleUrl>#busStopStyle</styleUrl>
          <Point>
            <coordinates>106.669945,10.784146,0</coordinates>
          </Point>
        </Placemark>
        <Placemark>
          <name>[Q3 014] Công viên Lê Thị Riêng</name>
          <description><![CDATA[&lt;b&gt;Trạm:&lt;/b&gt; Công viên Lê Thị Riêng&lt;br/&gt;&lt;b&gt;Mã trạm:&lt;/b&gt; Q3 014&lt;br/&gt;&lt;b&gt;Địa chỉ:&lt;/b&gt; 542 Cách Mạng Tháng Tám&lt;br/&gt;&lt;b&gt;Khu vực:&lt;/b&gt; Phường 11, Quận 3&lt;br/&gt;&lt;b&gt;Các tuyến qua trạm:&lt;/b&gt; 13, 30, 65]]></description>
          <styleUrl>#busStopStyle</styleUrl>
          <Point>
            <coordinates>106.66693,10.785814,0</coordinates>
          </Point>
        </Placemark>
        <Placemark>
          <name>[QTB 054] Bắc Hải</name>
          <description><![CDATA[&lt;b&gt;Trạm:&lt;/b&gt; Bắc Hải&lt;br/&gt;&lt;b&gt;Mã trạm:&lt;/b&gt; QTB 054&lt;br/&gt;&lt;b&gt;Địa chỉ:&lt;/b&gt; 690 Cách Mạng Tháng Tám&lt;br/&gt;&lt;b&gt;Khu vực:&lt;/b&gt; None, Quận Tân Bình&lt;br/&gt;&lt;b&gt;Các tuyến qua trạm:&lt;/b&gt; 103, 13, 30, 65]]></description>
          <styleUrl>#busStopStyle</styleUrl>
          <Point>
            <coordinates>106.663727,10.787486,0</coordinates>
          </Point>
        </Placemark>
        <Placemark>
          <name>[QTB 055] Ngã ba Bành Văn Trân</name>
          <description><![CDATA[&lt;b&gt;Trạm:&lt;/b&gt; Ngã ba Bành Văn Trân&lt;br/&gt;&lt;b&gt;Mã trạm:&lt;/b&gt; QTB 055&lt;br/&gt;&lt;b&gt;Địa chỉ:&lt;/b&gt; 814 Cách Mạng Tháng Tám&lt;br/&gt;&lt;b&gt;Khu vực:&lt;/b&gt; None, Quận Tân Bình&lt;br/&gt;&lt;b&gt;Các tuyến qua trạm:&lt;/b&gt; 103, 13, 30, 65]]></description>
          <styleUrl>#busStopStyle</styleUrl>
          <Point>
            <coordinates>106.661453,10.788692,0</coordinates>
          </Point>
        </Placemark>
        <Placemark>
          <name>[QTB 056] Ông Tạ</name>
          <description><![CDATA[&lt;b&gt;Trạm:&lt;/b&gt; Ông Tạ&lt;br/&gt;&lt;b&gt;Mã trạm:&lt;/b&gt; QTB 056&lt;br/&gt;&lt;b&gt;Địa chỉ:&lt;/b&gt; 962 Cách Mạng Tháng Tám&lt;br/&gt;&lt;b&gt;Khu vực:&lt;/b&gt; None, Quận Tân Bình&lt;br/&gt;&lt;b&gt;Các tuyến qua trạm:&lt;/b&gt; 103, 13, 30, 65]]></description>
          <styleUrl>#busStopStyle</styleUrl>
          <Point>
            <coordinates>106.659694,10.78963,0</coordinates>
          </Point>
        </Placemark>
        <Placemark>
          <name>[QTB 057] Cư xá Tự Do</name>
          <description><![CDATA[&lt;b&gt;Trạm:&lt;/b&gt; Cư xá Tự Do&lt;br/&gt;&lt;b&gt;Mã trạm:&lt;/b&gt; QTB 057&lt;br/&gt;&lt;b&gt;Địa chỉ:&lt;/b&gt; 1130 Cách Mạng Tháng Tám&lt;br/&gt;&lt;b&gt;Khu vực:&lt;/b&gt; None, Quận Tân Bình&lt;br/&gt;&lt;b&gt;Các tuyến qua trạm:&lt;/b&gt; 103, 13, 30, 65]]></description>
          <styleUrl>#busStopStyle</styleUrl>
          <Point>
            <coordinates>106.656218,10.791448,0</coordinates>
          </Point>
        </Placemark>
        <Placemark>
          <name>[QTB 034] Bệnh viện Quận Tân Bình</name>
          <description><![CDATA[&lt;b&gt;Trạm:&lt;/b&gt; Bệnh viện Quận Tân Bình&lt;br/&gt;&lt;b&gt;Mã trạm:&lt;/b&gt; QTB 034&lt;br/&gt;&lt;b&gt;Địa chỉ:&lt;/b&gt; 605 Hoàng Văn Thụ&lt;br/&gt;&lt;b&gt;Khu vực:&lt;/b&gt; None, Quận Tân Bình&lt;br/&gt;&lt;b&gt;Các tuyến qua trạm:&lt;/b&gt; 08, 103, 13, 145, 148, 30, 50, 59, 63-1, 64, 65, 94]]></description>
          <styleUrl>#busStopStyle</styleUrl>
          <Point>
            <coordinates>106.655198,10.79472,0</coordinates>
          </Point>
        </Placemark>
        <Placemark>
          <name>[QTB 064] Hội Chợ Triển lãm Tân Bình</name>
          <description><![CDATA[&lt;b&gt;Trạm:&lt;/b&gt; Hội Chợ Triển lãm Tân Bình&lt;br/&gt;&lt;b&gt;Mã trạm:&lt;/b&gt; QTB 064&lt;br/&gt;&lt;b&gt;Địa chỉ:&lt;/b&gt; 20 (B9) Xuân Diệu&lt;br/&gt;&lt;b&gt;Khu vực:&lt;/b&gt; None, Quận Tân Bình&lt;br/&gt;&lt;b&gt;Các tuyến qua trạm:&lt;/b&gt; 08, 103, 13, 145, 148, 30, 50, 59, 64, 94]]></description>
          <styleUrl>#busStopStyle</styleUrl>
          <Point>
            <coordinates>106.655145,10.796122,0</coordinates>
          </Point>
        </Placemark>
        <Placemark>
          <name>[QTB 065] Trường Phạm Ngũ Lão</name>
          <description><![CDATA[&lt;b&gt;Trạm:&lt;/b&gt; Trường Phạm Ngũ Lão&lt;br/&gt;&lt;b&gt;Mã trạm:&lt;/b&gt; QTB 065&lt;br/&gt;&lt;b&gt;Địa chỉ:&lt;/b&gt; 149 (E62) Xuân Hồng&lt;br/&gt;&lt;b&gt;Khu vực:&lt;/b&gt; None, Quận Tân Bình&lt;br/&gt;&lt;b&gt;Các tuyến qua trạm:&lt;/b&gt; 08, 103, 13, 145, 148, 30, 50, 59, 64, 65, 94]]></description>
          <styleUrl>#busStopStyle</styleUrl>
          <Point>
            <coordinates>106.654066,10.796032,0</coordinates>
          </Point>
        </Placemark>
        <Placemark>
          <name>[QTB 066] Cây xăng Đôi</name>
          <description><![CDATA[&lt;b&gt;Trạm:&lt;/b&gt; Cây xăng Đôi&lt;br/&gt;&lt;b&gt;Mã trạm:&lt;/b&gt; QTB 066&lt;br/&gt;&lt;b&gt;Địa chỉ:&lt;/b&gt; 23 Xuân Hồng&lt;br/&gt;&lt;b&gt;Khu vực:&lt;/b&gt; None, Quận Tân Bình&lt;br/&gt;&lt;b&gt;Các tuyến qua trạm:&lt;/b&gt; 08, 103, 13, 145, 148, 30, 50, 59, 64, 65, 94]]></description>
          <styleUrl>#busStopStyle</styleUrl>
          <Point>
            <coordinates>106.652184,10.794256,0</coordinates>
          </Point>
        </Placemark>
        <Placemark>
          <name>[QTB 067] Ngã tư Bảy Hiền</name>
          <description><![CDATA[&lt;b&gt;Trạm:&lt;/b&gt; Ngã tư Bảy Hiền&lt;br/&gt;&lt;b&gt;Mã trạm:&lt;/b&gt; QTB 067&lt;br/&gt;&lt;b&gt;Địa chỉ:&lt;/b&gt; 106 Trường Chinh&lt;br/&gt;&lt;b&gt;Khu vực:&lt;/b&gt; None, Quận Tân Bình&lt;br/&gt;&lt;b&gt;Các tuyến qua trạm:&lt;/b&gt; 13, 30, 64, 65, 94]]></description>
          <styleUrl>#busStopStyle</styleUrl>
          <Point>
            <coordinates>106.651191,10.794182,0</coordinates>
          </Point>
        </Placemark>
        <Placemark>
          <name>[QTB 068] Nhà Thờ Đắc Lộ</name>
          <description><![CDATA[&lt;b&gt;Trạm:&lt;/b&gt; Nhà Thờ Đắc Lộ&lt;br/&gt;&lt;b&gt;Mã trạm:&lt;/b&gt; QTB 068&lt;br/&gt;&lt;b&gt;Địa chỉ:&lt;/b&gt; 150 Trường Chinh&lt;br/&gt;&lt;b&gt;Khu vực:&lt;/b&gt; None, Quận Tân Bình&lt;br/&gt;&lt;b&gt;Các tuyến qua trạm:&lt;/b&gt; 13, 30, 64, 65, 94]]></description>
          <styleUrl>#busStopStyle</styleUrl>
          <Point>
            <coordinates>106.649576,10.795068,0</coordinates>
          </Point>
        </Placemark>
        <Placemark>
          <name>[QTB 069] Ngã ba Hoàng Hoa Thám</name>
          <description><![CDATA[&lt;b&gt;Trạm:&lt;/b&gt; Ngã ba Hoàng Hoa Thám&lt;br/&gt;&lt;b&gt;Mã trạm:&lt;/b&gt; QTB 069&lt;br/&gt;&lt;b&gt;Địa chỉ:&lt;/b&gt; 162T Trường Chinh&lt;br/&gt;&lt;b&gt;Khu vực:&lt;/b&gt; None, Quận Tân Bình&lt;br/&gt;&lt;b&gt;Các tuyến qua trạm:&lt;/b&gt; 13, 30, 64, 65, 94]]></description>
          <styleUrl>#busStopStyle</styleUrl>
          <Point>
            <coordinates>106.647747,10.796053,0</coordinates>
          </Point>
        </Placemark>
        <Placemark>
          <name>[QTB 070] Ngã ba Bình Giã</name>
          <description><![CDATA[&lt;b&gt;Trạm:&lt;/b&gt; Ngã ba Bình Giã&lt;br/&gt;&lt;b&gt;Mã trạm:&lt;/b&gt; QTB 070&lt;br/&gt;&lt;b&gt;Địa chỉ:&lt;/b&gt; 298 Trường Chinh&lt;br/&gt;&lt;b&gt;Khu vực:&lt;/b&gt; None, Quận Tân Bình&lt;br/&gt;&lt;b&gt;Các tuyến qua trạm:&lt;/b&gt; 13, 30, 65, 94]]></description>
          <styleUrl>#busStopStyle</styleUrl>
          <Point>
            <coordinates>106.644453,10.797792,0</coordinates>
          </Point>
        </Placemark>
        <Placemark>
          <name>[QTB 071] Ngã ba Ấp Bắc</name>
          <description><![CDATA[&lt;b&gt;Trạm:&lt;/b&gt; Ngã ba Ấp Bắc&lt;br/&gt;&lt;b&gt;Mã trạm:&lt;/b&gt; QTB 071&lt;br/&gt;&lt;b&gt;Địa chỉ:&lt;/b&gt; 366A Trường Chinh&lt;br/&gt;&lt;b&gt;Khu vực:&lt;/b&gt; None, Quận Tân Bình&lt;br/&gt;&lt;b&gt;Các tuyến qua trạm:&lt;/b&gt; 13, 23, 65, 94]]></description>
          <styleUrl>#busStopStyle</styleUrl>
          <Point>
            <coordinates>106.641036,10.799642,0</coordinates>
          </Point>
        </Placemark>
        <Placemark>
          <name>[QTB 072] Chợ Võ Thành Trang</name>
          <description><![CDATA[&lt;b&gt;Trạm:&lt;/b&gt; Chợ Võ Thành Trang&lt;br/&gt;&lt;b&gt;Mã trạm:&lt;/b&gt; QTB 072&lt;br/&gt;&lt;b&gt;Địa chỉ:&lt;/b&gt; 510 Trường Chinh&lt;br/&gt;&lt;b&gt;Khu vực:&lt;/b&gt; None, Quận Tân Bình&lt;br/&gt;&lt;b&gt;Các tuyến qua trạm:&lt;/b&gt; 13, 23, 65, 94]]></description>
          <styleUrl>#busStopStyle</styleUrl>
          <Point>
            <coordinates>106.637823,10.801365,0</coordinates>
          </Point>
        </Placemark>
        <Placemark>
          <name>[QTB 073] Ngã tư Tân Kỳ Tân Quý</name>
          <description><![CDATA[&lt;b&gt;Trạm:&lt;/b&gt; Ngã tư Tân Kỳ Tân Quý&lt;br/&gt;&lt;b&gt;Mã trạm:&lt;/b&gt; QTB 073&lt;br/&gt;&lt;b&gt;Địa chỉ:&lt;/b&gt; 638 Trường Chinh&lt;br/&gt;&lt;b&gt;Khu vực:&lt;/b&gt; None, Quận Tân Bình&lt;br/&gt;&lt;b&gt;Các tuyến qua trạm:&lt;/b&gt; 13, 23, 27, 62, 65, 94]]></description>
          <styleUrl>#busStopStyle</styleUrl>
          <Point>
            <coordinates>106.635629,10.804732,0</coordinates>
          </Point>
        </Placemark>
        <Placemark>
          <name>[QTB 074] Siêu thị Big C</name>
          <description><![CDATA[&lt;b&gt;Trạm:&lt;/b&gt; Siêu thị Big C&lt;br/&gt;&lt;b&gt;Mã trạm:&lt;/b&gt; QTB 074&lt;br/&gt;&lt;b&gt;Địa chỉ:&lt;/b&gt; 680 Trường Chinh&lt;br/&gt;&lt;b&gt;Khu vực:&lt;/b&gt; None, Quận Tân Bình&lt;br/&gt;&lt;b&gt;Các tuyến qua trạm:&lt;/b&gt; 13, 23, 27, 62, 65, 94]]></description>
          <styleUrl>#busStopStyle</styleUrl>
          <Point>
            <coordinates>106.635184,10.806202,0</coordinates>
          </Point>
        </Placemark>
        <Placemark>
          <name>[QTB 075] Mũi tàu Cộng Hòa</name>
          <description><![CDATA[&lt;b&gt;Trạm:&lt;/b&gt; Mũi tàu Cộng Hòa&lt;br/&gt;&lt;b&gt;Mã trạm:&lt;/b&gt; QTB 075&lt;br/&gt;&lt;b&gt;Địa chỉ:&lt;/b&gt; 19B1 Trường Chinh&lt;br/&gt;&lt;b&gt;Khu vực:&lt;/b&gt; None, Quận Tân Bình&lt;br/&gt;&lt;b&gt;Các tuyến qua trạm:&lt;/b&gt; 04, 104, 13, 145, 16, 23, 27, 28, 62, 63-1, 65, 94]]></description>
          <styleUrl>#busStopStyle</styleUrl>
          <Point>
            <coordinates>106.634638,10.808314,0</coordinates>
          </Point>
        </Placemark>
        <Placemark>
          <name>[QTB 076] Ngã ba Chế Lan Viên</name>
          <description><![CDATA[&lt;b&gt;Trạm:&lt;/b&gt; Ngã ba Chế Lan Viên&lt;br/&gt;&lt;b&gt;Mã trạm:&lt;/b&gt; QTB 076&lt;br/&gt;&lt;b&gt;Địa chỉ:&lt;/b&gt; Đối diện đường Chế Lan Viên Trường Chinh&lt;br/&gt;&lt;b&gt;Khu vực:&lt;/b&gt; None, Quận Tân Bình&lt;br/&gt;&lt;b&gt;Các tuyến qua trạm:&lt;/b&gt; 04, 104, 13, 145, 23, 27, 28, 62, 65, 94]]></description>
          <styleUrl>#busStopStyle</styleUrl>
          <Point>
            <coordinates>106.633349,10.812204,0</coordinates>
          </Point>
        </Placemark>
        <Placemark>
          <name>[QTB 078] UBND Phường 15</name>
          <description><![CDATA[&lt;b&gt;Trạm:&lt;/b&gt; UBND Phường 15&lt;br/&gt;&lt;b&gt;Mã trạm:&lt;/b&gt; QTB 078&lt;br/&gt;&lt;b&gt;Địa chỉ:&lt;/b&gt; 850 Trường Chinh&lt;br/&gt;&lt;b&gt;Khu vực:&lt;/b&gt; None, Quận Tân Bình&lt;br/&gt;&lt;b&gt;Các tuyến qua trạm:&lt;/b&gt; 04, 104, 13, 145, 23, 27, 62, 65, 94]]></description>
          <styleUrl>#busStopStyle</styleUrl>
          <Point>
            <coordinates>106.631461,10.818332,0</coordinates>
          </Point>
        </Placemark>
        <Placemark>
          <name>[QTB 079] Khu Công Nghiệp Tân Bình</name>
          <description><![CDATA[&lt;b&gt;Trạm:&lt;/b&gt; Khu Công Nghiệp Tân Bình&lt;br/&gt;&lt;b&gt;Mã trạm:&lt;/b&gt; QTB 079&lt;br/&gt;&lt;b&gt;Địa chỉ:&lt;/b&gt; 932 Trường Chinh&lt;br/&gt;&lt;b&gt;Khu vực:&lt;/b&gt; None, Quận Tân Bình&lt;br/&gt;&lt;b&gt;Các tuyến qua trạm:&lt;/b&gt; 04, 104, 13, 145, 23, 27, 32, 41, 62, 65, 94]]></description>
          <styleUrl>#busStopStyle</styleUrl>
          <Point>
            <coordinates>106.630254,10.822452,0</coordinates>
          </Point>
        </Placemark>
        <Placemark>
          <name>[Q12 128] Cầu Tham Lương - Siêu thị Thiên Hòa</name>
          <description><![CDATA[&lt;b&gt;Trạm:&lt;/b&gt; Cầu Tham Lương - Siêu thị Thiên Hòa&lt;br/&gt;&lt;b&gt;Mã trạm:&lt;/b&gt; Q12 128&lt;br/&gt;&lt;b&gt;Địa chỉ:&lt;/b&gt; 60A-B (1/17A) Trường Chinh&lt;br/&gt;&lt;b&gt;Khu vực:&lt;/b&gt; None, Quận 12&lt;br/&gt;&lt;b&gt;Các tuyến qua trạm:&lt;/b&gt; 04, 104, 13, 145, 23, 27, 41, 62, 65, 94]]></description>
          <styleUrl>#busStopStyle</styleUrl>
          <Point>
            <coordinates>106.625828,10.826957,0</coordinates>
          </Point>
        </Placemark>
        <Placemark>
          <name>[Q12 129] Chùa Vĩnh Phước</name>
          <description><![CDATA[&lt;b&gt;Trạm:&lt;/b&gt; Chùa Vĩnh Phước&lt;br/&gt;&lt;b&gt;Mã trạm:&lt;/b&gt; Q12 129&lt;br/&gt;&lt;b&gt;Địa chỉ:&lt;/b&gt; 110 (189/4) Trường Chinh&lt;br/&gt;&lt;b&gt;Khu vực:&lt;/b&gt; None, Quận 12&lt;br/&gt;&lt;b&gt;Các tuyến qua trạm:&lt;/b&gt; 04, 104, 13, 145, 27, 41, 65, 94]]></description>
          <styleUrl>#busStopStyle</styleUrl>
          <Point>
            <coordinates>106.624594,10.828627,0</coordinates>
          </Point>
        </Placemark>
        <Placemark>
          <name>[Q12 132] Chùa Lạc Quang</name>
          <description><![CDATA[&lt;b&gt;Trạm:&lt;/b&gt; Chùa Lạc Quang&lt;br/&gt;&lt;b&gt;Mã trạm:&lt;/b&gt; Q12 132&lt;br/&gt;&lt;b&gt;Địa chỉ:&lt;/b&gt; 408 Trường Chinh&lt;br/&gt;&lt;b&gt;Khu vực:&lt;/b&gt; None, Quận 12&lt;br/&gt;&lt;b&gt;Các tuyến qua trạm:&lt;/b&gt; 04, 104, 13, 145, 27, 41, 65, 94]]></description>
          <styleUrl>#busStopStyle</styleUrl>
          <Point>
            <coordinates>106.620614,10.834781,0</coordinates>
          </Point>
        </Placemark>
        <Placemark>
          <name>[Q12 131] Bitis</name>
          <description><![CDATA[&lt;b&gt;Trạm:&lt;/b&gt; Bitis&lt;br/&gt;&lt;b&gt;Mã trạm:&lt;/b&gt; Q12 131&lt;br/&gt;&lt;b&gt;Địa chỉ:&lt;/b&gt; 590 (640) Trường Chinh&lt;br/&gt;&lt;b&gt;Khu vực:&lt;/b&gt; None, Quận 12&lt;br/&gt;&lt;b&gt;Các tuyến qua trạm:&lt;/b&gt; 04, 104, 13, 145, 27, 41, 65, 94]]></description>
          <styleUrl>#busStopStyle</styleUrl>
          <Point>
            <coordinates>106.618398,10.838222,0</coordinates>
          </Point>
        </Placemark>
        <Placemark>
          <name>[Q12 124] Bến xe An Sương</name>
          <description><![CDATA[&lt;b&gt;Trạm:&lt;/b&gt; Bến xe An Sương&lt;br/&gt;&lt;b&gt;Mã trạm:&lt;/b&gt; Q12 124&lt;br/&gt;&lt;b&gt;Địa chỉ:&lt;/b&gt; 8C Quốc lộ 22&lt;br/&gt;&lt;b&gt;Khu vực:&lt;/b&gt; None, Quận 12&lt;br/&gt;&lt;b&gt;Các tuyến qua trạm:&lt;/b&gt; 13, 62-5, 74, 85, 94]]></description>
          <styleUrl>#busStopStyle</styleUrl>
          <Point>
            <coordinates>106.6132,10.846293,0</coordinates>
          </Point>
        </Placemark>
        <Placemark>
          <name>[Q12 125] Cây xăng Quân Đội</name>
          <description><![CDATA[&lt;b&gt;Trạm:&lt;/b&gt; Cây xăng Quân Đội&lt;br/&gt;&lt;b&gt;Mã trạm:&lt;/b&gt; Q12 125&lt;br/&gt;&lt;b&gt;Địa chỉ:&lt;/b&gt; 2 Quốc lộ 22&lt;br/&gt;&lt;b&gt;Khu vực:&lt;/b&gt; None, Quận 12&lt;br/&gt;&lt;b&gt;Các tuyến qua trạm:&lt;/b&gt; 122, 13, 145, 62-5, 71, 74, 85, 94]]></description>
          <styleUrl>#busStopStyle</styleUrl>
          <Point>
            <coordinates>106.611274,10.84936,0</coordinates>
          </Point>
        </Placemark>
        <Placemark>
          <name>[Q12 127] Trung tâm Văn hóa Quận 12</name>
          <description><![CDATA[&lt;b&gt;Trạm:&lt;/b&gt; Trung tâm Văn hóa Quận 12&lt;br/&gt;&lt;b&gt;Mã trạm:&lt;/b&gt; Q12 127&lt;br/&gt;&lt;b&gt;Địa chỉ:&lt;/b&gt; Trung tâm văn hóa Quận 12 Quốc lộ 22&lt;br/&gt;&lt;b&gt;Khu vực:&lt;/b&gt; None, Quận 12&lt;br/&gt;&lt;b&gt;Các tuyến qua trạm:&lt;/b&gt; 122, 13, 145, 62-5, 71, 74, 85, 94]]></description>
          <styleUrl>#busStopStyle</styleUrl>
          <Point>
            <coordinates>106.607863,10.85466,0</coordinates>
          </Point>
        </Placemark>
        <Placemark>
          <name>[HHM 022] Liên đoàn lao động Hóc Môn</name>
          <description><![CDATA[&lt;b&gt;Trạm:&lt;/b&gt; Liên đoàn lao động Hóc Môn&lt;br/&gt;&lt;b&gt;Mã trạm:&lt;/b&gt; HHM 022&lt;br/&gt;&lt;b&gt;Địa chỉ:&lt;/b&gt; 69/1 (21/7) Quốc lộ 22&lt;br/&gt;&lt;b&gt;Khu vực:&lt;/b&gt; Xã Trung Chánh, Huyện Hóc Môn&lt;br/&gt;&lt;b&gt;Các tuyến qua trạm:&lt;/b&gt; 122, 13, 62-5, 71, 74, 85, 94]]></description>
          <styleUrl>#busStopStyle</styleUrl>
          <Point>
            <coordinates>106.6062,10.857115,0</coordinates>
          </Point>
        </Placemark>
        <Placemark>
          <name>[HHM 023] Cây xăng Củ Cải</name>
          <description><![CDATA[&lt;b&gt;Trạm:&lt;/b&gt; Cây xăng Củ Cải&lt;br/&gt;&lt;b&gt;Mã trạm:&lt;/b&gt; HHM 023&lt;br/&gt;&lt;b&gt;Địa chỉ:&lt;/b&gt; 33/4 (336) Quốc lộ 22&lt;br/&gt;&lt;b&gt;Khu vực:&lt;/b&gt; Xã Trung Chánh, Huyện Hóc Môn&lt;br/&gt;&lt;b&gt;Các tuyến qua trạm:&lt;/b&gt; 122, 13, 62-5, 71, 74, 85, 94]]></description>
          <styleUrl>#busStopStyle</styleUrl>
          <Point>
            <coordinates>106.604306,10.859823,0</coordinates>
          </Point>
        </Placemark>
        <Placemark>
          <name>[HHM 024] Ngã 3 Củ Cải</name>
          <description><![CDATA[&lt;b&gt;Trạm:&lt;/b&gt; Ngã 3 Củ Cải&lt;br/&gt;&lt;b&gt;Mã trạm:&lt;/b&gt; HHM 024&lt;br/&gt;&lt;b&gt;Địa chỉ:&lt;/b&gt; 42/1 (62/1A) Quốc lộ 22&lt;br/&gt;&lt;b&gt;Khu vực:&lt;/b&gt; None, Huyện Hóc Môn&lt;br/&gt;&lt;b&gt;Các tuyến qua trạm:&lt;/b&gt; 122, 13, 62-5, 74, 85, 94]]></description>
          <styleUrl>#busStopStyle</styleUrl>
          <Point>
            <coordinates>106.602697,10.862014,0</coordinates>
          </Point>
        </Placemark>
        <Placemark>
          <name>[HHM 245] Trường Đại học Ngoại ngữ - Tin học TP.HCM</name>
          <description><![CDATA[&lt;b&gt;Trạm:&lt;/b&gt; Trường Đại học Ngoại ngữ - Tin học TP.HCM&lt;br/&gt;&lt;b&gt;Mã trạm:&lt;/b&gt; HHM 245&lt;br/&gt;&lt;b&gt;Địa chỉ:&lt;/b&gt; Trường Đại học Ngoại ngữ - Tin học TP.HCM Quốc lộ 22&lt;br/&gt;&lt;b&gt;Khu vực:&lt;/b&gt; Xã Tân Xuân, Huyện Hóc Môn&lt;br/&gt;&lt;b&gt;Các tuyến qua trạm:&lt;/b&gt; 122, 13, 62-5, 74, 85, 94]]></description>
          <styleUrl>#busStopStyle</styleUrl>
          <Point>
            <coordinates>106.600921,10.864569,0</coordinates>
          </Point>
        </Placemark>
        <Placemark>
          <name>[HHM 025] Trường học Tân Xuân</name>
          <description><![CDATA[&lt;b&gt;Trạm:&lt;/b&gt; Trường học Tân Xuân&lt;br/&gt;&lt;b&gt;Mã trạm:&lt;/b&gt; HHM 025&lt;br/&gt;&lt;b&gt;Địa chỉ:&lt;/b&gt; 8/6B Quốc lộ 22&lt;br/&gt;&lt;b&gt;Khu vực:&lt;/b&gt; None, Huyện Hóc Môn&lt;br/&gt;&lt;b&gt;Các tuyến qua trạm:&lt;/b&gt; 122, 13, 62-5, 74, 85, 94]]></description>
          <styleUrl>#busStopStyle</styleUrl>
          <Point>
            <coordinates>106.599349,10.866782,0</coordinates>
          </Point>
        </Placemark>
        <Placemark>
          <name>[HHM 026] Ngã 3 Bùi Môn</name>
          <description><![CDATA[&lt;b&gt;Trạm:&lt;/b&gt; Ngã 3 Bùi Môn&lt;br/&gt;&lt;b&gt;Mã trạm:&lt;/b&gt; HHM 026&lt;br/&gt;&lt;b&gt;Địa chỉ:&lt;/b&gt; 1/1 Quốc lộ 22&lt;br/&gt;&lt;b&gt;Khu vực:&lt;/b&gt; None, Huyện Hóc Môn&lt;br/&gt;&lt;b&gt;Các tuyến qua trạm:&lt;/b&gt; 122, 13, 62-5, 74, 85, 94]]></description>
          <styleUrl>#busStopStyle</styleUrl>
          <Point>
            <coordinates>106.597075,10.870075,0</coordinates>
          </Point>
        </Placemark>
        <Placemark>
          <name>[HHM 027] Ngã 3 Bùi Môn</name>
          <description><![CDATA[&lt;b&gt;Trạm:&lt;/b&gt; Ngã 3 Bùi Môn&lt;br/&gt;&lt;b&gt;Mã trạm:&lt;/b&gt; HHM 027&lt;br/&gt;&lt;b&gt;Địa chỉ:&lt;/b&gt; đd công ty Tây Bắc Sài Gòn Quốc lộ 22&lt;br/&gt;&lt;b&gt;Khu vực:&lt;/b&gt; None, Huyện Hóc Môn&lt;br/&gt;&lt;b&gt;Các tuyến qua trạm:&lt;/b&gt; 13, 74, 94]]></description>
          <styleUrl>#busStopStyle</styleUrl>
          <Point>
            <coordinates>106.596147,10.871397,0</coordinates>
          </Point>
        </Placemark>
        <Placemark>
          <name>[HHM 0270] Sài Gòn Viễn Đông</name>
          <description><![CDATA[&lt;b&gt;Trạm:&lt;/b&gt; Sài Gòn Viễn Đông&lt;br/&gt;&lt;b&gt;Mã trạm:&lt;/b&gt; HHM 0270&lt;br/&gt;&lt;b&gt;Địa chỉ:&lt;/b&gt; 3/19 Quốc lộ 22&lt;br/&gt;&lt;b&gt;Khu vực:&lt;/b&gt; Xã Tân Xuân, Huyện Hóc Môn&lt;br/&gt;&lt;b&gt;Các tuyến qua trạm:&lt;/b&gt; 13, 74, 94]]></description>
          <styleUrl>#busStopStyle</styleUrl>
          <Point>
            <coordinates>106.593424,10.875093,0</coordinates>
          </Point>
        </Placemark>
        <Placemark>
          <name>[HHM 028] Ngã tư Giếng Nước</name>
          <description><![CDATA[&lt;b&gt;Trạm:&lt;/b&gt; Ngã tư Giếng Nước&lt;br/&gt;&lt;b&gt;Mã trạm:&lt;/b&gt; HHM 028&lt;br/&gt;&lt;b&gt;Địa chỉ:&lt;/b&gt; 3/88C Quốc lộ 22&lt;br/&gt;&lt;b&gt;Khu vực:&lt;/b&gt; Xã Tân Xuân, Huyện Hóc Môn&lt;br/&gt;&lt;b&gt;Các tuyến qua trạm:&lt;/b&gt; 13, 74, 94]]></description>
          <styleUrl>#busStopStyle</styleUrl>
          <Point>
            <coordinates>106.591748,10.877482,0</coordinates>
          </Point>
        </Placemark>
        <Placemark>
          <name>[HHM 029] Cây Xăng Xuyên Á</name>
          <description><![CDATA[&lt;b&gt;Trạm:&lt;/b&gt; Cây Xăng Xuyên Á&lt;br/&gt;&lt;b&gt;Mã trạm:&lt;/b&gt; HHM 029&lt;br/&gt;&lt;b&gt;Địa chỉ:&lt;/b&gt; 2/20 Quốc lộ 22&lt;br/&gt;&lt;b&gt;Khu vực:&lt;/b&gt; Thị trấn Hóc Môn, Huyện Hóc Môn&lt;br/&gt;&lt;b&gt;Các tuyến qua trạm:&lt;/b&gt; 13, 74, 94]]></description>
          <styleUrl>#busStopStyle</styleUrl>
          <Point>
            <coordinates>106.589179,10.881109,0</coordinates>
          </Point>
        </Placemark>
        <Placemark>
          <name>[HHM 030] Ngã tư Hóc Môn</name>
          <description><![CDATA[&lt;b&gt;Trạm:&lt;/b&gt; Ngã tư Hóc Môn&lt;br/&gt;&lt;b&gt;Mã trạm:&lt;/b&gt; HHM 030&lt;br/&gt;&lt;b&gt;Địa chỉ:&lt;/b&gt; 53/1 (số cũ 206) Quốc lộ 22&lt;br/&gt;&lt;b&gt;Khu vực:&lt;/b&gt; Thị trấn Hóc Môn, Huyện Hóc Môn&lt;br/&gt;&lt;b&gt;Các tuyến qua trạm:&lt;/b&gt; 13, 24, 74, 94]]></description>
          <styleUrl>#busStopStyle</styleUrl>
          <Point>
            <coordinates>106.586732,10.884615,0</coordinates>
          </Point>
        </Placemark>
        <Placemark>
          <name>[HHM 031] Dân Thắng</name>
          <description><![CDATA[&lt;b&gt;Trạm:&lt;/b&gt; Dân Thắng&lt;br/&gt;&lt;b&gt;Mã trạm:&lt;/b&gt; HHM 031&lt;br/&gt;&lt;b&gt;Địa chỉ:&lt;/b&gt; kế 8/5 Quốc lộ 22&lt;br/&gt;&lt;b&gt;Khu vực:&lt;/b&gt; Xã Tân Thới Nhì, Huyện Hóc Môn&lt;br/&gt;&lt;b&gt;Các tuyến qua trạm:&lt;/b&gt; 13, 24, 74, 94]]></description>
          <styleUrl>#busStopStyle</styleUrl>
          <Point>
            <coordinates>106.583878,10.888708,0</coordinates>
          </Point>
        </Placemark>
        <Placemark>
          <name>[HHM 032] Ngã ba Lam Sơn</name>
          <description><![CDATA[&lt;b&gt;Trạm:&lt;/b&gt; Ngã ba Lam Sơn&lt;br/&gt;&lt;b&gt;Mã trạm:&lt;/b&gt; HHM 032&lt;br/&gt;&lt;b&gt;Địa chỉ:&lt;/b&gt; kế 30F Quốc lộ 22&lt;br/&gt;&lt;b&gt;Khu vực:&lt;/b&gt; Xã Tân Thới Nhì, Huyện Hóc Môn&lt;br/&gt;&lt;b&gt;Các tuyến qua trạm:&lt;/b&gt; 13, 24, 74, 94]]></description>
          <styleUrl>#busStopStyle</styleUrl>
          <Point>
            <coordinates>106.580742,10.893147,0</coordinates>
          </Point>
        </Placemark>
        <Placemark>
          <name>[HHM 033] Doanh trại Quân Đội</name>
          <description><![CDATA[&lt;b&gt;Trạm:&lt;/b&gt; Doanh trại Quân Đội&lt;br/&gt;&lt;b&gt;Mã trạm:&lt;/b&gt; HHM 033&lt;br/&gt;&lt;b&gt;Địa chỉ:&lt;/b&gt; Doanh trai Quân đội Quốc lộ 22&lt;br/&gt;&lt;b&gt;Khu vực:&lt;/b&gt; Xã Tân Thới Nhì, Huyện Hóc Môn&lt;br/&gt;&lt;b&gt;Các tuyến qua trạm:&lt;/b&gt; 13, 24, 74, 94]]></description>
          <styleUrl>#busStopStyle</styleUrl>
          <Point>
            <coordinates>106.579024,10.895661,0</coordinates>
          </Point>
        </Placemark>
        <Placemark>
          <name>[HHM 034] Ngã 3 Hồng Châu</name>
          <description><![CDATA[&lt;b&gt;Trạm:&lt;/b&gt; Ngã 3 Hồng Châu&lt;br/&gt;&lt;b&gt;Mã trạm:&lt;/b&gt; HHM 034&lt;br/&gt;&lt;b&gt;Địa chỉ:&lt;/b&gt; 28/5 (số cũ 2/63) Quốc lộ 22&lt;br/&gt;&lt;b&gt;Khu vực:&lt;/b&gt; Xã Tân Thới Nhì, Huyện Hóc Môn&lt;br/&gt;&lt;b&gt;Các tuyến qua trạm:&lt;/b&gt; 13, 24, 74, 94]]></description>
          <styleUrl>#busStopStyle</styleUrl>
          <Point>
            <coordinates>106.576191,10.899733,0</coordinates>
          </Point>
        </Placemark>
        <Placemark>
          <name>[HHM 035] Công ty Sakos</name>
          <description><![CDATA[&lt;b&gt;Trạm:&lt;/b&gt; Công ty Sakos&lt;br/&gt;&lt;b&gt;Mã trạm:&lt;/b&gt; HHM 035&lt;br/&gt;&lt;b&gt;Địa chỉ:&lt;/b&gt; 186 Quốc lộ 22&lt;br/&gt;&lt;b&gt;Khu vực:&lt;/b&gt; Xã Tân Hiệp, Huyện Hóc Môn&lt;br/&gt;&lt;b&gt;Các tuyến qua trạm:&lt;/b&gt; 13, 24, 74, 94]]></description>
          <styleUrl>#busStopStyle</styleUrl>
          <Point>
            <coordinates>106.57337,10.903752,0</coordinates>
          </Point>
        </Placemark>
        <Placemark>
          <name>[HHM 036] Cây xăng Hoàng Anh 2</name>
          <description><![CDATA[&lt;b&gt;Trạm:&lt;/b&gt; Cây xăng Hoàng Anh 2&lt;br/&gt;&lt;b&gt;Mã trạm:&lt;/b&gt; HHM 036&lt;br/&gt;&lt;b&gt;Địa chỉ:&lt;/b&gt; 428 Quốc lộ 22&lt;br/&gt;&lt;b&gt;Khu vực:&lt;/b&gt; Xã Tân Hiệp, Huyện Hóc Môn&lt;br/&gt;&lt;b&gt;Các tuyến qua trạm:&lt;/b&gt; 13, 24, 74, 94]]></description>
          <styleUrl>#busStopStyle</styleUrl>
          <Point>
            <coordinates>106.572071,10.905691,0</coordinates>
          </Point>
        </Placemark>
        <Placemark>
          <name>[HHM 037] Công ty thoát nước đô thị</name>
          <description><![CDATA[&lt;b&gt;Trạm:&lt;/b&gt; Công ty thoát nước đô thị&lt;br/&gt;&lt;b&gt;Mã trạm:&lt;/b&gt; HHM 037&lt;br/&gt;&lt;b&gt;Địa chỉ:&lt;/b&gt; 200 (Công ty thoát nước đô thị) Quốc lộ 22&lt;br/&gt;&lt;b&gt;Khu vực:&lt;/b&gt; Xã Tân Hiệp, Huyện Hóc Môn&lt;br/&gt;&lt;b&gt;Các tuyến qua trạm:&lt;/b&gt; 13, 24, 74, 94]]></description>
          <styleUrl>#busStopStyle</styleUrl>
          <Point>
            <coordinates>106.567812,10.911664,0</coordinates>
          </Point>
        </Placemark>
        <Placemark>
          <name>[HHM 038] Cầu An Hạ</name>
          <description><![CDATA[&lt;b&gt;Trạm:&lt;/b&gt; Cầu An Hạ&lt;br/&gt;&lt;b&gt;Mã trạm:&lt;/b&gt; HHM 038&lt;br/&gt;&lt;b&gt;Địa chỉ:&lt;/b&gt; Đối diện Giáo xứ Tân Thịnh Quốc lộ 22&lt;br/&gt;&lt;b&gt;Khu vực:&lt;/b&gt; Xã Tân Hiệp, Huyện Hóc Môn&lt;br/&gt;&lt;b&gt;Các tuyến qua trạm:&lt;/b&gt; 13, 24, 74, 94]]></description>
          <styleUrl>#busStopStyle</styleUrl>
          <Point>
            <coordinates>106.564102,10.916901,0</coordinates>
          </Point>
        </Placemark>
        <Placemark>
          <name>[HCC 001] Công ty Fujifilm</name>
          <description><![CDATA[&lt;b&gt;Trạm:&lt;/b&gt; Công ty Fujifilm&lt;br/&gt;&lt;b&gt;Mã trạm:&lt;/b&gt; HCC 001&lt;br/&gt;&lt;b&gt;Địa chỉ:&lt;/b&gt; Đối diện Công ty Fujifilm Quốc lộ 22&lt;br/&gt;&lt;b&gt;Khu vực:&lt;/b&gt; Xã Tân Phú Trung, Huyện Củ Chi&lt;br/&gt;&lt;b&gt;Các tuyến qua trạm:&lt;/b&gt; 13, 24, 74, 94]]></description>
          <styleUrl>#busStopStyle</styleUrl>
          <Point>
            <coordinates>106.561267,10.921261,0</coordinates>
          </Point>
        </Placemark>
        <Placemark>
          <name>[HCC 002] Bệnh viện Xuyên Á</name>
          <description><![CDATA[&lt;b&gt;Trạm:&lt;/b&gt; Bệnh viện Xuyên Á&lt;br/&gt;&lt;b&gt;Mã trạm:&lt;/b&gt; HCC 002&lt;br/&gt;&lt;b&gt;Địa chỉ:&lt;/b&gt; Bệnh viện Xuyên Á Quốc lộ 22&lt;br/&gt;&lt;b&gt;Khu vực:&lt;/b&gt; Xã Tân Phú Trung, Huyện Củ Chi&lt;br/&gt;&lt;b&gt;Các tuyến qua trạm:&lt;/b&gt; 13, 74, 94]]></description>
          <styleUrl>#busStopStyle</styleUrl>
          <Point>
            <coordinates>106.55711,10.926929,0</coordinates>
          </Point>
        </Placemark>
        <Placemark>
          <name>[HCC 003] Chợ chiều Tân Phú Trung</name>
          <description><![CDATA[&lt;b&gt;Trạm:&lt;/b&gt; Chợ chiều Tân Phú Trung&lt;br/&gt;&lt;b&gt;Mã trạm:&lt;/b&gt; HCC 003&lt;br/&gt;&lt;b&gt;Địa chỉ:&lt;/b&gt; 102 Quốc lộ 22&lt;br/&gt;&lt;b&gt;Khu vực:&lt;/b&gt; Xã Tân Phú Trung, Huyện Củ Chi&lt;br/&gt;&lt;b&gt;Các tuyến qua trạm:&lt;/b&gt; 13, 74, 94]]></description>
          <styleUrl>#busStopStyle</styleUrl>
          <Point>
            <coordinates>106.553714,10.931343,0</coordinates>
          </Point>
        </Placemark>
        <Placemark>
          <name>[HCC 004] Mũi tàu Tỉnh lộ 2</name>
          <description><![CDATA[&lt;b&gt;Trạm:&lt;/b&gt; Mũi tàu Tỉnh lộ 2&lt;br/&gt;&lt;b&gt;Mã trạm:&lt;/b&gt; HCC 004&lt;br/&gt;&lt;b&gt;Địa chỉ:&lt;/b&gt; 158 Quốc lộ 22&lt;br/&gt;&lt;b&gt;Khu vực:&lt;/b&gt; Xã Tân Phú Trung, Huyện Củ Chi&lt;br/&gt;&lt;b&gt;Các tuyến qua trạm:&lt;/b&gt; 13, 74, 94]]></description>
          <styleUrl>#busStopStyle</styleUrl>
          <Point>
            <coordinates>106.549553,10.934983,0</coordinates>
          </Point>
        </Placemark>
        <Placemark>
          <name>[HCC 005] Nhà thờ Bắc Đoàn</name>
          <description><![CDATA[&lt;b&gt;Trạm:&lt;/b&gt; Nhà thờ Bắc Đoàn&lt;br/&gt;&lt;b&gt;Mã trạm:&lt;/b&gt; HCC 005&lt;br/&gt;&lt;b&gt;Địa chỉ:&lt;/b&gt; Kế 254 Quốc lộ 22&lt;br/&gt;&lt;b&gt;Khu vực:&lt;/b&gt; Xã Tân Phú Trung, Huyện Củ Chi&lt;br/&gt;&lt;b&gt;Các tuyến qua trạm:&lt;/b&gt; 13, 74, 94]]></description>
          <styleUrl>#busStopStyle</styleUrl>
          <Point>
            <coordinates>106.543425,10.937979,0</coordinates>
          </Point>
        </Placemark>
        <Placemark>
          <name>[HCC 006] Trường Tân Phú Trung</name>
          <description><![CDATA[&lt;b&gt;Trạm:&lt;/b&gt; Trường Tân Phú Trung&lt;br/&gt;&lt;b&gt;Mã trạm:&lt;/b&gt; HCC 006&lt;br/&gt;&lt;b&gt;Địa chỉ:&lt;/b&gt; Trường Tân Phú Trung Quốc lộ 22&lt;br/&gt;&lt;b&gt;Khu vực:&lt;/b&gt; Xã Tân Phú Trung, Huyện Củ Chi&lt;br/&gt;&lt;b&gt;Các tuyến qua trạm:&lt;/b&gt; 13, 74, 94]]></description>
          <styleUrl>#busStopStyle</styleUrl>
          <Point>
            <coordinates>106.540335,10.939433,0</coordinates>
          </Point>
        </Placemark>
        <Placemark>
          <name>[HCC 007] Nhà thờ Sơn Lộc</name>
          <description><![CDATA[&lt;b&gt;Trạm:&lt;/b&gt; Nhà thờ Sơn Lộc&lt;br/&gt;&lt;b&gt;Mã trạm:&lt;/b&gt; HCC 007&lt;br/&gt;&lt;b&gt;Địa chỉ:&lt;/b&gt; 366 Quốc lộ 22&lt;br/&gt;&lt;b&gt;Khu vực:&lt;/b&gt; Xã Tân Phú Trung, Huyện Củ Chi&lt;br/&gt;&lt;b&gt;Các tuyến qua trạm:&lt;/b&gt; 13, 74, 94]]></description>
          <styleUrl>#busStopStyle</styleUrl>
          <Point>
            <coordinates>106.535325,10.94185,0</coordinates>
          </Point>
        </Placemark>
        <Placemark>
          <name>[HCC 008] Chùa Pháp Hạnh</name>
          <description><![CDATA[&lt;b&gt;Trạm:&lt;/b&gt; Chùa Pháp Hạnh&lt;br/&gt;&lt;b&gt;Mã trạm:&lt;/b&gt; HCC 008&lt;br/&gt;&lt;b&gt;Địa chỉ:&lt;/b&gt; 444A Quốc lộ 22&lt;br/&gt;&lt;b&gt;Khu vực:&lt;/b&gt; Xã Tân Phú Trung, Huyện Củ Chi&lt;br/&gt;&lt;b&gt;Các tuyến qua trạm:&lt;/b&gt; 13, 74, 94]]></description>
          <styleUrl>#busStopStyle</styleUrl>
          <Point>
            <coordinates>106.529269,10.944768,0</coordinates>
          </Point>
        </Placemark>
        <Placemark>
          <name>[HCC 009] Ngã tư Quán đôi</name>
          <description><![CDATA[&lt;b&gt;Trạm:&lt;/b&gt; Ngã tư Quán đôi&lt;br/&gt;&lt;b&gt;Mã trạm:&lt;/b&gt; HCC 009&lt;br/&gt;&lt;b&gt;Địa chỉ:&lt;/b&gt; 38A-38B (40) Quốc lộ 22&lt;br/&gt;&lt;b&gt;Khu vực:&lt;/b&gt; Xã Tân Thông Hội, Huyện Củ Chi&lt;br/&gt;&lt;b&gt;Các tuyến qua trạm:&lt;/b&gt; 13, 74, 94]]></description>
          <styleUrl>#busStopStyle</styleUrl>
          <Point>
            <coordinates>106.524635,10.947133,0</coordinates>
          </Point>
        </Placemark>
        <Placemark>
          <name>[HCC 010] Hồng Đào</name>
          <description><![CDATA[&lt;b&gt;Trạm:&lt;/b&gt; Hồng Đào&lt;br/&gt;&lt;b&gt;Mã trạm:&lt;/b&gt; HCC 010&lt;br/&gt;&lt;b&gt;Địa chỉ:&lt;/b&gt; 140 Quốc lộ 22&lt;br/&gt;&lt;b&gt;Khu vực:&lt;/b&gt; Xã Tân Thông Hội, Huyện Củ Chi&lt;br/&gt;&lt;b&gt;Các tuyến qua trạm:&lt;/b&gt; 13, 74, 94]]></description>
          <styleUrl>#busStopStyle</styleUrl>
          <Point>
            <coordinates>106.520369,10.95003,0</coordinates>
          </Point>
        </Placemark>
        <Placemark>
          <name>[HCC 011] Trường Mầm non Tân Thông Hội 1</name>
          <description><![CDATA[&lt;b&gt;Trạm:&lt;/b&gt; Trường Mầm non Tân Thông Hội 1&lt;br/&gt;&lt;b&gt;Mã trạm:&lt;/b&gt; HCC 011&lt;br/&gt;&lt;b&gt;Địa chỉ:&lt;/b&gt; 206 Quốc lộ 22&lt;br/&gt;&lt;b&gt;Khu vực:&lt;/b&gt; Xã Tân Thông Hội, Huyện Củ Chi&lt;br/&gt;&lt;b&gt;Các tuyến qua trạm:&lt;/b&gt; 13, 74, 94]]></description>
          <styleUrl>#busStopStyle</styleUrl>
          <Point>
            <coordinates>106.516228,10.952821,0</coordinates>
          </Point>
        </Placemark>
        <Placemark>
          <name>[HCM 0041] Nước Mía Vườn Cau</name>
          <description><![CDATA[&lt;b&gt;Trạm:&lt;/b&gt; Nước Mía Vườn Cau&lt;br/&gt;&lt;b&gt;Mã trạm:&lt;/b&gt; HCM 0041&lt;br/&gt;&lt;b&gt;Địa chỉ:&lt;/b&gt; 240 Phan Văn Khải&lt;br/&gt;&lt;b&gt;Khu vực:&lt;/b&gt; None, Huyện Củ Chi&lt;br/&gt;&lt;b&gt;Các tuyến qua trạm:&lt;/b&gt; 13, 74, 94]]></description>
          <styleUrl>#busStopStyle</styleUrl>
          <Point>
            <coordinates>106.512707,10.955231,0</coordinates>
          </Point>
        </Placemark>
        <Placemark>
          <name>[HCC 012] Công ty Sài Gòn Cáp</name>
          <description><![CDATA[&lt;b&gt;Trạm:&lt;/b&gt; Công ty Sài Gòn Cáp&lt;br/&gt;&lt;b&gt;Mã trạm:&lt;/b&gt; HCC 012&lt;br/&gt;&lt;b&gt;Địa chỉ:&lt;/b&gt; 270 Quốc lộ 22&lt;br/&gt;&lt;b&gt;Khu vực:&lt;/b&gt; Xã Tân Thông Hội, Huyện Củ Chi&lt;br/&gt;&lt;b&gt;Các tuyến qua trạm:&lt;/b&gt; 13, 74, 94]]></description>
          <styleUrl>#busStopStyle</styleUrl>
          <Point>
            <coordinates>106.509834,10.95705,0</coordinates>
          </Point>
        </Placemark>
        <Placemark>
          <name>[HCC 013] Nhà thờ Tân Thông</name>
          <description><![CDATA[&lt;b&gt;Trạm:&lt;/b&gt; Nhà thờ Tân Thông&lt;br/&gt;&lt;b&gt;Mã trạm:&lt;/b&gt; HCC 013&lt;br/&gt;&lt;b&gt;Địa chỉ:&lt;/b&gt; Nhà thờ Tân Thông Quốc lộ 22&lt;br/&gt;&lt;b&gt;Khu vực:&lt;/b&gt; Xã Tân Thông Hội, Huyện Củ Chi&lt;br/&gt;&lt;b&gt;Các tuyến qua trạm:&lt;/b&gt; 13, 74, 94]]></description>
          <styleUrl>#busStopStyle</styleUrl>
          <Point>
            <coordinates>106.504962,10.959546,0</coordinates>
          </Point>
        </Placemark>
        <Placemark>
          <name>[HCC 014] Điện lực Củ Chi - Ngã 3 Việt Kiều</name>
          <description><![CDATA[&lt;b&gt;Trạm:&lt;/b&gt; Điện lực Củ Chi - Ngã 3 Việt Kiều&lt;br/&gt;&lt;b&gt;Mã trạm:&lt;/b&gt; HCC 014&lt;br/&gt;&lt;b&gt;Địa chỉ:&lt;/b&gt; 400 Quốc lộ 22&lt;br/&gt;&lt;b&gt;Khu vực:&lt;/b&gt; Xã Tân Thông Hội, Huyện Củ Chi&lt;br/&gt;&lt;b&gt;Các tuyến qua trạm:&lt;/b&gt; 13, 74, 94]]></description>
          <styleUrl>#busStopStyle</styleUrl>
          <Point>
            <coordinates>106.501617,10.961317,0</coordinates>
          </Point>
        </Placemark>
        <Placemark>
          <name>[HCC 015] xóm Huế</name>
          <description><![CDATA[&lt;b&gt;Trạm:&lt;/b&gt; xóm Huế&lt;br/&gt;&lt;b&gt;Mã trạm:&lt;/b&gt; HCC 015&lt;br/&gt;&lt;b&gt;Địa chỉ:&lt;/b&gt; 550 Quốc lộ 22&lt;br/&gt;&lt;b&gt;Khu vực:&lt;/b&gt; Xã Tân An Hội, Huyện Củ Chi&lt;br/&gt;&lt;b&gt;Các tuyến qua trạm:&lt;/b&gt; 13, 74, 94]]></description>
          <styleUrl>#busStopStyle</styleUrl>
          <Point>
            <coordinates>106.497749,10.96355,0</coordinates>
          </Point>
        </Placemark>
        <Placemark>
          <name>[HCC 016] Đường Nguyễn Giao</name>
          <description><![CDATA[&lt;b&gt;Trạm:&lt;/b&gt; Đường Nguyễn Giao&lt;br/&gt;&lt;b&gt;Mã trạm:&lt;/b&gt; HCC 016&lt;br/&gt;&lt;b&gt;Địa chỉ:&lt;/b&gt; 632 Quốc lộ 22&lt;br/&gt;&lt;b&gt;Khu vực:&lt;/b&gt; None, Huyện Củ Chi&lt;br/&gt;&lt;b&gt;Các tuyến qua trạm:&lt;/b&gt; 13, 74, 94]]></description>
          <styleUrl>#busStopStyle</styleUrl>
          <Point>
            <coordinates>106.49308,10.9658,0</coordinates>
          </Point>
        </Placemark>
        <Placemark>
          <name>[HCC 017] Cầu vượt Củ Chi</name>
          <description><![CDATA[&lt;b&gt;Trạm:&lt;/b&gt; Cầu vượt Củ Chi&lt;br/&gt;&lt;b&gt;Mã trạm:&lt;/b&gt; HCC 017&lt;br/&gt;&lt;b&gt;Địa chỉ:&lt;/b&gt; 734 Quốc lộ 22&lt;br/&gt;&lt;b&gt;Khu vực:&lt;/b&gt; Thị trấn Củ Chi, Huyện Củ Chi&lt;br/&gt;&lt;b&gt;Các tuyến qua trạm:&lt;/b&gt; 13, 74, 94]]></description>
          <styleUrl>#busStopStyle</styleUrl>
          <Point>
            <coordinates>106.488319,10.96765,0</coordinates>
          </Point>
        </Placemark>
        <Placemark>
          <name>[BX 63] Bến xe Củ Chi</name>
          <description><![CDATA[&lt;b&gt;Trạm:&lt;/b&gt; Bến xe Củ Chi&lt;br/&gt;&lt;b&gt;Mã trạm:&lt;/b&gt; BX 63&lt;br/&gt;&lt;b&gt;Địa chỉ:&lt;/b&gt; Bến xe Củ Chi Quốc lộ 22&lt;br/&gt;&lt;b&gt;Khu vực:&lt;/b&gt; None, Huyện Củ Chi&lt;br/&gt;&lt;b&gt;Các tuyến qua trạm:&lt;/b&gt; 100, 107, 126, 13, 70-1, 70-2, 74, 79, 87, 94]]></description>
          <styleUrl>#busStopStyle</styleUrl>
          <Point>
            <coordinates>106.482099,10.971617,0</coordinates>
          </Point>
        </Placemark>
      </Folder>
    </Folder>
    <Folder>
      <name>Lượt về: Bến xe Củ Chi → Bến xe buýt Sài Gòn (36.11 km)</name>
      <Placemark>
        <name>B 13 - Đường đi Lượt về</name>
        <description><![CDATA[&lt;b&gt;Tuyến:&lt;/b&gt; B 13 - Bến xe buýt Sài Gòn - Bến xe Củ Chi&lt;br/&gt;&lt;b&gt;Lượt:&lt;/b&gt; Lượt về&lt;br/&gt;&lt;b&gt;Cự ly:&lt;/b&gt; 36.11 km&lt;br/&gt;&lt;b&gt;Thời gian hành trình:&lt;/b&gt; 80 phút&lt;br/&gt;&lt;b&gt;Thời gian hoạt động:&lt;/b&gt; 4:00 - 19:45]]></description>
        <styleUrl>#routeLineStyle</styleUrl>
        <LineString>
          <tessellate>1</tessellate>
          <coordinates>106.48210144,10.97161674,0 106.48184967,10.97177029,0 106.48249054,10.97272015,0 106.48313904,10.97367096,0 106.48303223,10.97374439,0 106.48264313,10.97315407,0 106.4822464,10.97256279,0 106.4818573,10.97197151,0 106.4814682,10.97138023,0 106.48197174,10.97094345,0 106.48248291,10.97053242,0 106.48245239,10.97049522,0 106.48245239,10.97049522,0 106.48245239,10.97049522,0 106.48249817,10.97053719,0 106.48327637,10.96998978,0 106.48408508,10.96944714,0 106.48487091,10.96893692,0 106.485672,10.96852016,0 106.48648834,10.96812534,0 106.48731995,10.96777248,0 106.48819733,10.96745682,0 106.48906708,10.96714115,0 106.48902893,10.96704102,0 106.48902893,10.96704102,0 106.48902893,10.96704102,0 106.48904419,10.96714115,0 106.4910202,10.96638012,0 106.49299622,10.96561909,0 106.49299622,10.96552372,0 106.49299622,10.96552372,0 106.49299622,10.96552372,0 106.49299622,10.96552372,0 106.4930191,10.96562386,0 106.49427032,10.96511078,0 106.49552155,10.96459675,0 106.49645233,10.96407318,0 106.49738312,10.96354866,0 106.4973526,10.96344852,0 106.4973526,10.96344852,0 106.4973526,10.96344852,0 106.4973526,10.96344852,0 106.4973526,10.96344852,0 106.49740601,10.96351242,0 106.49884033,10.96267986,0 106.50028229,10.96184826,0 106.50184631,10.96096325,0 106.50314331,10.960289,0 106.50315857,10.96020031,0 106.50315857,10.96020031,0 106.50315857,10.96020031,0 106.50315857,10.96020031,0 106.50318909,10.96027851,0 106.50505066,10.95932007,0 106.50502777,10.95920372,0 106.50502777,10.95920372,0 106.50502777,10.95920372,0 106.50502777,10.95920372,0 106.50502777,10.95920372,0 106.50508881,10.95929909,0 106.50624084,10.95870495,0 106.50740051,10.95811176,0 106.50856018,10.95751762,0 106.50971222,10.95692348,0 106.50969696,10.95681763,0 106.50969696,10.95681763,0 106.50969696,10.95681763,0 106.50969696,10.95681763,0 106.50973511,10.95688629,0 106.51079559,10.95627594,0 106.51177216,10.9556179,0 106.51274109,10.95494843,0 106.51370239,10.95428467,0 106.51365662,10.95420074,0 106.51365662,10.95420074,0 106.51370239,10.95429039,0 106.51456451,10.95367908,0 106.51543427,10.95306778,0 106.51543427,10.95306778,0 106.51543427,10.95306778,0 106.51543427,10.95306778,0 106.51550293,10.95312119,0 106.51726532,10.95192051,0 106.51902008,10.95071983,0 106.5189743,10.95065117,0 106.5189743,10.95065117,0 106.5189743,10.95065117,0 106.5189743,10.95065117,0 106.5189743,10.95065117,0 106.5189743,10.95065117,0 106.5190506,10.95071411,0 106.52100372,10.9493742,0 106.52296448,10.94803333,0 106.52292633,10.94795418,0 106.52292633,10.94795418,0 106.52292633,10.94795418,0 106.52292633,10.94795418,0 106.52292633,10.94795418,0 106.52292633,10.94795418,0 106.52297974,10.94800663,0 106.52497101,10.94672203,0 106.52789307,10.94526863,0 106.53082275,10.94381428,0 106.53077698,10.9436779,0 106.53077698,10.9436779,0 106.53077698,10.9436779,0 106.53077698,10.9436779,0 106.53077698,10.9436779,0 106.53077698,10.9436779,0 106.53084564,10.94380379,0 106.53224945,10.94314194,0 106.53362274,10.94248962,0 106.5349884,10.94183826,0 106.53636169,10.9411869,0 106.53634644,10.94108295,0 106.53634644,10.94108295,0 106.53642273,10.9411602,0 106.53833008,10.94022274,0 106.54024506,10.93928528,0 106.54022217,10.93918037,0 106.54022217,10.93918037,0 106.54022217,10.93918037,0 106.54026794,10.93928528,0 106.54361725,10.93766308,0 106.54360199,10.93755817,0 106.54360199,10.93755817,0 106.54360199,10.93755817,0 106.54360199,10.93755817,0 106.54360199,10.93755817,0 106.54364777,10.93766308,0 106.54673767,10.93616486,0 106.54982758,10.93466568,0 106.54979706,10.93453979,0 106.54979706,10.93453979,0 106.54979706,10.93453979,0 106.54979706,10.93453979,0 106.54979706,10.93453979,0 106.54986572,10.93463993,0 106.5510788,10.93387032,0 106.55173492,10.93326473,0 106.55289459,10.9319849,0 106.55281067,10.93191719,0 106.55281067,10.93191719,0 106.55281067,10.93191719,0 106.55288696,10.93196964,0 106.55345917,10.9313612,0 106.554039,10.93075275,0 106.55460358,10.93009949,0 106.55511475,10.92945194,0 106.55501556,10.92939854,0 106.55501556,10.92939854,0 106.55509186,10.92944145,0 106.5556488,10.92869854,0 106.55619049,10.92792988,0 106.55673218,10.92716599,0 106.55725861,10.92642784,0 106.55719757,10.92638111,0 106.55719757,10.92638111,0 106.55719757,10.92638111,0 106.55719757,10.92638111,0 106.55727386,10.92641258,0 106.55780029,10.92565918,0 106.55831909,10.92490578,0 106.55886078,10.92412949,0 106.55940247,10.92335224,0 106.5593338,10.92331696,0 106.5593338,10.92331696,0 106.5593338,10.92331696,0 106.5593338,10.92331696,0 106.5593338,10.92331696,0 106.5593338,10.92331696,0 106.5593338,10.92331696,0 106.55993652,10.92246437,0 106.56053925,10.92161179,0 106.5611496,10.92076015,0 106.56175232,10.91990757,0 106.56238556,10.91901302,0 106.5630188,10.91811943,0 106.56367493,10.91722679,0 106.56428528,10.91633129,0 106.56420898,10.91626167,0 106.56420898,10.91626167,0 106.56420898,10.91626167,0 106.56420898,10.91626167,0 106.56420898,10.91626167,0 106.56420898,10.91626167,0 106.56434631,10.91629982,0 106.56767273,10.91154861,0 106.56757355,10.91148472,0 106.56757355,10.91148472,0 106.56757355,10.91148472,0 106.56757355,10.91148472,0 106.56757355,10.91148472,0 106.56764221,10.91152191,0 106.56858826,10.91016769,0 106.56952667,10.90881443,0 106.57047272,10.90746021,0 106.57141876,10.90610695,0 106.57136536,10.90607166,0 106.57136536,10.90607166,0 106.57136536,10.90607166,0 106.57136536,10.90607166,0 106.57136536,10.90607166,0 106.57136536,10.90607166,0 106.5714035,10.90611172,0 106.57254028,10.90450001,0 106.57366943,10.9028883,0 106.57479858,10.90127373,0 106.57592773,10.89965916,0 106.57588959,10.89963818,0 106.57588959,10.89963818,0 106.57588959,10.89963818,0 106.57588959,10.89963818,0 106.57588959,10.89963818,0 106.57588959,10.89963818,0 106.57593536,10.89965916,0 106.57656097,10.89877319,0 106.57717896,10.89788723,0 106.57780457,10.89700031,0 106.57842255,10.89611435,0 106.57836151,10.89608288,0 106.57836151,10.89608288,0 106.57836151,10.89608288,0 106.57836151,10.89608288,0 106.57836151,10.89608288,0 106.57836151,10.89608288,0 106.57840729,10.89611435,0 106.57907104,10.89516163,0 106.5797348,10.89420986,0 106.58039093,10.89325809,0 106.58105469,10.89230537,0 106.58100128,10.89227867,0 106.58100128,10.89227867,0 106.58100128,10.89227867,0 106.58100128,10.89227867,0 106.58106995,10.89232635,0 106.58254242,10.89026165,0 106.58397675,10.88818645,0 106.58390808,10.88813877,0 106.58390808,10.88813877,0 106.58390808,10.88813877,0 106.58402252,10.8882122,0 106.58737946,10.88333416,0 106.58726501,10.88330841,0 106.58726501,10.88330841,0 106.58726501,10.88330841,0 106.58726501,10.88330841,0 106.58735657,10.88334465,0 106.58940125,10.88040543,0 106.58927155,10.88033676,0 106.58927155,10.88033676,0 106.58927155,10.88033676,0 106.58927155,10.88033676,0 106.58927155,10.88033676,0 106.58940125,10.88041115,0 106.59178925,10.87706566,0 106.59168243,10.87702274,0 106.59168243,10.87702274,0 106.59168243,10.87702274,0 106.59168243,10.87702274,0 106.59168243,10.87702274,0 106.59168243,10.87702274,0 106.59168243,10.87702274,0 106.59177399,10.87708092,0 106.59213257,10.87657452,0 106.59248352,10.87606716,0 106.59283447,10.87556076,0 106.59319305,10.87505341,0 106.59307861,10.87496853,0 106.59307861,10.87496853,0 106.59307861,10.87496853,0 106.59307861,10.87496853,0 106.59307861,10.87496853,0 106.59307861,10.87496853,0 106.59307861,10.87496853,0 106.59321594,10.87504768,0 106.59358978,10.87453556,0 106.59395599,10.87402344,0 106.59432983,10.87351036,0 106.59469604,10.87299824,0 106.59466553,10.87294674,0 106.59466553,10.87294674,0 106.59466553,10.87294674,0 106.59466553,10.87294674,0 106.59466553,10.87294674,0 106.59466553,10.87294674,0 106.59476471,10.87299824,0 106.59527588,10.87225533,0 106.59578705,10.87151337,0 106.59629822,10.87077045,0 106.59680939,10.87002754,0 106.59675598,10.86995411,0 106.59675598,10.86995411,0 106.59675598,10.86995411,0 106.59675598,10.86995411,0 106.59675598,10.86995411,0 106.59675598,10.86995411,0 106.59675598,10.86995411,0 106.59735107,10.8692131,0 106.59788513,10.86845779,0 106.59841919,10.86770153,0 106.59890747,10.86691856,0 106.59890747,10.86691856,0 106.59890747,10.86691856,0 106.59890747,10.86691856,0 106.59890747,10.86691856,0 106.59890747,10.86691856,0 106.59890747,10.86691856,0 106.59890747,10.86691856,0 106.59973907,10.86587048,0 106.60050964,10.86478519,0 106.60128021,10.86367893,0 106.60205078,10.86257267,0 106.60197449,10.86254597,0 106.60197449,10.86254597,0 106.60197449,10.86254597,0 106.60197449,10.86254597,0 106.60197449,10.86254597,0 106.60197449,10.86254597,0 106.60197449,10.86254597,0 106.60205841,10.86258888,0 106.60270691,10.861619,0 106.60340118,10.86066532,0 106.60332489,10.86060238,0 106.60332489,10.86060238,0 106.60332489,10.86060238,0 106.60332489,10.86060238,0 106.60332489,10.86060238,0 106.60340118,10.86065006,0 106.60375977,10.86015224,0 106.60412598,10.85965443,0 106.60448456,10.85915852,0 106.60485077,10.85866356,0 106.60520935,10.85817146,0 106.60557556,10.85767841,0 106.60590363,10.85718346,0 106.60623932,10.8566885,0 106.60617828,10.85661983,0 106.60617828,10.85661983,0 106.60617828,10.85661983,0 106.60617828,10.85661983,0 106.60617828,10.85661983,0 106.60617828,10.85661983,0 106.60626221,10.85666656,0 106.60676575,10.85591221,0 106.60726166,10.85516262,0 106.60774994,10.85441399,0 106.60823822,10.85364246,0 106.6081543,10.85359478,0 106.6081543,10.85359478,0 106.6081543,10.85359478,0 106.6081543,10.85359478,0 106.6081543,10.85359478,0 106.6081543,10.85359478,0 106.6081543,10.85359478,0 106.60823059,10.8536272,0 106.60881805,10.85268116,0 106.60940552,10.85173607,0 106.61006165,10.8507452,0 106.61070251,10.84973907,0 106.61064148,10.84971333,0 106.61064148,10.84971333,0 106.61064148,10.84971333,0 106.61064148,10.84971333,0 106.61064148,10.84971333,0 106.61064148,10.84971333,0 106.61070251,10.84973907,0 106.61142731,10.84860897,0 106.6121521,10.84747887,0 106.61287689,10.84635639,0 106.6135788,10.84521294,0 106.61352539,10.84518719,0 106.61352539,10.84518719,0 106.61352539,10.84518719,0 106.61352539,10.84518719,0 106.61352539,10.84518719,0 106.61352539,10.84518719,0 106.6135788,10.84520817,0 106.61483765,10.8433218,0 106.6151123,10.84258461,0 106.61537933,10.84222031,0 106.61643982,10.84055614,0 106.61655426,10.84026623,0 106.61742401,10.83894348,0 106.61734772,10.83889103,0 106.61734772,10.83889103,0 106.61734772,10.83889103,0 106.61734772,10.83889103,0 106.61746216,10.83895397,0 106.61816406,10.83785248,0 106.6188736,10.83675194,0 106.61959076,10.83565044,0 106.62030792,10.83454895,0 106.62020874,10.83449745,0 106.62020874,10.83449745,0 106.62030029,10.83453846,0 106.62109375,10.83330059,0 106.62188721,10.83206749,0 106.62179565,10.83201981,0 106.62179565,10.83201981,0 106.62179565,10.83201981,0 106.62188721,10.83207321,0 106.62268829,10.83086681,0 106.62348175,10.82966518,0 106.62510681,10.82725239,0 106.62549591,10.82677746,0 106.62594604,10.8263092,0 106.62586212,10.82623959,0 106.62586212,10.82623959,0 106.62586212,10.82623959,0 106.62586212,10.82623959,0 106.62593842,10.8263092,0 106.62645721,10.82582378,0 106.62697601,10.82535553,0 106.62749481,10.8248806,0 106.62801361,10.82440662,0 106.62871552,10.82374573,0 106.62941742,10.82308388,0 106.62971497,10.82274723,0 106.62992096,10.82235718,0 106.62982178,10.82231522,0 106.62982178,10.82231522,0 106.62982178,10.82231522,0 106.62982178,10.82231522,0 106.62982178,10.82231522,0 106.62991333,10.82234097,0 106.63014984,10.82170868,0 106.63034821,10.82108212,0 106.63059235,10.82026005,0 106.63083649,10.8194437,0 106.63061523,10.81938553,0 106.63061523,10.81938553,0 106.63061523,10.81938553,0 106.63061523,10.81938553,0 106.63083649,10.8194437,0 106.63103485,10.81881905,0 106.63123322,10.81819439,0 106.63143158,10.81757069,0 106.63162994,10.81694603,0 106.63181305,10.81632328,0 106.63200378,10.81570053,0 106.63218689,10.81507778,0 106.63237762,10.81445503,0 106.63237762,10.81445503,0 106.63237762,10.81445503,0 106.63259888,10.81373405,0 106.63282013,10.81301308,0 106.63304138,10.8122921,0 106.633255,10.81157112,0 106.63346863,10.81084919,0 106.63368988,10.81012726,0 106.63394165,10.80940533,0 106.63414001,10.8087101,0 106.63401794,10.80868912,0 106.63401794,10.80868912,0 106.63401794,10.80868912,0 106.63414001,10.80871582,0 106.63453674,10.80748463,0 106.63493346999999,10.80625439,0 106.63477325,10.80621243,0 106.63477325,10.80621243,0 106.63495636,10.80626011,0 106.63519287,10.80554581,0 106.63542938,10.8048315,0 106.63526917,10.80480003,0 106.63526917,10.80480003,0 106.63526917,10.80480003,0 106.63526917,10.80480003,0 106.63540649,10.80484295,0 106.63565826,10.80397797,0 106.63605499,10.80287743,0 106.63665009,10.8018074,0 106.6375351,10.80132294,0 106.63751984,10.80127525,0 106.63751984,10.80127525,0 106.63751984,10.80127525,0 106.63751984,10.80127525,0 106.63751984,10.80127525,0 106.63762665,10.80129623,0 106.63925171,10.80043316,0 106.64086914,10.79957008,0 106.6415863,10.79918957,0 106.64155579,10.79911518,0 106.64155579,10.79911518,0 106.64157104,10.79916191,0 106.64429474,10.79771805,0 106.64426422,10.7976656,0 106.64426422,10.7976656,0 106.64426422,10.7976656,0 106.64430237,10.79772377,0 106.64528656,10.79719925,0 106.64626312,10.79667473,0 106.64621735,10.79660606,0 106.64621735,10.79660606,0 106.64621735,10.79660606,0 106.64621735,10.79660606,0 106.64621735,10.79660606,0 106.64624786,10.79669094,0 106.64778137,10.79586887,0 106.64931488,10.79504681,0 106.64926147,10.79497814,0 106.64926147,10.79497814,0 106.64926147,10.79497814,0 106.64926147,10.79497814,0 106.64926147,10.79497814,0 106.64932251,10.79504681,0 106.65037537,10.79448318,0 106.65142059,10.79391861,0 106.65136719,10.79385567,0 106.65136719,10.79385567,0 106.65136719,10.79385567,0 106.65136719,10.79385567,0 106.65136719,10.79385567,0 106.65136719,10.79385567,0 106.65143585,10.79390335,0 106.65278625,10.79318428,0 106.65413666,10.79246426,0 106.65412903,10.79239082,0 106.65412903,10.79239082,0 106.65412903,10.79239082,0 106.65412903,10.79239082,0 106.65412903,10.79239082,0 106.65419006,10.79243279,0 106.65589142,10.79154205,0 106.65588379,10.7914629,0 106.65588379,10.7914629,0 106.65588379,10.7914629,0 106.65588379,10.7914629,0 106.65588379,10.7914629,0 106.65593719,10.7915163,0 106.65720367,10.7908392,0 106.65847778,10.79016209,0 106.65846252,10.7901144,0 106.65846252,10.7901144,0 106.65846252,10.7901144,0 106.65846252,10.7901144,0 106.65849304,10.79016209,0 106.65955353,10.78959274,0 106.66062164,10.7890234,0 106.66170502,10.78845692,0 106.66278839,10.78789043,0 106.66274261,10.78785038,0 106.66274261,10.78785038,0 106.66277313,10.78788567,0 106.66425323,10.78708935,0 106.6657486,10.78629875,0 106.6672287,10.78550911,0 106.66871643,10.78471851,0 106.66868591,10.78467083,0 106.66868591,10.78467083,0 106.66868591,10.78467083,0 106.66874695,10.78472328,0 106.66973877,10.78419209,0 106.67073059,10.78366184,0 106.67173004,10.78313065,0 106.67272186,10.78259945,0 106.67269897,10.7825346,0 106.67269897,10.7825346,0 106.67269897,10.7825346,0 106.67269897,10.7825346,0 106.67269897,10.7825346,0 106.67269897,10.7825346,0 106.67273712,10.7825737,0 106.67389679,10.7819519,0 106.67505646,10.78133011,0 106.67506409,10.78124046,0 106.67506409,10.78124046,0 106.67506409,10.78124046,0 106.67506409,10.78124046,0 106.67510223,10.78128242,0 106.67584229,10.78090286,0 106.67657471,10.7805233,0 106.67657471,10.78043461,0 106.67657471,10.78043461,0 106.67657471,10.78043461,0 106.67657471,10.78043461,0 106.67657471,10.78043461,0 106.67657471,10.78043461,0 106.67657471,10.78043461,0 106.67660522,10.78049755,0 106.67762756,10.77995014,0 106.67865753,10.77940178,0 106.6796875,10.77885342,0 106.68070984,10.77830505,0 106.68070221,10.77820492,0 106.68070221,10.77820492,0 106.68070221,10.77820492,0 106.68070221,10.77820492,0 106.68074036,10.77826786,0 106.68136597,10.7779417,0 106.68145752,10.77763557,0 106.68171692,10.77750969,0 106.68197632,10.77767754,0 106.68251801,10.77733517,0 106.68245697,10.77721882,0 106.68245697,10.77721882,0 106.68253326,10.77734089,0 106.68439484,10.77630234,0 106.68434143,10.7762022,0 106.68434143,10.7762022,0 106.68439484,10.77629185,0 106.68595886,10.77545929,0 106.68682098,10.77501011,0 106.68724823,10.77476883,0 106.68720245,10.77468967,0 106.68720245,10.77468967,0 106.68720245,10.77468967,0 106.68727112,10.77478027,0 106.68940735,10.77361012,0 106.69154358,10.77243996,0 106.6914978,10.77234459,0 106.6914978,10.77234459,0 106.6914978,10.77234459,0 106.6914978,10.77234459,0 106.6914978,10.77234459,0 106.69155121,10.77240276,0 106.69308472,10.77153301,0 106.69309998,10.7712326,0 106.69341278,10.77122784,0 106.69364166,10.77087975,0 106.69358826,10.770854,0 106.69358826,10.770854,0 106.69358826,10.770854,0 106.69358826,10.770854,0 106.69358826,10.770854,0 106.69364166,10.77086926,0 106.69400787,10.77025795,0 106.69387817,10.77001572,0 106.69352721999999,10.76988411,0 106.6934967,10.76995182,0 106.6934967,10.76995182,0 106.6934967,10.76995182,0 106.6934967,10.76995182,0 106.69351959,10.76988411,0 106.69276428,10.7695837,0 106.69200897,10.76928329,0 106.69125366,10.76898479,0 106.69049835,10.76868725,0 106.69046783,10.76876068,0 106.69046783,10.76876068,0 106.69046783,10.76876068,0 106.69046783,10.76876068,0 106.69046783,10.76876068,0 106.69046783,10.76876068,0 106.69049835,10.76868725,0 106.68985748,10.7684164,0 106.68921661,10.76814461,0 106.68936157,10.76767635,0 106.68936157,10.76767635,0 106.68936157,10.76767635,0</coordinates>
        </LineString>
      </Placemark>
      <Folder>
        <name>Trạm dừng (74 trạm)</name>
        <Placemark>
          <name>[BX 63] Bến xe Củ Chi</name>
          <description><![CDATA[&lt;b&gt;Trạm:&lt;/b&gt; Bến xe Củ Chi&lt;br/&gt;&lt;b&gt;Mã trạm:&lt;/b&gt; BX 63&lt;br/&gt;&lt;b&gt;Địa chỉ:&lt;/b&gt; Bến xe Củ Chi Quốc lộ 22&lt;br/&gt;&lt;b&gt;Khu vực:&lt;/b&gt; None, Huyện Củ Chi&lt;br/&gt;&lt;b&gt;Các tuyến qua trạm:&lt;/b&gt; 100, 107, 126, 13, 70-1, 70-2, 74, 79, 87, 94]]></description>
          <styleUrl>#busStopStyle</styleUrl>
          <Point>
            <coordinates>106.482099,10.971617,0</coordinates>
          </Point>
        </Placemark>
        <Placemark>
          <name>[HCC 279] chợ Củ Chi</name>
          <description><![CDATA[&lt;b&gt;Trạm:&lt;/b&gt; chợ Củ Chi&lt;br/&gt;&lt;b&gt;Mã trạm:&lt;/b&gt; HCC 279&lt;br/&gt;&lt;b&gt;Địa chỉ:&lt;/b&gt; chợ Củ Chi Quốc lộ 22&lt;br/&gt;&lt;b&gt;Khu vực:&lt;/b&gt; Thị trấn Củ Chi, Huyện Củ Chi&lt;br/&gt;&lt;b&gt;Các tuyến qua trạm:&lt;/b&gt; 100, 107, 126, 13, 70-1, 70-2, 74, 79, 87, 94]]></description>
          <styleUrl>#busStopStyle</styleUrl>
          <Point>
            <coordinates>106.482453,10.970495,0</coordinates>
          </Point>
        </Placemark>
        <Placemark>
          <name>[HCC 038] Trường trung học cơ sở Củ Chi</name>
          <description><![CDATA[&lt;b&gt;Trạm:&lt;/b&gt; Trường trung học cơ sở Củ Chi&lt;br/&gt;&lt;b&gt;Mã trạm:&lt;/b&gt; HCC 038&lt;br/&gt;&lt;b&gt;Địa chỉ:&lt;/b&gt; 607 Quốc lộ 22&lt;br/&gt;&lt;b&gt;Khu vực:&lt;/b&gt; Thị trấn Củ Chi, Huyện Củ Chi&lt;br/&gt;&lt;b&gt;Các tuyến qua trạm:&lt;/b&gt; 13, 74, 94]]></description>
          <styleUrl>#busStopStyle</styleUrl>
          <Point>
            <coordinates>106.48903,10.967041,0</coordinates>
          </Point>
        </Placemark>
        <Placemark>
          <name>[HCC 039] Đường Nguyễn Giao</name>
          <description><![CDATA[&lt;b&gt;Trạm:&lt;/b&gt; Đường Nguyễn Giao&lt;br/&gt;&lt;b&gt;Mã trạm:&lt;/b&gt; HCC 039&lt;br/&gt;&lt;b&gt;Địa chỉ:&lt;/b&gt; 517 Quốc lộ 22&lt;br/&gt;&lt;b&gt;Khu vực:&lt;/b&gt; Thị trấn Củ Chi, Huyện Củ Chi&lt;br/&gt;&lt;b&gt;Các tuyến qua trạm:&lt;/b&gt; 13, 74, 94]]></description>
          <styleUrl>#busStopStyle</styleUrl>
          <Point>
            <coordinates>106.492994,10.965524,0</coordinates>
          </Point>
        </Placemark>
        <Placemark>
          <name>[HCC 040] xóm Huế</name>
          <description><![CDATA[&lt;b&gt;Trạm:&lt;/b&gt; xóm Huế&lt;br/&gt;&lt;b&gt;Mã trạm:&lt;/b&gt; HCC 040&lt;br/&gt;&lt;b&gt;Địa chỉ:&lt;/b&gt; 457 Quốc lộ 22&lt;br/&gt;&lt;b&gt;Khu vực:&lt;/b&gt; Xã Tân Thông Hội, Huyện Củ Chi&lt;br/&gt;&lt;b&gt;Các tuyến qua trạm:&lt;/b&gt; 13, 74, 94]]></description>
          <styleUrl>#busStopStyle</styleUrl>
          <Point>
            <coordinates>106.49735,10.963449,0</coordinates>
          </Point>
        </Placemark>
        <Placemark>
          <name>[HCC 041] Điện lực Củ Chi - Ngã 3 Việt Kiều</name>
          <description><![CDATA[&lt;b&gt;Trạm:&lt;/b&gt; Điện lực Củ Chi - Ngã 3 Việt Kiều&lt;br/&gt;&lt;b&gt;Mã trạm:&lt;/b&gt; HCC 041&lt;br/&gt;&lt;b&gt;Địa chỉ:&lt;/b&gt; 413 Quốc lộ 22&lt;br/&gt;&lt;b&gt;Khu vực:&lt;/b&gt; Xã Tân Thông Hội, Huyện Củ Chi&lt;br/&gt;&lt;b&gt;Các tuyến qua trạm:&lt;/b&gt; 13, 74, 94]]></description>
          <styleUrl>#busStopStyle</styleUrl>
          <Point>
            <coordinates>106.503161,10.9602,0</coordinates>
          </Point>
        </Placemark>
        <Placemark>
          <name>[HCC 042] Nhà thiếu nhi Củ Chi</name>
          <description><![CDATA[&lt;b&gt;Trạm:&lt;/b&gt; Nhà thiếu nhi Củ Chi&lt;br/&gt;&lt;b&gt;Mã trạm:&lt;/b&gt; HCC 042&lt;br/&gt;&lt;b&gt;Địa chỉ:&lt;/b&gt; Nhà thiếu nhi Củ Chi Quốc lộ 22&lt;br/&gt;&lt;b&gt;Khu vực:&lt;/b&gt; Xã Tân Thông Hội, Huyện Củ Chi&lt;br/&gt;&lt;b&gt;Các tuyến qua trạm:&lt;/b&gt; 13, 74, 94]]></description>
          <styleUrl>#busStopStyle</styleUrl>
          <Point>
            <coordinates>106.505027,10.959204,0</coordinates>
          </Point>
        </Placemark>
        <Placemark>
          <name>[HCC 043] Công ty Sài Gòn Cáp</name>
          <description><![CDATA[&lt;b&gt;Trạm:&lt;/b&gt; Công ty Sài Gòn Cáp&lt;br/&gt;&lt;b&gt;Mã trạm:&lt;/b&gt; HCC 043&lt;br/&gt;&lt;b&gt;Địa chỉ:&lt;/b&gt; 299 Quốc lộ 22&lt;br/&gt;&lt;b&gt;Khu vực:&lt;/b&gt; Xã Tân Thông Hội, Huyện Củ Chi&lt;br/&gt;&lt;b&gt;Các tuyến qua trạm:&lt;/b&gt; 13, 74, 94]]></description>
          <styleUrl>#busStopStyle</styleUrl>
          <Point>
            <coordinates>106.509694,10.956818,0</coordinates>
          </Point>
        </Placemark>
        <Placemark>
          <name>[HCM 0042] Nước Mía Vườn Cau</name>
          <description><![CDATA[&lt;b&gt;Trạm:&lt;/b&gt; Nước Mía Vườn Cau&lt;br/&gt;&lt;b&gt;Mã trạm:&lt;/b&gt; HCM 0042&lt;br/&gt;&lt;b&gt;Địa chỉ:&lt;/b&gt; 251 Phan Văn Khải&lt;br/&gt;&lt;b&gt;Khu vực:&lt;/b&gt; None, Huyện Củ Chi&lt;br/&gt;&lt;b&gt;Các tuyến qua trạm:&lt;/b&gt; 13, 74, 94]]></description>
          <styleUrl>#busStopStyle</styleUrl>
          <Point>
            <coordinates>106.513653,10.954201,0</coordinates>
          </Point>
        </Placemark>
        <Placemark>
          <name>[HCC 044] Trường Mầm non Tân Thông Hội 1</name>
          <description><![CDATA[&lt;b&gt;Trạm:&lt;/b&gt; Trường Mầm non Tân Thông Hội 1&lt;br/&gt;&lt;b&gt;Mã trạm:&lt;/b&gt; HCC 044&lt;br/&gt;&lt;b&gt;Địa chỉ:&lt;/b&gt; 223 Quốc lộ 22&lt;br/&gt;&lt;b&gt;Khu vực:&lt;/b&gt; Xã Tân Thông Hội, Huyện Củ Chi&lt;br/&gt;&lt;b&gt;Các tuyến qua trạm:&lt;/b&gt; 13, 74, 94]]></description>
          <styleUrl>#busStopStyle</styleUrl>
          <Point>
            <coordinates>106.515434,10.953068,0</coordinates>
          </Point>
        </Placemark>
        <Placemark>
          <name>[HCC 045] Trạm Hồng Đào</name>
          <description><![CDATA[&lt;b&gt;Trạm:&lt;/b&gt; Trạm Hồng Đào&lt;br/&gt;&lt;b&gt;Mã trạm:&lt;/b&gt; HCC 045&lt;br/&gt;&lt;b&gt;Địa chỉ:&lt;/b&gt; 157 Quốc lộ 22&lt;br/&gt;&lt;b&gt;Khu vực:&lt;/b&gt; Xã Tân Thông Hội, Huyện Củ Chi&lt;br/&gt;&lt;b&gt;Các tuyến qua trạm:&lt;/b&gt; 13, 74, 94]]></description>
          <styleUrl>#busStopStyle</styleUrl>
          <Point>
            <coordinates>106.518974,10.950651,0</coordinates>
          </Point>
        </Placemark>
        <Placemark>
          <name>[HCC 046] Ngã tư Quán đôi</name>
          <description><![CDATA[&lt;b&gt;Trạm:&lt;/b&gt; Ngã tư Quán đôi&lt;br/&gt;&lt;b&gt;Mã trạm:&lt;/b&gt; HCC 046&lt;br/&gt;&lt;b&gt;Địa chỉ:&lt;/b&gt; 97 Quốc lộ 22&lt;br/&gt;&lt;b&gt;Khu vực:&lt;/b&gt; Xã Tân Thông Hội, Huyện Củ Chi&lt;br/&gt;&lt;b&gt;Các tuyến qua trạm:&lt;/b&gt; 13, 74, 94]]></description>
          <styleUrl>#busStopStyle</styleUrl>
          <Point>
            <coordinates>106.522923,10.947954,0</coordinates>
          </Point>
        </Placemark>
        <Placemark>
          <name>[HCC 047] Chùa Pháp Hạnh</name>
          <description><![CDATA[&lt;b&gt;Trạm:&lt;/b&gt; Chùa Pháp Hạnh&lt;br/&gt;&lt;b&gt;Mã trạm:&lt;/b&gt; HCC 047&lt;br/&gt;&lt;b&gt;Địa chỉ:&lt;/b&gt; 455A (Đ/d 450) Quốc lộ 22&lt;br/&gt;&lt;b&gt;Khu vực:&lt;/b&gt; Xã Tân Thông Hội, Huyện Củ Chi&lt;br/&gt;&lt;b&gt;Các tuyến qua trạm:&lt;/b&gt; 13, 74, 94]]></description>
          <styleUrl>#busStopStyle</styleUrl>
          <Point>
            <coordinates>106.530776,10.943678,0</coordinates>
          </Point>
        </Placemark>
        <Placemark>
          <name>[HCC 048] Nhà thờ Sơn Lộc</name>
          <description><![CDATA[&lt;b&gt;Trạm:&lt;/b&gt; Nhà thờ Sơn Lộc&lt;br/&gt;&lt;b&gt;Mã trạm:&lt;/b&gt; HCC 048&lt;br/&gt;&lt;b&gt;Địa chỉ:&lt;/b&gt; 351 Quốc lộ 22&lt;br/&gt;&lt;b&gt;Khu vực:&lt;/b&gt; Xã Tân Phú Trung, Huyện Củ Chi&lt;br/&gt;&lt;b&gt;Các tuyến qua trạm:&lt;/b&gt; 13, 74, 94]]></description>
          <styleUrl>#busStopStyle</styleUrl>
          <Point>
            <coordinates>106.536346,10.941083,0</coordinates>
          </Point>
        </Placemark>
        <Placemark>
          <name>[HCC 049] trường Tân Phú Trung</name>
          <description><![CDATA[&lt;b&gt;Trạm:&lt;/b&gt; trường Tân Phú Trung&lt;br/&gt;&lt;b&gt;Mã trạm:&lt;/b&gt; HCC 049&lt;br/&gt;&lt;b&gt;Địa chỉ:&lt;/b&gt; Đối diện Trường Tân Phú Trung Quốc lộ 22&lt;br/&gt;&lt;b&gt;Khu vực:&lt;/b&gt; None, Huyện Củ Chi&lt;br/&gt;&lt;b&gt;Các tuyến qua trạm:&lt;/b&gt; 13, 74, 94]]></description>
          <styleUrl>#busStopStyle</styleUrl>
          <Point>
            <coordinates>106.540223,10.93918,0</coordinates>
          </Point>
        </Placemark>
        <Placemark>
          <name>[HCC 050] Nhà thờ Bắc Đoàn</name>
          <description><![CDATA[&lt;b&gt;Trạm:&lt;/b&gt; Nhà thờ Bắc Đoàn&lt;br/&gt;&lt;b&gt;Mã trạm:&lt;/b&gt; HCC 050&lt;br/&gt;&lt;b&gt;Địa chỉ:&lt;/b&gt; 215 (231) Quốc lộ 22&lt;br/&gt;&lt;b&gt;Khu vực:&lt;/b&gt; Xã Tân Phú Trung, Huyện Củ Chi&lt;br/&gt;&lt;b&gt;Các tuyến qua trạm:&lt;/b&gt; 13, 74, 94]]></description>
          <styleUrl>#busStopStyle</styleUrl>
          <Point>
            <coordinates>106.543602,10.937558,0</coordinates>
          </Point>
        </Placemark>
        <Placemark>
          <name>[HCC 051] Mũi tàu Tỉnh lộ 2</name>
          <description><![CDATA[&lt;b&gt;Trạm:&lt;/b&gt; Mũi tàu Tỉnh lộ 2&lt;br/&gt;&lt;b&gt;Mã trạm:&lt;/b&gt; HCC 051&lt;br/&gt;&lt;b&gt;Địa chỉ:&lt;/b&gt; 151 (số cũ 135) Quốc lộ 22&lt;br/&gt;&lt;b&gt;Khu vực:&lt;/b&gt; Xã Tân Phú Trung, Huyện Củ Chi&lt;br/&gt;&lt;b&gt;Các tuyến qua trạm:&lt;/b&gt; 13, 74, 94]]></description>
          <styleUrl>#busStopStyle</styleUrl>
          <Point>
            <coordinates>106.549798,10.93454,0</coordinates>
          </Point>
        </Placemark>
        <Placemark>
          <name>[HCC 052] Chợ chiều Tân Phú Trung</name>
          <description><![CDATA[&lt;b&gt;Trạm:&lt;/b&gt; Chợ chiều Tân Phú Trung&lt;br/&gt;&lt;b&gt;Mã trạm:&lt;/b&gt; HCC 052&lt;br/&gt;&lt;b&gt;Địa chỉ:&lt;/b&gt; 85C Quốc lộ 22&lt;br/&gt;&lt;b&gt;Khu vực:&lt;/b&gt; Xã Tân Phú Trung, Huyện Củ Chi&lt;br/&gt;&lt;b&gt;Các tuyến qua trạm:&lt;/b&gt; 13, 74, 94]]></description>
          <styleUrl>#busStopStyle</styleUrl>
          <Point>
            <coordinates>106.552808,10.931917,0</coordinates>
          </Point>
        </Placemark>
        <Placemark>
          <name>[HCC 355] Công ty Thủy lợi TP.HCM</name>
          <description><![CDATA[&lt;b&gt;Trạm:&lt;/b&gt; Công ty Thủy lợi TP.HCM&lt;br/&gt;&lt;b&gt;Mã trạm:&lt;/b&gt; HCC 355&lt;br/&gt;&lt;b&gt;Địa chỉ:&lt;/b&gt; Công ty Thủy lợi TP.HCM (21) Quốc lộ 22&lt;br/&gt;&lt;b&gt;Khu vực:&lt;/b&gt; Xã Tân Phú Trung, Huyện Củ Chi&lt;br/&gt;&lt;b&gt;Các tuyến qua trạm:&lt;/b&gt; 13, 74, 94]]></description>
          <styleUrl>#busStopStyle</styleUrl>
          <Point>
            <coordinates>106.555012,10.929399,0</coordinates>
          </Point>
        </Placemark>
        <Placemark>
          <name>[HCC 053] Bệnh viện Xuyên Á</name>
          <description><![CDATA[&lt;b&gt;Trạm:&lt;/b&gt; Bệnh viện Xuyên Á&lt;br/&gt;&lt;b&gt;Mã trạm:&lt;/b&gt; HCC 053&lt;br/&gt;&lt;b&gt;Địa chỉ:&lt;/b&gt; Đối diện cây xăng Ngọc Sương Quốc lộ 22&lt;br/&gt;&lt;b&gt;Khu vực:&lt;/b&gt; Xã Tân Phú Trung, Huyện Củ Chi&lt;br/&gt;&lt;b&gt;Các tuyến qua trạm:&lt;/b&gt; 13, 74, 94]]></description>
          <styleUrl>#busStopStyle</styleUrl>
          <Point>
            <coordinates>106.557201,10.926381,0</coordinates>
          </Point>
        </Placemark>
        <Placemark>
          <name>[HCC 054] Công ty Fujifilm</name>
          <description><![CDATA[&lt;b&gt;Trạm:&lt;/b&gt; Công ty Fujifilm&lt;br/&gt;&lt;b&gt;Mã trạm:&lt;/b&gt; HCC 054&lt;br/&gt;&lt;b&gt;Địa chỉ:&lt;/b&gt; Cty Fujifilm Quốc lộ 22&lt;br/&gt;&lt;b&gt;Khu vực:&lt;/b&gt; Xã Tân Phú Trung, Huyện Củ Chi&lt;br/&gt;&lt;b&gt;Các tuyến qua trạm:&lt;/b&gt; 13, 24, 74, 94]]></description>
          <styleUrl>#busStopStyle</styleUrl>
          <Point>
            <coordinates>106.559333,10.923317,0</coordinates>
          </Point>
        </Placemark>
        <Placemark>
          <name>[HHM 039] Cầu An Hạ</name>
          <description><![CDATA[&lt;b&gt;Trạm:&lt;/b&gt; Cầu An Hạ&lt;br/&gt;&lt;b&gt;Mã trạm:&lt;/b&gt; HHM 039&lt;br/&gt;&lt;b&gt;Địa chỉ:&lt;/b&gt; Giáo xứ Tân Thịnh Quốc lộ 22&lt;br/&gt;&lt;b&gt;Khu vực:&lt;/b&gt; Xã Tân Thới Nhì, Huyện Hóc Môn&lt;br/&gt;&lt;b&gt;Các tuyến qua trạm:&lt;/b&gt; 13, 24, 74, 94]]></description>
          <styleUrl>#busStopStyle</styleUrl>
          <Point>
            <coordinates>106.564212,10.916262,0</coordinates>
          </Point>
        </Placemark>
        <Placemark>
          <name>[HHM 040] Công ty thoát nước đô thị</name>
          <description><![CDATA[&lt;b&gt;Trạm:&lt;/b&gt; Công ty thoát nước đô thị&lt;br/&gt;&lt;b&gt;Mã trạm:&lt;/b&gt; HHM 040&lt;br/&gt;&lt;b&gt;Địa chỉ:&lt;/b&gt; Đối diện Cty thoát nước đô thị Quốc lộ 22&lt;br/&gt;&lt;b&gt;Khu vực:&lt;/b&gt; Xã Tân Thới Nhì, Huyện Hóc Môn&lt;br/&gt;&lt;b&gt;Các tuyến qua trạm:&lt;/b&gt; 13, 24, 74, 94]]></description>
          <styleUrl>#busStopStyle</styleUrl>
          <Point>
            <coordinates>106.567576,10.911485,0</coordinates>
          </Point>
        </Placemark>
        <Placemark>
          <name>[HHM 041] Cây xăng Hoàng Anh 2</name>
          <description><![CDATA[&lt;b&gt;Trạm:&lt;/b&gt; Cây xăng Hoàng Anh 2&lt;br/&gt;&lt;b&gt;Mã trạm:&lt;/b&gt; HHM 041&lt;br/&gt;&lt;b&gt;Địa chỉ:&lt;/b&gt; Đối diện cây xăng Hoàng Anh 2 Quốc lộ 22&lt;br/&gt;&lt;b&gt;Khu vực:&lt;/b&gt; Xã Tân Thới Nhì, Huyện Hóc Môn&lt;br/&gt;&lt;b&gt;Các tuyến qua trạm:&lt;/b&gt; 13, 24, 74, 94]]></description>
          <styleUrl>#busStopStyle</styleUrl>
          <Point>
            <coordinates>106.571364,10.906072,0</coordinates>
          </Point>
        </Placemark>
        <Placemark>
          <name>[HHM 042] Ngã 3 Hồng Châu</name>
          <description><![CDATA[&lt;b&gt;Trạm:&lt;/b&gt; Ngã 3 Hồng Châu&lt;br/&gt;&lt;b&gt;Mã trạm:&lt;/b&gt; HHM 042&lt;br/&gt;&lt;b&gt;Địa chỉ:&lt;/b&gt; 1/147 Quốc lộ 22&lt;br/&gt;&lt;b&gt;Khu vực:&lt;/b&gt; Xã Tân Thới Nhì, Huyện Hóc Môn&lt;br/&gt;&lt;b&gt;Các tuyến qua trạm:&lt;/b&gt; 13, 24, 74, 94]]></description>
          <styleUrl>#busStopStyle</styleUrl>
          <Point>
            <coordinates>106.575891,10.899638,0</coordinates>
          </Point>
        </Placemark>
        <Placemark>
          <name>[HHM 043] Doanh trại Quân Đội</name>
          <description><![CDATA[&lt;b&gt;Trạm:&lt;/b&gt; Doanh trại Quân Đội&lt;br/&gt;&lt;b&gt;Mã trạm:&lt;/b&gt; HHM 043&lt;br/&gt;&lt;b&gt;Địa chỉ:&lt;/b&gt; 48/10A Quốc lộ 22&lt;br/&gt;&lt;b&gt;Khu vực:&lt;/b&gt; Xã Tân Thới Nhì, Huyện Hóc Môn&lt;br/&gt;&lt;b&gt;Các tuyến qua trạm:&lt;/b&gt; 13, 24, 74, 94]]></description>
          <styleUrl>#busStopStyle</styleUrl>
          <Point>
            <coordinates>106.578358,10.896083,0</coordinates>
          </Point>
        </Placemark>
        <Placemark>
          <name>[HHM 044] Ngã 3 Lam Sơn</name>
          <description><![CDATA[&lt;b&gt;Trạm:&lt;/b&gt; Ngã 3 Lam Sơn&lt;br/&gt;&lt;b&gt;Mã trạm:&lt;/b&gt; HHM 044&lt;br/&gt;&lt;b&gt;Địa chỉ:&lt;/b&gt; 65/15A Quốc lộ 22&lt;br/&gt;&lt;b&gt;Khu vực:&lt;/b&gt; Xã Tân Thới Nhì, Huyện Hóc Môn&lt;br/&gt;&lt;b&gt;Các tuyến qua trạm:&lt;/b&gt; 13, 24, 74, 94]]></description>
          <styleUrl>#busStopStyle</styleUrl>
          <Point>
            <coordinates>106.581003,10.892279,0</coordinates>
          </Point>
        </Placemark>
        <Placemark>
          <name>[HHM 045] Dân Thắng</name>
          <description><![CDATA[&lt;b&gt;Trạm:&lt;/b&gt; Dân Thắng&lt;br/&gt;&lt;b&gt;Mã trạm:&lt;/b&gt; HHM 045&lt;br/&gt;&lt;b&gt;Địa chỉ:&lt;/b&gt; 65/5 Quốc lộ 22&lt;br/&gt;&lt;b&gt;Khu vực:&lt;/b&gt; Xã Tân Thới Nhì, Huyện Hóc Môn&lt;br/&gt;&lt;b&gt;Các tuyến qua trạm:&lt;/b&gt; 13, 24, 74, 94]]></description>
          <styleUrl>#busStopStyle</styleUrl>
          <Point>
            <coordinates>106.583911,10.888139,0</coordinates>
          </Point>
        </Placemark>
        <Placemark>
          <name>[HHM 046] Ngã tư Hóc Môn</name>
          <description><![CDATA[&lt;b&gt;Trạm:&lt;/b&gt; Ngã tư Hóc Môn&lt;br/&gt;&lt;b&gt;Mã trạm:&lt;/b&gt; HHM 046&lt;br/&gt;&lt;b&gt;Địa chỉ:&lt;/b&gt; 49/6 Quốc lộ 22&lt;br/&gt;&lt;b&gt;Khu vực:&lt;/b&gt; Xã Xuân Thới Sơn, Huyện Hóc Môn&lt;br/&gt;&lt;b&gt;Các tuyến qua trạm:&lt;/b&gt; 13, 74, 94]]></description>
          <styleUrl>#busStopStyle</styleUrl>
          <Point>
            <coordinates>106.587263,10.883308,0</coordinates>
          </Point>
        </Placemark>
        <Placemark>
          <name>[HHM 047] Công ty Khánh Đông</name>
          <description><![CDATA[&lt;b&gt;Trạm:&lt;/b&gt; Công ty Khánh Đông&lt;br/&gt;&lt;b&gt;Mã trạm:&lt;/b&gt; HHM 047&lt;br/&gt;&lt;b&gt;Địa chỉ:&lt;/b&gt; 5A Quốc lộ 22&lt;br/&gt;&lt;b&gt;Khu vực:&lt;/b&gt; Xã Xuân Thới Sơn, Huyện Hóc Môn&lt;br/&gt;&lt;b&gt;Các tuyến qua trạm:&lt;/b&gt; 13, 74, 94]]></description>
          <styleUrl>#busStopStyle</styleUrl>
          <Point>
            <coordinates>106.58927,10.880337,0</coordinates>
          </Point>
        </Placemark>
        <Placemark>
          <name>[HHM 048] Ngã tư giếng nước</name>
          <description><![CDATA[&lt;b&gt;Trạm:&lt;/b&gt; Ngã tư giếng nước&lt;br/&gt;&lt;b&gt;Mã trạm:&lt;/b&gt; HHM 048&lt;br/&gt;&lt;b&gt;Địa chỉ:&lt;/b&gt; Cây xăng Thành Công Quốc lộ 22&lt;br/&gt;&lt;b&gt;Khu vực:&lt;/b&gt; Thị trấn Hóc Môn, Huyện Hóc Môn&lt;br/&gt;&lt;b&gt;Các tuyến qua trạm:&lt;/b&gt; 13, 74, 94]]></description>
          <styleUrl>#busStopStyle</styleUrl>
          <Point>
            <coordinates>106.591684,10.877023,0</coordinates>
          </Point>
        </Placemark>
        <Placemark>
          <name>[HHM 049] Cây xăng Hoàng Anh 1</name>
          <description><![CDATA[&lt;b&gt;Trạm:&lt;/b&gt; Cây xăng Hoàng Anh 1&lt;br/&gt;&lt;b&gt;Mã trạm:&lt;/b&gt; HHM 049&lt;br/&gt;&lt;b&gt;Địa chỉ:&lt;/b&gt; 42/7B Quốc lộ 22&lt;br/&gt;&lt;b&gt;Khu vực:&lt;/b&gt; None, Huyện Hóc Môn&lt;br/&gt;&lt;b&gt;Các tuyến qua trạm:&lt;/b&gt; 13, 74, 94]]></description>
          <styleUrl>#busStopStyle</styleUrl>
          <Point>
            <coordinates>106.593078,10.874969,0</coordinates>
          </Point>
        </Placemark>
        <Placemark>
          <name>[HHM 0490] Công ty Suất ăn công nghiệp</name>
          <description><![CDATA[&lt;b&gt;Trạm:&lt;/b&gt; Công ty Suất ăn công nghiệp&lt;br/&gt;&lt;b&gt;Mã trạm:&lt;/b&gt; HHM 0490&lt;br/&gt;&lt;b&gt;Địa chỉ:&lt;/b&gt; 43/1 Quốc lộ 22&lt;br/&gt;&lt;b&gt;Khu vực:&lt;/b&gt; Xã Xuân Thới Đông, Huyện Hóc Môn&lt;br/&gt;&lt;b&gt;Các tuyến qua trạm:&lt;/b&gt; 13, 74, 94]]></description>
          <styleUrl>#busStopStyle</styleUrl>
          <Point>
            <coordinates>106.594666,10.872947,0</coordinates>
          </Point>
        </Placemark>
        <Placemark>
          <name>[HHM 050] Ngã 3 Bùi Môn</name>
          <description><![CDATA[&lt;b&gt;Trạm:&lt;/b&gt; Ngã 3 Bùi Môn&lt;br/&gt;&lt;b&gt;Mã trạm:&lt;/b&gt; HHM 050&lt;br/&gt;&lt;b&gt;Địa chỉ:&lt;/b&gt; 58/5 Quốc lộ 22&lt;br/&gt;&lt;b&gt;Khu vực:&lt;/b&gt; Xã Xuân Thới Đông, Huyện Hóc Môn&lt;br/&gt;&lt;b&gt;Các tuyến qua trạm:&lt;/b&gt; 122, 13, 62-5, 74, 85, 94]]></description>
          <styleUrl>#busStopStyle</styleUrl>
          <Point>
            <coordinates>106.596758,10.869954,0</coordinates>
          </Point>
        </Placemark>
        <Placemark>
          <name>[HHM 051] Trường học Tân Xuân</name>
          <description><![CDATA[&lt;b&gt;Trạm:&lt;/b&gt; Trường học Tân Xuân&lt;br/&gt;&lt;b&gt;Mã trạm:&lt;/b&gt; HHM 051&lt;br/&gt;&lt;b&gt;Địa chỉ:&lt;/b&gt; 1/4 Quốc lộ 22&lt;br/&gt;&lt;b&gt;Khu vực:&lt;/b&gt; Xã Tân Xuân, Huyện Hóc Môn&lt;br/&gt;&lt;b&gt;Các tuyến qua trạm:&lt;/b&gt; 122, 13, 62-5, 74, 85, 94]]></description>
          <styleUrl>#busStopStyle</styleUrl>
          <Point>
            <coordinates>106.598904,10.866919,0</coordinates>
          </Point>
        </Placemark>
        <Placemark>
          <name>[HHM 052] Ngân Hàng Aribank</name>
          <description><![CDATA[&lt;b&gt;Trạm:&lt;/b&gt; Ngân Hàng Aribank&lt;br/&gt;&lt;b&gt;Mã trạm:&lt;/b&gt; HHM 052&lt;br/&gt;&lt;b&gt;Địa chỉ:&lt;/b&gt; 5/1 (gần đường Nguyễn Thị Sóc) Quốc lộ 22&lt;br/&gt;&lt;b&gt;Khu vực:&lt;/b&gt; Xã Trung Chánh, Huyện Hóc Môn&lt;br/&gt;&lt;b&gt;Các tuyến qua trạm:&lt;/b&gt; 122, 13, 62-5, 74, 85, 94]]></description>
          <styleUrl>#busStopStyle</styleUrl>
          <Point>
            <coordinates>106.601978,10.862546,0</coordinates>
          </Point>
        </Placemark>
        <Placemark>
          <name>[HHM 053] Ngã 3 Củ Cải</name>
          <description><![CDATA[&lt;b&gt;Trạm:&lt;/b&gt; Ngã 3 Củ Cải&lt;br/&gt;&lt;b&gt;Mã trạm:&lt;/b&gt; HHM 053&lt;br/&gt;&lt;b&gt;Địa chỉ:&lt;/b&gt; 43/1 (kế 33/5A), 7/2A Quốc lộ 22&lt;br/&gt;&lt;b&gt;Khu vực:&lt;/b&gt; Xã Xuân Thới Đông, Huyện Hóc Môn&lt;br/&gt;&lt;b&gt;Các tuyến qua trạm:&lt;/b&gt; 122, 13, 62-5, 71, 74, 85, 94]]></description>
          <styleUrl>#busStopStyle</styleUrl>
          <Point>
            <coordinates>106.603324,10.860602,0</coordinates>
          </Point>
        </Placemark>
        <Placemark>
          <name>[HHM 055] Chùa Linh Sơn</name>
          <description><![CDATA[&lt;b&gt;Trạm:&lt;/b&gt; Chùa Linh Sơn&lt;br/&gt;&lt;b&gt;Mã trạm:&lt;/b&gt; HHM 055&lt;br/&gt;&lt;b&gt;Địa chỉ:&lt;/b&gt; G68A Quốc lộ 22&lt;br/&gt;&lt;b&gt;Khu vực:&lt;/b&gt; None, Huyện Hóc Môn&lt;br/&gt;&lt;b&gt;Các tuyến qua trạm:&lt;/b&gt; 122, 13, 62-5, 71, 74, 85, 94]]></description>
          <styleUrl>#busStopStyle</styleUrl>
          <Point>
            <coordinates>106.606178,10.85662,0</coordinates>
          </Point>
        </Placemark>
        <Placemark>
          <name>[HHM 056] Ngã tư Trung Chánh</name>
          <description><![CDATA[&lt;b&gt;Trạm:&lt;/b&gt; Ngã tư Trung Chánh&lt;br/&gt;&lt;b&gt;Mã trạm:&lt;/b&gt; HHM 056&lt;br/&gt;&lt;b&gt;Địa chỉ:&lt;/b&gt; 30/10B (kế 30) Quốc lộ 22&lt;br/&gt;&lt;b&gt;Khu vực:&lt;/b&gt; Xã Trung Chánh, Huyện Hóc Môn&lt;br/&gt;&lt;b&gt;Các tuyến qua trạm:&lt;/b&gt; 122, 13, 145, 62-5, 71, 74, 85, 94]]></description>
          <styleUrl>#busStopStyle</styleUrl>
          <Point>
            <coordinates>106.608152,10.853595,0</coordinates>
          </Point>
        </Placemark>
        <Placemark>
          <name>[HHM 057] Cư xá Bà Điểm</name>
          <description><![CDATA[&lt;b&gt;Trạm:&lt;/b&gt; Cư xá Bà Điểm&lt;br/&gt;&lt;b&gt;Mã trạm:&lt;/b&gt; HHM 057&lt;br/&gt;&lt;b&gt;Địa chỉ:&lt;/b&gt; 3A Quốc lộ 22&lt;br/&gt;&lt;b&gt;Khu vực:&lt;/b&gt; Xã Bà Điểm, Huyện Hóc Môn&lt;br/&gt;&lt;b&gt;Các tuyến qua trạm:&lt;/b&gt; 122, 13, 145, 62-5, 71, 74, 85, 94]]></description>
          <styleUrl>#busStopStyle</styleUrl>
          <Point>
            <coordinates>106.610641,10.849713,0</coordinates>
          </Point>
        </Placemark>
        <Placemark>
          <name>[HHM 058] Bến xe An Sương</name>
          <description><![CDATA[&lt;b&gt;Trạm:&lt;/b&gt; Bến xe An Sương&lt;br/&gt;&lt;b&gt;Mã trạm:&lt;/b&gt; HHM 058&lt;br/&gt;&lt;b&gt;Địa chỉ:&lt;/b&gt; 1B Quốc lộ 22&lt;br/&gt;&lt;b&gt;Khu vực:&lt;/b&gt; Xã Bà Điểm, Huyện Hóc Môn&lt;br/&gt;&lt;b&gt;Các tuyến qua trạm:&lt;/b&gt; 04, 104, 122, 13, 145, 151, 33, 41, 61-3, 62-5, 65, 71, 74, 85, 94]]></description>
          <styleUrl>#busStopStyle</styleUrl>
          <Point>
            <coordinates>106.613522,10.845187,0</coordinates>
          </Point>
        </Placemark>
        <Placemark>
          <name>[Q12 135] Bitis</name>
          <description><![CDATA[&lt;b&gt;Trạm:&lt;/b&gt; Bitis&lt;br/&gt;&lt;b&gt;Mã trạm:&lt;/b&gt; Q12 135&lt;br/&gt;&lt;b&gt;Địa chỉ:&lt;/b&gt; 487 Trường Chinh&lt;br/&gt;&lt;b&gt;Khu vực:&lt;/b&gt; None, Quận 12&lt;br/&gt;&lt;b&gt;Các tuyến qua trạm:&lt;/b&gt; 04, 104, 13, 145, 27, 41, 65, 94]]></description>
          <styleUrl>#busStopStyle</styleUrl>
          <Point>
            <coordinates>106.617347,10.838891,0</coordinates>
          </Point>
        </Placemark>
        <Placemark>
          <name>[Q12 136] Chùa Lạc Quang</name>
          <description><![CDATA[&lt;b&gt;Trạm:&lt;/b&gt; Chùa Lạc Quang&lt;br/&gt;&lt;b&gt;Mã trạm:&lt;/b&gt; Q12 136&lt;br/&gt;&lt;b&gt;Địa chỉ:&lt;/b&gt; 257 Trường Chinh&lt;br/&gt;&lt;b&gt;Khu vực:&lt;/b&gt; None, Quận 12&lt;br/&gt;&lt;b&gt;Các tuyến qua trạm:&lt;/b&gt; 04, 104, 13, 145, 27, 41, 65, 94]]></description>
          <styleUrl>#busStopStyle</styleUrl>
          <Point>
            <coordinates>106.620212,10.834497,0</coordinates>
          </Point>
        </Placemark>
        <Placemark>
          <name>[Q12 137] Chùa Vĩnh Phước</name>
          <description><![CDATA[&lt;b&gt;Trạm:&lt;/b&gt; Chùa Vĩnh Phước&lt;br/&gt;&lt;b&gt;Mã trạm:&lt;/b&gt; Q12 137&lt;br/&gt;&lt;b&gt;Địa chỉ:&lt;/b&gt; Chùa Vĩnh Phước Trường Chinh&lt;br/&gt;&lt;b&gt;Khu vực:&lt;/b&gt; None, Quận 12&lt;br/&gt;&lt;b&gt;Các tuyến qua trạm:&lt;/b&gt; 04, 104, 13, 145, 27, 41, 65, 94]]></description>
          <styleUrl>#busStopStyle</styleUrl>
          <Point>
            <coordinates>106.621794,10.83202,0</coordinates>
          </Point>
        </Placemark>
        <Placemark>
          <name>[Q12 139] Cầu Tham Lương - Siêu thị Thiên Hòa</name>
          <description><![CDATA[&lt;b&gt;Trạm:&lt;/b&gt; Cầu Tham Lương - Siêu thị Thiên Hòa&lt;br/&gt;&lt;b&gt;Mã trạm:&lt;/b&gt; Q12 139&lt;br/&gt;&lt;b&gt;Địa chỉ:&lt;/b&gt; 21 (Kế 2/6B) Trường Chinh&lt;br/&gt;&lt;b&gt;Khu vực:&lt;/b&gt; None, Quận 12&lt;br/&gt;&lt;b&gt;Các tuyến qua trạm:&lt;/b&gt; 04, 104, 13, 145, 23, 27, 41, 62, 65, 94]]></description>
          <styleUrl>#busStopStyle</styleUrl>
          <Point>
            <coordinates>106.62586,10.82624,0</coordinates>
          </Point>
        </Placemark>
        <Placemark>
          <name>[QTP 010] Trạm Dệt Thành Công</name>
          <description><![CDATA[&lt;b&gt;Trạm:&lt;/b&gt; Trạm Dệt Thành Công&lt;br/&gt;&lt;b&gt;Mã trạm:&lt;/b&gt; QTP 010&lt;br/&gt;&lt;b&gt;Địa chỉ:&lt;/b&gt; 8 Trường Chinh&lt;br/&gt;&lt;b&gt;Khu vực:&lt;/b&gt; Phường Tây Thạnh, Quận Tân Phú&lt;br/&gt;&lt;b&gt;Các tuyến qua trạm:&lt;/b&gt; 04, 104, 13, 145, 23, 27, 32, 41, 62, 65, 94]]></description>
          <styleUrl>#busStopStyle</styleUrl>
          <Point>
            <coordinates>106.629825,10.822315,0</coordinates>
          </Point>
        </Placemark>
        <Placemark>
          <name>[QTP 011] Trạm KCN Tân Bình</name>
          <description><![CDATA[&lt;b&gt;Trạm:&lt;/b&gt; Trạm KCN Tân Bình&lt;br/&gt;&lt;b&gt;Mã trạm:&lt;/b&gt; QTP 011&lt;br/&gt;&lt;b&gt;Địa chỉ:&lt;/b&gt; 881 Trường Chinh&lt;br/&gt;&lt;b&gt;Khu vực:&lt;/b&gt; Phường Tây Thạnh, Quận Tân Phú&lt;br/&gt;&lt;b&gt;Các tuyến qua trạm:&lt;/b&gt; 04, 104, 13, 145, 23, 27, 28, 62, 65, 94]]></description>
          <styleUrl>#busStopStyle</styleUrl>
          <Point>
            <coordinates>106.630615,10.819386,0</coordinates>
          </Point>
        </Placemark>
        <Placemark>
          <name>[QTP 012] Ngã 3 Chế Lan Viên</name>
          <description><![CDATA[&lt;b&gt;Trạm:&lt;/b&gt; Ngã 3 Chế Lan Viên&lt;br/&gt;&lt;b&gt;Mã trạm:&lt;/b&gt; QTP 012&lt;br/&gt;&lt;b&gt;Địa chỉ:&lt;/b&gt; 831 (trước showroom o tô) Trường Chinh&lt;br/&gt;&lt;b&gt;Khu vực:&lt;/b&gt; Phường Tây Thạnh, Quận Tân Phú&lt;br/&gt;&lt;b&gt;Các tuyến qua trạm:&lt;/b&gt; 04, 104, 13, 145, 23, 27, 28, 62, 65, 94]]></description>
          <styleUrl>#busStopStyle</styleUrl>
          <Point>
            <coordinates>106.632377,10.814455,0</coordinates>
          </Point>
        </Placemark>
        <Placemark>
          <name>[QTP 014] Trạm Đài Liệt Sỹ</name>
          <description><![CDATA[&lt;b&gt;Trạm:&lt;/b&gt; Trạm Đài Liệt Sỹ&lt;br/&gt;&lt;b&gt;Mã trạm:&lt;/b&gt; QTP 014&lt;br/&gt;&lt;b&gt;Địa chỉ:&lt;/b&gt; 1/3 Trường Chinh&lt;br/&gt;&lt;b&gt;Khu vực:&lt;/b&gt; Phường Tây Thạnh, Quận Tân Phú&lt;br/&gt;&lt;b&gt;Các tuyến qua trạm:&lt;/b&gt; 04, 104, 13, 145, 16, 23, 27, 28, 48, 62, 63-1, 65, 94]]></description>
          <styleUrl>#busStopStyle</styleUrl>
          <Point>
            <coordinates>106.634019,10.808689,0</coordinates>
          </Point>
        </Placemark>
        <Placemark>
          <name>[QTP 015] Siêu thị BigC</name>
          <description><![CDATA[&lt;b&gt;Trạm:&lt;/b&gt; Siêu thị BigC&lt;br/&gt;&lt;b&gt;Mã trạm:&lt;/b&gt; QTP 015&lt;br/&gt;&lt;b&gt;Địa chỉ:&lt;/b&gt; 1/1 Trường Chinh&lt;br/&gt;&lt;b&gt;Khu vực:&lt;/b&gt; Phường Tây Thạnh, Quận Tân Phú&lt;br/&gt;&lt;b&gt;Các tuyến qua trạm:&lt;/b&gt; 13, 23, 27, 48, 62, 65, 94]]></description>
          <styleUrl>#busStopStyle</styleUrl>
          <Point>
            <coordinates>106.634773,10.806212,0</coordinates>
          </Point>
        </Placemark>
        <Placemark>
          <name>[QTP 016] Trạm Tân Kỳ Tân Quý</name>
          <description><![CDATA[&lt;b&gt;Trạm:&lt;/b&gt; Trạm Tân Kỳ Tân Quý&lt;br/&gt;&lt;b&gt;Mã trạm:&lt;/b&gt; QTP 016&lt;br/&gt;&lt;b&gt;Địa chỉ:&lt;/b&gt; 33/24 (659-661) Trường Chinh&lt;br/&gt;&lt;b&gt;Khu vực:&lt;/b&gt; Phường Tây Thạnh, Quận Tân Phú&lt;br/&gt;&lt;b&gt;Các tuyến qua trạm:&lt;/b&gt; 13, 23, 27, 62, 65, 94]]></description>
          <styleUrl>#busStopStyle</styleUrl>
          <Point>
            <coordinates>106.635269,10.8048,0</coordinates>
          </Point>
        </Placemark>
        <Placemark>
          <name>[QTB 080] Chợ Võ Thành Trang</name>
          <description><![CDATA[&lt;b&gt;Trạm:&lt;/b&gt; Chợ Võ Thành Trang&lt;br/&gt;&lt;b&gt;Mã trạm:&lt;/b&gt; QTB 080&lt;br/&gt;&lt;b&gt;Địa chỉ:&lt;/b&gt; 541 Trường Chinh&lt;br/&gt;&lt;b&gt;Khu vực:&lt;/b&gt; None, Quận Tân Bình&lt;br/&gt;&lt;b&gt;Các tuyến qua trạm:&lt;/b&gt; 13, 23, 65, 94]]></description>
          <styleUrl>#busStopStyle</styleUrl>
          <Point>
            <coordinates>106.637517,10.801275,0</coordinates>
          </Point>
        </Placemark>
        <Placemark>
          <name>[QTB 081] Ngã ba Trương Công Định</name>
          <description><![CDATA[&lt;b&gt;Trạm:&lt;/b&gt; Ngã ba Trương Công Định&lt;br/&gt;&lt;b&gt;Mã trạm:&lt;/b&gt; QTB 081&lt;br/&gt;&lt;b&gt;Địa chỉ:&lt;/b&gt; 403 Trường Chinh&lt;br/&gt;&lt;b&gt;Khu vực:&lt;/b&gt; None, Quận Tân Bình&lt;br/&gt;&lt;b&gt;Các tuyến qua trạm:&lt;/b&gt; 13, 23, 65, 94]]></description>
          <styleUrl>#busStopStyle</styleUrl>
          <Point>
            <coordinates>106.641557,10.799115,0</coordinates>
          </Point>
        </Placemark>
        <Placemark>
          <name>[QTB 082] Ngã ba Hồng Đào</name>
          <description><![CDATA[&lt;b&gt;Trạm:&lt;/b&gt; Ngã ba Hồng Đào&lt;br/&gt;&lt;b&gt;Mã trạm:&lt;/b&gt; QTB 082&lt;br/&gt;&lt;b&gt;Địa chỉ:&lt;/b&gt; 351 Trường Chinh&lt;br/&gt;&lt;b&gt;Khu vực:&lt;/b&gt; None, Quận Tân Bình&lt;br/&gt;&lt;b&gt;Các tuyến qua trạm:&lt;/b&gt; 13, 30, 64, 65, 94]]></description>
          <styleUrl>#busStopStyle</styleUrl>
          <Point>
            <coordinates>106.644266,10.797666,0</coordinates>
          </Point>
        </Placemark>
        <Placemark>
          <name>[QTB 083] Ngã ba Hoàng Hoa Thám</name>
          <description><![CDATA[&lt;b&gt;Trạm:&lt;/b&gt; Ngã ba Hoàng Hoa Thám&lt;br/&gt;&lt;b&gt;Mã trạm:&lt;/b&gt; QTB 083&lt;br/&gt;&lt;b&gt;Địa chỉ:&lt;/b&gt; 233 Trường Chinh&lt;br/&gt;&lt;b&gt;Khu vực:&lt;/b&gt; None, Quận Tân Bình&lt;br/&gt;&lt;b&gt;Các tuyến qua trạm:&lt;/b&gt; 13, 30, 64, 65, 94]]></description>
          <styleUrl>#busStopStyle</styleUrl>
          <Point>
            <coordinates>106.646218,10.796606,0</coordinates>
          </Point>
        </Placemark>
        <Placemark>
          <name>[QTB 084] Nhà thờ Đắc Lộ</name>
          <description><![CDATA[&lt;b&gt;Trạm:&lt;/b&gt; Nhà thờ Đắc Lộ&lt;br/&gt;&lt;b&gt;Mã trạm:&lt;/b&gt; QTB 084&lt;br/&gt;&lt;b&gt;Địa chỉ:&lt;/b&gt; 97 (đối diện 160B) Trường Chinh&lt;br/&gt;&lt;b&gt;Khu vực:&lt;/b&gt; None, Quận Tân Bình&lt;br/&gt;&lt;b&gt;Các tuyến qua trạm:&lt;/b&gt; 13, 30, 64, 65, 94]]></description>
          <styleUrl>#busStopStyle</styleUrl>
          <Point>
            <coordinates>106.64926,10.794978,0</coordinates>
          </Point>
        </Placemark>
        <Placemark>
          <name>[QTB 085] Ngã tư Bảy Hiền</name>
          <description><![CDATA[&lt;b&gt;Trạm:&lt;/b&gt; Ngã tư Bảy Hiền&lt;br/&gt;&lt;b&gt;Mã trạm:&lt;/b&gt; QTB 085&lt;br/&gt;&lt;b&gt;Địa chỉ:&lt;/b&gt; 67 Trường Chinh&lt;br/&gt;&lt;b&gt;Khu vực:&lt;/b&gt; None, Quận Tân Bình&lt;br/&gt;&lt;b&gt;Các tuyến qua trạm:&lt;/b&gt; 13, 30, 64, 65, 94]]></description>
          <styleUrl>#busStopStyle</styleUrl>
          <Point>
            <coordinates>106.651368,10.793856,0</coordinates>
          </Point>
        </Placemark>
        <Placemark>
          <name>[QTB 059] Bệnh viện Thống Nhất</name>
          <description><![CDATA[&lt;b&gt;Trạm:&lt;/b&gt; Bệnh viện Thống Nhất&lt;br/&gt;&lt;b&gt;Mã trạm:&lt;/b&gt; QTB 059&lt;br/&gt;&lt;b&gt;Địa chỉ:&lt;/b&gt; 1125 (đối diện 544) Cách Mạng Tháng Tám&lt;br/&gt;&lt;b&gt;Khu vực:&lt;/b&gt; None, Quận Tân Bình&lt;br/&gt;&lt;b&gt;Các tuyến qua trạm:&lt;/b&gt; 103, 13, 30, 65]]></description>
          <styleUrl>#busStopStyle</styleUrl>
          <Point>
            <coordinates>106.654131,10.792391,0</coordinates>
          </Point>
        </Placemark>
        <Placemark>
          <name>[QTB 060] Y tế Phường 4</name>
          <description><![CDATA[&lt;b&gt;Trạm:&lt;/b&gt; Y tế Phường 4&lt;br/&gt;&lt;b&gt;Mã trạm:&lt;/b&gt; QTB 060&lt;br/&gt;&lt;b&gt;Địa chỉ:&lt;/b&gt; 1057 Cách Mạng Tháng Tám&lt;br/&gt;&lt;b&gt;Khu vực:&lt;/b&gt; None, Quận Tân Bình&lt;br/&gt;&lt;b&gt;Các tuyến qua trạm:&lt;/b&gt; 103, 13, 30, 65]]></description>
          <styleUrl>#busStopStyle</styleUrl>
          <Point>
            <coordinates>106.655885,10.791463,0</coordinates>
          </Point>
        </Placemark>
        <Placemark>
          <name>[QTB 061] Hồ Bơi Cộng Hòa</name>
          <description><![CDATA[&lt;b&gt;Trạm:&lt;/b&gt; Hồ Bơi Cộng Hòa&lt;br/&gt;&lt;b&gt;Mã trạm:&lt;/b&gt; QTB 061&lt;br/&gt;&lt;b&gt;Địa chỉ:&lt;/b&gt; 1003 Cách Mạng Tháng Tám&lt;br/&gt;&lt;b&gt;Khu vực:&lt;/b&gt; None, Quận Tân Bình&lt;br/&gt;&lt;b&gt;Các tuyến qua trạm:&lt;/b&gt; 103, 13, 30, 65]]></description>
          <styleUrl>#busStopStyle</styleUrl>
          <Point>
            <coordinates>106.65846,10.790114,0</coordinates>
          </Point>
        </Placemark>
        <Placemark>
          <name>[QTB 063] Ngã ba Bành Văn Trân</name>
          <description><![CDATA[&lt;b&gt;Trạm:&lt;/b&gt; Ngã ba Bành Văn Trân&lt;br/&gt;&lt;b&gt;Mã trạm:&lt;/b&gt; QTB 063&lt;br/&gt;&lt;b&gt;Địa chỉ:&lt;/b&gt; 755-757 (771) Cách Mạng Tháng Tám&lt;br/&gt;&lt;b&gt;Khu vực:&lt;/b&gt; None, Quận Tân Bình&lt;br/&gt;&lt;b&gt;Các tuyến qua trạm:&lt;/b&gt; 103, 13, 30, 65]]></description>
          <styleUrl>#busStopStyle</styleUrl>
          <Point>
            <coordinates>106.66274,10.78785,0</coordinates>
          </Point>
        </Placemark>
        <Placemark>
          <name>[Q10 084] Hội thánh tin lành Hòa Hưng</name>
          <description><![CDATA[&lt;b&gt;Trạm:&lt;/b&gt; Hội thánh tin lành Hòa Hưng&lt;br/&gt;&lt;b&gt;Mã trạm:&lt;/b&gt; Q10 084&lt;br/&gt;&lt;b&gt;Địa chỉ:&lt;/b&gt; 601 Cách Mạng Tháng Tám&lt;br/&gt;&lt;b&gt;Khu vực:&lt;/b&gt; None, Quận 10&lt;br/&gt;&lt;b&gt;Các tuyến qua trạm:&lt;/b&gt; 13, 30, 65]]></description>
          <styleUrl>#busStopStyle</styleUrl>
          <Point>
            <coordinates>106.668684,10.784671,0</coordinates>
          </Point>
        </Placemark>
        <Placemark>
          <name>[Q10 085] Ngã ba Tô Hiến Thành</name>
          <description><![CDATA[&lt;b&gt;Trạm:&lt;/b&gt; Ngã ba Tô Hiến Thành&lt;br/&gt;&lt;b&gt;Mã trạm:&lt;/b&gt; Q10 085&lt;br/&gt;&lt;b&gt;Địa chỉ:&lt;/b&gt; 513 Cách Mạng Tháng Tám&lt;br/&gt;&lt;b&gt;Khu vực:&lt;/b&gt; None, Quận 10&lt;br/&gt;&lt;b&gt;Các tuyến qua trạm:&lt;/b&gt; 13, 30, 65]]></description>
          <styleUrl>#busStopStyle</styleUrl>
          <Point>
            <coordinates>106.672699,10.782535,0</coordinates>
          </Point>
        </Placemark>
        <Placemark>
          <name>[Q10 086] Chùa Bửu Đà</name>
          <description><![CDATA[&lt;b&gt;Trạm:&lt;/b&gt; Chùa Bửu Đà&lt;br/&gt;&lt;b&gt;Mã trạm:&lt;/b&gt; Q10 086&lt;br/&gt;&lt;b&gt;Địa chỉ:&lt;/b&gt; 427 Cách Mạng Tháng Tám&lt;br/&gt;&lt;b&gt;Khu vực:&lt;/b&gt; None, Quận 10&lt;br/&gt;&lt;b&gt;Các tuyến qua trạm:&lt;/b&gt; 13, 30, 65]]></description>
          <styleUrl>#busStopStyle</styleUrl>
          <Point>
            <coordinates>106.675063,10.78124,0</coordinates>
          </Point>
        </Placemark>
        <Placemark>
          <name>[Q10 087]  Ngã ba Hòa Hưng</name>
          <description><![CDATA[&lt;b&gt;Trạm:&lt;/b&gt;  Ngã ba Hòa Hưng&lt;br/&gt;&lt;b&gt;Mã trạm:&lt;/b&gt; Q10 087&lt;br/&gt;&lt;b&gt;Địa chỉ:&lt;/b&gt; 385 Cách Mạng Tháng Tám&lt;br/&gt;&lt;b&gt;Khu vực:&lt;/b&gt; None, Quận 10&lt;br/&gt;&lt;b&gt;Các tuyến qua trạm:&lt;/b&gt; 13, 30, 65]]></description>
          <styleUrl>#busStopStyle</styleUrl>
          <Point>
            <coordinates>106.676575,10.780435,0</coordinates>
          </Point>
        </Placemark>
        <Placemark>
          <name>[Q10 088] Công trường Dân Chủ</name>
          <description><![CDATA[&lt;b&gt;Trạm:&lt;/b&gt; Công trường Dân Chủ&lt;br/&gt;&lt;b&gt;Mã trạm:&lt;/b&gt; Q10 088&lt;br/&gt;&lt;b&gt;Địa chỉ:&lt;/b&gt; Đối diện 132A Cách Mạng Tháng Tám&lt;br/&gt;&lt;b&gt;Khu vực:&lt;/b&gt; None, Quận 10&lt;br/&gt;&lt;b&gt;Các tuyến qua trạm:&lt;/b&gt; 13, 30, 65]]></description>
          <styleUrl>#busStopStyle</styleUrl>
          <Point>
            <coordinates>106.680706,10.778205,0</coordinates>
          </Point>
        </Placemark>
        <Placemark>
          <name>[Q3 015] Công an Quận 3</name>
          <description><![CDATA[&lt;b&gt;Trạm:&lt;/b&gt; Công an Quận 3&lt;br/&gt;&lt;b&gt;Mã trạm:&lt;/b&gt; Q3 015&lt;br/&gt;&lt;b&gt;Địa chỉ:&lt;/b&gt; 243 Cách Mạng Tháng Tám&lt;br/&gt;&lt;b&gt;Khu vực:&lt;/b&gt; None, Quận 3&lt;br/&gt;&lt;b&gt;Các tuyến qua trạm:&lt;/b&gt; 13, 30, 65]]></description>
          <styleUrl>#busStopStyle</styleUrl>
          <Point>
            <coordinates>106.68246,10.777219,0</coordinates>
          </Point>
        </Placemark>
        <Placemark>
          <name>[Q3 016] Bệnh viện Mắt - Bình Dân - Da Liễu</name>
          <description><![CDATA[&lt;b&gt;Trạm:&lt;/b&gt; Bệnh viện Mắt - Bình Dân - Da Liễu&lt;br/&gt;&lt;b&gt;Mã trạm:&lt;/b&gt; Q3 016&lt;br/&gt;&lt;b&gt;Địa chỉ:&lt;/b&gt; 205 Cách Mạng Tháng Tám&lt;br/&gt;&lt;b&gt;Khu vực:&lt;/b&gt; None, Quận 3&lt;br/&gt;&lt;b&gt;Các tuyến qua trạm:&lt;/b&gt; 13, 65]]></description>
          <styleUrl>#busStopStyle</styleUrl>
          <Point>
            <coordinates>106.684338,10.776202,0</coordinates>
          </Point>
        </Placemark>
        <Placemark>
          <name>[Q3 017] Võ Văn Tần</name>
          <description><![CDATA[&lt;b&gt;Trạm:&lt;/b&gt; Võ Văn Tần&lt;br/&gt;&lt;b&gt;Mã trạm:&lt;/b&gt; Q3 017&lt;br/&gt;&lt;b&gt;Địa chỉ:&lt;/b&gt; 179C Cách Mạng Tháng Tám&lt;br/&gt;&lt;b&gt;Khu vực:&lt;/b&gt; None, Quận 3&lt;br/&gt;&lt;b&gt;Các tuyến qua trạm:&lt;/b&gt; 13, 28, 65]]></description>
          <styleUrl>#busStopStyle</styleUrl>
          <Point>
            <coordinates>106.687202,10.77469,0</coordinates>
          </Point>
        </Placemark>
        <Placemark>
          <name>[Q1 004] Trống Đồng</name>
          <description><![CDATA[&lt;b&gt;Trạm:&lt;/b&gt; Trống Đồng&lt;br/&gt;&lt;b&gt;Mã trạm:&lt;/b&gt; Q1 004&lt;br/&gt;&lt;b&gt;Địa chỉ:&lt;/b&gt; 85 Cách Mạng Tháng Tám&lt;br/&gt;&lt;b&gt;Khu vực:&lt;/b&gt; None, Quận 1&lt;br/&gt;&lt;b&gt;Các tuyến qua trạm:&lt;/b&gt; 13, 28, 38, 65, 69]]></description>
          <styleUrl>#busStopStyle</styleUrl>
          <Point>
            <coordinates>106.691499,10.772345,0</coordinates>
          </Point>
        </Placemark>
        <Placemark>
          <name>[Q1 122] Nguyễn Thị Nghĩa</name>
          <description><![CDATA[&lt;b&gt;Trạm:&lt;/b&gt; Nguyễn Thị Nghĩa&lt;br/&gt;&lt;b&gt;Mã trạm:&lt;/b&gt; Q1 122&lt;br/&gt;&lt;b&gt;Địa chỉ:&lt;/b&gt; 26 - 32 Nguyễn Thị Nghĩa&lt;br/&gt;&lt;b&gt;Khu vực:&lt;/b&gt; Phường Bến Thành, Quận 1&lt;br/&gt;&lt;b&gt;Các tuyến qua trạm:&lt;/b&gt; 13, 152, 31, 38, 56, 69]]></description>
          <styleUrl>#busStopStyle</styleUrl>
          <Point>
            <coordinates>106.693588,10.770854,0</coordinates>
          </Point>
        </Placemark>
        <Placemark>
          <name>[Q1 188] Sân khấu Sen Hồng</name>
          <description><![CDATA[&lt;b&gt;Trạm:&lt;/b&gt; Sân khấu Sen Hồng&lt;br/&gt;&lt;b&gt;Mã trạm:&lt;/b&gt; Q1 188&lt;br/&gt;&lt;b&gt;Địa chỉ:&lt;/b&gt; 94-96 Lê Lai&lt;br/&gt;&lt;b&gt;Khu vực:&lt;/b&gt; Phường Bến Thành, Quận 1&lt;br/&gt;&lt;b&gt;Các tuyến qua trạm:&lt;/b&gt; 03, 04, 102, 109, 13, 140, 156D, 171, 172, 18, 19, 20, 34, 36, 39, 52, 53, 69, 72, 72-2B, 75, 86, 88, 93, D4, DL01, DL03]]></description>
          <styleUrl>#busStopStyle</styleUrl>
          <Point>
            <coordinates>106.693495,10.769952,0</coordinates>
          </Point>
        </Placemark>
        <Placemark>
          <name>[Q1 189] Tôn Thất Tùng</name>
          <description><![CDATA[&lt;b&gt;Trạm:&lt;/b&gt; Tôn Thất Tùng&lt;br/&gt;&lt;b&gt;Mã trạm:&lt;/b&gt; Q1 189&lt;br/&gt;&lt;b&gt;Địa chỉ:&lt;/b&gt; 202-204 Lê Lai&lt;br/&gt;&lt;b&gt;Khu vực:&lt;/b&gt; Phường Bến Thành, Quận 1&lt;br/&gt;&lt;b&gt;Các tuyến qua trạm:&lt;/b&gt; 03, 04, 102, 109, 13, 140, 156D, 171, 172, 18, 19, 20, 34, 36, 39, 52, 53, 69, 72, 72-2B, 75, 86, 88, 93, D4, DL01, DL03]]></description>
          <styleUrl>#busStopStyle</styleUrl>
          <Point>
            <coordinates>106.690469,10.768761,0</coordinates>
          </Point>
        </Placemark>
        <Placemark>
          <name>[BX 01] Bến xe buýt Sài Gòn</name>
          <description><![CDATA[&lt;b&gt;Trạm:&lt;/b&gt; Bến xe buýt Sài Gòn&lt;br/&gt;&lt;b&gt;Mã trạm:&lt;/b&gt; BX 01&lt;br/&gt;&lt;b&gt;Địa chỉ:&lt;/b&gt; BẾN XE BUÝT SÀI GÒN Lê Lai&lt;br/&gt;&lt;b&gt;Khu vực:&lt;/b&gt; Phường Phạm Ngũ Lão, Quận 1&lt;br/&gt;&lt;b&gt;Các tuyến qua trạm:&lt;/b&gt; 03, 04, 102, 109, 13, 140, 171, 172, 18, 19, 20, 27, 28, 34, 36, 39, 52, 65, 69, 72, 75, 86, 88, 93, D4, DL01, DL02, DL03, DL04, DL05, DL06]]></description>
          <styleUrl>#busStopStyle</styleUrl>
          <Point>
            <coordinates>106.689362,10.767676,0</coordinates>
          </Point>
        </Placemark>
      </Folder>
    </Folder>
  </Document>
</kml>