<?xml version="1.0" encoding="UTF-8"?>
<kml xmlns="http://www.opengis.net/kml/2.2">
  <Document>
    <name>B 60-1 - Bến xe Miền Tây - Bến xe Biên Hòa</name>
    <description>Lộ trình tuyến xe buýt B 60-1 (4:45 - 18:30)</description>
    <Style id="routeLineStyle">
      <LineStyle>
        <color>e647A043</color>
        <width>4</width>
      </LineStyle>
    </Style>
    <Style id="busStopStyle">
      <IconStyle>
        <scale>0.8</scale>
        <Icon>
          <href>http://maps.google.com/mapfiles/kml/shapes/bus.png</href>
        </Icon>
      </IconStyle>
    </Style>
    <Folder>
      <name>Lượt đi: Bến xe Miền Tây → Bến xe Biên Hòa (62.67 km)</name>
      <Placemark>
        <name>B 60-1 - Đường đi Lượt đi</name>
        <description><![CDATA[&lt;b&gt;Tuyến:&lt;/b&gt; B 60-1 - Bến xe Miền Tây - Bến xe Biên Hòa&lt;br/&gt;&lt;b&gt;Lượt:&lt;/b&gt; Lượt đi&lt;br/&gt;&lt;b&gt;Cự ly:&lt;/b&gt; 62.67 km&lt;br/&gt;&lt;b&gt;Thời gian hành trình:&lt;/b&gt; 130 phút&lt;br/&gt;&lt;b&gt;Thời gian hoạt động:&lt;/b&gt; 4:45 - 18:30]]></description>
        <styleUrl>#routeLineStyle</styleUrl>
        <LineString>
          <tessellate>1</tessellate>
          <coordinates>106.61943817,10.73948574,0 106.61954498,10.73955345,0 106.61917877,10.73998642,0 106.61988068,10.74058151,0 106.61988068,10.74082375,0 106.61917877,10.74170971,0 106.61928558,10.74178886,0 106.61916351,10.74195194,0 106.61823273,10.74118996,0 106.61666107,10.73987961,0 106.61643219,10.73968029,0 106.61639404,10.73967457,0 106.61639404,10.73967457,0 106.61639404,10.73967457,0 106.615448,10.7388525,0 106.61504364,10.73830509,0 106.61314392,10.73513794,0 106.61314392,10.73513794,0 106.61103058,10.73167419,0 106.61103058,10.73167419,0 106.61064148,10.73102093,0 106.61013794,10.73030376,0 106.60967255,10.72996712,0 106.60827637,10.7290144,0 106.60827637,10.7290144,0 106.60706329,10.72817993,0 106.60575104,10.72733021,0 106.60575104,10.72733021,0 106.60440826,10.72639847,0 106.60302734,10.72546577,0 106.60302734,10.72546577,0 106.60253906,10.72501755,0 106.60188293,10.72422218,0 106.60170746,10.72407913,0 106.60147095,10.72408485,0 106.60132599,10.72434807,0 106.60215759,10.72917652,0 106.60308838,10.734025,0 106.60269928,10.73575401,0 106.60136414,10.73765659,0 106.60136414,10.73765659,0 106.59844208,10.74230671,0 106.59844208,10.74230671,0 106.59507751,10.74763393,0 106.59507751,10.74763393,0 106.59507751,10.74763393,0 106.59507751,10.74763393,0 106.59500885,10.74771023,0 106.59461975,10.74842358,0 106.59377289,10.74978352,0 106.59329224,10.75055313,0 106.5929718,10.75148106,0 106.59268951,10.75296688,0 106.59268951,10.75296688,0 106.59185791,10.75788403,0 106.59185791,10.75788403,0 106.59092712,10.76307487,0 106.59092712,10.76307487,0 106.59063721,10.76408958,0 106.59056854,10.76484013,0 106.59056854,10.76541042,0 106.59062958,10.76622963,0 106.5907135,10.76669025,0 106.59089661,10.76753044,0 106.59114838,10.76847649,0 106.59114838,10.76847649,0 106.59196472,10.77205467,0 106.59196472,10.77205467,0 106.59195709,10.77243996,0 106.59200287,10.77277184,0 106.59234619,10.77420998,0 106.59256744,10.77521133,0 106.59266663,10.77548027,0 106.59266663,10.77548027,0 106.59350586,10.77956963,0 106.59350586,10.77956963,0 106.59403992,10.78199387,0 106.59394836,10.78201008,0 106.59436798,10.78398991,0 106.59443665,10.78433037,0 106.5945282,10.78446007,0 106.59458923,10.78454971,0 106.59552002,10.7888546,0 106.59612274,10.7915163,0 106.59612274,10.7915163,0 106.5974884,10.79819298,0 106.5974884,10.79819298,0 106.59871674,10.80413055,0 106.59871674,10.80413055,0 106.59931946,10.80687141,0 106.59931946,10.80687141,0 106.60041046,10.81193542,0 106.60041046,10.81193542,0 106.60099792,10.81469631,0 106.60099792,10.81469631,0 106.60159302,10.81760406,0 106.60153198,10.81762028,0 106.60221863,10.82089043,0 106.60233307,10.82087135,0 106.60385132,10.82777882,0 106.60379791,10.8278923,0 106.60404205,10.82874298,0 106.60424805,10.82921696,0 106.60445404,10.82973385,0 106.60483551,10.83040333,0 106.60634613,10.83298206,0 106.60655975,10.83326912,0 106.6084137,10.83625698,0 106.61019897,10.83788967,0 106.61019897,10.83788967,0 106.61177063,10.83940983,0 106.61230469,10.83975506,0 106.61230469,10.83975506,0 106.61496735,10.84227371,0 106.61637878,10.84350586,0 106.61780548,10.84461784,0 106.61780548,10.84461784,0 106.61959076,10.84617233,0 106.62046814,10.84683609,0 106.62150574,10.84741783,0 106.62150574,10.84741783,0 106.62150574,10.84741783,0 106.62150574,10.84741783,0 106.62150574,10.84741783,0 106.62316895,10.84830093,0 106.62625122,10.84976578,0 106.62757111,10.85007095,0 106.62757111,10.85007095,0 106.62757111,10.85007095,0 106.62757111,10.85007095,0 106.62748718,10.85016537,0 106.62989807,10.85146141,0 106.63234711,10.85258293,0 106.63234711,10.85258293,0 106.63234711,10.85258293,0 106.63234711,10.85258293,0 106.63234711,10.85258293,0 106.63420105,10.8536644,0 106.63604736,10.85467529,0 106.63793182,10.85567665,0 106.63983154,10.85666656,0 106.63983154,10.85666656,0 106.63983154,10.85666656,0 106.63980103,10.85671997,0 106.64185333,10.85785007,0 106.64417267,10.85910034,0 106.6442337,10.85895348,0 106.6442337,10.85895348,0 106.6442337,10.85895348,0 106.64427948,10.85909557,0 106.64528656,10.85972786,0 106.64777374,10.86102962,0 106.64778137,10.86096954,0 106.64778137,10.86096954,0 106.64777374,10.86102962,0 106.64784241,10.86104965,0 106.64851379,10.86139965,0 106.64910889,10.86168957,0 106.64945984,10.86180019,0 106.64978027,10.86188984,0 106.65019226,10.86194992,0 106.6506424,10.86196041,0 106.65119934,10.86194038,0 106.65119934,10.86188126,0 106.65119934,10.86198235,0 106.65265656,10.86190891,0 106.65405273,10.86180782,0 106.65406036,10.86186028,0 106.65550995,10.8617897,0 106.65712738,10.86172009,0 106.65712738,10.86165142,0 106.65712738,10.86165142,0 106.65712738,10.86165142,0 106.65712738,10.86172009,0 106.66223907,10.86149311,0 106.6622467,10.8613348,0 106.6622467,10.8613348,0 106.6622467,10.8613348,0 106.6622467,10.8613348,0 106.6622467,10.8613348,0 106.6622467,10.8613348,0 106.66225433,10.86152458,0 106.66640472,10.86158752,0 106.66645813,10.86150265,0 106.66645813,10.86150265,0 106.66645813,10.86150265,0 106.66645813,10.86150265,0 106.66644287,10.86163998,0 106.66763306,10.861619,0 106.67015076,10.86163998,0 106.67188263,10.86166954,0 106.67188263,10.86157703,0 106.67188263,10.86157703,0 106.67495728,10.86157703,0 106.6780777,10.86147213,0 106.6780777,10.86147213,0 106.6780777,10.86147213,0 106.6780777,10.86153984,0 106.67881012,10.86156178,0 106.68047333,10.86143494,0 106.68120575,10.86138248,0 106.68195343,10.86127663,0 106.68200684,10.86117077,0 106.68200684,10.86117077,0 106.68200684,10.86117077,0 106.68199921,10.86127663,0 106.68564606,10.8610611,0 106.68621826,10.86099243,0 106.68665314,10.86089706,0 106.68665314,10.86089706,0 106.68681335,10.8609972,0 106.69224548,10.86053371,0 106.69232941,10.86038589,0 106.69232941,10.86038589,0 106.69232941,10.86038589,0 106.69522858,10.86038685,0 106.70069885,10.85967541,0 106.70069885,10.85967541,0 106.70075989,10.85977554,0 106.70330048,10.85949039,0 106.70599365,10.85911179,0 106.70604706,10.85901737,0 106.70604706,10.85901737,0 106.71084595,10.85853195,0 106.71350098,10.85965919,0 106.71450806,10.86017609,0 106.71459961,10.86030006,0 106.71668243,10.86146164,0 106.71798706,10.86211491,0 106.71958923,10.86291981,0 106.72042847,10.8633604,0 106.72045135,10.86331463,0 106.72042847,10.8633604,0 106.72113037,10.86373997,0 106.72338104,10.86483002,0 106.72367859,10.86493969,0 106.72384644,10.86493015,0 106.72399139,10.86491966,0 106.72412872,10.86499977,0 106.72418213,10.86509991,0 106.72418976,10.86515045,0 106.72427368,10.8652401,0 106.72438049,10.86532974,0 106.72463989,10.86544991,0 106.72666168,10.86645985,0 106.72680664,10.86657047,0 106.72708893,10.86682034,0 106.72718048,10.86686993,0 106.72737885,10.86697006,0 106.72742462,10.86688995,0 106.72742462,10.86688995,0 106.72742462,10.86688995,0 106.72737885,10.86697006,0 106.72898865,10.867836,0 106.7301178,10.86840439,0 106.73020172,10.86830997,0 106.73020172,10.86830997,0 106.73020172,10.86830997,0 106.73020172,10.86830997,0 106.73020172,10.86830997,0 106.73016357,10.86841011,0 106.73095703,10.86884022,0 106.73193359,10.86931038,0 106.73319244,10.86993027,0 106.73468781,10.87067986,0 106.73535919,10.87098026,0 106.73538208,10.8708601,0 106.73538208,10.8708601,0 106.73538208,10.8708601,0 106.73535919,10.87098026,0 106.73597717,10.87121964,0 106.73674774,10.87143993,0 106.73748779,10.87160969,0 106.73834991,10.87172985,0 106.73965454,10.87186623,0 106.7396698,10.87176609,0 106.7396698,10.87176609,0 106.7396698,10.87176609,0 106.7396698,10.87176609,0 106.73968506,10.87185001,0 106.73966217,10.87189198,0 106.74080658,10.87203407,0 106.74259186,10.87253475,0 106.74403381,10.87304974,0 106.74407959,10.8729353,0 106.74407959,10.8729353,0 106.74407959,10.8729353,0 106.74407959,10.8729353,0 106.74407959,10.8729353,0 106.74407196,10.87301445,0 106.74706268,10.87398911,0 106.74713135,10.87390518,0 106.74713135,10.87390518,0 106.74707794,10.87403011,0 106.74913025,10.87469006,0 106.75228119,10.87574005,0 106.7530899,10.87596035,0 106.75370026,10.87602043,0 106.75434113,10.87600994,0 106.75489807,10.87592983,0 106.75566101,10.87580013,0 106.75562286,10.87570572,0 106.75563812,10.8757906,0 106.75746918,10.87544346,0 106.75746918,10.87535286,0 106.75746918,10.87535286,0 106.75746918,10.87535286,0 106.75749969,10.87541676,0 106.75918579,10.87510014,0 106.76094055,10.87456894,0 106.76091003,10.87447357,0 106.76091003,10.87447357,0 106.76091003,10.87447357,0 106.76091003,10.87447357,0 106.76098633,10.87458992,0 106.76246643,10.87408352,0 106.76247406,10.87397289,0 106.76247406,10.87397289,0 106.76247406,10.87397289,0 106.76247406,10.87397289,0 106.76248169,10.87404919,0 106.76261902,10.87403679,0 106.76309204,10.87384033,0 106.76498413,10.87319565,0 106.76686859,10.87255001,0 106.76715088,10.87254524,0 106.76966095,10.87170982,0 106.76964569,10.87165546,0 106.76964569,10.87159729,0 106.76964569,10.87159729,0 106.76964569,10.87159729,0 106.76967621,10.87167645,0 106.7713623,10.87112331,0 106.77305603,10.87057495,0 106.77304077,10.87050724,0 106.77304077,10.87050724,0 106.77304077,10.87050724,0 106.77307129,10.87059975,0 106.77397919,10.87029648,0 106.77488708,10.86999226,0 106.77580261,10.86968899,0 106.77671051,10.86938477,0 106.77672577,10.86930561,0 106.77672577,10.86930561,0 106.77672577,10.86930561,0 106.77674103,10.86936378,0 106.77770233,10.86905003,0 106.77867126,10.86873627,0 106.77865601,10.86869144,0 106.77865601,10.86869144,0 106.77865601,10.86869144,0 106.77869415,10.86874199,0 106.78086853,10.86801529,0 106.78206635,10.8676405,0 106.78312683,10.86740398,0 106.7841568,10.86727238,0 106.7857132,10.86722755,0 106.78727721999999,10.86718273,0 106.78727721999999,10.8671217,0 106.78727721999999,10.8671217,0 106.78727721999999,10.86717987,0 106.78822327,10.86713028,0 106.78961182,10.8670702,0 106.79029846,10.86695957,0 106.7902832,10.86691189,0 106.7902832,10.86691189,0 106.7902832,10.86691189,0 106.79031372,10.86696148,0 106.79129028,10.86662388,0 106.7923584,10.8661499,0 106.79316711,10.8655386,0 106.7938385,10.86490631,0 106.79440308,10.8641243,0 106.79496002,10.86334229,0 106.79545593,10.86248589,0 106.79594421,10.86162949,0 106.79586792,10.86110306,0 106.79556274,10.86076546,0 106.79508972,10.86070251,0 106.79463959,10.86120796,0 106.79457855,10.86154556,0 106.79479218,10.86190414,0 106.79502869,10.86221504,0 106.7956543,10.86256027,0 106.79628754,10.8629055,0 106.79691315,10.86324978,0 106.79753876,10.86359501,0 106.79753876,10.86359501,0 106.79753876,10.86359501,0 106.79753876,10.86359501,0 106.79753876,10.86359501,0 106.79750061,10.86364746,0 106.79826355,10.86408997,0 106.79910278,10.86454296,0 106.8000412,10.86508846,0 106.80097198,10.86563396,0 106.8014679,10.86573887,0 106.80207825,10.86611271,0 106.80207825,10.86611271,0 106.80207825,10.86611271,0 106.80264282,10.86644745,0 106.80319977,10.86678219,0 106.80375671,10.86717224,0 106.8042984,10.86758804,0 106.80509949,10.86826801,0 106.80590057,10.86905766,0 106.80636597,10.86957741,0 106.80683136,10.87009621,0 106.80726624,10.87068558,0 106.80770111,10.8712759,0 106.80853271,10.87244034,0 106.80895233,10.87300873,0 106.80937195,10.87357807,0 106.80945587,10.87351513,0 106.80928802,10.87369442,0 106.80928802,10.87369442,0 106.80923462,10.87376213,0 106.81282806,10.87882042,0 106.81485748,10.88150692,0 106.81673431,10.88410378,0 106.81681824,10.88406658,0 106.81681824,10.88406658,0 106.81681824,10.88406658,0 106.81743622,10.8849678,0 106.81807709,10.8858633,0 106.81873322,10.88675308,0 106.81936646,10.8876543,0 106.81942749,10.88762283,0 106.81942749,10.88762283,0 106.81934357,10.88768005,0 106.81976318,10.88825512,0 106.82019043,10.88883018,0 106.82061768,10.88940525,0 106.82103729,10.88998032,0 106.8215332,10.89062691,0 106.82202911,10.8912735,0 106.82250214,10.89194202,0 106.82296753,10.8926096,0 106.82341003,10.89315033,0 106.82369232,10.89352989,0 106.82374573,10.89345932,0 106.82374573,10.89345932,0 106.82374573,10.89345932,0 106.82372284,10.89356995,0 106.82411194,10.89410973,0 106.82453918,10.89461994,0 106.82511139,10.89523029,0 106.82543182,10.89552975,0 106.82601166,10.8960104,0 106.82652283,10.89638042,0 106.82715607,10.89680386,0 106.82841492,10.89742565,0 106.82958221,10.89786816,0 106.8296051,10.89783669,0 106.8296051,10.89783669,0 106.8296051,10.89783669,0 106.8296051,10.89783669,0 106.8296051,10.89783669,0 106.8296051,10.89783669,0 106.84740448,10.90472698,0 106.84817505,10.90525913,0 106.84889221,10.90575886,0 106.85003662,10.90693378,0 106.85057068,10.90749741,0 106.85112,10.90805626,0 106.8513031,10.9078455,0 106.85074615,10.9073658,0 106.85048676,10.90729713,0 106.8503952,10.90699196,0 106.84913635,10.90580654,0 106.84872437,10.90616512,0 106.84788513,10.90551186,0 106.84697723,10.90487385,0 106.84663391,10.905406,0 106.84837341,10.90642262,0 106.84842682,10.90590096,0 106.84860229,10.90567493,0 106.85083008,10.90789223,0 106.85390472,10.91097927,0 106.8562851,10.91338158,0 106.8597641,10.91645718,0 106.8670578,10.92399979,0 106.8679657,10.92652798,0 106.86843109,10.92888832,0 106.86839294,10.93133163,0 106.86847687,10.93638802,0 106.86873627,10.94523716,0 106.86980438,10.94814396,0 106.8717804,10.95084095,0 106.8677063,10.95501137,0 106.85731506,10.95855141,0 106.85659027,10.95897198,0 106.8551712,10.96234322,0 106.85397339,10.967062,0 106.83646393,10.96293259,0 106.83248901,10.96044731,0 106.8307724,10.95859337,0 106.8291626,10.95737171,0 106.82836914,10.95686531,0 106.8264389,10.95640182,0 106.81161499,10.95635986,0 106.81039429,10.95602322,0 106.80919647,10.95526505,0 106.80845642,10.95456982,0 106.80895233,10.95412731,0 106.80895233,10.95412731,0 106.80895233,10.95412731,0 106.80895233,10.95412731,0</coordinates>
        </LineString>
      </Placemark>
      <Folder>
        <name>Trạm dừng (76 trạm)</name>
        <Placemark>
          <name>[BX 46] Bến xe Miền Tây</name>
          <description><![CDATA[&lt;b&gt;Trạm:&lt;/b&gt; Bến xe Miền Tây&lt;br/&gt;&lt;b&gt;Mã trạm:&lt;/b&gt; BX 46&lt;br/&gt;&lt;b&gt;Địa chỉ:&lt;/b&gt; Bến xe Miền Tây Kinh Dương Vương&lt;br/&gt;&lt;b&gt;Khu vực:&lt;/b&gt; None, Quận Bình Tân&lt;br/&gt;&lt;b&gt;Các tuyến qua trạm:&lt;/b&gt; 10, 102, 139, 14, 148, 151, 32, 39, 41, 60-1, 91]]></description>
          <styleUrl>#busStopStyle</styleUrl>
          <Point>
            <coordinates>106.619438,10.739486,0</coordinates>
          </Point>
        </Placemark>
        <Placemark>
          <name>[QBT 014] Bệnh viện Triều An</name>
          <description><![CDATA[&lt;b&gt;Trạm:&lt;/b&gt; Bệnh viện Triều An&lt;br/&gt;&lt;b&gt;Mã trạm:&lt;/b&gt; QBT 014&lt;br/&gt;&lt;b&gt;Địa chỉ:&lt;/b&gt; 480 (EXIMBANK) Kinh Dương Vương&lt;br/&gt;&lt;b&gt;Khu vực:&lt;/b&gt; Phường An Lạc, Quận Bình Tân&lt;br/&gt;&lt;b&gt;Các tuyến qua trạm:&lt;/b&gt; 09, 102, 151, 25, 39, 41, 60-1, 61, 62-1, 62-10, 62-2, 62-8, 63-1, 84]]></description>
          <styleUrl>#busStopStyle</styleUrl>
          <Point>
            <coordinates>106.615362,10.738774,0</coordinates>
          </Point>
        </Placemark>
        <Placemark>
          <name>[QBT 015] Hàng Dương</name>
          <description><![CDATA[&lt;b&gt;Trạm:&lt;/b&gt; Hàng Dương&lt;br/&gt;&lt;b&gt;Mã trạm:&lt;/b&gt; QBT 015&lt;br/&gt;&lt;b&gt;Địa chỉ:&lt;/b&gt; 548 Kinh Dương Vương&lt;br/&gt;&lt;b&gt;Khu vực:&lt;/b&gt; Phường An Lạc, Quận Bình Tân&lt;br/&gt;&lt;b&gt;Các tuyến qua trạm:&lt;/b&gt; 09, 102, 151, 39, 60-1, 61, 62-1, 62-10, 62-2, 62-8, 63-1, 84]]></description>
          <styleUrl>#busStopStyle</styleUrl>
          <Point>
            <coordinates>106.613144,10.735138,0</coordinates>
          </Point>
        </Placemark>
        <Placemark>
          <name>[QBT 016] SinCo</name>
          <description><![CDATA[&lt;b&gt;Trạm:&lt;/b&gt; SinCo&lt;br/&gt;&lt;b&gt;Mã trạm:&lt;/b&gt; QBT 016&lt;br/&gt;&lt;b&gt;Địa chỉ:&lt;/b&gt; Đối diện nhà trọ Thanh Trường Kinh Dương Vương&lt;br/&gt;&lt;b&gt;Khu vực:&lt;/b&gt; None, Quận Bình Tân&lt;br/&gt;&lt;b&gt;Các tuyến qua trạm:&lt;/b&gt; 09, 102, 151, 39, 60-1, 61, 62-1, 62-10, 62-2, 62-8, 63-1, 84]]></description>
          <styleUrl>#busStopStyle</styleUrl>
          <Point>
            <coordinates>106.611028,10.731674,0</coordinates>
          </Point>
        </Placemark>
        <Placemark>
          <name>[QBT 017] Hoa hồng</name>
          <description><![CDATA[&lt;b&gt;Trạm:&lt;/b&gt; Hoa hồng&lt;br/&gt;&lt;b&gt;Mã trạm:&lt;/b&gt; QBT 017&lt;br/&gt;&lt;b&gt;Địa chỉ:&lt;/b&gt; 620 Kinh Dương Vương&lt;br/&gt;&lt;b&gt;Khu vực:&lt;/b&gt; Phường An Lạc, Quận Bình Tân&lt;br/&gt;&lt;b&gt;Các tuyến qua trạm:&lt;/b&gt; 09, 102, 151, 39, 60-1, 61, 62-1, 62-10, 62-2, 62-8, 63-1, 84]]></description>
          <styleUrl>#busStopStyle</styleUrl>
          <Point>
            <coordinates>106.608276,10.729014,0</coordinates>
          </Point>
        </Placemark>
        <Placemark>
          <name>[QBT 018] An Lạc</name>
          <description><![CDATA[&lt;b&gt;Trạm:&lt;/b&gt; An Lạc&lt;br/&gt;&lt;b&gt;Mã trạm:&lt;/b&gt; QBT 018&lt;br/&gt;&lt;b&gt;Địa chỉ:&lt;/b&gt; 676 Kinh Dương Vương&lt;br/&gt;&lt;b&gt;Khu vực:&lt;/b&gt; None, Quận Bình Tân&lt;br/&gt;&lt;b&gt;Các tuyến qua trạm:&lt;/b&gt; 09, 102, 60-1, 61, 62-1, 62-10, 62-2, 62-8, 63-1, 84]]></description>
          <styleUrl>#busStopStyle</styleUrl>
          <Point>
            <coordinates>106.605751,10.72733,0</coordinates>
          </Point>
        </Placemark>
        <Placemark>
          <name>[QBT 019] Thời trang</name>
          <description><![CDATA[&lt;b&gt;Trạm:&lt;/b&gt; Thời trang&lt;br/&gt;&lt;b&gt;Mã trạm:&lt;/b&gt; QBT 019&lt;br/&gt;&lt;b&gt;Địa chỉ:&lt;/b&gt; 724 Kinh Dương Vương&lt;br/&gt;&lt;b&gt;Khu vực:&lt;/b&gt; None, Quận Bình Tân&lt;br/&gt;&lt;b&gt;Các tuyến qua trạm:&lt;/b&gt; 09, 102, 60-1, 61, 62-1, 62-10, 62-2, 62-8, 63-1, 84]]></description>
          <styleUrl>#busStopStyle</styleUrl>
          <Point>
            <coordinates>106.603027,10.725466,0</coordinates>
          </Point>
        </Placemark>
        <Placemark>
          <name>[QBT 051] Trạm Điện Quốc lộ 1A</name>
          <description><![CDATA[&lt;b&gt;Trạm:&lt;/b&gt; Trạm Điện Quốc lộ 1A&lt;br/&gt;&lt;b&gt;Mã trạm:&lt;/b&gt; QBT 051&lt;br/&gt;&lt;b&gt;Địa chỉ:&lt;/b&gt; 1229C Quốc lộ 1A&lt;br/&gt;&lt;b&gt;Khu vực:&lt;/b&gt; Phường Bình Trị Đông B, Quận Bình Tân&lt;br/&gt;&lt;b&gt;Các tuyến qua trạm:&lt;/b&gt; 15, 151, 60-1]]></description>
          <styleUrl>#busStopStyle</styleUrl>
          <Point>
            <coordinates>106.601364,10.737657,0</coordinates>
          </Point>
        </Placemark>
        <Placemark>
          <name>[QBT 052] Công ty Hai Thành</name>
          <description><![CDATA[&lt;b&gt;Trạm:&lt;/b&gt; Công ty Hai Thành&lt;br/&gt;&lt;b&gt;Mã trạm:&lt;/b&gt; QBT 052&lt;br/&gt;&lt;b&gt;Địa chỉ:&lt;/b&gt; E4/48 Quốc lộ 1A&lt;br/&gt;&lt;b&gt;Khu vực:&lt;/b&gt; None, Quận Bình Tân&lt;br/&gt;&lt;b&gt;Các tuyến qua trạm:&lt;/b&gt; 15, 151, 60-1]]></description>
          <styleUrl>#busStopStyle</styleUrl>
          <Point>
            <coordinates>106.598442,10.742307,0</coordinates>
          </Point>
        </Placemark>
        <Placemark>
          <name>[QBT 053] Công ty Pouyuen</name>
          <description><![CDATA[&lt;b&gt;Trạm:&lt;/b&gt; Công ty Pouyuen&lt;br/&gt;&lt;b&gt;Mã trạm:&lt;/b&gt; QBT 053&lt;br/&gt;&lt;b&gt;Địa chỉ:&lt;/b&gt; Công ty Pouyuen Quốc lộ 1A&lt;br/&gt;&lt;b&gt;Khu vực:&lt;/b&gt; None, Quận Bình Tân&lt;br/&gt;&lt;b&gt;Các tuyến qua trạm:&lt;/b&gt; 15, 151, 60-1]]></description>
          <styleUrl>#busStopStyle</styleUrl>
          <Point>
            <coordinates>106.595078,10.747634,0</coordinates>
          </Point>
        </Placemark>
        <Placemark>
          <name>[QBT 054] KCN Tân Tạo</name>
          <description><![CDATA[&lt;b&gt;Trạm:&lt;/b&gt; KCN Tân Tạo&lt;br/&gt;&lt;b&gt;Mã trạm:&lt;/b&gt; QBT 054&lt;br/&gt;&lt;b&gt;Địa chỉ:&lt;/b&gt; 56 Quốc lộ 1A&lt;br/&gt;&lt;b&gt;Khu vực:&lt;/b&gt; None, Quận Bình Tân&lt;br/&gt;&lt;b&gt;Các tuyến qua trạm:&lt;/b&gt; 15, 151, 60-1]]></description>
          <styleUrl>#busStopStyle</styleUrl>
          <Point>
            <coordinates>106.592692,10.752967,0</coordinates>
          </Point>
        </Placemark>
        <Placemark>
          <name>[QBT 056] Trạm xăng số 5</name>
          <description><![CDATA[&lt;b&gt;Trạm:&lt;/b&gt; Trạm xăng số 5&lt;br/&gt;&lt;b&gt;Mã trạm:&lt;/b&gt; QBT 056&lt;br/&gt;&lt;b&gt;Địa chỉ:&lt;/b&gt; 1137 (D11/89A) Quốc lộ 1A&lt;br/&gt;&lt;b&gt;Khu vực:&lt;/b&gt; Phường Tân Tạo, Quận Bình Tân&lt;br/&gt;&lt;b&gt;Các tuyến qua trạm:&lt;/b&gt; 15, 151, 25, 60-1]]></description>
          <styleUrl>#busStopStyle</styleUrl>
          <Point>
            <coordinates>106.591858,10.757884,0</coordinates>
          </Point>
        </Placemark>
        <Placemark>
          <name>[QBT 057] Chung cư Tân Mai</name>
          <description><![CDATA[&lt;b&gt;Trạm:&lt;/b&gt; Chung cư Tân Mai&lt;br/&gt;&lt;b&gt;Mã trạm:&lt;/b&gt; QBT 057&lt;br/&gt;&lt;b&gt;Địa chỉ:&lt;/b&gt; Đối diện 952 Quốc lộ 1A&lt;br/&gt;&lt;b&gt;Khu vực:&lt;/b&gt; None, Quận Bình Tân&lt;br/&gt;&lt;b&gt;Các tuyến qua trạm:&lt;/b&gt; 15, 151, 25, 60-1]]></description>
          <styleUrl>#busStopStyle</styleUrl>
          <Point>
            <coordinates>106.590927,10.763075,0</coordinates>
          </Point>
        </Placemark>
        <Placemark>
          <name>[QBT 058] Hương lộ 2</name>
          <description><![CDATA[&lt;b&gt;Trạm:&lt;/b&gt; Hương lộ 2&lt;br/&gt;&lt;b&gt;Mã trạm:&lt;/b&gt; QBT 058&lt;br/&gt;&lt;b&gt;Địa chỉ:&lt;/b&gt; 1083A Quốc lộ 1A&lt;br/&gt;&lt;b&gt;Khu vực:&lt;/b&gt; None, Quận Bình Tân&lt;br/&gt;&lt;b&gt;Các tuyến qua trạm:&lt;/b&gt; 15, 151, 25, 60-1]]></description>
          <styleUrl>#busStopStyle</styleUrl>
          <Point>
            <coordinates>106.591148,10.768476,0</coordinates>
          </Point>
        </Placemark>
        <Placemark>
          <name>[QBT 059] Hương lộ 2</name>
          <description><![CDATA[&lt;b&gt;Trạm:&lt;/b&gt; Hương lộ 2&lt;br/&gt;&lt;b&gt;Mã trạm:&lt;/b&gt; QBT 059&lt;br/&gt;&lt;b&gt;Địa chỉ:&lt;/b&gt; 1069 Quốc lộ 1A&lt;br/&gt;&lt;b&gt;Khu vực:&lt;/b&gt; None, Quận Bình Tân&lt;br/&gt;&lt;b&gt;Các tuyến qua trạm:&lt;/b&gt; 151, 60-1]]></description>
          <styleUrl>#busStopStyle</styleUrl>
          <Point>
            <coordinates>106.591965,10.772055,0</coordinates>
          </Point>
        </Placemark>
        <Placemark>
          <name>[QBT 060] Ao Đôi</name>
          <description><![CDATA[&lt;b&gt;Trạm:&lt;/b&gt; Ao Đôi&lt;br/&gt;&lt;b&gt;Mã trạm:&lt;/b&gt; QBT 060&lt;br/&gt;&lt;b&gt;Địa chỉ:&lt;/b&gt; 1015 (Ao Đôi) Quốc lộ 1A&lt;br/&gt;&lt;b&gt;Khu vực:&lt;/b&gt; Phường Bình Trị Đông A, Quận Bình Tân&lt;br/&gt;&lt;b&gt;Các tuyến qua trạm:&lt;/b&gt; 151, 60-1]]></description>
          <styleUrl>#busStopStyle</styleUrl>
          <Point>
            <coordinates>106.592667,10.77548,0</coordinates>
          </Point>
        </Placemark>
        <Placemark>
          <name>[QBT 061] Khu phố 1</name>
          <description><![CDATA[&lt;b&gt;Trạm:&lt;/b&gt; Khu phố 1&lt;br/&gt;&lt;b&gt;Mã trạm:&lt;/b&gt; QBT 061&lt;br/&gt;&lt;b&gt;Địa chỉ:&lt;/b&gt; 853 Quốc lộ 1A&lt;br/&gt;&lt;b&gt;Khu vực:&lt;/b&gt; Phường Bình Hưng Hoà A, Quận Bình Tân&lt;br/&gt;&lt;b&gt;Các tuyến qua trạm:&lt;/b&gt; 151, 60-1]]></description>
          <styleUrl>#busStopStyle</styleUrl>
          <Point>
            <coordinates>106.593506,10.77957,0</coordinates>
          </Point>
        </Placemark>
        <Placemark>
          <name>[QBT 062] Sơn Expo</name>
          <description><![CDATA[&lt;b&gt;Trạm:&lt;/b&gt; Sơn Expo&lt;br/&gt;&lt;b&gt;Mã trạm:&lt;/b&gt; QBT 062&lt;br/&gt;&lt;b&gt;Địa chỉ:&lt;/b&gt; Sơn Expo Quốc lộ 1A&lt;br/&gt;&lt;b&gt;Khu vực:&lt;/b&gt; Phường Bình Hưng Hoà A, Quận Bình Tân&lt;br/&gt;&lt;b&gt;Các tuyến qua trạm:&lt;/b&gt; 151, 60-1]]></description>
          <styleUrl>#busStopStyle</styleUrl>
          <Point>
            <coordinates>106.59404,10.781994,0</coordinates>
          </Point>
        </Placemark>
        <Placemark>
          <name>[QBT 063] Tân Kỳ Tân Quý</name>
          <description><![CDATA[&lt;b&gt;Trạm:&lt;/b&gt; Tân Kỳ Tân Quý&lt;br/&gt;&lt;b&gt;Mã trạm:&lt;/b&gt; QBT 063&lt;br/&gt;&lt;b&gt;Địa chỉ:&lt;/b&gt; 813 Quốc lộ 1A&lt;br/&gt;&lt;b&gt;Khu vực:&lt;/b&gt; Phường Bình Hưng Hoà A, Quận Bình Tân&lt;br/&gt;&lt;b&gt;Các tuyến qua trạm:&lt;/b&gt; 151, 60-1]]></description>
          <styleUrl>#busStopStyle</styleUrl>
          <Point>
            <coordinates>106.595519,10.788855,0</coordinates>
          </Point>
        </Placemark>
        <Placemark>
          <name>[QBT 064] Tân Kỳ Tân Quý</name>
          <description><![CDATA[&lt;b&gt;Trạm:&lt;/b&gt; Tân Kỳ Tân Quý&lt;br/&gt;&lt;b&gt;Mã trạm:&lt;/b&gt; QBT 064&lt;br/&gt;&lt;b&gt;Địa chỉ:&lt;/b&gt; 741 Quốc lộ 1A&lt;br/&gt;&lt;b&gt;Khu vực:&lt;/b&gt; Phường Bình Hưng Hòa, Quận Bình Tân&lt;br/&gt;&lt;b&gt;Các tuyến qua trạm:&lt;/b&gt; 151, 60-1]]></description>
          <styleUrl>#busStopStyle</styleUrl>
          <Point>
            <coordinates>106.59612,10.791516,0</coordinates>
          </Point>
        </Placemark>
        <Placemark>
          <name>[QBT 065] Phát Đạt</name>
          <description><![CDATA[&lt;b&gt;Trạm:&lt;/b&gt; Phát Đạt&lt;br/&gt;&lt;b&gt;Mã trạm:&lt;/b&gt; QBT 065&lt;br/&gt;&lt;b&gt;Địa chỉ:&lt;/b&gt; 605A (601) Quốc lộ 1A&lt;br/&gt;&lt;b&gt;Khu vực:&lt;/b&gt; Phường Bình Hưng Hòa, Quận Bình Tân&lt;br/&gt;&lt;b&gt;Các tuyến qua trạm:&lt;/b&gt; 151, 60-1]]></description>
          <styleUrl>#busStopStyle</styleUrl>
          <Point>
            <coordinates>106.597488,10.798193,0</coordinates>
          </Point>
        </Placemark>
        <Placemark>
          <name>[QBT 066] Trạm cân số 1</name>
          <description><![CDATA[&lt;b&gt;Trạm:&lt;/b&gt; Trạm cân số 1&lt;br/&gt;&lt;b&gt;Mã trạm:&lt;/b&gt; QBT 066&lt;br/&gt;&lt;b&gt;Địa chỉ:&lt;/b&gt; 497 Quốc lộ 1A&lt;br/&gt;&lt;b&gt;Khu vực:&lt;/b&gt; Phường Bình Hưng Hòa, Quận Bình Tân&lt;br/&gt;&lt;b&gt;Các tuyến qua trạm:&lt;/b&gt; 151, 60-1]]></description>
          <styleUrl>#busStopStyle</styleUrl>
          <Point>
            <coordinates>106.598716,10.804131,0</coordinates>
          </Point>
        </Placemark>
        <Placemark>
          <name>[QBT 067] Khu phố 3 (T H P)</name>
          <description><![CDATA[&lt;b&gt;Trạm:&lt;/b&gt; Khu phố 3 (T H P)&lt;br/&gt;&lt;b&gt;Mã trạm:&lt;/b&gt; QBT 067&lt;br/&gt;&lt;b&gt;Địa chỉ:&lt;/b&gt; 461 Quốc lộ 1A&lt;br/&gt;&lt;b&gt;Khu vực:&lt;/b&gt; Phường Bình Hưng Hòa, Quận Bình Tân&lt;br/&gt;&lt;b&gt;Các tuyến qua trạm:&lt;/b&gt; 151, 60-1]]></description>
          <styleUrl>#busStopStyle</styleUrl>
          <Point>
            <coordinates>106.599323,10.806871,0</coordinates>
          </Point>
        </Placemark>
        <Placemark>
          <name>[QBT 068] Cửa hàng Thảo Vân (Thành Vịnh)</name>
          <description><![CDATA[&lt;b&gt;Trạm:&lt;/b&gt; Cửa hàng Thảo Vân (Thành Vịnh)&lt;br/&gt;&lt;b&gt;Mã trạm:&lt;/b&gt; QBT 068&lt;br/&gt;&lt;b&gt;Địa chỉ:&lt;/b&gt; 383 Quốc lộ 1A&lt;br/&gt;&lt;b&gt;Khu vực:&lt;/b&gt; Phường Bình Hưng Hòa, Quận Bình Tân&lt;br/&gt;&lt;b&gt;Các tuyến qua trạm:&lt;/b&gt; 151, 60-1]]></description>
          <styleUrl>#busStopStyle</styleUrl>
          <Point>
            <coordinates>106.600412,10.811935,0</coordinates>
          </Point>
        </Placemark>
        <Placemark>
          <name>[QBT 069] Gò Mây</name>
          <description><![CDATA[&lt;b&gt;Trạm:&lt;/b&gt; Gò Mây&lt;br/&gt;&lt;b&gt;Mã trạm:&lt;/b&gt; QBT 069&lt;br/&gt;&lt;b&gt;Địa chỉ:&lt;/b&gt; 253 Quốc lộ 1A&lt;br/&gt;&lt;b&gt;Khu vực:&lt;/b&gt; Phường Bình Hưng Hòa, Quận Bình Tân&lt;br/&gt;&lt;b&gt;Các tuyến qua trạm:&lt;/b&gt; 151, 60-1]]></description>
          <styleUrl>#busStopStyle</styleUrl>
          <Point>
            <coordinates>106.600996,10.814696,0</coordinates>
          </Point>
        </Placemark>
        <Placemark>
          <name>[QBT 070] Hội quán (Sài Gòn JSC) </name>
          <description><![CDATA[&lt;b&gt;Trạm:&lt;/b&gt; Hội quán (Sài Gòn JSC) &lt;br/&gt;&lt;b&gt;Mã trạm:&lt;/b&gt; QBT 070&lt;br/&gt;&lt;b&gt;Địa chỉ:&lt;/b&gt; 171 (Tạp phẩm Sài Gòn) Quốc lộ 1A&lt;br/&gt;&lt;b&gt;Khu vực:&lt;/b&gt; Phường Bình Hưng Hòa, Quận Bình Tân&lt;br/&gt;&lt;b&gt;Các tuyến qua trạm:&lt;/b&gt; 151, 60-1]]></description>
          <styleUrl>#busStopStyle</styleUrl>
          <Point>
            <coordinates>106.601593,10.817604,0</coordinates>
          </Point>
        </Placemark>
        <Placemark>
          <name>[QBT 071] Nồi Hơi</name>
          <description><![CDATA[&lt;b&gt;Trạm:&lt;/b&gt; Nồi Hơi&lt;br/&gt;&lt;b&gt;Mã trạm:&lt;/b&gt; QBT 071&lt;br/&gt;&lt;b&gt;Địa chỉ:&lt;/b&gt; 117 Quốc lộ 1A&lt;br/&gt;&lt;b&gt;Khu vực:&lt;/b&gt; Phường Bình Hưng Hòa, Quận Bình Tân&lt;br/&gt;&lt;b&gt;Các tuyến qua trạm:&lt;/b&gt; 151, 60-1]]></description>
          <styleUrl>#busStopStyle</styleUrl>
          <Point>
            <coordinates>106.602333,10.820871,0</coordinates>
          </Point>
        </Placemark>
        <Placemark>
          <name>[Q12 089] Lộc Ích</name>
          <description><![CDATA[&lt;b&gt;Trạm:&lt;/b&gt; Lộc Ích&lt;br/&gt;&lt;b&gt;Mã trạm:&lt;/b&gt; Q12 089&lt;br/&gt;&lt;b&gt;Địa chỉ:&lt;/b&gt; 168 Quốc lộ 1A&lt;br/&gt;&lt;b&gt;Khu vực:&lt;/b&gt; None, Quận 12&lt;br/&gt;&lt;b&gt;Các tuyến qua trạm:&lt;/b&gt; 151, 60-1]]></description>
          <styleUrl>#busStopStyle</styleUrl>
          <Point>
            <coordinates>106.603855,10.827779,0</coordinates>
          </Point>
        </Placemark>
        <Placemark>
          <name>[Q12 090] Ngã tư Bà Điểm</name>
          <description><![CDATA[&lt;b&gt;Trạm:&lt;/b&gt; Ngã tư Bà Điểm&lt;br/&gt;&lt;b&gt;Mã trạm:&lt;/b&gt; Q12 090&lt;br/&gt;&lt;b&gt;Địa chỉ:&lt;/b&gt; 2945 (19/7F) Quốc lộ 1A&lt;br/&gt;&lt;b&gt;Khu vực:&lt;/b&gt; None, Quận 12&lt;br/&gt;&lt;b&gt;Các tuyến qua trạm:&lt;/b&gt; 151, 60-1]]></description>
          <styleUrl>#busStopStyle</styleUrl>
          <Point>
            <coordinates>106.606559,10.833269,0</coordinates>
          </Point>
        </Placemark>
        <Placemark>
          <name>[Q12 092] Trạm Rác</name>
          <description><![CDATA[&lt;b&gt;Trạm:&lt;/b&gt; Trạm Rác&lt;br/&gt;&lt;b&gt;Mã trạm:&lt;/b&gt; Q12 092&lt;br/&gt;&lt;b&gt;Địa chỉ:&lt;/b&gt; 88/1 Quốc lộ 1A&lt;br/&gt;&lt;b&gt;Khu vực:&lt;/b&gt; None, Quận 12&lt;br/&gt;&lt;b&gt;Các tuyến qua trạm:&lt;/b&gt; 151, 60-1]]></description>
          <styleUrl>#busStopStyle</styleUrl>
          <Point>
            <coordinates>106.610202,10.83789,0</coordinates>
          </Point>
        </Placemark>
        <Placemark>
          <name>[Q12 093] Trạm măng</name>
          <description><![CDATA[&lt;b&gt;Trạm:&lt;/b&gt; Trạm măng&lt;br/&gt;&lt;b&gt;Mã trạm:&lt;/b&gt; Q12 093&lt;br/&gt;&lt;b&gt;Địa chỉ:&lt;/b&gt; 2797 Quốc lộ 1A&lt;br/&gt;&lt;b&gt;Khu vực:&lt;/b&gt; None, Quận 12&lt;br/&gt;&lt;b&gt;Các tuyến qua trạm:&lt;/b&gt; 151, 60-1]]></description>
          <styleUrl>#busStopStyle</styleUrl>
          <Point>
            <coordinates>106.612304,10.839755,0</coordinates>
          </Point>
        </Placemark>
        <Placemark>
          <name>[Q12 095] Cầu vượt An Sương</name>
          <description><![CDATA[&lt;b&gt;Trạm:&lt;/b&gt; Cầu vượt An Sương&lt;br/&gt;&lt;b&gt;Mã trạm:&lt;/b&gt; Q12 095&lt;br/&gt;&lt;b&gt;Địa chỉ:&lt;/b&gt; 2571-2575 (17A-4/8A) Quốc lộ 1A&lt;br/&gt;&lt;b&gt;Khu vực:&lt;/b&gt; None, Quận 12&lt;br/&gt;&lt;b&gt;Các tuyến qua trạm:&lt;/b&gt; 33, 60-1, 61-3]]></description>
          <styleUrl>#busStopStyle</styleUrl>
          <Point>
            <coordinates>106.617803,10.844618,0</coordinates>
          </Point>
        </Placemark>
        <Placemark>
          <name>[Q12 097] Trạm đăng kiểm</name>
          <description><![CDATA[&lt;b&gt;Trạm:&lt;/b&gt; Trạm đăng kiểm&lt;br/&gt;&lt;b&gt;Mã trạm:&lt;/b&gt; Q12 097&lt;br/&gt;&lt;b&gt;Địa chỉ:&lt;/b&gt; Đối diện trạm đăng kiểm Quốc lộ 1A&lt;br/&gt;&lt;b&gt;Khu vực:&lt;/b&gt; None, Quận 12&lt;br/&gt;&lt;b&gt;Các tuyến qua trạm:&lt;/b&gt; 33, 60-1, 61-3]]></description>
          <styleUrl>#busStopStyle</styleUrl>
          <Point>
            <coordinates>106.621506,10.847418,0</coordinates>
          </Point>
        </Placemark>
        <Placemark>
          <name>[Q12 099] Đài phát thanh Quán Tre</name>
          <description><![CDATA[&lt;b&gt;Trạm:&lt;/b&gt; Đài phát thanh Quán Tre&lt;br/&gt;&lt;b&gt;Mã trạm:&lt;/b&gt; Q12 099&lt;br/&gt;&lt;b&gt;Địa chỉ:&lt;/b&gt; Đài phát thanh quán tre Quốc lộ 1A&lt;br/&gt;&lt;b&gt;Khu vực:&lt;/b&gt; None, Quận 12&lt;br/&gt;&lt;b&gt;Các tuyến qua trạm:&lt;/b&gt; 33, 60-1, 61-3]]></description>
          <styleUrl>#busStopStyle</styleUrl>
          <Point>
            <coordinates>106.627572,10.850071,0</coordinates>
          </Point>
        </Placemark>
        <Placemark>
          <name>[Q12 100] Trường Nguyễn Du</name>
          <description><![CDATA[&lt;b&gt;Trạm:&lt;/b&gt; Trường Nguyễn Du&lt;br/&gt;&lt;b&gt;Mã trạm:&lt;/b&gt; Q12 100&lt;br/&gt;&lt;b&gt;Địa chỉ:&lt;/b&gt; Trường Nguyễn Du Quốc lộ 1A&lt;br/&gt;&lt;b&gt;Khu vực:&lt;/b&gt; None, Quận 12&lt;br/&gt;&lt;b&gt;Các tuyến qua trạm:&lt;/b&gt; 33, 60-1, 61-3, 62]]></description>
          <styleUrl>#busStopStyle</styleUrl>
          <Point>
            <coordinates>106.632347,10.852583,0</coordinates>
          </Point>
        </Placemark>
        <Placemark>
          <name>[Q12 102] Ngã tư Đình</name>
          <description><![CDATA[&lt;b&gt;Trạm:&lt;/b&gt; Ngã tư Đình&lt;br/&gt;&lt;b&gt;Mã trạm:&lt;/b&gt; Q12 102&lt;br/&gt;&lt;b&gt;Địa chỉ:&lt;/b&gt; 1781 Quốc lộ 1A&lt;br/&gt;&lt;b&gt;Khu vực:&lt;/b&gt; None, Quận 12&lt;br/&gt;&lt;b&gt;Các tuyến qua trạm:&lt;/b&gt; 33, 60-1, 61-3, 62]]></description>
          <styleUrl>#busStopStyle</styleUrl>
          <Point>
            <coordinates>106.639832,10.856667,0</coordinates>
          </Point>
        </Placemark>
        <Placemark>
          <name>[Q12 103] Cây xăng Năng lượng</name>
          <description><![CDATA[&lt;b&gt;Trạm:&lt;/b&gt; Cây xăng Năng lượng&lt;br/&gt;&lt;b&gt;Mã trạm:&lt;/b&gt; Q12 103&lt;br/&gt;&lt;b&gt;Địa chỉ:&lt;/b&gt; Kế cây xăng Năng lượng Quốc lộ 1A&lt;br/&gt;&lt;b&gt;Khu vực:&lt;/b&gt; None, Quận 12&lt;br/&gt;&lt;b&gt;Các tuyến qua trạm:&lt;/b&gt; 33, 60-1, 61-3, 62]]></description>
          <styleUrl>#busStopStyle</styleUrl>
          <Point>
            <coordinates>106.644233,10.858953,0</coordinates>
          </Point>
        </Placemark>
        <Placemark>
          <name>[Q12 104] Cao su Vina</name>
          <description><![CDATA[&lt;b&gt;Trạm:&lt;/b&gt; Cao su Vina&lt;br/&gt;&lt;b&gt;Mã trạm:&lt;/b&gt; Q12 104&lt;br/&gt;&lt;b&gt;Địa chỉ:&lt;/b&gt; 1721 Quốc lộ 1A&lt;br/&gt;&lt;b&gt;Khu vực:&lt;/b&gt; None, Quận 12&lt;br/&gt;&lt;b&gt;Các tuyến qua trạm:&lt;/b&gt; 33, 60-1, 61-3, 62]]></description>
          <styleUrl>#busStopStyle</styleUrl>
          <Point>
            <coordinates>106.647781,10.86097,0</coordinates>
          </Point>
        </Placemark>
        <Placemark>
          <name>[Q12 105] Ngã tư Tân Thới Hiệp</name>
          <description><![CDATA[&lt;b&gt;Trạm:&lt;/b&gt; Ngã tư Tân Thới Hiệp&lt;br/&gt;&lt;b&gt;Mã trạm:&lt;/b&gt; Q12 105&lt;br/&gt;&lt;b&gt;Địa chỉ:&lt;/b&gt; 79/1 Quốc lộ 1A&lt;br/&gt;&lt;b&gt;Khu vực:&lt;/b&gt; None, Quận 12&lt;br/&gt;&lt;b&gt;Các tuyến qua trạm:&lt;/b&gt; 103, 33, 60-1, 61-3]]></description>
          <styleUrl>#busStopStyle</styleUrl>
          <Point>
            <coordinates>106.651199,10.861881,0</coordinates>
          </Point>
        </Placemark>
        <Placemark>
          <name>[Q12 106] UBND Quận 12</name>
          <description><![CDATA[&lt;b&gt;Trạm:&lt;/b&gt; UBND Quận 12&lt;br/&gt;&lt;b&gt;Mã trạm:&lt;/b&gt; Q12 106&lt;br/&gt;&lt;b&gt;Địa chỉ:&lt;/b&gt; 1251 Quốc lộ 1A&lt;br/&gt;&lt;b&gt;Khu vực:&lt;/b&gt; None, Quận 12&lt;br/&gt;&lt;b&gt;Các tuyến qua trạm:&lt;/b&gt; 103, 33, 60-1, 61-3]]></description>
          <styleUrl>#busStopStyle</styleUrl>
          <Point>
            <coordinates>106.654053,10.861808,0</coordinates>
          </Point>
        </Placemark>
        <Placemark>
          <name>[Q12 107] Bãi xe Tri Ân</name>
          <description><![CDATA[&lt;b&gt;Trạm:&lt;/b&gt; Bãi xe Tri Ân&lt;br/&gt;&lt;b&gt;Mã trạm:&lt;/b&gt; Q12 107&lt;br/&gt;&lt;b&gt;Địa chỉ:&lt;/b&gt; 1797 Quốc lộ 1A&lt;br/&gt;&lt;b&gt;Khu vực:&lt;/b&gt; None, Quận 12&lt;br/&gt;&lt;b&gt;Các tuyến qua trạm:&lt;/b&gt; 103, 146, 33, 60-1, 61-3]]></description>
          <styleUrl>#busStopStyle</styleUrl>
          <Point>
            <coordinates>106.657127,10.861651,0</coordinates>
          </Point>
        </Placemark>
        <Placemark>
          <name>[Q12 108] Cầu Bến Cát</name>
          <description><![CDATA[&lt;b&gt;Trạm:&lt;/b&gt; Cầu Bến Cát&lt;br/&gt;&lt;b&gt;Mã trạm:&lt;/b&gt; Q12 108&lt;br/&gt;&lt;b&gt;Địa chỉ:&lt;/b&gt; 973 Quốc lộ 1A&lt;br/&gt;&lt;b&gt;Khu vực:&lt;/b&gt; None, Quận 12&lt;br/&gt;&lt;b&gt;Các tuyến qua trạm:&lt;/b&gt; 103, 146, 33, 60-1, 61-3]]></description>
          <styleUrl>#busStopStyle</styleUrl>
          <Point>
            <coordinates>106.662247,10.861335,0</coordinates>
          </Point>
        </Placemark>
        <Placemark>
          <name>[Q12 109] Gò Sao</name>
          <description><![CDATA[&lt;b&gt;Trạm:&lt;/b&gt; Gò Sao&lt;br/&gt;&lt;b&gt;Mã trạm:&lt;/b&gt; Q12 109&lt;br/&gt;&lt;b&gt;Địa chỉ:&lt;/b&gt; 109 Quốc lộ 1A&lt;br/&gt;&lt;b&gt;Khu vực:&lt;/b&gt; None, Quận 12&lt;br/&gt;&lt;b&gt;Các tuyến qua trạm:&lt;/b&gt; 103, 146, 33, 60-1, 61-3]]></description>
          <styleUrl>#busStopStyle</styleUrl>
          <Point>
            <coordinates>106.666458,10.861503,0</coordinates>
          </Point>
        </Placemark>
        <Placemark>
          <name>[Q12 110] Cây xăng Thạnh Xuân</name>
          <description><![CDATA[&lt;b&gt;Trạm:&lt;/b&gt; Cây xăng Thạnh Xuân&lt;br/&gt;&lt;b&gt;Mã trạm:&lt;/b&gt; Q12 110&lt;br/&gt;&lt;b&gt;Địa chỉ:&lt;/b&gt; Cây xăng Thạnh Xuân Quốc lộ 1A&lt;br/&gt;&lt;b&gt;Khu vực:&lt;/b&gt; None, Quận 12&lt;br/&gt;&lt;b&gt;Các tuyến qua trạm:&lt;/b&gt; 103, 161, 32, 33, 59, 60-1, 61-3]]></description>
          <styleUrl>#busStopStyle</styleUrl>
          <Point>
            <coordinates>106.671882,10.861577,0</coordinates>
          </Point>
        </Placemark>
        <Placemark>
          <name>[Q12 112] Bến xe Ngã tư Ga</name>
          <description><![CDATA[&lt;b&gt;Trạm:&lt;/b&gt; Bến xe Ngã tư Ga&lt;br/&gt;&lt;b&gt;Mã trạm:&lt;/b&gt; Q12 112&lt;br/&gt;&lt;b&gt;Địa chỉ:&lt;/b&gt; Đối diện Bx Ngã tư Ga Quốc lộ 1A&lt;br/&gt;&lt;b&gt;Khu vực:&lt;/b&gt; None, Quận 12&lt;br/&gt;&lt;b&gt;Các tuyến qua trạm:&lt;/b&gt; 103, 161, 32, 33, 59, 60-1, 61-3]]></description>
          <styleUrl>#busStopStyle</styleUrl>
          <Point>
            <coordinates>106.678078,10.861472,0</coordinates>
          </Point>
        </Placemark>
        <Placemark>
          <name>[Q12 113] Cầu Ga nhỏ</name>
          <description><![CDATA[&lt;b&gt;Trạm:&lt;/b&gt; Cầu Ga nhỏ&lt;br/&gt;&lt;b&gt;Mã trạm:&lt;/b&gt; Q12 113&lt;br/&gt;&lt;b&gt;Địa chỉ:&lt;/b&gt; 30 Quốc lộ 1A&lt;br/&gt;&lt;b&gt;Khu vực:&lt;/b&gt; None, Quận 12&lt;br/&gt;&lt;b&gt;Các tuyến qua trạm:&lt;/b&gt; 33, 60-1, 61-3]]></description>
          <styleUrl>#busStopStyle</styleUrl>
          <Point>
            <coordinates>106.68201,10.861171,0</coordinates>
          </Point>
        </Placemark>
        <Placemark>
          <name>[Q12 114] An Phú Đông</name>
          <description><![CDATA[&lt;b&gt;Trạm:&lt;/b&gt; An Phú Đông&lt;br/&gt;&lt;b&gt;Mã trạm:&lt;/b&gt; Q12 114&lt;br/&gt;&lt;b&gt;Địa chỉ:&lt;/b&gt; 365 - 501 Quốc lộ 1A&lt;br/&gt;&lt;b&gt;Khu vực:&lt;/b&gt; None, Quận 12&lt;br/&gt;&lt;b&gt;Các tuyến qua trạm:&lt;/b&gt; 33, 60-1, 61-3]]></description>
          <styleUrl>#busStopStyle</styleUrl>
          <Point>
            <coordinates>106.686655,10.860897,0</coordinates>
          </Point>
        </Placemark>
        <Placemark>
          <name>[Q12 116] Đài liệt sĩ An Phú Đông</name>
          <description><![CDATA[&lt;b&gt;Trạm:&lt;/b&gt; Đài liệt sĩ An Phú Đông&lt;br/&gt;&lt;b&gt;Mã trạm:&lt;/b&gt; Q12 116&lt;br/&gt;&lt;b&gt;Địa chỉ:&lt;/b&gt; C32/16 Quốc lộ 1A&lt;br/&gt;&lt;b&gt;Khu vực:&lt;/b&gt; None, Quận 12&lt;br/&gt;&lt;b&gt;Các tuyến qua trạm:&lt;/b&gt; 33, 60-1, 61-3]]></description>
          <styleUrl>#busStopStyle</styleUrl>
          <Point>
            <coordinates>106.692331,10.860386,0</coordinates>
          </Point>
        </Placemark>
        <Placemark>
          <name>[Q12 118] Công ty đá Ngọc Ngân</name>
          <description><![CDATA[&lt;b&gt;Trạm:&lt;/b&gt; Công ty đá Ngọc Ngân&lt;br/&gt;&lt;b&gt;Mã trạm:&lt;/b&gt; Q12 118&lt;br/&gt;&lt;b&gt;Địa chỉ:&lt;/b&gt; 1126/3A  Quốc lộ 1A&lt;br/&gt;&lt;b&gt;Khu vực:&lt;/b&gt; None, Quận 12&lt;br/&gt;&lt;b&gt;Các tuyến qua trạm:&lt;/b&gt; 33, 60-1, 61-3]]></description>
          <styleUrl>#busStopStyle</styleUrl>
          <Point>
            <coordinates>106.700699,10.859675,0</coordinates>
          </Point>
        </Placemark>
        <Placemark>
          <name>[Q12 119] Tu viện Khánh An</name>
          <description><![CDATA[&lt;b&gt;Trạm:&lt;/b&gt; Tu viện Khánh An&lt;br/&gt;&lt;b&gt;Mã trạm:&lt;/b&gt; Q12 119&lt;br/&gt;&lt;b&gt;Địa chỉ:&lt;/b&gt; 107 Quốc lộ 1A&lt;br/&gt;&lt;b&gt;Khu vực:&lt;/b&gt; None, Quận 12&lt;br/&gt;&lt;b&gt;Các tuyến qua trạm:&lt;/b&gt; 33, 60-1, 61-3]]></description>
          <styleUrl>#busStopStyle</styleUrl>
          <Point>
            <coordinates>106.706048,10.859017,0</coordinates>
          </Point>
        </Placemark>
        <Placemark>
          <name>[Q12 121] Aone</name>
          <description><![CDATA[&lt;b&gt;Trạm:&lt;/b&gt; Aone&lt;br/&gt;&lt;b&gt;Mã trạm:&lt;/b&gt; Q12 121&lt;br/&gt;&lt;b&gt;Địa chỉ:&lt;/b&gt; Aone Quốc lộ 1A&lt;br/&gt;&lt;b&gt;Khu vực:&lt;/b&gt; None, Quận 12&lt;br/&gt;&lt;b&gt;Các tuyến qua trạm:&lt;/b&gt; 33, 60-1, 61-3]]></description>
          <styleUrl>#busStopStyle</styleUrl>
          <Point>
            <coordinates>106.713504,10.859659,0</coordinates>
          </Point>
        </Placemark>
        <Placemark>
          <name>[QTD 158] Ngã 4 Bình Phước</name>
          <description><![CDATA[&lt;b&gt;Trạm:&lt;/b&gt; Ngã 4 Bình Phước&lt;br/&gt;&lt;b&gt;Mã trạm:&lt;/b&gt; QTD 158&lt;br/&gt;&lt;b&gt;Địa chỉ:&lt;/b&gt; 30 (33/8) Quốc lộ 1&lt;br/&gt;&lt;b&gt;Khu vực:&lt;/b&gt; Phường Hiệp Bình Phước, TP. Thủ Đức - KV3&lt;br/&gt;&lt;b&gt;Các tuyến qua trạm:&lt;/b&gt; 33, 60-1, 61-3]]></description>
          <styleUrl>#busStopStyle</styleUrl>
          <Point>
            <coordinates>106.720456,10.863258,0</coordinates>
          </Point>
        </Placemark>
        <Placemark>
          <name>[QTD 159] Ngã ba mũi tàu đường Gò Dưa </name>
          <description><![CDATA[&lt;b&gt;Trạm:&lt;/b&gt; Ngã ba mũi tàu đường Gò Dưa &lt;br/&gt;&lt;b&gt;Mã trạm:&lt;/b&gt; QTD 159&lt;br/&gt;&lt;b&gt;Địa chỉ:&lt;/b&gt; 120 Quốc lộ 1&lt;br/&gt;&lt;b&gt;Khu vực:&lt;/b&gt; Phường Tam Bình, TP. Thủ Đức - KV3&lt;br/&gt;&lt;b&gt;Các tuyến qua trạm:&lt;/b&gt; 05, 19, 29, 33, 60-1, 91]]></description>
          <styleUrl>#busStopStyle</styleUrl>
          <Point>
            <coordinates>106.727425,10.86689,0</coordinates>
          </Point>
        </Placemark>
        <Placemark>
          <name>[QTD 160] Chợ Đầu Mối</name>
          <description><![CDATA[&lt;b&gt;Trạm:&lt;/b&gt; Chợ Đầu Mối&lt;br/&gt;&lt;b&gt;Mã trạm:&lt;/b&gt; QTD 160&lt;br/&gt;&lt;b&gt;Địa chỉ:&lt;/b&gt; 160 Quốc lộ 1&lt;br/&gt;&lt;b&gt;Khu vực:&lt;/b&gt; Phường Tam Bình, TP. Thủ Đức - KV3&lt;br/&gt;&lt;b&gt;Các tuyến qua trạm:&lt;/b&gt; 05, 19, 29, 33, 60-1, 91]]></description>
          <styleUrl>#busStopStyle</styleUrl>
          <Point>
            <coordinates>106.730198,10.86831,0</coordinates>
          </Point>
        </Placemark>
        <Placemark>
          <name>[QTD 161] Chợ Tam Bình</name>
          <description><![CDATA[&lt;b&gt;Trạm:&lt;/b&gt; Chợ Tam Bình&lt;br/&gt;&lt;b&gt;Mã trạm:&lt;/b&gt; QTD 161&lt;br/&gt;&lt;b&gt;Địa chỉ:&lt;/b&gt; Chợ Tam Bình Quốc lộ 1&lt;br/&gt;&lt;b&gt;Khu vực:&lt;/b&gt; None, TP. Thủ Đức - KV3&lt;br/&gt;&lt;b&gt;Các tuyến qua trạm:&lt;/b&gt; 05, 19, 33, 60-1]]></description>
          <styleUrl>#busStopStyle</styleUrl>
          <Point>
            <coordinates>106.73538,10.87086,0</coordinates>
          </Point>
        </Placemark>
        <Placemark>
          <name>[QTD 162] Hồ Bơi</name>
          <description><![CDATA[&lt;b&gt;Trạm:&lt;/b&gt; Hồ Bơi&lt;br/&gt;&lt;b&gt;Mã trạm:&lt;/b&gt; QTD 162&lt;br/&gt;&lt;b&gt;Địa chỉ:&lt;/b&gt; 376 Quốc lộ 1&lt;br/&gt;&lt;b&gt;Khu vực:&lt;/b&gt; Phường Tam Bình, TP. Thủ Đức - KV3&lt;br/&gt;&lt;b&gt;Các tuyến qua trạm:&lt;/b&gt; 05, 19, 33, 60-1]]></description>
          <styleUrl>#busStopStyle</styleUrl>
          <Point>
            <coordinates>106.739666,10.871766,0</coordinates>
          </Point>
        </Placemark>
        <Placemark>
          <name>[QTD 163] Chợ Tam Hải</name>
          <description><![CDATA[&lt;b&gt;Trạm:&lt;/b&gt; Chợ Tam Hải&lt;br/&gt;&lt;b&gt;Mã trạm:&lt;/b&gt; QTD 163&lt;br/&gt;&lt;b&gt;Địa chỉ:&lt;/b&gt; 450 Quốc lộ 1&lt;br/&gt;&lt;b&gt;Khu vực:&lt;/b&gt; Phường Tam Bình, TP. Thủ Đức - KV3&lt;br/&gt;&lt;b&gt;Các tuyến qua trạm:&lt;/b&gt; 05, 19, 33, 60-1]]></description>
          <styleUrl>#busStopStyle</styleUrl>
          <Point>
            <coordinates>106.744081,10.872935,0</coordinates>
          </Point>
        </Placemark>
        <Placemark>
          <name>[QTD 164] Cầu vượt Sóng Thần</name>
          <description><![CDATA[&lt;b&gt;Trạm:&lt;/b&gt; Cầu vượt Sóng Thần&lt;br/&gt;&lt;b&gt;Mã trạm:&lt;/b&gt; QTD 164&lt;br/&gt;&lt;b&gt;Địa chỉ:&lt;/b&gt; Đối diện 275-Mitsubishi  Quốc lộ 1&lt;br/&gt;&lt;b&gt;Khu vực:&lt;/b&gt; None, TP. Thủ Đức - KV3&lt;br/&gt;&lt;b&gt;Các tuyến qua trạm:&lt;/b&gt; 05, 19, 33, 60-1]]></description>
          <styleUrl>#busStopStyle</styleUrl>
          <Point>
            <coordinates>106.747128,10.873905,0</coordinates>
          </Point>
        </Placemark>
        <Placemark>
          <name>[QTD 165] Bến xe Lam Hồng</name>
          <description><![CDATA[&lt;b&gt;Trạm:&lt;/b&gt; Bến xe Lam Hồng&lt;br/&gt;&lt;b&gt;Mã trạm:&lt;/b&gt; QTD 165&lt;br/&gt;&lt;b&gt;Địa chỉ:&lt;/b&gt; 6/8 Quốc lộ 1&lt;br/&gt;&lt;b&gt;Khu vực:&lt;/b&gt; None, TP. Thủ Đức - KV3&lt;br/&gt;&lt;b&gt;Các tuyến qua trạm:&lt;/b&gt; 05, 19, 33, 60-1, 61-9]]></description>
          <styleUrl>#busStopStyle</styleUrl>
          <Point>
            <coordinates>106.75562,10.875706,0</coordinates>
          </Point>
        </Placemark>
        <Placemark>
          <name>[QTD 166] Giày da Thái Bình</name>
          <description><![CDATA[&lt;b&gt;Trạm:&lt;/b&gt; Giày da Thái Bình&lt;br/&gt;&lt;b&gt;Mã trạm:&lt;/b&gt; QTD 166&lt;br/&gt;&lt;b&gt;Địa chỉ:&lt;/b&gt; Đối diện 10/19 (20/8) Quốc lộ 1&lt;br/&gt;&lt;b&gt;Khu vực:&lt;/b&gt; None, TP. Thủ Đức - KV3&lt;br/&gt;&lt;b&gt;Các tuyến qua trạm:&lt;/b&gt; 05, 19, 33, 60-1, 61-9]]></description>
          <styleUrl>#busStopStyle</styleUrl>
          <Point>
            <coordinates>106.757466,10.875353,0</coordinates>
          </Point>
        </Placemark>
        <Placemark>
          <name>[QTD 167] Linh Xuân</name>
          <description><![CDATA[&lt;b&gt;Trạm:&lt;/b&gt; Linh Xuân&lt;br/&gt;&lt;b&gt;Mã trạm:&lt;/b&gt; QTD 167&lt;br/&gt;&lt;b&gt;Địa chỉ:&lt;/b&gt; 54/8 Quốc lộ 1&lt;br/&gt;&lt;b&gt;Khu vực:&lt;/b&gt; None, TP. Thủ Đức - KV3&lt;br/&gt;&lt;b&gt;Các tuyến qua trạm:&lt;/b&gt; 05, 19, 33, 60-1, 61-9]]></description>
          <styleUrl>#busStopStyle</styleUrl>
          <Point>
            <coordinates>106.76091,10.874474,0</coordinates>
          </Point>
        </Placemark>
        <Placemark>
          <name>[QTD 168] Cầu vượt Linh Xuân</name>
          <description><![CDATA[&lt;b&gt;Trạm:&lt;/b&gt; Cầu vượt Linh Xuân&lt;br/&gt;&lt;b&gt;Mã trạm:&lt;/b&gt; QTD 168&lt;br/&gt;&lt;b&gt;Địa chỉ:&lt;/b&gt; Kho 856 Quốc lộ 1&lt;br/&gt;&lt;b&gt;Khu vực:&lt;/b&gt; Phường Linh Trung, TP. Thủ Đức - KV3&lt;br/&gt;&lt;b&gt;Các tuyến qua trạm:&lt;/b&gt; 05, 19, 33, 60-1, 61-9]]></description>
          <styleUrl>#busStopStyle</styleUrl>
          <Point>
            <coordinates>106.762476,10.873973,0</coordinates>
          </Point>
        </Placemark>
        <Placemark>
          <name>[QTD 169] KCX Linh Trung 1</name>
          <description><![CDATA[&lt;b&gt;Trạm:&lt;/b&gt; KCX Linh Trung 1&lt;br/&gt;&lt;b&gt;Mã trạm:&lt;/b&gt; QTD 169&lt;br/&gt;&lt;b&gt;Địa chỉ:&lt;/b&gt; Ngân hàng Vietcombank Quốc lộ 1&lt;br/&gt;&lt;b&gt;Khu vực:&lt;/b&gt; Phường Linh Trung, TP. Thủ Đức - KV3&lt;br/&gt;&lt;b&gt;Các tuyến qua trạm:&lt;/b&gt; 167D, 167V, 19, 33, 50, 53, 60-1, 61-9, 93]]></description>
          <styleUrl>#busStopStyle</styleUrl>
          <Point>
            <coordinates>106.769643,10.871597,0</coordinates>
          </Point>
        </Placemark>
        <Placemark>
          <name>[QTD 170] Nghĩa trang TP</name>
          <description><![CDATA[&lt;b&gt;Trạm:&lt;/b&gt; Nghĩa trang TP&lt;br/&gt;&lt;b&gt;Mã trạm:&lt;/b&gt; QTD 170&lt;br/&gt;&lt;b&gt;Địa chỉ:&lt;/b&gt; Cổng nghĩa trang thành phố Quốc lộ 1&lt;br/&gt;&lt;b&gt;Khu vực:&lt;/b&gt; Phường Linh Trung, TP. Thủ Đức - KV3&lt;br/&gt;&lt;b&gt;Các tuyến qua trạm:&lt;/b&gt; 167V, 19, 33, 50, 53, 60-1, 61-9, 93]]></description>
          <styleUrl>#busStopStyle</styleUrl>
          <Point>
            <coordinates>106.773039,10.870507,0</coordinates>
          </Point>
        </Placemark>
        <Placemark>
          <name>[QTD 171] ĐH Kinh tế Luật</name>
          <description><![CDATA[&lt;b&gt;Trạm:&lt;/b&gt; ĐH Kinh tế Luật&lt;br/&gt;&lt;b&gt;Mã trạm:&lt;/b&gt; QTD 171&lt;br/&gt;&lt;b&gt;Địa chỉ:&lt;/b&gt; Đối diện 665-CoopXtra Quốc lộ 1&lt;br/&gt;&lt;b&gt;Khu vực:&lt;/b&gt; Phường Linh Trung, TP. Thủ Đức - KV3&lt;br/&gt;&lt;b&gt;Các tuyến qua trạm:&lt;/b&gt; 167V, 19, 33, 50, 53, 60-1, 61-9, 93]]></description>
          <styleUrl>#busStopStyle</styleUrl>
          <Point>
            <coordinates>106.776724,10.869306,0</coordinates>
          </Point>
        </Placemark>
        <Placemark>
          <name>[QTD 172] Công ty điện tử Samsung</name>
          <description><![CDATA[&lt;b&gt;Trạm:&lt;/b&gt; Công ty điện tử Samsung&lt;br/&gt;&lt;b&gt;Mã trạm:&lt;/b&gt; QTD 172&lt;br/&gt;&lt;b&gt;Địa chỉ:&lt;/b&gt; Công ty điện tử Samsung Quốc lộ 1&lt;br/&gt;&lt;b&gt;Khu vực:&lt;/b&gt; Phường Linh Trung, TP. Thủ Đức - KV3&lt;br/&gt;&lt;b&gt;Các tuyến qua trạm:&lt;/b&gt; 167V, 19, 33, 50, 53, 60-1, 61-9, 93]]></description>
          <styleUrl>#busStopStyle</styleUrl>
          <Point>
            <coordinates>106.778656,10.868691,0</coordinates>
          </Point>
        </Placemark>
        <Placemark>
          <name>[QTD 173] ĐH Nông Lâm</name>
          <description><![CDATA[&lt;b&gt;Trạm:&lt;/b&gt; ĐH Nông Lâm&lt;br/&gt;&lt;b&gt;Mã trạm:&lt;/b&gt; QTD 173&lt;br/&gt;&lt;b&gt;Địa chỉ:&lt;/b&gt; Cột điện SI 2 Quốc lộ 1&lt;br/&gt;&lt;b&gt;Khu vực:&lt;/b&gt; Phường Linh Trung, TP. Thủ Đức - KV3&lt;br/&gt;&lt;b&gt;Các tuyến qua trạm:&lt;/b&gt; 167V, 19, 33, 50, 53, 60-1, 60-2, 61-9, 93]]></description>
          <styleUrl>#busStopStyle</styleUrl>
          <Point>
            <coordinates>106.787277,10.867122,0</coordinates>
          </Point>
        </Placemark>
        <Placemark>
          <name>[QTD 174] ĐH Nông Lâm</name>
          <description><![CDATA[&lt;b&gt;Trạm:&lt;/b&gt; ĐH Nông Lâm&lt;br/&gt;&lt;b&gt;Mã trạm:&lt;/b&gt; QTD 174&lt;br/&gt;&lt;b&gt;Địa chỉ:&lt;/b&gt; 1026/2 (1030) Quốc lộ 1&lt;br/&gt;&lt;b&gt;Khu vực:&lt;/b&gt; Phường Linh Trung, TP. Thủ Đức - KV3&lt;br/&gt;&lt;b&gt;Các tuyến qua trạm:&lt;/b&gt; 06, 164D, 164V, 165, 170, 19, 33, 50, 52, 53, 60-1, 60-2, 61-9, 93]]></description>
          <styleUrl>#busStopStyle</styleUrl>
          <Point>
            <coordinates>106.790283,10.866912,0</coordinates>
          </Point>
        </Placemark>
        <Placemark>
          <name>[Q9 221] Cầu Vượt Trạm 2</name>
          <description><![CDATA[&lt;b&gt;Trạm:&lt;/b&gt; Cầu Vượt Trạm 2&lt;br/&gt;&lt;b&gt;Mã trạm:&lt;/b&gt; Q9 221&lt;br/&gt;&lt;b&gt;Địa chỉ:&lt;/b&gt; Tiệm vàng Kim Lợi Quốc lộ 1&lt;br/&gt;&lt;b&gt;Khu vực:&lt;/b&gt; None, TP. Thủ Đức - KV2&lt;br/&gt;&lt;b&gt;Các tuyến qua trạm:&lt;/b&gt; 08, 10, 150, 164D, 170, 19, 33, 53, 60-1, 60-2, 60-3, 61-9, 67, 76, 93]]></description>
          <styleUrl>#busStopStyle</styleUrl>
          <Point>
            <coordinates>106.797538,10.863595,0</coordinates>
          </Point>
        </Placemark>
        <Placemark>
          <name>[Q9 223] Suối Tiên</name>
          <description><![CDATA[&lt;b&gt;Trạm:&lt;/b&gt; Suối Tiên&lt;br/&gt;&lt;b&gt;Mã trạm:&lt;/b&gt; Q9 223&lt;br/&gt;&lt;b&gt;Địa chỉ:&lt;/b&gt; Suối Tiên Quốc lộ 1&lt;br/&gt;&lt;b&gt;Khu vực:&lt;/b&gt; Phường Tân Phú, TP. Thủ Đức - KV2&lt;br/&gt;&lt;b&gt;Các tuyến qua trạm:&lt;/b&gt; 08, 10, 150, 19, 33, 53, 60-1, 60-2, 60-3, 60-7, 61-9, 67, 76, 93, 99]]></description>
          <styleUrl>#busStopStyle</styleUrl>
          <Point>
            <coordinates>106.802081,10.866113,0</coordinates>
          </Point>
        </Placemark>
        <Placemark>
          <name>[Q9 225] Nghĩa trang liệt sĩ TP.HCM</name>
          <description><![CDATA[&lt;b&gt;Trạm:&lt;/b&gt; Nghĩa trang liệt sĩ TP.HCM&lt;br/&gt;&lt;b&gt;Mã trạm:&lt;/b&gt; Q9 225&lt;br/&gt;&lt;b&gt;Địa chỉ:&lt;/b&gt; Nghĩa trang liệt sĩ Thành phố HCM Quốc lộ 1&lt;br/&gt;&lt;b&gt;Khu vực:&lt;/b&gt; Phường Tân Phú, TP. Thủ Đức - KV2&lt;br/&gt;&lt;b&gt;Các tuyến qua trạm:&lt;/b&gt; 08, 10, 150, 164V, 170, 19, 33, 53, 56, 60-1, 60-2, 60-3, 60-7, 61-77, 61-9, 67, 93, 99]]></description>
          <styleUrl>#busStopStyle</styleUrl>
          <Point>
            <coordinates>106.809458,10.873515,0</coordinates>
          </Point>
        </Placemark>
        <Placemark>
          <name>[Q9 227] Công ty Nam Hàn</name>
          <description><![CDATA[&lt;b&gt;Trạm:&lt;/b&gt; Công ty Nam Hàn&lt;br/&gt;&lt;b&gt;Mã trạm:&lt;/b&gt; Q9 227&lt;br/&gt;&lt;b&gt;Địa chỉ:&lt;/b&gt; 110/1A (Công ty TNHH Nam Hàn) Quốc lộ 1&lt;br/&gt;&lt;b&gt;Khu vực:&lt;/b&gt; None, TP. Thủ Đức - KV2&lt;br/&gt;&lt;b&gt;Các tuyến qua trạm:&lt;/b&gt; 60-1, 60-2, 60-3, 60-7]]></description>
          <styleUrl>#busStopStyle</styleUrl>
          <Point>
            <coordinates>106.816818,10.884067,0</coordinates>
          </Point>
        </Placemark>
        <Placemark>
          <name>[Q9 228] Khu tưởng niệm các Vua Hùng</name>
          <description><![CDATA[&lt;b&gt;Trạm:&lt;/b&gt; Khu tưởng niệm các Vua Hùng&lt;br/&gt;&lt;b&gt;Mã trạm:&lt;/b&gt; Q9 228&lt;br/&gt;&lt;b&gt;Địa chỉ:&lt;/b&gt; Kho 190C - 19/11 Hiệp Thắng Quốc lộ 1&lt;br/&gt;&lt;b&gt;Khu vực:&lt;/b&gt; None, TP. Thủ Đức - KV2&lt;br/&gt;&lt;b&gt;Các tuyến qua trạm:&lt;/b&gt; 60-1, 60-2, 60-3, 60-7]]></description>
          <styleUrl>#busStopStyle</styleUrl>
          <Point>
            <coordinates>106.81943,10.887623,0</coordinates>
          </Point>
        </Placemark>
        <Placemark>
          <name>[Q9 229] Trạm xăng Hiệp Phú</name>
          <description><![CDATA[&lt;b&gt;Trạm:&lt;/b&gt; Trạm xăng Hiệp Phú&lt;br/&gt;&lt;b&gt;Mã trạm:&lt;/b&gt; Q9 229&lt;br/&gt;&lt;b&gt;Địa chỉ:&lt;/b&gt; Trạm xăng Hiệp Phú Quốc lộ 1&lt;br/&gt;&lt;b&gt;Khu vực:&lt;/b&gt; None, TP. Thủ Đức - KV2&lt;br/&gt;&lt;b&gt;Các tuyến qua trạm:&lt;/b&gt; 60-1, 60-2, 60-3, 60-7]]></description>
          <styleUrl>#busStopStyle</styleUrl>
          <Point>
            <coordinates>106.823743,10.893459,0</coordinates>
          </Point>
        </Placemark>
        <Placemark>
          <name>[BD004] Ngã 3 Tân Vạn</name>
          <description><![CDATA[&lt;b&gt;Trạm:&lt;/b&gt; Ngã 3 Tân Vạn&lt;br/&gt;&lt;b&gt;Mã trạm:&lt;/b&gt; BD004&lt;br/&gt;&lt;b&gt;Địa chỉ:&lt;/b&gt; Ngã 3 Tân Vạn Quốc lộ 1&lt;br/&gt;&lt;b&gt;Khu vực:&lt;/b&gt; None, TP. Thủ Đức - KV2&lt;br/&gt;&lt;b&gt;Các tuyến qua trạm:&lt;/b&gt; 60-1, 60-2, 60-3, 60-7]]></description>
          <styleUrl>#busStopStyle</styleUrl>
          <Point>
            <coordinates>106.829606,10.897837,0</coordinates>
          </Point>
        </Placemark>
        <Placemark>
          <name>[BXLT Bien Hoa] Bến xe Biên Hòa</name>
          <description><![CDATA[&lt;b&gt;Trạm:&lt;/b&gt; Bến xe Biên Hòa&lt;br/&gt;&lt;b&gt;Mã trạm:&lt;/b&gt; BXLT Bien Hoa&lt;br/&gt;&lt;b&gt;Địa chỉ:&lt;/b&gt; 4 Nguyễn Ái Quốc Quốc lộ 1K&lt;br/&gt;&lt;b&gt;Khu vực:&lt;/b&gt; None, Ngoại thành&lt;br/&gt;&lt;b&gt;Các tuyến qua trạm:&lt;/b&gt; 05, 60-1, 60-5, 60-7]]></description>
          <styleUrl>#busStopStyle</styleUrl>
          <Point>
            <coordinates>106.808953,10.954127,0</coordinates>
          </Point>
        </Placemark>
      </Folder>
    </Folder>
    <Folder>
      <name>Lượt về: Bến xe Biên Hòa → Bến xe Miền Tây (61.44 km)</name>
      <Placemark>
        <name>B 60-1 - Đường đi Lượt về</name>
        <description><![CDATA[&lt;b&gt;Tuyến:&lt;/b&gt; B 60-1 - Bến xe Miền Tây - Bến xe Biên Hòa&lt;br/&gt;&lt;b&gt;Lượt:&lt;/b&gt; Lượt về&lt;br/&gt;&lt;b&gt;Cự ly:&lt;/b&gt; 61.44 km&lt;br/&gt;&lt;b&gt;Thời gian hành trình:&lt;/b&gt; 130 phút&lt;br/&gt;&lt;b&gt;Thời gian hoạt động:&lt;/b&gt; 4:45 - 18:30]]></description>
        <styleUrl>#routeLineStyle</styleUrl>
        <LineString>
          <tessellate>1</tessellate>
          <coordinates>106.80895233,10.95412731,0 106.80895233,10.95412731,0 106.80860138,10.95441628,0 106.80923462,10.95501709,0 106.80992126,10.95550156,0 106.81105042,10.95593357,0 106.81223297,10.95612335,0 106.81494904,10.95608616,0 106.82020569,10.95604897,0 106.82346344,10.9560442,0 106.82653046,10.95609188,0 106.82859039,10.95676517,0 106.8309021,10.95845604,0 106.8327713,10.96042633,0 106.83590698,10.96247959,0 106.85388184,10.96678829,0 106.85491943,10.96232224,0 106.85577393,10.96025753,0 106.85641479,10.95897198,0 106.85714722,10.95821381,0 106.86789703,10.95444298,0 106.87148285,10.95098782,0 106.86985779,10.94860268,0 106.86916351,10.94738007,0 106.86873627,10.94599533,0 106.86850739,10.94480515,0 106.86821747,10.94014931,0 106.86820984,10.93373871,0 106.86814117,10.93052101,0 106.86811066,10.92866135,0 106.86803436,10.92780781,0 106.8675766,10.9261179,0 106.86684418,10.92448425,0 106.8660202,10.92316818,0 106.86374664,10.92081833,0 106.86032104,10.91740513,0 106.8534317,10.9104948,0 106.84882355,10.90594864,0 106.84699249,10.9048214,0 106.84664154,10.90542698,0 106.84557343,10.90475273,0 106.84499359,10.90445805,0 106.84440613,10.90416813,0 106.84385681,10.90384197,0 106.84384155,10.90345192,0 106.84236145,10.90275097,0 106.83943939,10.90172958,0 106.83365631,10.89966106,0 106.83365631,10.89966106,0 106.83365631,10.89966106,0 106.83365631,10.89966106,0 106.82811737,10.89762115,0 106.82701111,10.89697266,0 106.82595062,10.89618778,0 106.82505798,10.89539242,0 106.82432556,10.89452362,0 106.82286072,10.89262199,0 106.82280731,10.89268494,0 106.82280731,10.89268494,0 106.82280731,10.89268494,0 106.82287598,10.89263725,0 106.82254028,10.89217091,0 106.82221222,10.89170551,0 106.8218689,10.89125347,0 106.82151794,10.89080143,0 106.82118225,10.89034271,0 106.82084656,10.889884,0 106.82048798,10.88939571,0 106.82013702,10.88890743,0 106.82004547,10.88896084,0 106.82004547,10.88896084,0 106.82004547,10.88896084,0 106.82012939,10.88888645,0 106.81967926,10.88828659,0 106.81923676,10.88766003,0 106.81846619,10.88659286,0 106.81769562,10.8855257,0 106.81689453,10.88448334,0 106.81613159,10.88341331,0 106.81536102,10.88234711,0 106.81459045,10.88127995,0 106.81381989,10.88020039,0 106.81356049,10.87978935,0 106.81300354,10.87917042,0 106.81291962,10.87924099,0 106.81291962,10.87924099,0 106.81161499,10.87736034,0 106.81098938,10.87713909,0 106.80980682,10.87557507,0 106.80905151,10.87453175,0 106.80828857,10.87345695,0 106.80815887,10.87330437,0 106.80797577,10.8732729,0 106.80731201,10.87235069,0 106.80697632,10.87188148,0 106.80665588,10.87140179,0 106.80665588,10.87140179,0 106.80635071,10.87096024,0 106.80551147,10.8699646,0 106.80448151,10.86894226,0 106.80416107,10.86859989,0 106.80402374,10.8681097,0 106.80393982,10.86782551,0 106.80361938,10.86756229,0 106.8030014,10.86715126,0 106.80238342,10.86676598,0 106.80111694,10.86604977,0 106.80111694,10.86604977,0 106.80111694,10.86604977,0 106.80111694,10.86604977,0 106.80111694,10.86604977,0 106.80111694,10.86604977,0 106.80115509,10.86597061,0 106.80004883,10.86532593,0 106.7989502,10.86468029,0 106.79875946,10.86464977,0 106.79828644,10.86450958,0 106.79799652,10.86443996,0 106.7976532,10.86439991,0 106.79727173,10.86441994,0 106.79627228,10.8645401,0 106.79530334,10.86468029,0 106.7949295,10.86474991,0 106.79467773,10.86483002,0 106.79414368,10.8651104,0 106.79388428,10.8652916,0 106.79393768,10.86533546,0 106.79393768,10.86533546,0 106.79393768,10.86533546,0 106.79393768,10.86533546,0 106.79393768,10.86533546,0 106.79393768,10.86533546,0 106.79393768,10.86533546,0 106.79387665,10.86530209,0 106.79307556,10.86581802,0 106.79228973,10.86629772,0 106.79107666,10.86690331,0 106.79109955,10.86696053,0 106.79109955,10.86696053,0 106.79109955,10.86696053,0 106.79109955,10.86696053,0 106.79109955,10.86696053,0 106.79109955,10.86696053,0 106.79107666,10.8669138,0 106.79008484,10.86714554,0 106.78874207,10.86728287,0 106.78726196,10.8673296,0 106.78726196,10.86740398,0 106.78726196,10.86740398,0 106.78726196,10.86740398,0 106.78726196,10.86740398,0 106.78726196,10.86740398,0 106.78726196,10.86740398,0 106.78726959,10.86731434,0 106.78578186,10.86736679,0 106.7842865,10.8674202,0 106.78352356,10.86748028,0 106.78308105,10.8675499,0 106.78216553,10.86777306,0 106.78220367,10.86786747,0 106.78220367,10.86786747,0 106.78220367,10.86786747,0 106.78220367,10.86786747,0 106.7821579,10.8677702,0 106.77870941,10.86888027,0 106.77787018,10.86915016,0 106.77722168,10.86934757,0 106.77725983,10.86942673,0 106.77725983,10.86942673,0 106.77722931,10.8693428,0 106.77604675,10.86973,0 106.7748642,10.87011719,0 106.77493286,10.87025356,0 106.77493286,10.87025356,0 106.77493286,10.87025356,0 106.77082062,10.87157059,0 106.76824951,10.87241936,0 106.76821899,10.87230873,0 106.76711273,10.87266922,0 106.7660141,10.87303066,0 106.76506042,10.87337971,0 106.76233673,10.87427998,0 106.76203918,10.87438011,0 106.76209259,10.87447357,0 106.76203918,10.87438011,0 106.76026917,10.87495041,0 106.75898743,10.87526989,0 106.75866699,10.87534046,0 106.75868988,10.87545395,0 106.75868988,10.87545395,0 106.75867462,10.87536907,0 106.75791168,10.87551689,0 106.75714874,10.87566471,0 106.75637817,10.87581158,0 106.75561523,10.8759594,0 106.75563049,10.87604904,0 106.75563049,10.87604904,0 106.75563049,10.87604904,0 106.75563049,10.87604904,0 106.75563049,10.87604904,0 106.75561523,10.87592793,0 106.75421906,10.87615967,0 106.75382996,10.87617016,0 106.75346375,10.87615013,0 106.75312805,10.87609959,0 106.75231934,10.87590027,0 106.75132751,10.8755703,0 106.74894714,10.87480068,0 106.74656677,10.87403107,0 106.74652863,10.87411499,0 106.74652863,10.87411499,0 106.74652863,10.87411499,0 106.74652863,10.87411499,0 106.74652863,10.87411499,0 106.74655151,10.87403107,0 106.74543762,10.87366772,0 106.7443161,10.87330437,0 106.74429321,10.87337303,0 106.74429321,10.87337303,0 106.74429321,10.87337303,0 106.74432373,10.87330437,0 106.74311066,10.87288284,0 106.74188995,10.87254047,0 106.74085999,10.87227726,0 106.73992157,10.87209225,0 106.73991394,10.87217712,0 106.73991394,10.87217712,0 106.73991394,10.87217712,0 106.73993683,10.87209797,0 106.73836517,10.87190247,0 106.73750305,10.87177658,0 106.73639679,10.87151814,0 106.73532104,10.8711338,0 106.7345047,10.87074375,0 106.73447418,10.87082767,0 106.73447418,10.87082767,0 106.73447418,10.87082767,0 106.73447418,10.87082767,0 106.73451996,10.87075996,0 106.733078,10.87003994,0 106.73206329,10.86951065,0 106.72918701,10.86807823,0 106.72915649,10.86812019,0 106.72915649,10.86812019,0 106.72915649,10.86812019,0 106.72653198,10.86666965,0 106.72357941,10.86522007,0 106.71989441,10.863451,0 106.71989441,10.863451,0 106.71989441,10.863451,0 106.71694183,10.86185074,0 106.71309662,10.85997009,0 106.71309662,10.85997009,0 106.71309662,10.85997009,0 106.7131424,10.85988045,0 106.71234131,10.85947037,0 106.71154022,10.85908985,0 106.71115875,10.85896969,0 106.71031189,10.85883713,0 106.70943451,10.85883713,0 106.7077179,10.85905361,0 106.70772552,10.85914803,0 106.70772552,10.85914803,0 106.70772552,10.85914803,0 106.70772552,10.85914803,0 106.70772552,10.85908031,0 106.70605469,10.859272,0 106.70438385,10.85946465,0 106.7027359,10.85969353,0 106.70108032,10.85992241,0 106.70108795,10.86000729,0 106.70108795,10.86000729,0 106.70108795,10.86000729,0 106.70108795,10.86000729,0 106.70105743,10.85989094,0 106.69965363,10.86005974,0 106.69824219,10.86022854,0 106.69683838,10.86039639,0 106.69543457,10.86056519,0 106.69544983,10.86065006,0 106.69544983,10.86065006,0 106.69544983,10.86065006,0 106.69544983,10.86065006,0 106.69544983,10.8605442,0 106.69393921,10.86067104,0 106.69243622,10.86079693,0 106.69091797,10.86088657,0 106.68940735,10.86097622,0 106.68941498,10.86104012,0 106.68941498,10.86104012,0 106.68941498,10.86104012,0 106.68941498,10.86104012,0 106.68941498,10.86104012,0 106.68942261,10.86098194,0 106.68836212,10.86104774,0 106.68730164,10.86111355,0 106.68623352,10.86117935,0 106.68517303,10.86124516,0 106.68517303,10.86132431,0 106.68517303,10.86132431,0 106.68517303,10.86132431,0 106.68517303,10.86132431,0 106.68517303,10.86132431,0 106.68517303,10.86124516,0 106.68370819,10.86132908,0 106.68223572,10.86141872,0 106.68079376,10.86150837,0 106.67935181,10.86159801,0 106.67935181,10.86172485,0 106.67935181,10.86172485,0 106.67935181,10.86172485,0 106.67936707,10.86163998,0 106.67700195,10.8618145,0 106.67456055,10.86190891,0 106.67456055,10.86196709,0 106.67456055,10.86196709,0 106.67456055,10.86196709,0 106.67456055,10.86187172,0 106.67279816,10.86183834,0 106.67102814,10.86180401,0 106.66924286,10.86179352,0 106.66746521,10.86178303,0 106.66745758,10.86187744,0 106.66745758,10.86187744,0 106.66745758,10.86187744,0 106.66745758,10.86187744,0 106.66745758,10.86187744,0 106.66745758,10.86187744,0 106.66746521,10.86177731,0 106.66594696,10.86176395,0 106.66442871,10.8617506,0 106.66291046,10.86172199,0 106.66139221,10.86169338,0 106.66139221,10.86181927,0 106.66139221,10.86181927,0 106.66139221,10.86181927,0 106.66139221,10.86181927,0 106.66139221,10.86181927,0 106.66139221,10.86181927,0 106.66139221,10.86181927,0 106.66139221,10.86181927,0 106.66139221,10.86169338,0 106.66033936,10.86173534,0 106.65927887,10.86177731,0 106.65822601,10.86181927,0 106.65716553,10.86186123,0 106.65718079,10.86198807,0 106.65718079,10.86198807,0 106.65718079,10.86198807,0 106.65718079,10.86198807,0 106.65718079,10.86198807,0 106.65718079,10.86198807,0 106.65718079,10.86198807,0 106.65718842,10.86187744,0 106.65625,10.8619194,0 106.65530396,10.86196232,0 106.65436554,10.86200428,0 106.65341949,10.86204624,0 106.65342712,10.86211395,0 106.65342712,10.86211395,0 106.65342712,10.86211395,0 106.65342712,10.86211395,0 106.65091705,10.86225128,0 106.64981079,10.86218834,0 106.64853668,10.86176682,0 106.64853668,10.86176682,0 106.64853668,10.86176682,0 106.64853668,10.86176682,0 106.6485672,10.86171436,0 106.64717102,10.86094189,0 106.64577484,10.86017036,0 106.64568329,10.86030197,0 106.64568329,10.86030197,0 106.64568329,10.86030197,0 106.64568329,10.86030197,0 106.64568329,10.86030197,0 106.64568329,10.86030197,0 106.64576721,10.86015511,0 106.64382935,10.85907459,0 106.64100647,10.8575201,0 106.64091492,10.85766792,0 106.64091492,10.85766792,0 106.64091492,10.85766792,0 106.64091492,10.85766792,0 106.64091492,10.85766792,0 106.64091492,10.85766792,0 106.64100647,10.857584,0 106.63964844,10.85684872,0 106.63828278,10.85611343,0 106.63816833,10.85625553,0 106.63816833,10.85625553,0 106.63816833,10.85625553,0 106.63816833,10.85625553,0 106.63831329,10.8560667,0 106.63687134,10.8552866,0 106.63542938,10.85450649,0 106.63398743,10.85371399,0 106.63254547,10.85292149,0 106.63246918,10.85304832,0 106.63246918,10.85304832,0 106.63246918,10.85304832,0 106.63253021,10.85295296,0 106.63054657,10.85189915,0 106.62851715,10.85093975,0 106.62644958,10.84998131,0 106.62438202,10.84900093,0 106.6243515,10.8490696,0 106.6243515,10.8490696,0 106.6243515,10.8490696,0 106.6243515,10.8490696,0 106.62437439,10.84899044,0 106.62271881,10.84822178,0 106.62108612,10.84745216,0 106.6210556,10.84749985,0 106.6210556,10.84749985,0 106.6210556,10.84749985,0 106.6210556,10.84749985,0 106.61985779,10.84687805,0 106.61800385,10.84520817,0 106.6161499,10.84356976,0 106.61608124,10.84362316,0 106.61608124,10.84362316,0 106.61608124,10.84362316,0 106.61611938,10.84359074,0 106.61515045,10.84279537,0 106.61427307,10.84194183,0 106.61422729,10.84197807,0 106.61422729,10.84197807,0 106.61422729,10.84197807,0 106.61425018,10.84193611,0 106.61339569,10.84114552,0 106.61258698,10.84033966,0 106.61253357,10.84039783,0 106.61253357,10.84039783,0 106.61253357,10.84039783,0 106.61253357,10.84039783,0 106.61253357,10.84039783,0 106.6125946,10.84033489,0 106.61169434,10.83953667,0 106.61079407,10.83873844,0 106.6098938,10.83794212,0 106.6089859,10.83714676,0 106.60801697,10.83613491,0 106.60797119,10.83616734,0 106.60797119,10.83616734,0 106.60797119,10.83616734,0 106.60797119,10.83616734,0 106.60803223,10.83612442,0 106.60694885,10.83447075,0 106.60586548,10.83262062,0 106.60580444,10.83267403,0 106.60580444,10.83267403,0 106.60580444,10.83267403,0 106.60401917,10.82942772,0 106.60321808,10.82639885,0 106.60255432,10.82331085,0 106.60255432,10.82331085,0 106.60255432,10.82331085,0 106.60255432,10.82331085,0 106.60229492,10.82198334,0 106.60202789,10.82065487,0 106.60174561,10.81932735,0 106.60132599,10.81769943,0 106.6010437,10.81636143,0 106.60076904,10.81502819,0 106.60069275,10.81503773,0 106.60069275,10.81503773,0 106.60076904,10.81502819,0 106.60054016,10.8139658,0 106.60031891,10.81290436,0 106.60009766,10.81184578,0 106.59986877,10.81078625,0 106.59978485,10.81080723,0 106.59978485,10.81080723,0 106.59986115,10.81079674,0 106.59962463,10.8097086,0 106.59939575,10.80861568,0 106.59916687,10.80753994,0 106.59893036,10.80646515,0 106.59884644,10.80646515,0 106.59884644,10.80646515,0 106.59893036,10.80646515,0 106.59873962,10.80554771,0 106.59854126,10.80462933,0 106.59835052,10.80371094,0 106.59815979,10.80279255,0 106.59796906,10.80188465,0 106.59777832,10.80097771,0 106.59758759,10.80006981,0 106.59740448,10.79916191,0 106.59733582,10.79916668,0 106.59733582,10.79916668,0 106.59739685,10.79915714,0 106.59725189,10.79840851,0 106.5970993,10.79765987,0 106.5969162,10.79691505,0 106.59674072,10.79616928,0 106.59658051,10.79542065,0 106.59642792,10.79467297,0 106.59627533,10.79392433,0 106.59612274,10.7931757,0 106.59605408,10.79318142,0 106.59605408,10.79318142,0 106.59612274,10.79316521,0 106.59590912,10.79217243,0 106.59570313,10.7911787,0 106.59549713,10.79018593,0 106.59529114,10.7891922,0 106.59522247,10.78919697,0 106.59522247,10.78919697,0 106.59528351,10.78918743,0 106.59509277,10.78821182,0 106.5949173,10.78723717,0 106.59471893,10.78627586,0 106.59451294,10.78531361,0 106.5943222,10.78447056,0 106.59413147,10.78362751,0 106.59394836,10.78278732,0 106.59375763,10.78194618,0 106.59369659,10.7819519,0 106.59369659,10.7819519,0 106.59369659,10.7819519,0 106.59369659,10.7819519,0 106.59377289,10.7819252,0 106.59354401,10.7807579,0 106.5933075,10.77959061,0 106.59326172,10.7796011,0 106.59326172,10.7796011,0 106.59326172,10.7796011,0 106.59326172,10.7796011,0 106.59326172,10.7796011,0 106.59326172,10.7796011,0 106.5933075,10.77958584,0 106.59288025,10.77752304,0 106.59244537,10.77545929,0 106.59237671,10.7754755,0 106.59237671,10.77547646,0 106.59237671,10.77547646,0 106.59237671,10.77547646,0 106.59237671,10.77547646,0 106.59237671,10.7754755,0 106.59243011,10.77545929,0 106.59210205,10.77389431,0 106.59176636,10.77232933,0 106.59166718,10.77233982,0 106.59166718,10.77233982,0 106.59166718,10.77233982,0 106.59166718,10.77233982,0 106.59166718,10.77233982,0 106.59166718,10.77233982,0 106.59177399,10.77232361,0 106.59135437,10.77043438,0 106.59093475,10.76854515,0 106.59093475,10.76854515,0 106.59093475,10.76854515,0 106.59093475,10.76854515,0 106.59098053,10.76854038,0 106.59059906,10.76671982,0 106.59052277,10.76624012,0 106.59043884,10.76539993,0 106.59044647,10.76469994,0 106.59050751,10.76410007,0 106.59056854,10.76379013,0 106.59078979,10.76241589,0 106.59068298,10.76240063,0 106.59068298,10.76240063,0 106.59068298,10.76240063,0 106.59078217,10.76241112,0 106.59092712,10.76160336,0 106.59107971,10.76079559,0 106.59120941,10.75998783,0 106.59134674,10.75897026,0 106.5914917,10.75802612,0 106.5914917,10.75802612,0 106.5914917,10.75802612,0 106.5914917,10.75802612,0 106.59157562,10.75745964,0 106.59165955,10.75689316,0 106.5917511,10.75632954,0 106.59185028,10.75576591,0 106.59185028,10.75576591,0 106.59185028,10.75576591,0 106.59198761,10.755023,0 106.59211731,10.75427914,0 106.59225464,10.75353622,0 106.59239197,10.75279331,0 106.59239197,10.75279331,0 106.59239197,10.75279331,0 106.59247589,10.75279808,0 106.5928421,10.75125408,0 106.5933075,10.75017357,0 106.59536743,10.74689865,0 106.59536743,10.74689865,0 106.59536743,10.74689865,0 106.59536743,10.74689865,0 106.59605408,10.74586487,0 106.59661102,10.74499989,0 106.59706879,10.7442627,0 106.59751892,10.74352646,0 106.59751892,10.74352646,0 106.59751892,10.74352646,0 106.59806824,10.74264431,0 106.59862518,10.74176311,0 106.5991745,10.74088192,0 106.59972382,10.74000072,0 106.59972382,10.74000072,0 106.60070801,10.73845959,0 106.60172272,10.73686028,0 106.60208893,10.73622036,0 106.6020813,10.73620415,0 106.6020813,10.73620415,0 106.60237122,10.73562717,0 106.60271454,10.73428822,0 106.60268402,10.73343468,0 106.60238647,10.73167801,0 106.6020813,10.72992039,0 106.60147858,10.7264061,0 106.60128784,10.7250061,0 106.60108948,10.72360516,0 106.60150909,10.7233839,0 106.60192108,10.72385311,0 106.60223389,10.72437477,0 106.6023407,10.7243166,0 106.6023407,10.7243166,0 106.6023407,10.7243166,0 106.60288239,10.72501755,0 106.60360718,10.72560787,0 106.60436249,10.72610378,0 106.60519409,10.72658253,0 106.60519409,10.72658253,0 106.60760498,10.72832012,0 106.60760498,10.72832012,0 106.6089325,10.72914886,0 106.61025238,10.72997665,0 106.61025238,10.72997665,0 106.61161804,10.73212719,0 106.6129837,10.73427773,0 106.6129837,10.73427773,0 106.61394501,10.73590946,0 106.61490631,10.7375412,0 106.61490631,10.7375412,0 106.61568451,10.73867416,0 106.61686707,10.73966503,0 106.61686707,10.73966503,0 106.61686707,10.73966503,0 106.61686707,10.73966503,0 106.61686707,10.73966503,0 106.61686707,10.73966503,0 106.61679077,10.73972225,0 106.61844635,10.74102974,0 106.61856842,10.74085045,0 106.61933136,10.74150944,0 106.6195755,10.74120331,0 106.6193161,10.74101925,0 106.61979675,10.7404871,0 106.61917877,10.7399807,0 106.61953735,10.73956966,0 106.61943817,10.73948574,0</coordinates>
        </LineString>
      </Placemark>
      <Folder>
        <name>Trạm dừng (75 trạm)</name>
        <Placemark>
          <name>[BXLT Bien Hoa] Bến xe Biên Hòa</name>
          <description><![CDATA[&lt;b&gt;Trạm:&lt;/b&gt; Bến xe Biên Hòa&lt;br/&gt;&lt;b&gt;Mã trạm:&lt;/b&gt; BXLT Bien Hoa&lt;br/&gt;&lt;b&gt;Địa chỉ:&lt;/b&gt; 4 Nguyễn Ái Quốc Quốc lộ 1K&lt;br/&gt;&lt;b&gt;Khu vực:&lt;/b&gt; None, Ngoại thành&lt;br/&gt;&lt;b&gt;Các tuyến qua trạm:&lt;/b&gt; 05, 60-1, 60-5, 60-7]]></description>
          <styleUrl>#busStopStyle</styleUrl>
          <Point>
            <coordinates>106.808953,10.954127,0</coordinates>
          </Point>
        </Placemark>
        <Placemark>
          <name>[Q9 286] Chung Cư Samsora Riverside</name>
          <description><![CDATA[&lt;b&gt;Trạm:&lt;/b&gt; Chung Cư Samsora Riverside&lt;br/&gt;&lt;b&gt;Mã trạm:&lt;/b&gt; Q9 286&lt;br/&gt;&lt;b&gt;Địa chỉ:&lt;/b&gt; Vườn kiểng Mai Vàng (đ/d 254/10) Quốc Lộ 1&lt;br/&gt;&lt;b&gt;Khu vực:&lt;/b&gt; None, TP. Thủ Đức - KV2&lt;br/&gt;&lt;b&gt;Các tuyến qua trạm:&lt;/b&gt; 60-1, 60-2, 60-3, 60-7]]></description>
          <styleUrl>#busStopStyle</styleUrl>
          <Point>
            <coordinates>106.833655,10.899661,0</coordinates>
          </Point>
        </Placemark>
        <Placemark>
          <name>[Q9 230] Công ty TNHH Thuận Thành Tâm</name>
          <description><![CDATA[&lt;b&gt;Trạm:&lt;/b&gt; Công ty TNHH Thuận Thành Tâm&lt;br/&gt;&lt;b&gt;Mã trạm:&lt;/b&gt; Q9 230&lt;br/&gt;&lt;b&gt;Địa chỉ:&lt;/b&gt; Công ty TNHH Thuận Thành Tâm Quốc lộ 1&lt;br/&gt;&lt;b&gt;Khu vực:&lt;/b&gt; None, TP. Thủ Đức - KV2&lt;br/&gt;&lt;b&gt;Các tuyến qua trạm:&lt;/b&gt; 60-1, 60-2, 60-3, 60-7]]></description>
          <styleUrl>#busStopStyle</styleUrl>
          <Point>
            <coordinates>106.822804,10.892685,0</coordinates>
          </Point>
        </Placemark>
        <Placemark>
          <name>[Q9 231] Công ty Dosan</name>
          <description><![CDATA[&lt;b&gt;Trạm:&lt;/b&gt; Công ty Dosan&lt;br/&gt;&lt;b&gt;Mã trạm:&lt;/b&gt; Q9 231&lt;br/&gt;&lt;b&gt;Địa chỉ:&lt;/b&gt; Công ty Dosan Quốc lộ 1&lt;br/&gt;&lt;b&gt;Khu vực:&lt;/b&gt; None, TP. Thủ Đức - KV2&lt;br/&gt;&lt;b&gt;Các tuyến qua trạm:&lt;/b&gt; 60-1, 60-2, 60-3, 60-7]]></description>
          <styleUrl>#busStopStyle</styleUrl>
          <Point>
            <coordinates>106.820047,10.888961,0</coordinates>
          </Point>
        </Placemark>
        <Placemark>
          <name>[Q9 232] Công ty Cp Đức Khải</name>
          <description><![CDATA[&lt;b&gt;Trạm:&lt;/b&gt; Công ty Cp Đức Khải&lt;br/&gt;&lt;b&gt;Mã trạm:&lt;/b&gt; Q9 232&lt;br/&gt;&lt;b&gt;Địa chỉ:&lt;/b&gt; Công ty Cp Đức Khải Quốc lộ 1&lt;br/&gt;&lt;b&gt;Khu vực:&lt;/b&gt; None, TP. Thủ Đức - KV2&lt;br/&gt;&lt;b&gt;Các tuyến qua trạm:&lt;/b&gt; 60-1, 60-2, 60-3, 60-7]]></description>
          <styleUrl>#busStopStyle</styleUrl>
          <Point>
            <coordinates>106.812918,10.879241,0</coordinates>
          </Point>
        </Placemark>
        <Placemark>
          <name>[QTD 175] Đại học An Ninh Nhân Dân</name>
          <description><![CDATA[&lt;b&gt;Trạm:&lt;/b&gt; Đại học An Ninh Nhân Dân&lt;br/&gt;&lt;b&gt;Mã trạm:&lt;/b&gt; QTD 175&lt;br/&gt;&lt;b&gt;Địa chỉ:&lt;/b&gt; Nhà máy Tiến Thành Quốc lộ 1&lt;br/&gt;&lt;b&gt;Khu vực:&lt;/b&gt; None, TP. Thủ Đức - KV3&lt;br/&gt;&lt;b&gt;Các tuyến qua trạm:&lt;/b&gt; 08, 10, 150, 164V, 166, 170, 19, 33, 53, 60-1, 60-2, 60-3, 60-7, 61-9, 67, 76, 93, 99]]></description>
          <styleUrl>#busStopStyle</styleUrl>
          <Point>
            <coordinates>106.806657,10.871402,0</coordinates>
          </Point>
        </Placemark>
        <Placemark>
          <name>[QTD 177] Khu DL Suối Tiên</name>
          <description><![CDATA[&lt;b&gt;Trạm:&lt;/b&gt; Khu DL Suối Tiên&lt;br/&gt;&lt;b&gt;Mã trạm:&lt;/b&gt; QTD 177&lt;br/&gt;&lt;b&gt;Địa chỉ:&lt;/b&gt; 9/29 Quốc lộ 1&lt;br/&gt;&lt;b&gt;Khu vực:&lt;/b&gt; Phường Linh Trung, TP. Thủ Đức - KV3&lt;br/&gt;&lt;b&gt;Các tuyến qua trạm:&lt;/b&gt; 08, 10, 150, 19, 33, 53, 60-1, 60-2, 60-3, 60-7, 61-9, 67, 76, 93, 99]]></description>
          <styleUrl>#busStopStyle</styleUrl>
          <Point>
            <coordinates>106.801116,10.86605,0</coordinates>
          </Point>
        </Placemark>
        <Placemark>
          <name>[QTD 179] Thảo Nguyên</name>
          <description><![CDATA[&lt;b&gt;Trạm:&lt;/b&gt; Thảo Nguyên&lt;br/&gt;&lt;b&gt;Mã trạm:&lt;/b&gt; QTD 179&lt;br/&gt;&lt;b&gt;Địa chỉ:&lt;/b&gt; 35B Quốc lộ 1&lt;br/&gt;&lt;b&gt;Khu vực:&lt;/b&gt; Phường Linh Trung, TP. Thủ Đức - KV3&lt;br/&gt;&lt;b&gt;Các tuyến qua trạm:&lt;/b&gt; 164V, 19, 33, 50, 52, 53, 60-1, 60-2, 61-9, 93]]></description>
          <styleUrl>#busStopStyle</styleUrl>
          <Point>
            <coordinates>106.793938,10.865335,0</coordinates>
          </Point>
        </Placemark>
        <Placemark>
          <name>[QTD 180] Đại học Nông Lâm</name>
          <description><![CDATA[&lt;b&gt;Trạm:&lt;/b&gt; Đại học Nông Lâm&lt;br/&gt;&lt;b&gt;Mã trạm:&lt;/b&gt; QTD 180&lt;br/&gt;&lt;b&gt;Địa chỉ:&lt;/b&gt; 85 (Đối diện 1026-1028) Quốc lộ 1&lt;br/&gt;&lt;b&gt;Khu vực:&lt;/b&gt; Phường Linh Trung, TP. Thủ Đức - KV3&lt;br/&gt;&lt;b&gt;Các tuyến qua trạm:&lt;/b&gt; 06, 164D, 164V, 170, 19, 33, 50, 52, 53, 60-1, 60-2, 61-9, 93]]></description>
          <styleUrl>#busStopStyle</styleUrl>
          <Point>
            <coordinates>106.791101,10.866961,0</coordinates>
          </Point>
        </Placemark>
        <Placemark>
          <name>[QTD 181] ĐH Nông Lâm</name>
          <description><![CDATA[&lt;b&gt;Trạm:&lt;/b&gt; ĐH Nông Lâm&lt;br/&gt;&lt;b&gt;Mã trạm:&lt;/b&gt; QTD 181&lt;br/&gt;&lt;b&gt;Địa chỉ:&lt;/b&gt; Kế 21 Quốc lộ 1&lt;br/&gt;&lt;b&gt;Khu vực:&lt;/b&gt; None, TP. Thủ Đức - KV3&lt;br/&gt;&lt;b&gt;Các tuyến qua trạm:&lt;/b&gt; 167D, 19, 33, 50, 53, 60-1, 61-9, 93]]></description>
          <styleUrl>#busStopStyle</styleUrl>
          <Point>
            <coordinates>106.787265,10.867404,0</coordinates>
          </Point>
        </Placemark>
        <Placemark>
          <name>[QTD 182] Công ty điện tử Samsung</name>
          <description><![CDATA[&lt;b&gt;Trạm:&lt;/b&gt; Công ty điện tử Samsung&lt;br/&gt;&lt;b&gt;Mã trạm:&lt;/b&gt; QTD 182&lt;br/&gt;&lt;b&gt;Địa chỉ:&lt;/b&gt; 34/38 (Kế 59/6) Quốc lộ 1&lt;br/&gt;&lt;b&gt;Khu vực:&lt;/b&gt; None, TP. Thủ Đức - KV3&lt;br/&gt;&lt;b&gt;Các tuyến qua trạm:&lt;/b&gt; 167D, 19, 33, 50, 53, 60-1, 61-9, 93]]></description>
          <styleUrl>#busStopStyle</styleUrl>
          <Point>
            <coordinates>106.782201,10.867867,0</coordinates>
          </Point>
        </Placemark>
        <Placemark>
          <name>[QTD 183] Đại học Kinh tế -Luật</name>
          <description><![CDATA[&lt;b&gt;Trạm:&lt;/b&gt; Đại học Kinh tế -Luật&lt;br/&gt;&lt;b&gt;Mã trạm:&lt;/b&gt; QTD 183&lt;br/&gt;&lt;b&gt;Địa chỉ:&lt;/b&gt; Đại học Kinh tế -Luật Quốc lộ 1&lt;br/&gt;&lt;b&gt;Khu vực:&lt;/b&gt; Phường Linh Xuân, TP. Thủ Đức - KV3&lt;br/&gt;&lt;b&gt;Các tuyến qua trạm:&lt;/b&gt; 167V, 19, 33, 50, 60-1, 61-9, 93]]></description>
          <styleUrl>#busStopStyle</styleUrl>
          <Point>
            <coordinates>106.77726,10.869427,0</coordinates>
          </Point>
        </Placemark>
        <Placemark>
          <name>[QTD 184] Trung tâm kho vận Linh Xuân</name>
          <description><![CDATA[&lt;b&gt;Trạm:&lt;/b&gt; Trung tâm kho vận Linh Xuân&lt;br/&gt;&lt;b&gt;Mã trạm:&lt;/b&gt; QTD 184&lt;br/&gt;&lt;b&gt;Địa chỉ:&lt;/b&gt; Trung tâm kho vận Linh Xuân Quốc lộ 1&lt;br/&gt;&lt;b&gt;Khu vực:&lt;/b&gt; Phường Linh Xuân, TP. Thủ Đức - KV3&lt;br/&gt;&lt;b&gt;Các tuyến qua trạm:&lt;/b&gt; 167V, 19, 33, 50, 53, 60-1, 61-9, 93]]></description>
          <styleUrl>#busStopStyle</styleUrl>
          <Point>
            <coordinates>106.774932,10.870254,0</coordinates>
          </Point>
        </Placemark>
        <Placemark>
          <name>[QTD 186] Công ty Nissan</name>
          <description><![CDATA[&lt;b&gt;Trạm:&lt;/b&gt; Công ty Nissan&lt;br/&gt;&lt;b&gt;Mã trạm:&lt;/b&gt; QTD 186&lt;br/&gt;&lt;b&gt;Địa chỉ:&lt;/b&gt; Đối diện công ty Nissan (559) Quốc lộ 1&lt;br/&gt;&lt;b&gt;Khu vực:&lt;/b&gt; None, TP. Thủ Đức - KV3&lt;br/&gt;&lt;b&gt;Các tuyến qua trạm:&lt;/b&gt; 167V, 19, 33, 50, 53, 60-1, 61-9, 93]]></description>
          <styleUrl>#busStopStyle</styleUrl>
          <Point>
            <coordinates>106.768248,10.872419,0</coordinates>
          </Point>
        </Placemark>
        <Placemark>
          <name>[QTD 187] Cầu vượt Linh Xuân</name>
          <description><![CDATA[&lt;b&gt;Trạm:&lt;/b&gt; Cầu vượt Linh Xuân&lt;br/&gt;&lt;b&gt;Mã trạm:&lt;/b&gt; QTD 187&lt;br/&gt;&lt;b&gt;Địa chỉ:&lt;/b&gt; 467B Quốc lộ 1&lt;br/&gt;&lt;b&gt;Khu vực:&lt;/b&gt; Phường Linh Xuân, TP. Thủ Đức - KV3&lt;br/&gt;&lt;b&gt;Các tuyến qua trạm:&lt;/b&gt; 05, 19, 33, 60-1, 61-9]]></description>
          <styleUrl>#busStopStyle</styleUrl>
          <Point>
            <coordinates>106.762095,10.874474,0</coordinates>
          </Point>
        </Placemark>
        <Placemark>
          <name>[QTD 188] Giày Thái Bình-Bình Đường</name>
          <description><![CDATA[&lt;b&gt;Trạm:&lt;/b&gt; Giày Thái Bình-Bình Đường&lt;br/&gt;&lt;b&gt;Mã trạm:&lt;/b&gt; QTD 188&lt;br/&gt;&lt;b&gt;Địa chỉ:&lt;/b&gt; 467B Quốc lộ 1&lt;br/&gt;&lt;b&gt;Khu vực:&lt;/b&gt; None, TP. Thủ Đức - KV3&lt;br/&gt;&lt;b&gt;Các tuyến qua trạm:&lt;/b&gt; 05, 19, 33, 60-1, 61-9]]></description>
          <styleUrl>#busStopStyle</styleUrl>
          <Point>
            <coordinates>106.758689,10.875454,0</coordinates>
          </Point>
        </Placemark>
        <Placemark>
          <name>[QTD 190] Bến xe Lam Hồng</name>
          <description><![CDATA[&lt;b&gt;Trạm:&lt;/b&gt; Bến xe Lam Hồng&lt;br/&gt;&lt;b&gt;Mã trạm:&lt;/b&gt; QTD 190&lt;br/&gt;&lt;b&gt;Địa chỉ:&lt;/b&gt; 12A/28 Quốc lộ 1&lt;br/&gt;&lt;b&gt;Khu vực:&lt;/b&gt; None, TP. Thủ Đức - KV3&lt;br/&gt;&lt;b&gt;Các tuyến qua trạm:&lt;/b&gt; 05, 19, 33, 60-1, 61-9]]></description>
          <styleUrl>#busStopStyle</styleUrl>
          <Point>
            <coordinates>106.755631,10.876049,0</coordinates>
          </Point>
        </Placemark>
        <Placemark>
          <name>[QTD 191] Cầu vượt Sóng Thần</name>
          <description><![CDATA[&lt;b&gt;Trạm:&lt;/b&gt; Cầu vượt Sóng Thần&lt;br/&gt;&lt;b&gt;Mã trạm:&lt;/b&gt; QTD 191&lt;br/&gt;&lt;b&gt;Địa chỉ:&lt;/b&gt; 275 Quốc lộ 1&lt;br/&gt;&lt;b&gt;Khu vực:&lt;/b&gt; None, TP. Thủ Đức - KV3&lt;br/&gt;&lt;b&gt;Các tuyến qua trạm:&lt;/b&gt; 05, 19, 33, 60-1]]></description>
          <styleUrl>#busStopStyle</styleUrl>
          <Point>
            <coordinates>106.746528,10.874115,0</coordinates>
          </Point>
        </Placemark>
        <Placemark>
          <name>[QTD 192] Chợ Tam Hải</name>
          <description><![CDATA[&lt;b&gt;Trạm:&lt;/b&gt; Chợ Tam Hải&lt;br/&gt;&lt;b&gt;Mã trạm:&lt;/b&gt; QTD 192&lt;br/&gt;&lt;b&gt;Địa chỉ:&lt;/b&gt; 251B Quốc lộ 1&lt;br/&gt;&lt;b&gt;Khu vực:&lt;/b&gt; Phường Bình Chiểu, TP. Thủ Đức - KV3&lt;br/&gt;&lt;b&gt;Các tuyến qua trạm:&lt;/b&gt; 05, 19, 33, 60-1]]></description>
          <styleUrl>#busStopStyle</styleUrl>
          <Point>
            <coordinates>106.744291,10.873373,0</coordinates>
          </Point>
        </Placemark>
        <Placemark>
          <name>[QTD 193] Hồ Bơi</name>
          <description><![CDATA[&lt;b&gt;Trạm:&lt;/b&gt; Hồ Bơi&lt;br/&gt;&lt;b&gt;Mã trạm:&lt;/b&gt; QTD 193&lt;br/&gt;&lt;b&gt;Địa chỉ:&lt;/b&gt; 179 Quốc lộ 1&lt;br/&gt;&lt;b&gt;Khu vực:&lt;/b&gt; Phường Bình Chiểu, TP. Thủ Đức - KV3&lt;br/&gt;&lt;b&gt;Các tuyến qua trạm:&lt;/b&gt; 05, 19, 33, 60-1]]></description>
          <styleUrl>#busStopStyle</styleUrl>
          <Point>
            <coordinates>106.739913,10.872177,0</coordinates>
          </Point>
        </Placemark>
        <Placemark>
          <name>[QTD 194] Chợ Tam Bình</name>
          <description><![CDATA[&lt;b&gt;Trạm:&lt;/b&gt; Chợ Tam Bình&lt;br/&gt;&lt;b&gt;Mã trạm:&lt;/b&gt; QTD 194&lt;br/&gt;&lt;b&gt;Địa chỉ:&lt;/b&gt; Đối diện Bưu điện Tam Bình Quốc lộ 1&lt;br/&gt;&lt;b&gt;Khu vực:&lt;/b&gt; Phường Bình Chiểu, TP. Thủ Đức - KV3&lt;br/&gt;&lt;b&gt;Các tuyến qua trạm:&lt;/b&gt; 05, 19, 33, 60-1]]></description>
          <styleUrl>#busStopStyle</styleUrl>
          <Point>
            <coordinates>106.734474,10.870828,0</coordinates>
          </Point>
        </Placemark>
        <Placemark>
          <name>[QTD 195] Chợ đầu mối nông sản Thủ Đức</name>
          <description><![CDATA[&lt;b&gt;Trạm:&lt;/b&gt; Chợ đầu mối nông sản Thủ Đức&lt;br/&gt;&lt;b&gt;Mã trạm:&lt;/b&gt; QTD 195&lt;br/&gt;&lt;b&gt;Địa chỉ:&lt;/b&gt; Chợ đầu mối nông sản Thủ Đức Quốc lộ 1&lt;br/&gt;&lt;b&gt;Khu vực:&lt;/b&gt; Phường Tam Bình, TP. Thủ Đức - KV3&lt;br/&gt;&lt;b&gt;Các tuyến qua trạm:&lt;/b&gt; 05, 19, 29, 33, 60-1, 91]]></description>
          <styleUrl>#busStopStyle</styleUrl>
          <Point>
            <coordinates>106.729158,10.86812,0</coordinates>
          </Point>
        </Placemark>
        <Placemark>
          <name>[QTD 196] Cầu Bình Phước</name>
          <description><![CDATA[&lt;b&gt;Trạm:&lt;/b&gt; Cầu Bình Phước&lt;br/&gt;&lt;b&gt;Mã trạm:&lt;/b&gt; QTD 196&lt;br/&gt;&lt;b&gt;Địa chỉ:&lt;/b&gt; 39A Quốc lộ 1&lt;br/&gt;&lt;b&gt;Khu vực:&lt;/b&gt; None, TP. Thủ Đức - KV3&lt;br/&gt;&lt;b&gt;Các tuyến qua trạm:&lt;/b&gt; 33, 60-1, 61-3]]></description>
          <styleUrl>#busStopStyle</styleUrl>
          <Point>
            <coordinates>106.719894,10.863451,0</coordinates>
          </Point>
        </Placemark>
        <Placemark>
          <name>[Q12 061] Aone</name>
          <description><![CDATA[&lt;b&gt;Trạm:&lt;/b&gt; Aone&lt;br/&gt;&lt;b&gt;Mã trạm:&lt;/b&gt; Q12 061&lt;br/&gt;&lt;b&gt;Địa chỉ:&lt;/b&gt; Đối diện Aone Quốc lộ 1A&lt;br/&gt;&lt;b&gt;Khu vực:&lt;/b&gt; None, Quận 12&lt;br/&gt;&lt;b&gt;Các tuyến qua trạm:&lt;/b&gt; 33, 60-1, 61-3]]></description>
          <styleUrl>#busStopStyle</styleUrl>
          <Point>
            <coordinates>106.713096,10.85997,0</coordinates>
          </Point>
        </Placemark>
        <Placemark>
          <name>[Q12 062] Công ty EUROPA</name>
          <description><![CDATA[&lt;b&gt;Trạm:&lt;/b&gt; Công ty EUROPA&lt;br/&gt;&lt;b&gt;Mã trạm:&lt;/b&gt; Q12 062&lt;br/&gt;&lt;b&gt;Địa chỉ:&lt;/b&gt; Công ty EUROPA Quốc lộ 1A&lt;br/&gt;&lt;b&gt;Khu vực:&lt;/b&gt; None, Quận 12&lt;br/&gt;&lt;b&gt;Các tuyến qua trạm:&lt;/b&gt; 33, 60-1, 61-3]]></description>
          <styleUrl>#busStopStyle</styleUrl>
          <Point>
            <coordinates>106.707727,10.859148,0</coordinates>
          </Point>
        </Placemark>
        <Placemark>
          <name>[Q12 064] Công ty Mai Linh</name>
          <description><![CDATA[&lt;b&gt;Trạm:&lt;/b&gt; Công ty Mai Linh&lt;br/&gt;&lt;b&gt;Mã trạm:&lt;/b&gt; Q12 064&lt;br/&gt;&lt;b&gt;Địa chỉ:&lt;/b&gt; 1691/3N Quốc lộ 1A&lt;br/&gt;&lt;b&gt;Khu vực:&lt;/b&gt; None, Quận 12&lt;br/&gt;&lt;b&gt;Các tuyến qua trạm:&lt;/b&gt; 33, 60-1, 61-3]]></description>
          <styleUrl>#busStopStyle</styleUrl>
          <Point>
            <coordinates>106.701086,10.860007,0</coordinates>
          </Point>
        </Placemark>
        <Placemark>
          <name>[Q12 065] Đình An Phú Đông</name>
          <description><![CDATA[&lt;b&gt;Trạm:&lt;/b&gt; Đình An Phú Đông&lt;br/&gt;&lt;b&gt;Mã trạm:&lt;/b&gt; Q12 065&lt;br/&gt;&lt;b&gt;Địa chỉ:&lt;/b&gt; Đối diện Đình An Phú Đông Quốc lộ 1A&lt;br/&gt;&lt;b&gt;Khu vực:&lt;/b&gt; None, Quận 12&lt;br/&gt;&lt;b&gt;Các tuyến qua trạm:&lt;/b&gt; 33, 60-1, 61-3]]></description>
          <styleUrl>#busStopStyle</styleUrl>
          <Point>
            <coordinates>106.695453,10.86065,0</coordinates>
          </Point>
        </Placemark>
        <Placemark>
          <name>[Q12 067] Công ty Hồng Mã</name>
          <description><![CDATA[&lt;b&gt;Trạm:&lt;/b&gt; Công ty Hồng Mã&lt;br/&gt;&lt;b&gt;Mã trạm:&lt;/b&gt; Q12 067&lt;br/&gt;&lt;b&gt;Địa chỉ:&lt;/b&gt; Công ty Hồng Mã Quốc lộ 1A&lt;br/&gt;&lt;b&gt;Khu vực:&lt;/b&gt; None, Quận 12&lt;br/&gt;&lt;b&gt;Các tuyến qua trạm:&lt;/b&gt; 33, 60-1, 61-3]]></description>
          <styleUrl>#busStopStyle</styleUrl>
          <Point>
            <coordinates>106.689413,10.86104,0</coordinates>
          </Point>
        </Placemark>
        <Placemark>
          <name>[Q12 068] Phường An Phú Đông</name>
          <description><![CDATA[&lt;b&gt;Trạm:&lt;/b&gt; Phường An Phú Đông&lt;br/&gt;&lt;b&gt;Mã trạm:&lt;/b&gt; Q12 068&lt;br/&gt;&lt;b&gt;Địa chỉ:&lt;/b&gt; 616 - 618 Quốc lộ 1A&lt;br/&gt;&lt;b&gt;Khu vực:&lt;/b&gt; None, Quận 12&lt;br/&gt;&lt;b&gt;Các tuyến qua trạm:&lt;/b&gt; 33, 60-1, 61-3]]></description>
          <styleUrl>#busStopStyle</styleUrl>
          <Point>
            <coordinates>106.685175,10.861324,0</coordinates>
          </Point>
        </Placemark>
        <Placemark>
          <name>[Q12 070] Bến xe Ngã tư Ga</name>
          <description><![CDATA[&lt;b&gt;Trạm:&lt;/b&gt; Bến xe Ngã tư Ga&lt;br/&gt;&lt;b&gt;Mã trạm:&lt;/b&gt; Q12 070&lt;br/&gt;&lt;b&gt;Địa chỉ:&lt;/b&gt; Bến xe Ngã tư ga Quốc lộ 1A&lt;br/&gt;&lt;b&gt;Khu vực:&lt;/b&gt; None, Quận 12&lt;br/&gt;&lt;b&gt;Các tuyến qua trạm:&lt;/b&gt; 33, 58, 60-1, 61-3]]></description>
          <styleUrl>#busStopStyle</styleUrl>
          <Point>
            <coordinates>106.679354,10.861725,0</coordinates>
          </Point>
        </Placemark>
        <Placemark>
          <name>[Q12 071] Khu QLGTĐT số 3</name>
          <description><![CDATA[&lt;b&gt;Trạm:&lt;/b&gt; Khu QLGTĐT số 3&lt;br/&gt;&lt;b&gt;Mã trạm:&lt;/b&gt; Q12 071&lt;br/&gt;&lt;b&gt;Địa chỉ:&lt;/b&gt; 96/2 Quốc lộ 1A&lt;br/&gt;&lt;b&gt;Khu vực:&lt;/b&gt; None, Quận 12&lt;br/&gt;&lt;b&gt;Các tuyến qua trạm:&lt;/b&gt; 103, 161, 32, 33, 59, 60-1, 61-3]]></description>
          <styleUrl>#busStopStyle</styleUrl>
          <Point>
            <coordinates>106.674564,10.861967,0</coordinates>
          </Point>
        </Placemark>
        <Placemark>
          <name>[Q12 073] Trường Mầm non Ngôi Nhà Trẻ Thơ</name>
          <description><![CDATA[&lt;b&gt;Trạm:&lt;/b&gt; Trường Mầm non Ngôi Nhà Trẻ Thơ&lt;br/&gt;&lt;b&gt;Mã trạm:&lt;/b&gt; Q12 073&lt;br/&gt;&lt;b&gt;Địa chỉ:&lt;/b&gt; 990 Quốc lộ 1A&lt;br/&gt;&lt;b&gt;Khu vực:&lt;/b&gt; None, Quận 12&lt;br/&gt;&lt;b&gt;Các tuyến qua trạm:&lt;/b&gt; 103, 146, 33, 60-1, 61-3]]></description>
          <styleUrl>#busStopStyle</styleUrl>
          <Point>
            <coordinates>106.667461,10.861877,0</coordinates>
          </Point>
        </Placemark>
        <Placemark>
          <name>[Q12 074] Cơ khí Minh Huy</name>
          <description><![CDATA[&lt;b&gt;Trạm:&lt;/b&gt; Cơ khí Minh Huy&lt;br/&gt;&lt;b&gt;Mã trạm:&lt;/b&gt; Q12 074&lt;br/&gt;&lt;b&gt;Địa chỉ:&lt;/b&gt; 1218/11 Quốc lộ 1A&lt;br/&gt;&lt;b&gt;Khu vực:&lt;/b&gt; None, Quận 12&lt;br/&gt;&lt;b&gt;Các tuyến qua trạm:&lt;/b&gt; 103, 146, 33, 60-1, 61-3]]></description>
          <styleUrl>#busStopStyle</styleUrl>
          <Point>
            <coordinates>106.661389,10.861819,0</coordinates>
          </Point>
        </Placemark>
        <Placemark>
          <name>[Q12 075] Đá hoa cương Chí Thành</name>
          <description><![CDATA[&lt;b&gt;Trạm:&lt;/b&gt; Đá hoa cương Chí Thành&lt;br/&gt;&lt;b&gt;Mã trạm:&lt;/b&gt; Q12 075&lt;br/&gt;&lt;b&gt;Địa chỉ:&lt;/b&gt; 1360 Quốc lộ 1A&lt;br/&gt;&lt;b&gt;Khu vực:&lt;/b&gt; None, Quận 12&lt;br/&gt;&lt;b&gt;Các tuyến qua trạm:&lt;/b&gt; 103, 146, 33, 60-1, 61-3]]></description>
          <styleUrl>#busStopStyle</styleUrl>
          <Point>
            <coordinates>106.657183,10.861988,0</coordinates>
          </Point>
        </Placemark>
        <Placemark>
          <name>[Q12 076] Quận ủy Quận 12</name>
          <description><![CDATA[&lt;b&gt;Trạm:&lt;/b&gt; Quận ủy Quận 12&lt;br/&gt;&lt;b&gt;Mã trạm:&lt;/b&gt; Q12 076&lt;br/&gt;&lt;b&gt;Địa chỉ:&lt;/b&gt; 1456 (Quận Ủy quận 12) Quốc lộ 1A&lt;br/&gt;&lt;b&gt;Khu vực:&lt;/b&gt; None, Quận 12&lt;br/&gt;&lt;b&gt;Các tuyến qua trạm:&lt;/b&gt; 103, 33, 60-1, 61-3]]></description>
          <styleUrl>#busStopStyle</styleUrl>
          <Point>
            <coordinates>106.653428,10.862114,0</coordinates>
          </Point>
        </Placemark>
        <Placemark>
          <name>[Q12 078] Cao su Vina</name>
          <description><![CDATA[&lt;b&gt;Trạm:&lt;/b&gt; Cao su Vina&lt;br/&gt;&lt;b&gt;Mã trạm:&lt;/b&gt; Q12 078&lt;br/&gt;&lt;b&gt;Địa chỉ:&lt;/b&gt; 67/3A Quốc lộ 1A&lt;br/&gt;&lt;b&gt;Khu vực:&lt;/b&gt; None, Quận 12&lt;br/&gt;&lt;b&gt;Các tuyến qua trạm:&lt;/b&gt; 33, 60-1, 61-3, 62]]></description>
          <styleUrl>#busStopStyle</styleUrl>
          <Point>
            <coordinates>106.648536,10.861767,0</coordinates>
          </Point>
        </Placemark>
        <Placemark>
          <name>[Q12 079] Cây xăng Trung Tín</name>
          <description><![CDATA[&lt;b&gt;Trạm:&lt;/b&gt; Cây xăng Trung Tín&lt;br/&gt;&lt;b&gt;Mã trạm:&lt;/b&gt; Q12 079&lt;br/&gt;&lt;b&gt;Địa chỉ:&lt;/b&gt; 1828 Quốc lộ 1A&lt;br/&gt;&lt;b&gt;Khu vực:&lt;/b&gt; None, Quận 12&lt;br/&gt;&lt;b&gt;Các tuyến qua trạm:&lt;/b&gt; 33, 60-1, 61-3, 62]]></description>
          <styleUrl>#busStopStyle</styleUrl>
          <Point>
            <coordinates>106.645682,10.860302,0</coordinates>
          </Point>
        </Placemark>
        <Placemark>
          <name>[Q12 080] Trạm điện Hóc Môn</name>
          <description><![CDATA[&lt;b&gt;Trạm:&lt;/b&gt; Trạm điện Hóc Môn&lt;br/&gt;&lt;b&gt;Mã trạm:&lt;/b&gt; Q12 080&lt;br/&gt;&lt;b&gt;Địa chỉ:&lt;/b&gt; 1956 Quốc lộ 1A&lt;br/&gt;&lt;b&gt;Khu vực:&lt;/b&gt; None, Quận 12&lt;br/&gt;&lt;b&gt;Các tuyến qua trạm:&lt;/b&gt; 33, 60-1, 61-3, 62]]></description>
          <styleUrl>#busStopStyle</styleUrl>
          <Point>
            <coordinates>106.640918,10.857668,0</coordinates>
          </Point>
        </Placemark>
        <Placemark>
          <name>[Q12 081] Ngã tư Đình</name>
          <description><![CDATA[&lt;b&gt;Trạm:&lt;/b&gt; Ngã tư Đình&lt;br/&gt;&lt;b&gt;Mã trạm:&lt;/b&gt; Q12 081&lt;br/&gt;&lt;b&gt;Địa chỉ:&lt;/b&gt; 44D Quốc lộ 1A&lt;br/&gt;&lt;b&gt;Khu vực:&lt;/b&gt; None, Quận 12&lt;br/&gt;&lt;b&gt;Các tuyến qua trạm:&lt;/b&gt; 33, 60-1, 61-3, 62]]></description>
          <styleUrl>#busStopStyle</styleUrl>
          <Point>
            <coordinates>106.638172,10.856256,0</coordinates>
          </Point>
        </Placemark>
        <Placemark>
          <name>[Q12 083] Trường Nguyễn Du</name>
          <description><![CDATA[&lt;b&gt;Trạm:&lt;/b&gt; Trường Nguyễn Du&lt;br/&gt;&lt;b&gt;Mã trạm:&lt;/b&gt; Q12 083&lt;br/&gt;&lt;b&gt;Địa chỉ:&lt;/b&gt; Đối diện Trường Nguyễn Du Quốc lộ 1A&lt;br/&gt;&lt;b&gt;Khu vực:&lt;/b&gt; None, Quận 12&lt;br/&gt;&lt;b&gt;Các tuyến qua trạm:&lt;/b&gt; 33, 60-1, 61-3, 62]]></description>
          <styleUrl>#busStopStyle</styleUrl>
          <Point>
            <coordinates>106.632469,10.853048,0</coordinates>
          </Point>
        </Placemark>
        <Placemark>
          <name>[Q12 085] Chung cư Thái An</name>
          <description><![CDATA[&lt;b&gt;Trạm:&lt;/b&gt; Chung cư Thái An&lt;br/&gt;&lt;b&gt;Mã trạm:&lt;/b&gt; Q12 085&lt;br/&gt;&lt;b&gt;Địa chỉ:&lt;/b&gt; Chung cư Thái An Quốc lộ 1A&lt;br/&gt;&lt;b&gt;Khu vực:&lt;/b&gt; None, Quận 12&lt;br/&gt;&lt;b&gt;Các tuyến qua trạm:&lt;/b&gt; 33, 60-1, 61-3]]></description>
          <styleUrl>#busStopStyle</styleUrl>
          <Point>
            <coordinates>106.624348,10.84907,0</coordinates>
          </Point>
        </Placemark>
        <Placemark>
          <name>[Q12 086] Trạm đăng kiểm</name>
          <description><![CDATA[&lt;b&gt;Trạm:&lt;/b&gt; Trạm đăng kiểm&lt;br/&gt;&lt;b&gt;Mã trạm:&lt;/b&gt; Q12 086&lt;br/&gt;&lt;b&gt;Địa chỉ:&lt;/b&gt; Trạm đăng kiểm Quốc lộ 1A&lt;br/&gt;&lt;b&gt;Khu vực:&lt;/b&gt; None, Quận 12&lt;br/&gt;&lt;b&gt;Các tuyến qua trạm:&lt;/b&gt; 33, 60-1, 61-3]]></description>
          <styleUrl>#busStopStyle</styleUrl>
          <Point>
            <coordinates>106.621059,10.8475,0</coordinates>
          </Point>
        </Placemark>
        <Placemark>
          <name>[Q12 088] Cầu vượt An Sương</name>
          <description><![CDATA[&lt;b&gt;Trạm:&lt;/b&gt; Cầu vượt An Sương&lt;br/&gt;&lt;b&gt;Mã trạm:&lt;/b&gt; Q12 088&lt;br/&gt;&lt;b&gt;Địa chỉ:&lt;/b&gt; Xưởng Z735 Quốc lộ 1A&lt;br/&gt;&lt;b&gt;Khu vực:&lt;/b&gt; None, Quận 12&lt;br/&gt;&lt;b&gt;Các tuyến qua trạm:&lt;/b&gt; 33, 60-1, 61-3]]></description>
          <styleUrl>#busStopStyle</styleUrl>
          <Point>
            <coordinates>106.616081,10.843623,0</coordinates>
          </Point>
        </Placemark>
        <Placemark>
          <name>[HHM 0160] cầu vượt An Sương</name>
          <description><![CDATA[&lt;b&gt;Trạm:&lt;/b&gt; cầu vượt An Sương&lt;br/&gt;&lt;b&gt;Mã trạm:&lt;/b&gt; HHM 0160&lt;br/&gt;&lt;b&gt;Địa chỉ:&lt;/b&gt; 45/8C Quốc lộ 1A&lt;br/&gt;&lt;b&gt;Khu vực:&lt;/b&gt; Xã Bà Điểm, Huyện Hóc Môn&lt;br/&gt;&lt;b&gt;Các tuyến qua trạm:&lt;/b&gt; 151, 60-1]]></description>
          <styleUrl>#busStopStyle</styleUrl>
          <Point>
            <coordinates>106.614225,10.841978,0</coordinates>
          </Point>
        </Placemark>
        <Placemark>
          <name>[HHM 017] Trạm măng</name>
          <description><![CDATA[&lt;b&gt;Trạm:&lt;/b&gt; Trạm măng&lt;br/&gt;&lt;b&gt;Mã trạm:&lt;/b&gt; HHM 017&lt;br/&gt;&lt;b&gt;Địa chỉ:&lt;/b&gt; 41/1B Quốc lộ 1A&lt;br/&gt;&lt;b&gt;Khu vực:&lt;/b&gt; Xã Bà Điểm, Huyện Hóc Môn&lt;br/&gt;&lt;b&gt;Các tuyến qua trạm:&lt;/b&gt; 151, 60-1]]></description>
          <styleUrl>#busStopStyle</styleUrl>
          <Point>
            <coordinates>106.612535,10.840398,0</coordinates>
          </Point>
        </Placemark>
        <Placemark>
          <name>[HHM 018] Hồng Mộc</name>
          <description><![CDATA[&lt;b&gt;Trạm:&lt;/b&gt; Hồng Mộc&lt;br/&gt;&lt;b&gt;Mã trạm:&lt;/b&gt; HHM 018&lt;br/&gt;&lt;b&gt;Địa chỉ:&lt;/b&gt; 59/2A Quốc lộ 1A&lt;br/&gt;&lt;b&gt;Khu vực:&lt;/b&gt; Xã Bà Điểm, Huyện Hóc Môn&lt;br/&gt;&lt;b&gt;Các tuyến qua trạm:&lt;/b&gt; 151, 60-1]]></description>
          <styleUrl>#busStopStyle</styleUrl>
          <Point>
            <coordinates>106.60797,10.836167,0</coordinates>
          </Point>
        </Placemark>
        <Placemark>
          <name>[HHM 019] Ngã tư Bà Điểm</name>
          <description><![CDATA[&lt;b&gt;Trạm:&lt;/b&gt; Ngã tư Bà Điểm&lt;br/&gt;&lt;b&gt;Mã trạm:&lt;/b&gt; HHM 019&lt;br/&gt;&lt;b&gt;Địa chỉ:&lt;/b&gt; 57/7B Quốc lộ 1A&lt;br/&gt;&lt;b&gt;Khu vực:&lt;/b&gt; Xã Bà Điểm, Huyện Hóc Môn&lt;br/&gt;&lt;b&gt;Các tuyến qua trạm:&lt;/b&gt; 151, 60-1]]></description>
          <styleUrl>#busStopStyle</styleUrl>
          <Point>
            <coordinates>106.605804,10.832674,0</coordinates>
          </Point>
        </Placemark>
        <Placemark>
          <name>[QBT 073] Quang Châu</name>
          <description><![CDATA[&lt;b&gt;Trạm:&lt;/b&gt; Quang Châu&lt;br/&gt;&lt;b&gt;Mã trạm:&lt;/b&gt; QBT 073&lt;br/&gt;&lt;b&gt;Địa chỉ:&lt;/b&gt; 5/30K (SỐ 6) Quốc lộ 1A&lt;br/&gt;&lt;b&gt;Khu vực:&lt;/b&gt; Phường Bình Hưng Hoà B, Quận Bình Tân&lt;br/&gt;&lt;b&gt;Các tuyến qua trạm:&lt;/b&gt; 151, 60-1]]></description>
          <styleUrl>#busStopStyle</styleUrl>
          <Point>
            <coordinates>106.602554,10.823311,0</coordinates>
          </Point>
        </Placemark>
        <Placemark>
          <name>[QBT 075] Gò Mây</name>
          <description><![CDATA[&lt;b&gt;Trạm:&lt;/b&gt; Gò Mây&lt;br/&gt;&lt;b&gt;Mã trạm:&lt;/b&gt; QBT 075&lt;br/&gt;&lt;b&gt;Địa chỉ:&lt;/b&gt; 230 Quốc lộ 1A&lt;br/&gt;&lt;b&gt;Khu vực:&lt;/b&gt; Phường Bình Hưng Hoà B, Quận Bình Tân&lt;br/&gt;&lt;b&gt;Các tuyến qua trạm:&lt;/b&gt; 151, 60-1]]></description>
          <styleUrl>#busStopStyle</styleUrl>
          <Point>
            <coordinates>106.600696,10.815038,0</coordinates>
          </Point>
        </Placemark>
        <Placemark>
          <name>[QBT 077] Hương Quê</name>
          <description><![CDATA[&lt;b&gt;Trạm:&lt;/b&gt; Hương Quê&lt;br/&gt;&lt;b&gt;Mã trạm:&lt;/b&gt; QBT 077&lt;br/&gt;&lt;b&gt;Địa chỉ:&lt;/b&gt; 320 Quốc lộ 1A&lt;br/&gt;&lt;b&gt;Khu vực:&lt;/b&gt; Phường Bình Hưng Hoà B, Quận Bình Tân&lt;br/&gt;&lt;b&gt;Các tuyến qua trạm:&lt;/b&gt; 151, 60-1]]></description>
          <styleUrl>#busStopStyle</styleUrl>
          <Point>
            <coordinates>106.599784,10.810807,0</coordinates>
          </Point>
        </Placemark>
        <Placemark>
          <name>[QBT 076] Phú Cường</name>
          <description><![CDATA[&lt;b&gt;Trạm:&lt;/b&gt; Phú Cường&lt;br/&gt;&lt;b&gt;Mã trạm:&lt;/b&gt; QBT 076&lt;br/&gt;&lt;b&gt;Địa chỉ:&lt;/b&gt; 386 Quốc lộ 1A&lt;br/&gt;&lt;b&gt;Khu vực:&lt;/b&gt; Phường Bình Hưng Hoà B, Quận Bình Tân&lt;br/&gt;&lt;b&gt;Các tuyến qua trạm:&lt;/b&gt; 151, 60-1]]></description>
          <styleUrl>#busStopStyle</styleUrl>
          <Point>
            <coordinates>106.59885,10.806465,0</coordinates>
          </Point>
        </Placemark>
        <Placemark>
          <name>[QBT 078] Phát Đạt</name>
          <description><![CDATA[&lt;b&gt;Trạm:&lt;/b&gt; Phát Đạt&lt;br/&gt;&lt;b&gt;Mã trạm:&lt;/b&gt; QBT 078&lt;br/&gt;&lt;b&gt;Địa chỉ:&lt;/b&gt; 502 Quốc lộ 1A&lt;br/&gt;&lt;b&gt;Khu vực:&lt;/b&gt; Phường Bình Hưng Hoà B, Quận Bình Tân&lt;br/&gt;&lt;b&gt;Các tuyến qua trạm:&lt;/b&gt; 151, 60-1]]></description>
          <styleUrl>#busStopStyle</styleUrl>
          <Point>
            <coordinates>106.597338,10.799167,0</coordinates>
          </Point>
        </Placemark>
        <Placemark>
          <name>[QBT 079] Khu phố 5</name>
          <description><![CDATA[&lt;b&gt;Trạm:&lt;/b&gt; Khu phố 5&lt;br/&gt;&lt;b&gt;Mã trạm:&lt;/b&gt; QBT 079&lt;br/&gt;&lt;b&gt;Địa chỉ:&lt;/b&gt; 576 Quốc lộ 1A&lt;br/&gt;&lt;b&gt;Khu vực:&lt;/b&gt; Phường Bình Hưng Hoà B, Quận Bình Tân&lt;br/&gt;&lt;b&gt;Các tuyến qua trạm:&lt;/b&gt; 151, 60-1]]></description>
          <styleUrl>#busStopStyle</styleUrl>
          <Point>
            <coordinates>106.596056,10.793181,0</coordinates>
          </Point>
        </Placemark>
        <Placemark>
          <name>[QBT 080] Tân Kỳ Tân Quý (Hoàng Gia Phát)</name>
          <description><![CDATA[&lt;b&gt;Trạm:&lt;/b&gt; Tân Kỳ Tân Quý (Hoàng Gia Phát)&lt;br/&gt;&lt;b&gt;Mã trạm:&lt;/b&gt; QBT 080&lt;br/&gt;&lt;b&gt;Địa chỉ:&lt;/b&gt; 642 Quốc lộ 1A&lt;br/&gt;&lt;b&gt;Khu vực:&lt;/b&gt; Phường Bình Hưng Hoà B, Quận Bình Tân&lt;br/&gt;&lt;b&gt;Các tuyến qua trạm:&lt;/b&gt; 151, 60-1]]></description>
          <styleUrl>#busStopStyle</styleUrl>
          <Point>
            <coordinates>106.595219,10.789197,0</coordinates>
          </Point>
        </Placemark>
        <Placemark>
          <name>[QBT 081] Thiên Phúc Học</name>
          <description><![CDATA[&lt;b&gt;Trạm:&lt;/b&gt; Thiên Phúc Học&lt;br/&gt;&lt;b&gt;Mã trạm:&lt;/b&gt; QBT 081&lt;br/&gt;&lt;b&gt;Địa chỉ:&lt;/b&gt; 734 (kế 738) Quốc lộ 1A&lt;br/&gt;&lt;b&gt;Khu vực:&lt;/b&gt; Phường Bình Hưng Hoà B, Quận Bình Tân&lt;br/&gt;&lt;b&gt;Các tuyến qua trạm:&lt;/b&gt; 151, 60-1]]></description>
          <styleUrl>#busStopStyle</styleUrl>
          <Point>
            <coordinates>106.593697,10.781952,0</coordinates>
          </Point>
        </Placemark>
        <Placemark>
          <name>[QBT 082] Ao Đôi</name>
          <description><![CDATA[&lt;b&gt;Trạm:&lt;/b&gt; Ao Đôi&lt;br/&gt;&lt;b&gt;Mã trạm:&lt;/b&gt; QBT 082&lt;br/&gt;&lt;b&gt;Địa chỉ:&lt;/b&gt; 790 (Đối diện Ao Đôi) Quốc lộ 1A&lt;br/&gt;&lt;b&gt;Khu vực:&lt;/b&gt; None, Quận Bình Tân&lt;br/&gt;&lt;b&gt;Các tuyến qua trạm:&lt;/b&gt; 151, 60-1]]></description>
          <styleUrl>#busStopStyle</styleUrl>
          <Point>
            <coordinates>106.593262,10.779601,0</coordinates>
          </Point>
        </Placemark>
        <Placemark>
          <name>[QBT 083] Hương lộ 2</name>
          <description><![CDATA[&lt;b&gt;Trạm:&lt;/b&gt; Hương lộ 2&lt;br/&gt;&lt;b&gt;Mã trạm:&lt;/b&gt; QBT 083&lt;br/&gt;&lt;b&gt;Địa chỉ:&lt;/b&gt; 854 Quốc lộ 1A&lt;br/&gt;&lt;b&gt;Khu vực:&lt;/b&gt; None, Quận Bình Tân&lt;br/&gt;&lt;b&gt;Các tuyến qua trạm:&lt;/b&gt; 151, 60-1]]></description>
          <styleUrl>#busStopStyle</styleUrl>
          <Point>
            <coordinates>106.592377,10.775476,0</coordinates>
          </Point>
        </Placemark>
        <Placemark>
          <name>[QBT 084] Qua ngã tư Hương lộ 2</name>
          <description><![CDATA[&lt;b&gt;Trạm:&lt;/b&gt; Qua ngã tư Hương lộ 2&lt;br/&gt;&lt;b&gt;Mã trạm:&lt;/b&gt; QBT 084&lt;br/&gt;&lt;b&gt;Địa chỉ:&lt;/b&gt; 892 Quốc lộ 1A&lt;br/&gt;&lt;b&gt;Khu vực:&lt;/b&gt; Phường Bình Trị Đông A, Quận Bình Tân&lt;br/&gt;&lt;b&gt;Các tuyến qua trạm:&lt;/b&gt; 151, 60-1]]></description>
          <styleUrl>#busStopStyle</styleUrl>
          <Point>
            <coordinates>106.591667,10.77234,0</coordinates>
          </Point>
        </Placemark>
        <Placemark>
          <name>[QBT 085] Nghĩa trang Bình TÂn</name>
          <description><![CDATA[&lt;b&gt;Trạm:&lt;/b&gt; Nghĩa trang Bình TÂn&lt;br/&gt;&lt;b&gt;Mã trạm:&lt;/b&gt; QBT 085&lt;br/&gt;&lt;b&gt;Địa chỉ:&lt;/b&gt; 950 Quốc lộ 1A&lt;br/&gt;&lt;b&gt;Khu vực:&lt;/b&gt; None, Quận Bình Tân&lt;br/&gt;&lt;b&gt;Các tuyến qua trạm:&lt;/b&gt; 15, 151, 25, 60-1]]></description>
          <styleUrl>#busStopStyle</styleUrl>
          <Point>
            <coordinates>106.590935,10.768545,0</coordinates>
          </Point>
        </Placemark>
        <Placemark>
          <name>[QBT 086] Bà Hom</name>
          <description><![CDATA[&lt;b&gt;Trạm:&lt;/b&gt; Bà Hom&lt;br/&gt;&lt;b&gt;Mã trạm:&lt;/b&gt; QBT 086&lt;br/&gt;&lt;b&gt;Địa chỉ:&lt;/b&gt; 950 Quốc lộ 1A&lt;br/&gt;&lt;b&gt;Khu vực:&lt;/b&gt; Phường Tân Tạo, Quận Bình Tân&lt;br/&gt;&lt;b&gt;Các tuyến qua trạm:&lt;/b&gt; 15, 151, 25, 60-1]]></description>
          <styleUrl>#busStopStyle</styleUrl>
          <Point>
            <coordinates>106.590683,10.762401,0</coordinates>
          </Point>
        </Placemark>
        <Placemark>
          <name>[QBT 087] Tỉnh lộ 10</name>
          <description><![CDATA[&lt;b&gt;Trạm:&lt;/b&gt; Tỉnh lộ 10&lt;br/&gt;&lt;b&gt;Mã trạm:&lt;/b&gt; QBT 087&lt;br/&gt;&lt;b&gt;Địa chỉ:&lt;/b&gt; 978A Quốc lộ 1A&lt;br/&gt;&lt;b&gt;Khu vực:&lt;/b&gt; Phường Tân Tạo, Quận Bình Tân&lt;br/&gt;&lt;b&gt;Các tuyến qua trạm:&lt;/b&gt; 15, 151, 25, 60-1]]></description>
          <styleUrl>#busStopStyle</styleUrl>
          <Point>
            <coordinates>106.591492,10.758026,0</coordinates>
          </Point>
        </Placemark>
        <Placemark>
          <name>[QBT 328] Nhà sách Tân Tạo</name>
          <description><![CDATA[&lt;b&gt;Trạm:&lt;/b&gt; Nhà sách Tân Tạo&lt;br/&gt;&lt;b&gt;Mã trạm:&lt;/b&gt; QBT 328&lt;br/&gt;&lt;b&gt;Địa chỉ:&lt;/b&gt; 1024 Lê Đức Anh&lt;br/&gt;&lt;b&gt;Khu vực:&lt;/b&gt; Phường Tân Tạo, Quận Bình Tân&lt;br/&gt;&lt;b&gt;Các tuyến qua trạm:&lt;/b&gt; 15, 151, 60-1, 73]]></description>
          <styleUrl>#busStopStyle</styleUrl>
          <Point>
            <coordinates>106.591848,10.755766,0</coordinates>
          </Point>
        </Placemark>
        <Placemark>
          <name>[QBT 088] Khu Công nghiệp Tân Tạo</name>
          <description><![CDATA[&lt;b&gt;Trạm:&lt;/b&gt; Khu Công nghiệp Tân Tạo&lt;br/&gt;&lt;b&gt;Mã trạm:&lt;/b&gt; QBT 088&lt;br/&gt;&lt;b&gt;Địa chỉ:&lt;/b&gt; 1054B (số cũ 666) Quốc lộ 1A&lt;br/&gt;&lt;b&gt;Khu vực:&lt;/b&gt; Phường Tân Tạo, Quận Bình Tân&lt;br/&gt;&lt;b&gt;Các tuyến qua trạm:&lt;/b&gt; 15, 151, 60-1, 73]]></description>
          <styleUrl>#busStopStyle</styleUrl>
          <Point>
            <coordinates>106.592392,10.752793,0</coordinates>
          </Point>
        </Placemark>
        <Placemark>
          <name>[QBT 089] Công ty Pouyuen</name>
          <description><![CDATA[&lt;b&gt;Trạm:&lt;/b&gt; Công ty Pouyuen&lt;br/&gt;&lt;b&gt;Mã trạm:&lt;/b&gt; QBT 089&lt;br/&gt;&lt;b&gt;Địa chỉ:&lt;/b&gt; Đối diện Pouyen (1054N) Quốc lộ 1A&lt;br/&gt;&lt;b&gt;Khu vực:&lt;/b&gt; Phường Tân Tạo, Quận Bình Tân&lt;br/&gt;&lt;b&gt;Các tuyến qua trạm:&lt;/b&gt; 15, 151, 60-1]]></description>
          <styleUrl>#busStopStyle</styleUrl>
          <Point>
            <coordinates>106.595367,10.746899,0</coordinates>
          </Point>
        </Placemark>
        <Placemark>
          <name>[QBT 090] Công ty Hai Thành</name>
          <description><![CDATA[&lt;b&gt;Trạm:&lt;/b&gt; Công ty Hai Thành&lt;br/&gt;&lt;b&gt;Mã trạm:&lt;/b&gt; QBT 090&lt;br/&gt;&lt;b&gt;Địa chỉ:&lt;/b&gt; A5/13Q (1054N) Quốc lộ 1A&lt;br/&gt;&lt;b&gt;Khu vực:&lt;/b&gt; Phường Tân Tạo A, Quận Bình Tân&lt;br/&gt;&lt;b&gt;Các tuyến qua trạm:&lt;/b&gt; 15, 151, 60-1]]></description>
          <styleUrl>#busStopStyle</styleUrl>
          <Point>
            <coordinates>106.597519,10.743526,0</coordinates>
          </Point>
        </Placemark>
        <Placemark>
          <name>[QBT 091] Trạm Điện Quốc lộ 1A</name>
          <description><![CDATA[&lt;b&gt;Trạm:&lt;/b&gt; Trạm Điện Quốc lộ 1A&lt;br/&gt;&lt;b&gt;Mã trạm:&lt;/b&gt; QBT 091&lt;br/&gt;&lt;b&gt;Địa chỉ:&lt;/b&gt; A5/3Q Quốc lộ 1A&lt;br/&gt;&lt;b&gt;Khu vực:&lt;/b&gt; Phường Tân Tạo A, Quận Bình Tân&lt;br/&gt;&lt;b&gt;Các tuyến qua trạm:&lt;/b&gt; 15, 151, 60-1]]></description>
          <styleUrl>#busStopStyle</styleUrl>
          <Point>
            <coordinates>106.599724,10.740001,0</coordinates>
          </Point>
        </Placemark>
        <Placemark>
          <name>[QBT 092] Công an Quận Bình Tân</name>
          <description><![CDATA[&lt;b&gt;Trạm:&lt;/b&gt; Công an Quận Bình Tân&lt;br/&gt;&lt;b&gt;Mã trạm:&lt;/b&gt; QBT 092&lt;br/&gt;&lt;b&gt;Địa chỉ:&lt;/b&gt; 1054 (Quán ăn Xa lộ) Quốc lộ 1A&lt;br/&gt;&lt;b&gt;Khu vực:&lt;/b&gt; None, Quận Bình Tân&lt;br/&gt;&lt;b&gt;Các tuyến qua trạm:&lt;/b&gt; 15, 151, 60-1]]></description>
          <styleUrl>#busStopStyle</styleUrl>
          <Point>
            <coordinates>106.602081,10.736204,0</coordinates>
          </Point>
        </Placemark>
        <Placemark>
          <name>[QBT 001] Cầu An Lạc</name>
          <description><![CDATA[&lt;b&gt;Trạm:&lt;/b&gt; Cầu An Lạc&lt;br/&gt;&lt;b&gt;Mã trạm:&lt;/b&gt; QBT 001&lt;br/&gt;&lt;b&gt;Địa chỉ:&lt;/b&gt; 849-851 Kinh Dương Vương&lt;br/&gt;&lt;b&gt;Khu vực:&lt;/b&gt; None, Quận Bình Tân&lt;br/&gt;&lt;b&gt;Các tuyến qua trạm:&lt;/b&gt; 09, 102, 60-1, 61, 62-1, 62-10, 62-2, 62-8, 63-1, 84]]></description>
          <styleUrl>#busStopStyle</styleUrl>
          <Point>
            <coordinates>106.602337,10.724317,0</coordinates>
          </Point>
        </Placemark>
        <Placemark>
          <name>[QBT 002] Hoa Hồng</name>
          <description><![CDATA[&lt;b&gt;Trạm:&lt;/b&gt; Hoa Hồng&lt;br/&gt;&lt;b&gt;Mã trạm:&lt;/b&gt; QBT 002&lt;br/&gt;&lt;b&gt;Địa chỉ:&lt;/b&gt; 771 Kinh Dương Vương&lt;br/&gt;&lt;b&gt;Khu vực:&lt;/b&gt; None, Quận Bình Tân&lt;br/&gt;&lt;b&gt;Các tuyến qua trạm:&lt;/b&gt; 09, 102, 60-1, 61, 62-1, 62-10, 62-2, 62-8, 63-1, 84]]></description>
          <styleUrl>#busStopStyle</styleUrl>
          <Point>
            <coordinates>106.605191,10.726583,0</coordinates>
          </Point>
        </Placemark>
        <Placemark>
          <name>[QBT 003] Hàng Dương</name>
          <description><![CDATA[&lt;b&gt;Trạm:&lt;/b&gt; Hàng Dương&lt;br/&gt;&lt;b&gt;Mã trạm:&lt;/b&gt; QBT 003&lt;br/&gt;&lt;b&gt;Địa chỉ:&lt;/b&gt; 703 Kinh Dương Vương&lt;br/&gt;&lt;b&gt;Khu vực:&lt;/b&gt; Phường An Lạc, Quận Bình Tân&lt;br/&gt;&lt;b&gt;Các tuyến qua trạm:&lt;/b&gt; 09, 102, 151, 39, 60-1, 61, 62-1, 62-10, 62-2, 62-8, 63-1, 84]]></description>
          <styleUrl>#busStopStyle</styleUrl>
          <Point>
            <coordinates>106.607605,10.72832,0</coordinates>
          </Point>
        </Placemark>
        <Placemark>
          <name>[QBT 004] Ủy ban</name>
          <description><![CDATA[&lt;b&gt;Trạm:&lt;/b&gt; Ủy ban&lt;br/&gt;&lt;b&gt;Mã trạm:&lt;/b&gt; QBT 004&lt;br/&gt;&lt;b&gt;Địa chỉ:&lt;/b&gt; 631-637 Kinh Dương Vương&lt;br/&gt;&lt;b&gt;Khu vực:&lt;/b&gt; Phường An Lạc, Quận Bình Tân&lt;br/&gt;&lt;b&gt;Các tuyến qua trạm:&lt;/b&gt; 09, 102, 151, 39, 60-1, 61, 62-1, 62-10, 62-2, 62-8, 63-1, 84]]></description>
          <styleUrl>#busStopStyle</styleUrl>
          <Point>
            <coordinates>106.610255,10.729977,0</coordinates>
          </Point>
        </Placemark>
        <Placemark>
          <name>[QBT 005] Lâm Thành</name>
          <description><![CDATA[&lt;b&gt;Trạm:&lt;/b&gt; Lâm Thành&lt;br/&gt;&lt;b&gt;Mã trạm:&lt;/b&gt; QBT 005&lt;br/&gt;&lt;b&gt;Địa chỉ:&lt;/b&gt; 289(561) Kinh Dương Vương&lt;br/&gt;&lt;b&gt;Khu vực:&lt;/b&gt; Phường An Lạc, Quận Bình Tân&lt;br/&gt;&lt;b&gt;Các tuyến qua trạm:&lt;/b&gt; 09, 102, 151, 39, 60-1, 61, 62-1, 62-10, 62-2, 62-8, 63-1, 84]]></description>
          <styleUrl>#busStopStyle</styleUrl>
          <Point>
            <coordinates>106.61298,10.734278,0</coordinates>
          </Point>
        </Placemark>
        <Placemark>
          <name>[QBT 006] Tên Lửa</name>
          <description><![CDATA[&lt;b&gt;Trạm:&lt;/b&gt; Tên Lửa&lt;br/&gt;&lt;b&gt;Mã trạm:&lt;/b&gt; QBT 006&lt;br/&gt;&lt;b&gt;Địa chỉ:&lt;/b&gt; 251(511) Kinh Dương Vương&lt;br/&gt;&lt;b&gt;Khu vực:&lt;/b&gt; Phường An Lạc, Quận Bình Tân&lt;br/&gt;&lt;b&gt;Các tuyến qua trạm:&lt;/b&gt; 09, 102, 151, 39, 60-1, 61, 62-1, 62-10, 62-2, 62-8, 63-1, 84]]></description>
          <styleUrl>#busStopStyle</styleUrl>
          <Point>
            <coordinates>106.614906,10.737541,0</coordinates>
          </Point>
        </Placemark>
        <Placemark>
          <name>[QBT 007] Bệnh viện Triều An</name>
          <description><![CDATA[&lt;b&gt;Trạm:&lt;/b&gt; Bệnh viện Triều An&lt;br/&gt;&lt;b&gt;Mã trạm:&lt;/b&gt; QBT 007&lt;br/&gt;&lt;b&gt;Địa chỉ:&lt;/b&gt; Bệnh viện Triều An Kinh Dương Vương&lt;br/&gt;&lt;b&gt;Khu vực:&lt;/b&gt; Phường An Lạc, Quận Bình Tân&lt;br/&gt;&lt;b&gt;Các tuyến qua trạm:&lt;/b&gt; 09, 102, 151, 25, 39, 41, 60-1, 61, 62-1, 62-10, 62-2, 62-8, 63-1, 84]]></description>
          <styleUrl>#busStopStyle</styleUrl>
          <Point>
            <coordinates>106.61687,10.739665,0</coordinates>
          </Point>
        </Placemark>
        <Placemark>
          <name>[BX 46] Bến xe Miền Tây</name>
          <description><![CDATA[&lt;b&gt;Trạm:&lt;/b&gt; Bến xe Miền Tây&lt;br/&gt;&lt;b&gt;Mã trạm:&lt;/b&gt; BX 46&lt;br/&gt;&lt;b&gt;Địa chỉ:&lt;/b&gt; Bến xe Miền Tây Kinh Dương Vương&lt;br/&gt;&lt;b&gt;Khu vực:&lt;/b&gt; None, Quận Bình Tân&lt;br/&gt;&lt;b&gt;Các tuyến qua trạm:&lt;/b&gt; 10, 102, 139, 14, 148, 151, 32, 39, 41, 60-1, 91]]></description>
          <styleUrl>#busStopStyle</styleUrl>
          <Point>
            <coordinates>106.619438,10.739486,0</coordinates>
          </Point>
        </Placemark>
      </Folder>
    </Folder>
  </Document>
</kml>